,Unnamed: 0,PassengerId,HomePlanet,CryoSleep,Destination,Age,VIP,RoomService,FoodCourt,ShoppingMall,Spa,VRDeck,exp_tol,No_spending,Group,Group_size,Solo,Cabin_deck,Cabin_number,Cabin_side,Family_Size,Expenditure
0,0,0001_01,Europa,True,TRAPPIST-1e,39.0,False,0.0,0.0,0.0,0.0,0.0,0.0,1,1,1,1,B,0.0,P,4,0.0
1,1,0002_01,Earth,True,TRAPPIST-1e,24.0,False,109.0,9.0,25.0,549.0,44.0,736.0,0,2,1,1,F,0.0,S,4,736.0
2,2,0003_01,Europa,True,TRAPPIST-1e,58.0,True,43.0,3576.0,0.0,6715.0,49.0,10383.0,0,3,2,0,A,0.0,S,7,10383.0
3,3,0003_02,Europa,True,TRAPPIST-1e,33.0,False,0.0,1283.0,371.0,3329.0,193.0,5176.0,0,3,2,0,A,0.0,S,7,5176.0
4,4,0004_01,Earth,True,TRAPPIST-1e,16.0,False,303.0,70.0,151.0,565.0,2.0,1091.0,0,4,1,1,F,1.0,S,9,1091.0
5,5,0005_01,Earth,True,PSO J318.5-22,44.0,False,0.0,483.0,0.0,291.0,0.0,774.0,0,5,1,1,F,0.0,P,10,774.0
6,6,0006_01,Earth,True,TRAPPIST-1e,26.0,False,42.0,1539.0,3.0,0.0,0.0,1584.0,0,6,2,0,F,2.0,S,9,1584.0
7,7,0006_02,Earth,True,TRAPPIST-1e,28.0,False,0.0,0.0,0.0,0.0,0.0,0.0,1,6,2,0,G,0.0,S,9,0.0
8,8,0007_01,Earth,True,TRAPPIST-1e,35.0,False,0.0,785.0,17.0,216.0,0.0,1018.0,0,7,1,1,F,3.0,S,5,1018.0
9,9,0008_01,Europa,True,55 Cancri e,14.0,False,0.0,0.0,0.0,0.0,0.0,0.0,1,8,3,0,B,1.0,P,3,0.0
10,10,0008_02,Europa,True,TRAPPIST-1e,34.0,False,0.0,0.0,0.0,0.0,0.0,0.0,1,8,3,0,B,1.0,P,3,0.0
11,11,0008_03,Europa,True,55 Cancri e,45.0,False,39.0,7295.0,589.0,110.0,124.0,8157.0,0,8,3,0,B,1.0,P,3,8157.0
12,12,0009_01,Mars,True,TRAPPIST-1e,32.0,False,73.0,0.0,1123.0,0.0,113.0,1309.0,0,9,1,1,F,1.0,P,4,1309.0
13,13,0010_01,Earth,True,TRAPPIST-1e,48.0,False,719.0,1.0,65.0,0.0,24.0,809.0,0,10,1,1,G,1.0,S,6,809.0
14,14,0011_01,Earth,True,TRAPPIST-1e,28.0,False,8.0,974.0,12.0,2.0,7.0,1003.0,0,11,1,1,F,2.0,P,9,1003.0
15,15,0012_01,Earth,True,TRAPPIST-1e,31.0,False,32.0,0.0,876.0,0.0,0.0,908.0,0,12,1,1,G,-2.0,S,12,908.0
16,16,0014_01,Mars,True,55 Cancri e,27.0,False,1286.0,122.0,557.0392156862745,0.0,0.0,1408.0,0,14,1,1,F,3.0,P,2,1965.0392156862745
17,17,0015_01,Earth,True,55 Cancri e,24.0,False,0.0,1.0,0.0,0.0,637.0,638.0,0,15,1,1,F,4.0,P,9,638.0
18,18,0016_01,Mars,True,TRAPPIST-1e,45.0,False,0.0,0.0,0.0,0.0,0.0,0.0,1,16,1,1,F,5.0,P,7,0.0
19,19,0017_01,Earth,True,TRAPPIST-1e,0.0,False,0.0,0.0,0.0,0.0,0.0,0.0,1,17,2,0,G,0.0,P,8,0.0
20,20,0017_02,Earth,True,55 Cancri e,14.0,False,412.0,0.0,1.0,0.0,679.0,1092.0,0,17,2,0,F,6.0,P,8,1092.0
21,21,0020_01,Earth,True,TRAPPIST-1e,1.0,False,0.0,0.0,0.0,0.0,0.0,0.0,1,20,6,0,E,0.0,S,8,0.0
22,22,0020_02,Earth,True,55 Cancri e,49.0,False,0.0,0.0,0.0,0.0,0.0,0.0,1,20,6,0,E,0.0,S,8,0.0
23,23,0020_03,Earth,True,55 Cancri e,29.0,False,0.0,0.0,0.0,0.0,0.0,0.0,1,20,6,0,E,0.0,S,7,0.0
24,24,0020_04,Earth,True,TRAPPIST-1e,10.0,False,0.0,0.0,0.0,0.0,0.0,0.0,1,20,6,0,E,0.0,S,6,0.0
25,25,0020_05,Earth,True,PSO J318.5-22,1.0,False,0.0,0.0,0.0,0.0,0.0,0.0,1,20,6,0,E,0.0,S,8,0.0
26,26,0020_06,Earth,True,TRAPPIST-1e,7.0,False,0.0,0.0,0.0,0.0,0.0,0.0,1,20,6,0,E,0.0,S,7,0.0
27,27,0022_01,Mars,True,TRAPPIST-1e,21.0,False,980.0,2.0,69.0,0.0,0.0,1051.0,0,22,1,1,D,0.0,P,0,1051.0
28,28,0024_01,Europa,True,TRAPPIST-1e,62.0,False,0.0,0.0,0.0,0.0,0.0,0.0,1,24,1,1,C,2.0,S,1,0.0
29,29,0025_01,Earth,True,TRAPPIST-1e,15.0,False,0.0,225.0,0.0,998.0,0.0,1223.0,0,25,1,1,F,6.0,S,6,1223.0
30,30,0026_01,Europa,True,55 Cancri e,34.0,False,22.0,6073.0,0.0,1438.0,328.0,7861.0,0,26,1,1,C,0.0,P,2,7861.0
31,31,0028_01,Mars,True,TRAPPIST-1e,43.0,False,1125.0,0.0,136.0,48.0,0.0,1309.0,0,28,1,1,F,8.0,P,5,1309.0
32,32,0030_01,Earth,True,TRAPPIST-1e,32.0,False,0.0,850.0,81.0,437.0,453.0,1821.0,0,30,1,1,G,4.0,S,4,1821.0
33,33,0031_01,Mars,True,TRAPPIST-1e,47.0,False,214.0,0.0,1411.0,0.0,1229.0,2854.0,0,31,3,0,F,9.0,P,5,2854.0
34,34,0031_02,Mars,True,TRAPPIST-1e,2.0,False,0.0,0.0,0.0,0.0,0.0,0.0,1,31,3,0,F,9.0,P,5,0.0
35,35,0031_03,Mars,True,TRAPPIST-1e,20.0,False,364.9111111111111,0.0,1750.0,990.0,0.0,2740.0,0,31,3,0,F,9.0,P,5,3104.911111111111
36,36,0034_01,Europa,True,55 Cancri e,28.0,False,0.0,0.0,0.0,0.0,0.0,0.0,1,34,1,1,D,1.0,S,1,0.0
37,37,0035_01,Mars,True,55 Cancri e,23.0,False,784.0,964.0,0.0,951.0,0.0,2699.0,0,35,1,1,D,1.0,P,6,2699.0
38,38,0036_01,Earth,True,55 Cancri e,15.0,False,0.0,492.0,48.0,20.0,401.0,961.0,0,36,1,1,F,8.0,S,6,961.0
39,39,0038_01,Earth,True,55 Cancri e,20.0,False,554.0,195.0,0.0,2606.0,0.0,3355.0,0,38,1,1,F,10.0,S,7,3355.0
40,40,0039_01,Earth,True,55 Cancri e,30.0,False,0.0,0.0,0.0,0.0,0.0,0.0,1,39,1,1,G,1.0,P,2,0.0
41,41,0041_01,Earth,True,TRAPPIST-1e,17.0,False,0.0,0.0,0.0,0.0,0.0,0.0,1,41,1,1,G,2.0,P,11,0.0
42,42,0043_01,Europa,True,TRAPPIST-1e,45.0,False,0.0,164.0,45.0,2511.0,855.0,3575.0,0,43,1,1,B,3.0,P,3,3575.0
43,43,0044_01,Earth,True,TRAPPIST-1e,55.0,False,0.0,0.0,0.0,0.0,0.0,0.0,1,44,3,0,G,3.0,P,9,0.0
44,44,0044_02,Earth,True,55 Cancri e,4.0,False,0.0,0.0,0.0,0.0,0.0,0.0,1,44,3,0,G,3.0,P,9,0.0
45,45,0044_03,Earth,True,PSO J318.5-22,21.0,False,0.0,0.0,0.0,0.0,0.0,0.0,1,44,3,0,G,3.0,P,9,0.0
46,46,0045_01,Mars,True,TRAPPIST-1e,21.0,False,970.0,0.0,180.0,0.0,64.0,1214.0,0,45,2,0,F,10.0,P,7,1214.0
47,47,0045_02,Mars,True,TRAPPIST-1e,19.0,False,0.0,0.0,0.0,0.0,0.0,0.0,1,45,2,0,F,10.0,P,7,0.0
48,48,0050_01,Earth,True,55 Cancri e,35.0,False,790.0,0.0,0.0,121.26436781609195,0.0,790.0,0,50,1,1,E,1.0,S,3,911.264367816092
49,49,0051_01,Earth,True,TRAPPIST-1e,56.0,False,0.0,112.0,0.0,1379.0,127.0,1618.0,0,51,1,1,E,2.0,S,6,1618.0
50,50,0052_01,Earth,True,TRAPPIST-1e,26.0,False,4.0,0.0,2.0,4683.0,0.0,4689.0,0,52,1,1,G,6.0,S,8,4689.0
51,51,0053_01,Earth,True,TRAPPIST-1e,25.0,False,0.0,0.0,1938.0,0.0,1.0,1939.0,0,53,1,1,F,11.0,S,10,1939.0
52,52,0056_01,Europa,True,TRAPPIST-1e,2.0,False,0.0,0.0,0.0,0.0,0.0,0.0,1,56,3,0,A,1.0,S,6,0.0
53,53,0056_02,Europa,True,TRAPPIST-1e,38.0,False,0.0,0.0,0.0,0.0,0.0,0.0,1,56,3,0,A,1.0,S,6,0.0
54,54,0056_03,Europa,True,TRAPPIST-1e,27.0,False,279.0,605.0,3374.0,286.0,3.0,4547.0,0,56,3,0,A,1.0,S,6,4547.0
55,55,0058_01,Earth,True,PSO J318.5-22,36.0,False,0.0,0.0,0.0,0.0,0.0,0.0,1,58,1,1,G,7.0,S,6,0.0
56,56,0061_01,Earth,True,TRAPPIST-1e,22.0,False,45.0,1096.0,148.0,1377.0,1.0,2667.0,0,61,1,1,F,12.0,S,5,2667.0
57,57,0062_01,Earth,True,TRAPPIST-1e,62.0,False,0.0,592.0,0.0,17.0,25.0,634.0,0,62,1,1,F,13.0,S,8,634.0
58,58,0064_01,Mars,True,TRAPPIST-1e,15.0,False,0.0,0.0,0.0,0.0,0.0,0.0,1,64,2,0,F,14.0,S,7,0.0
59,59,0064_02,Mars,True,TRAPPIST-1e,33.0,False,0.0,0.0,0.0,0.0,0.0,0.0,1,64,2,0,E,3.0,S,7,0.0
60,60,0066_01,Earth,True,TRAPPIST-1e,62.0,False,1.0,153.0,197.0,0.0,460.0,811.0,0,66,1,1,G,6.0,P,5,811.0
61,61,0067_01,Earth,True,PSO J318.5-22,0.0,False,0.0,0.0,0.0,0.0,0.0,0.0,1,67,3,0,G,10.0,S,9,0.0
62,62,0067_02,Earth,True,TRAPPIST-1e,18.0,False,1.0,258.0,446.0,0.0,0.0,705.0,0,67,3,0,G,10.0,S,9,705.0
63,63,0067_03,Earth,True,55 Cancri e,21.0,False,1946.0,37.0,0.0,0.0,24.0,2007.0,0,67,3,0,F,15.0,S,9,2007.0
64,64,0068_01,Mars,True,TRAPPIST-1e,28.0,False,793.0,0.0,2.0,253.0,0.0,1048.0,0,68,1,1,E,4.0,S,3,1048.0
65,65,0069_01,Earth,True,TRAPPIST-1e,42.0,False,887.0,0.0,9.0,6.0,0.0,902.0,0,69,1,1,F,16.0,S,0,902.0
66,66,0070_01,Earth,True,TRAPPIST-1e,19.0,False,190.0,0.0,5.0,1.0,726.0,922.0,0,70,1,1,F,13.0,P,8,922.0
67,67,0071_01,Earth,True,TRAPPIST-1e,17.0,False,16.0,2165.0,0.0,0.0,52.0,2233.0,0,71,1,1,F,14.0,P,3,2233.0
68,68,0072_01,Earth,True,TRAPPIST-1e,14.0,False,0.0,1.0,0.0,0.0,1063.0,1064.0,0,72,1,1,F,17.0,S,8,1064.0
69,69,0073_01,Mars,True,PSO J318.5-22,37.0,False,46.0,83.0,738.0,0.0,12.0,879.0,0,73,1,1,D,3.0,P,11,879.0
70,70,0074_01,Europa,True,TRAPPIST-1e,42.0,False,1.0,8397.0,0.0,0.0,506.0,8904.0,0,74,1,1,C,3.0,S,7,8904.0
71,71,0076_01,Mars,True,TRAPPIST-1e,27.0,False,147.0,0.0,1018.0,0.0,0.0,1165.0,0,76,1,1,F,18.0,S,11,1165.0
72,72,0077_01,Mars,True,TRAPPIST-1e,28.0,False,14.0,0.0,1295.0,0.0,0.0,1309.0,0,77,1,1,F,15.0,P,2,1309.0
73,73,0078_01,Europa,True,TRAPPIST-1e,38.0,False,0.0,5840.0,0.0,321.0,9654.0,15815.0,0,78,1,1,C,4.0,S,4,15815.0
74,74,0081_01,Earth,True,TRAPPIST-1e,13.0,False,0.0,0.0,0.0,0.0,0.0,0.0,1,81,1,1,G,13.0,S,9,0.0
75,75,0082_01,Mars,True,TRAPPIST-1e,42.0,False,7406.0,0.0,0.0,0.0,0.0,7406.0,0,82,3,0,F,16.0,P,7,7406.0
76,76,0082_02,Mars,True,TRAPPIST-1e,2.0,False,0.0,0.0,0.0,0.0,0.0,0.0,1,82,3,0,F,16.0,P,7,0.0
77,77,0082_03,Mars,True,TRAPPIST-1e,8.0,False,0.0,0.0,0.0,0.0,0.0,0.0,1,82,3,0,F,16.0,P,7,0.0
78,78,0084_01,Earth,True,TRAPPIST-1e,24.0,False,688.0,0.0,0.0,0.0,17.0,705.0,0,84,1,1,G,14.0,S,6,705.0
79,79,0085_01,Europa,True,TRAPPIST-1e,40.0,False,0.0,0.0,0.0,0.0,0.0,0.0,1,85,1,1,C,5.0,S,2,0.0
80,80,0086_01,Earth,True,TRAPPIST-1e,43.0,False,211.0,0.0,0.0,638.0,513.0,1362.0,0,86,1,1,F,17.0,P,8,1362.0
81,81,0088_01,Mars,True,PSO J318.5-22,45.0,False,0.0,0.0,0.0,0.0,0.0,0.0,1,88,1,1,E,5.0,S,5,0.0
82,82,0090_01,Earth,True,TRAPPIST-1e,35.0,False,0.0,0.0,0.0,0.0,0.0,0.0,1,90,1,1,G,15.0,S,11,0.0
83,83,0091_01,Earth,True,TRAPPIST-1e,26.0,False,0.0,0.0,0.0,0.0,0.0,0.0,1,91,2,0,G,16.0,S,13,0.0
84,84,0091_02,Earth,True,TRAPPIST-1e,27.0,False,1.0,697.0,31.0,188.0,0.0,917.0,0,91,2,0,F,20.0,S,13,917.0
85,85,0092_01,Earth,True,TRAPPIST-1e,19.0,False,0.0,0.0,670.0,1.0,34.0,705.0,0,92,3,0,G,9.0,P,5,705.0
86,86,0092_02,Earth,True,TRAPPIST-1e,0.0,False,0.0,0.0,0.0,0.0,0.0,0.0,1,92,3,0,G,9.0,P,10,0.0
87,87,0092_03,Earth,True,TRAPPIST-1e,3.0,False,0.0,0.0,0.0,0.0,0.0,0.0,1,92,3,0,G,9.0,P,10,0.0
88,88,0097_01,Europa,True,TRAPPIST-1e,54.0,False,0.0,1208.0,0.0,3.0,637.0,1848.0,0,97,1,1,A,2.0,S,5,1848.0
89,89,0098_01,Earth,True,TRAPPIST-1e,26.0,False,0.0,856.0,5.0,32.0,0.0,893.0,0,98,2,0,G,11.0,P,6,893.0
90,90,0098_02,Earth,True,TRAPPIST-1e,26.0,False,0.0,2811.0,957.0,0.0,87.0,3855.0,0,98,2,0,G,11.0,P,6,3855.0
91,91,0099_01,Earth,True,PSO J318.5-22,23.0,False,311.0,427.0,526.0,37.0,0.0,1301.0,0,99,2,0,F,19.0,P,3,1301.0
92,92,0099_02,Earth,False,TRAPPIST-1e,2.0,False,0.0,0.0,0.0,0.0,0.0,0.0,1,99,2,0,G,12.0,P,4,0.0
93,93,0101_01,Mars,True,TRAPPIST-1e,31.0,False,0.0,0.0,0.0,0.0,0.0,0.0,1,101,1,1,F,16.0,S,6,0.0
94,94,0102_01,Earth,True,TRAPPIST-1e,18.0,False,0.0,0.0,0.0,830.0,91.0,921.0,0,102,1,1,F,23.0,S,5,921.0
95,95,0103_01,Earth,True,TRAPPIST-1e,24.0,False,0.0,158.4025974025974,0.0,0.0,17.0,17.0,0,103,3,0,F,24.0,S,6,175.4025974025974
96,96,0103_02,Earth,True,55 Cancri e,9.0,False,0.0,0.0,0.0,0.0,0.0,0.0,1,103,3,0,G,18.0,S,6,0.0
97,97,0103_03,Earth,True,TRAPPIST-1e,6.0,False,0.0,0.0,0.0,0.0,0.0,0.0,1,103,3,0,G,18.0,S,6,0.0
98,98,0105_01,Earth,True,TRAPPIST-1e,27.0,False,0.0,0.0,570.0,2.0,131.0,703.0,0,105,1,1,F,21.0,P,9,703.0
99,99,0107_01,Mars,True,TRAPPIST-1e,21.0,False,1743.0,5.0,17.0,0.0,0.0,1765.0,0,107,1,1,D,2.0,S,4,1765.0
100,100,0108_01,Earth,True,TRAPPIST-1e,23.0,False,0.0,0.0,0.0,0.0,0.0,0.0,1,108,3,0,G,19.0,S,11,0.0
101,101,0108_02,Earth,True,TRAPPIST-1e,31.0,False,562.0,0.0,326.0,0.0,0.0,888.0,0,108,3,0,G,19.0,S,11,888.0
102,102,0108_03,Earth,True,TRAPPIST-1e,0.0,False,0.0,0.0,0.0,0.0,0.0,0.0,1,108,3,0,G,19.0,S,11,0.0
103,103,0110_01,Europa,True,TRAPPIST-1e,32.0,False,0.0,410.0,6.0,3929.0,764.0,5109.0,0,110,4,0,B,4.0,P,7,5109.0
104,104,0110_02,Europa,True,TRAPPIST-1e,40.0,False,0.0,331.0,0.0,0.0,1687.0,2018.0,0,110,4,0,B,5.0,P,2,2018.0
105,105,0110_03,Europa,True,TRAPPIST-1e,42.0,False,2209.0,11418.0,0.0,1868.0,445.0,15940.0,0,110,4,0,B,5.0,P,7,15940.0
106,106,0110_04,Europa,True,TRAPPIST-1e,28.0,False,0.0,0.0,0.0,0.0,0.0,0.0,1,110,4,0,B,5.0,P,7,0.0
107,107,0111_01,Europa,True,TRAPPIST-1e,29.0,False,0.0,0.0,0.0,0.0,0.0,0.0,1,111,1,1,E,6.0,S,6,0.0
108,108,0112_01,Europa,True,55 Cancri e,48.0,True,0.0,2537.0,87.0,17.0,13.0,2654.0,0,112,1,1,B,1.0,S,2,2654.0
109,109,0113_01,Earth,True,TRAPPIST-1e,64.0,False,0.0,0.0,804.0,0.0,0.0,804.0,0,113,1,1,F,23.0,P,8,804.0
110,110,0114_01,Earth,True,TRAPPIST-1e,27.0,False,82.0,157.0,429.0,238.0,1.0,907.0,0,114,1,1,G,20.0,S,7,907.0
111,111,0115_01,Mars,False,TRAPPIST-1e,26.0,False,0.0,0.0,0.0,0.0,31.914893617021278,0.0,0,115,1,1,F,24.0,P,5,31.914893617021278
112,112,0116_01,Europa,True,TRAPPIST-1e,33.0,False,1.0,2223.0,0.0,12.0,404.0,2640.0,0,116,1,1,D,4.0,P,2,2640.0
113,113,0119_01,Europa,True,TRAPPIST-1e,39.0,False,0.0,2344.0,0.0,65.0,6898.0,9307.0,0,119,2,0,A,0.0,P,5,9307.0
114,114,0119_02,Europa,True,TRAPPIST-1e,13.0,False,0.0,0.0,0.0,0.0,0.0,0.0,1,119,2,0,A,0.0,P,5,0.0
115,115,0120_01,Mars,True,TRAPPIST-1e,24.0,False,0.0,0.0,0.0,0.0,0.0,0.0,1,120,1,1,F,25.0,P,5,0.0
116,116,0122_01,Earth,True,TRAPPIST-1e,29.0,False,0.0,0.0,0.0,699.0,74.0,773.0,0,122,1,1,G,21.0,S,10,773.0
117,117,0123_01,Earth,True,TRAPPIST-1e,18.0,False,55.0,597.0,49.0,0.0,1.0,702.0,0,123,1,1,F,27.0,P,9,702.0
118,118,0126_01,Mars,True,TRAPPIST-1e,67.0,False,0.0,0.0,0.0,0.0,0.0,0.0,1,126,1,1,F,27.0,S,3,0.0
119,119,0127_01,Mars,True,TRAPPIST-1e,35.0,False,701.0,0.0,296.0,0.0,25.0,1022.0,0,127,1,1,E,7.0,S,3,1022.0
120,120,0128_01,Mars,True,TRAPPIST-1e,61.0,True,2353.0,334.0,9.0,316.0,2.0,3014.0,0,128,2,0,D,3.0,S,3,3014.0
121,121,0128_02,Mars,True,TRAPPIST-1e,45.0,False,2103.0,6.0,0.0,0.0,0.0,2109.0,0,128,2,0,E,8.0,S,3,2109.0
122,122,0129_01,Earth,True,PSO J318.5-22,22.0,False,0.0,0.0,0.0,0.0,0.0,0.0,1,129,1,1,G,22.0,S,7,0.0
123,123,0133_01,Mars,True,TRAPPIST-1e,19.0,False,0.0,0.0,0.0,0.0,0.0,0.0,1,133,2,0,F,29.0,S,7,0.0
124,124,0133_02,Mars,True,TRAPPIST-1e,36.0,False,2738.0,0.0,0.0,0.0,0.0,2738.0,0,133,2,0,D,5.0,S,7,2738.0
125,125,0134_01,Earth,True,TRAPPIST-1e,19.0,False,0.0,14.0,730.0,0.0,0.0,744.0,0,134,1,1,G,17.0,P,6,744.0
126,126,0136_01,Earth,True,PSO J318.5-22,47.0,False,97.0,418.0,126.0,25.0,55.0,721.0,0,136,1,1,G,23.0,S,0,721.0
127,127,0138_01,Earth,True,TRAPPIST-1e,13.0,False,0.0,0.0,0.0,0.0,0.0,0.0,1,138,2,0,G,18.0,P,6,0.0
128,128,0138_02,Earth,True,TRAPPIST-1e,34.0,False,0.0,22.0,0.0,564.0,207.0,793.0,0,138,2,0,E,5.0,P,6,793.0
129,129,0139_01,Europa,True,55 Cancri e,35.0,False,0.0,0.0,0.0,0.0,0.0,0.0,1,139,1,1,C,6.0,S,9,0.0
130,130,0140_01,Earth,True,TRAPPIST-1e,24.0,False,0.0,0.0,0.0,0.0,0.0,0.0,1,140,2,0,G,19.0,P,9,0.0
131,131,0140_02,Earth,True,TRAPPIST-1e,26.0,False,440.0,0.0,0.0,0.0,462.0,902.0,0,140,2,0,F,29.0,P,5,902.0
132,132,0141_01,Mars,True,TRAPPIST-1e,31.0,False,732.2,0.0,97.0,0.0,0.0,97.0,0,141,1,1,F,30.0,P,3,829.2
133,133,0144_01,Earth,True,TRAPPIST-1e,20.0,False,0.0,420.0,210.0,0.0,0.0,630.0,0,144,1,1,F,31.0,S,6,630.0
134,134,0146_01,Earth,True,TRAPPIST-1e,56.0,False,0.0,0.0,0.0,0.0,0.0,0.0,1,146,1,1,G,25.0,S,12,0.0
135,135,0147_01,Earth,True,TRAPPIST-1e,50.0,False,0.0,0.0,0.0,0.0,0.0,0.0,1,147,1,1,G,26.0,S,9,0.0
136,136,0148_01,Mars,True,TRAPPIST-1e,42.0,False,1072.0,0.0,10.0,0.0,76.0,1158.0,0,148,1,1,F,31.0,P,7,1158.0
137,137,0149_01,Earth,True,55 Cancri e,23.0,False,0.0,0.0,0.0,0.0,0.0,0.0,1,149,1,1,G,27.0,S,9,0.0
138,138,0151_01,Earth,True,55 Cancri e,38.0,False,0.0,0.0,0.0,0.0,0.0,0.0,1,151,1,1,G,20.0,P,10,0.0
139,139,0152_01,Earth,True,TRAPPIST-1e,41.0,False,0.0,0.0,0.0,0.0,607.0,607.0,0,152,1,1,F,32.0,P,6,607.0
140,140,0160_01,Earth,True,TRAPPIST-1e,22.0,False,4119.0,0.0,0.0,0.0,61.0,4180.0,0,160,1,1,G,22.0,P,5,4180.0
141,141,0163_01,Europa,True,TRAPPIST-1e,26.0,False,0.0,0.0,0.0,0.0,0.0,0.0,1,163,2,0,B,8.0,P,6,0.0
142,142,0163_02,Europa,True,TRAPPIST-1e,17.0,False,0.0,0.0,0.0,0.0,0.0,0.0,1,163,2,0,B,8.0,P,6,0.0
143,143,0164_01,Earth,True,TRAPPIST-1e,57.0,False,50.0,1688.0,0.0,55.42857142857143,135.0,1873.0,0,164,2,0,G,28.0,S,6,1928.4285714285713
144,144,0164_02,Earth,True,PSO J318.5-22,17.0,False,0.0,0.0,0.0,0.0,0.0,0.0,1,164,2,0,G,28.0,S,6,0.0
145,145,0165_01,Mars,True,TRAPPIST-1e,35.0,False,0.0,0.0,0.0,0.0,0.0,0.0,1,165,1,1,F,37.0,P,3,0.0
146,146,0167_01,Mars,True,TRAPPIST-1e,13.0,False,0.0,0.0,0.0,0.0,0.0,0.0,1,167,2,0,F,35.0,S,8,0.0
147,147,0167_02,Mars,True,TRAPPIST-1e,27.0,False,1365.0,0.0,48.0,22.0,137.0,1572.0,0,167,2,0,F,35.0,S,8,1572.0
148,148,0169_01,Earth,True,TRAPPIST-1e,31.0,False,0.0,0.0,0.0,0.0,0.0,0.0,1,169,1,1,G,23.0,P,7,0.0
149,149,0170_01,Earth,True,TRAPPIST-1e,24.0,False,0.0,0.0,0.0,221.0,567.0,788.0,0,170,1,1,E,10.0,S,5,788.0
150,150,0171_01,Earth,True,PSO J318.5-22,19.0,False,0.0,0.0,0.0,0.0,0.0,0.0,1,171,1,1,G,30.0,S,12,0.0
151,151,0172_01,Earth,True,TRAPPIST-1e,32.0,False,0.0,0.0,0.0,0.0,0.0,0.0,1,172,1,1,G,24.0,P,6,0.0
152,152,0173_01,Earth,True,TRAPPIST-1e,58.0,False,0.0,985.0,0.0,5.0,0.0,990.0,0,173,1,1,E,11.0,S,4,990.0
153,153,0174_01,Earth,True,55 Cancri e,21.0,False,287.0,0.0,16.0,115.0,175.0,593.0,0,174,1,1,F,38.0,P,8,593.0
154,154,0177_01,Europa,True,TRAPPIST-1e,38.0,False,0.0,10346.0,1.0,14970.0,2111.0,27428.0,0,177,1,1,B,2.0,S,4,27428.0
155,155,0178_01,Mars,True,TRAPPIST-1e,38.0,False,3414.0,0.0,161.0,28.0,119.0,3722.0,0,178,1,1,D,6.0,S,7,3722.0
156,156,0179_01,Earth,True,TRAPPIST-1e,19.0,False,1.0,219.0,673.0,2.0,11.0,906.0,0,179,3,0,G,26.0,P,10,906.0
157,157,0179_02,Earth,True,TRAPPIST-1e,0.0,False,0.0,0.0,0.0,0.0,0.0,0.0,1,179,3,0,G,26.0,P,10,0.0
158,158,0179_03,Earth,True,TRAPPIST-1e,3.0,False,0.0,0.0,0.0,0.0,0.0,0.0,1,179,3,0,G,26.0,P,10,0.0
159,159,0181_01,Earth,True,TRAPPIST-1e,20.0,False,0.0,0.0,3.0,299.0,92.0,394.0,0,181,1,1,G,27.0,P,8,394.0
160,160,0182_01,Europa,True,TRAPPIST-1e,24.0,False,0.0,0.0,0.0,0.0,0.0,0.0,1,182,1,1,C,3.0,P,2,0.0
161,161,0183_01,Earth,True,TRAPPIST-1e,37.0,False,17.0,146.0,426.0,0.0,232.0,821.0,0,183,1,1,F,36.0,S,9,821.0
162,162,0186_01,Earth,True,TRAPPIST-1e,25.0,False,62.0,0.0,0.0,0.0,956.0,1018.0,0,186,1,1,G,28.0,P,8,1018.0
163,163,0188_01,Earth,True,TRAPPIST-1e,56.0,False,0.0,0.0,0.0,0.0,0.0,0.0,1,188,1,1,G,31.0,S,5,0.0
164,164,0189_01,Earth,True,55 Cancri e,49.0,False,84.0,3.0,401.0,202.0,98.0,788.0,0,189,1,1,E,8.0,P,4,788.0
165,165,0190_01,Earth,True,55 Cancri e,11.0,False,0.0,0.0,0.0,0.0,0.0,0.0,1,190,1,1,G,32.0,S,0,0.0
166,166,0192_01,Earth,True,TRAPPIST-1e,1.0,False,0.0,0.0,0.0,0.0,0.0,0.0,1,192,3,0,G,29.0,P,10,0.0
167,167,0192_02,Earth,True,TRAPPIST-1e,8.0,False,0.0,0.0,0.0,0.0,0.0,0.0,1,192,3,0,G,29.0,P,10,0.0
168,168,0192_03,Earth,True,TRAPPIST-1e,39.0,False,0.0,0.0,10.0,898.0,0.0,908.0,0,192,3,0,G,29.0,P,10,908.0
169,169,0193_01,Mars,True,TRAPPIST-1e,2.0,False,0.0,0.0,0.0,0.0,0.0,0.0,1,193,3,0,F,41.0,P,5,0.0
170,170,0193_02,Mars,True,TRAPPIST-1e,23.0,False,649.7631578947369,0.0,8.0,1072.0,0.0,1080.0,0,193,3,0,F,41.0,P,5,1729.7631578947369
171,171,0193_03,Mars,True,TRAPPIST-1e,0.0,False,0.0,0.0,0.0,0.0,0.0,0.0,1,193,3,0,F,41.0,P,5,0.0
172,172,0195_01,Mars,True,TRAPPIST-1e,39.0,False,406.0,0.0,867.0,0.0,0.0,1273.0,0,195,1,1,F,42.0,P,8,1273.0
173,173,0196_01,Mars,True,PSO J318.5-22,25.0,False,1052.0,0.0,719.0,0.0,7.0,1778.0,0,196,1,1,D,5.0,P,9,1778.0
174,174,0197_01,Europa,True,TRAPPIST-1e,36.0,False,0.0,972.0,0.0,795.0,575.0,2342.0,0,197,1,1,C,5.0,P,4,2342.0
175,175,0198_01,Earth,False,PSO J318.5-22,52.0,False,0.0,0.0,0.0,0.0,0.0,0.0,1,198,1,1,G,30.0,P,8,0.0
176,176,0199_01,Earth,True,TRAPPIST-1e,18.0,False,0.0,0.0,0.0,0.0,0.0,0.0,1,199,1,1,G,33.0,S,6,0.0
177,177,0200_01,Earth,True,TRAPPIST-1e,15.0,False,0.0,0.0,0.0,0.0,0.0,0.0,1,200,1,1,G,31.0,P,10,0.0
178,178,0201_01,Europa,True,TRAPPIST-1e,35.0,False,0.0,0.0,0.0,0.0,0.0,0.0,1,201,2,0,B,3.0,S,6,0.0
179,179,0201_02,Europa,True,TRAPPIST-1e,47.0,False,0.0,0.0,0.0,0.0,0.0,0.0,1,201,2,0,B,3.0,S,6,0.0
180,180,0202_01,Europa,True,55 Cancri e,45.0,False,0.0,0.0,0.0,0.0,0.0,0.0,1,202,2,0,B,9.0,P,7,0.0
181,181,0202_02,Europa,True,55 Cancri e,34.0,False,0.0,2433.0,122.97826086956522,878.0,443.0,3754.0,0,202,2,0,A,2.0,P,7,3876.978260869565
182,182,0203_01,Europa,True,TRAPPIST-1e,51.0,False,0.0,0.0,0.0,0.0,0.0,0.0,1,203,1,1,C,8.0,S,1,0.0
183,183,0205_01,Earth,True,TRAPPIST-1e,29.0,False,0.0,2.0,66.0,0.0,705.0,773.0,0,205,1,1,G,34.0,S,16,773.0
184,184,0206_01,Europa,True,55 Cancri e,36.0,False,2.0,1720.0,12.0,1125.0,122.0,2981.0,0,206,1,1,C,9.0,S,2,2981.0
185,185,0207_01,Earth,True,PSO J318.5-22,19.0,False,0.0,0.0,0.0,0.0,0.0,0.0,1,207,1,1,G,32.0,P,7,0.0
186,186,0210_01,Europa,True,55 Cancri e,24.0,False,0.0,0.0,0.0,0.0,0.0,0.0,1,210,1,1,D,6.0,P,3,0.0
187,187,0211_01,Mars,True,TRAPPIST-1e,29.0,False,902.0,1.0,137.0,0.0,0.0,1040.0,0,211,3,0,F,44.0,P,2,1040.0
188,188,0211_02,Mars,True,TRAPPIST-1e,11.0,False,0.0,0.0,0.0,0.0,0.0,0.0,1,211,3,0,F,44.0,P,2,0.0
189,189,0211_03,Mars,True,TRAPPIST-1e,17.0,False,848.0,0.0,307.0,182.0,0.0,1337.0,0,211,3,0,F,44.0,P,6,1337.0
190,190,0212_01,Earth,True,TRAPPIST-1e,13.0,False,192.0,0.0,0.0,51.0,739.0,982.0,0,212,2,0,E,9.0,P,9,982.0
191,191,0212_02,Earth,True,TRAPPIST-1e,35.0,False,147.0,188.0,0.0,10.0,387.0,732.0,0,212,2,0,F,45.0,P,9,732.0
192,192,0213_01,Earth,True,TRAPPIST-1e,21.0,False,367.0,281.0,0.0,0.0,146.0,794.0,0,213,1,1,F,46.0,P,12,794.0
193,193,0216_01,Earth,True,55 Cancri e,21.0,False,0.0,56.0,0.0,0.0,1918.0,1974.0,0,216,1,1,F,40.0,S,15,1974.0
194,194,0217_01,Earth,True,TRAPPIST-1e,38.0,False,1517.0,0.0,0.0,27.0,0.0,1544.0,0,217,1,1,F,47.0,P,11,1544.0
195,195,0219_01,Earth,True,TRAPPIST-1e,19.0,False,0.0,0.0,0.0,0.0,0.0,0.0,1,219,1,1,G,36.0,P,15,0.0
196,196,0220_01,Earth,True,TRAPPIST-1e,2.0,False,0.0,0.0,0.0,0.0,0.0,0.0,1,220,7,0,G,37.0,P,12,0.0
197,197,0220_02,Earth,True,TRAPPIST-1e,0.0,False,0.0,0.0,0.0,0.0,0.0,0.0,1,220,7,0,G,37.0,P,12,0.0
198,198,0220_03,Earth,True,TRAPPIST-1e,13.0,False,0.0,0.0,0.0,0.0,0.0,0.0,1,220,7,0,G,37.0,P,12,0.0
199,199,0220_04,Earth,True,TRAPPIST-1e,25.0,False,122.0,84.0,183.37735849056602,0.0,0.0,206.0,0,220,7,0,E,10.0,P,12,389.37735849056605
200,200,0220_05,Earth,True,TRAPPIST-1e,16.0,False,0.0,3.0,0.0,0.0,1099.0,1102.0,0,220,7,0,F,48.0,P,12,1102.0
201,201,0220_06,Earth,True,55 Cancri e,1.0,False,0.0,0.0,0.0,0.0,0.0,0.0,1,220,7,0,G,37.0,P,12,0.0
202,202,0220_07,Earth,True,TRAPPIST-1e,15.0,False,0.0,0.0,0.0,0.0,0.0,0.0,1,220,7,0,G,37.0,P,12,0.0
203,203,0221_01,Mars,True,55 Cancri e,21.0,False,2237.0,0.0,119.0,0.0,0.0,2356.0,0,221,7,0,E,13.0,S,7,2356.0
204,204,0221_02,Mars,True,TRAPPIST-1e,23.0,False,1215.0,80.0,1.0,2.0,0.0,1298.0,0,221,7,0,E,13.0,S,10,1298.0
205,205,0221_03,Mars,True,TRAPPIST-1e,33.0,False,1933.0,12.0,188.0,1.0,0.0,2134.0,0,221,7,0,E,13.0,S,10,2134.0
206,206,0221_04,Mars,True,TRAPPIST-1e,21.0,False,0.0,0.0,0.0,0.0,0.0,0.0,1,221,7,0,E,13.0,S,10,0.0
207,207,0221_05,Mars,True,TRAPPIST-1e,41.0,False,1230.0,0.0,301.0,43.0,1023.0,2597.0,0,221,7,0,E,13.0,S,10,2597.0
208,208,0221_06,Mars,True,TRAPPIST-1e,16.0,False,915.0,0.0,221.0,234.0,0.0,1370.0,0,221,7,0,E,13.0,S,10,1370.0
209,209,0221_07,Mars,True,TRAPPIST-1e,42.0,False,0.0,0.0,0.0,0.0,0.0,0.0,1,221,7,0,E,13.0,S,10,0.0
210,210,0222_01,Mars,True,TRAPPIST-1e,20.0,False,1406.0,0.0,0.0,11.0,0.0,1417.0,0,222,3,0,F,41.0,S,5,1417.0
211,211,0222_02,Mars,True,TRAPPIST-1e,24.0,False,0.0,0.0,0.0,0.0,0.0,0.0,1,222,3,0,F,41.0,S,5,0.0
212,212,0222_03,Mars,True,TRAPPIST-1e,16.0,False,0.0,0.0,0.0,0.0,0.0,0.0,1,222,3,0,E,14.0,S,5,0.0
213,213,0223_01,Earth,True,TRAPPIST-1e,21.0,False,0.0,2.0,665.0,0.0,9.0,676.0,0,223,1,1,G,35.0,S,8,676.0
214,214,0224_01,Mars,True,TRAPPIST-1e,32.0,True,181.0,0.0,5.0,1634.0,0.0,1820.0,0,224,1,1,F,42.0,S,4,1820.0
215,215,0225_01,Earth,True,PSO J318.5-22,58.0,False,0.0,0.0,0.0,0.0,0.0,0.0,1,225,1,1,G,38.0,P,9,0.0
216,216,0229_01,Earth,True,TRAPPIST-1e,24.0,False,4.0,7.0,0.0,713.0,79.0,803.0,0,229,1,1,F,43.0,S,10,803.0
217,217,0231_01,Mars,True,TRAPPIST-1e,30.0,False,85.0,0.0,1.0,1720.0,0.0,1806.0,0,231,1,1,F,44.0,S,8,1806.0
218,218,0232_01,Earth,True,PSO J318.5-22,27.0,False,0.0,0.0,0.0,0.0,0.0,0.0,1,232,1,1,G,36.0,S,6,0.0
219,219,0233_01,Mars,True,TRAPPIST-1e,32.0,False,56.0,0.0,256.0,1438.0,0.0,1750.0,0,233,1,1,F,45.0,S,5,1750.0
220,220,0234_01,Earth,True,TRAPPIST-1e,43.0,False,85.41379310344827,888.0,0.0,0.0,0.0,888.0,0,234,1,1,F,50.0,P,12,973.4137931034483
221,221,0237_01,Europa,True,TRAPPIST-1e,42.0,False,0.0,0.0,0.0,0.0,0.0,0.0,1,237,1,1,B,11.0,P,4,0.0
222,222,0239_01,Mars,True,TRAPPIST-1e,37.0,False,637.0,0.0,0.0,92.0,319.0,1048.0,0,239,1,1,F,43.0,Z,3,1048.0
223,223,0240_01,Mars,True,TRAPPIST-1e,35.0,False,0.0,0.0,0.0,0.0,0.0,0.0,1,240,1,1,F,52.0,P,2,0.0
224,224,0241_01,Europa,True,55 Cancri e,33.0,False,0.0,1249.0,0.0,4812.0,1116.0,7177.0,0,241,1,1,E,11.0,P,6,7177.0
225,225,0242_01,Mars,True,TRAPPIST-1e,18.0,False,313.0,1.0,691.0,283.0,0.0,1288.0,0,242,1,1,F,46.0,S,3,1288.0
226,226,0243_01,Earth,True,TRAPPIST-1e,21.0,False,0.0,0.0,0.0,0.0,0.0,0.0,1,243,1,1,G,37.0,S,13,0.0
227,227,0244_01,Mars,True,TRAPPIST-1e,43.0,False,0.0,0.0,0.0,0.0,0.0,0.0,1,244,2,0,F,44.0,S,6,0.0
228,228,0244_02,Mars,True,55 Cancri e,14.0,False,0.0,0.0,0.0,0.0,0.0,0.0,1,244,2,0,F,47.0,S,6,0.0
229,229,0245_01,Europa,True,55 Cancri e,46.0,False,0.0,3571.0,0.0,0.0,7.0,3578.0,0,245,2,0,C,6.0,P,3,3578.0
230,230,0245_02,Europa,True,TRAPPIST-1e,33.0,False,0.0,86.0,796.0,584.0,10912.0,12378.0,0,245,2,0,C,6.0,P,3,12378.0
231,231,0246_01,Mars,True,TRAPPIST-1e,21.0,False,2947.0,0.0,287.0,27.0,0.0,3261.0,0,246,1,1,D,8.0,P,5,3261.0
232,232,0248_01,Europa,True,TRAPPIST-1e,33.0,False,0.0,1.0,0.0,8620.0,1063.0,9684.0,0,248,1,1,C,10.0,S,1,9684.0
233,233,0250_01,Earth,True,PSO J318.5-22,47.0,False,0.0,0.0,0.0,0.0,0.0,0.0,1,250,1,1,G,38.0,S,10,0.0
234,234,0251_01,Europa,True,55 Cancri e,54.0,False,0.0,0.0,0.0,0.0,0.0,0.0,1,251,1,1,C,11.0,S,1,0.0
235,235,0252_01,Earth,True,TRAPPIST-1e,30.0,False,335.0,695.0,541.0,0.0,0.0,1571.0,0,252,1,1,F,53.0,P,7,1571.0
236,236,0253_01,Earth,True,TRAPPIST-1e,29.0,False,272.0,615.0,0.0,0.0,1.0,888.0,0,253,1,1,G,42.0,P,11,888.0
237,237,0254_01,Earth,True,TRAPPIST-1e,21.0,False,702.0,172.0,408.0,2.0,6.0,1290.0,0,254,1,1,F,54.0,P,5,1290.0
238,238,0255_01,Europa,True,TRAPPIST-1e,24.0,False,0.0,0.0,0.0,0.0,0.0,0.0,1,255,1,1,A,3.0,S,1,0.0
239,239,0257_01,Mars,True,55 Cancri e,21.0,False,1664.0,0.0,511.06976744186045,0.0,0.0,1664.0,0,257,2,0,F,49.0,S,7,2175.0697674418607
240,240,0257_02,Mars,True,TRAPPIST-1e,60.0,False,0.0,0.0,0.0,0.0,0.0,0.0,1,257,2,0,F,49.0,S,7,0.0
241,241,0258_01,Earth,True,TRAPPIST-1e,22.0,False,0.0,0.0,313.0,299.0,92.0,704.0,0,258,1,1,F,50.0,S,12,704.0
242,242,0260_01,Europa,True,TRAPPIST-1e,26.0,False,0.0,4810.0,0.0,981.0,2054.0,7845.0,0,260,1,1,E,16.0,S,2,7845.0
243,243,0261_01,Earth,True,TRAPPIST-1e,26.0,False,66.0,29.0,0.0,0.0,803.0,898.0,0,261,1,1,F,56.0,P,8,898.0
244,244,0263_01,Earth,True,TRAPPIST-1e,28.0,False,0.0,0.0,0.0,0.0,0.0,0.0,1,263,1,1,G,43.0,P,8,0.0
245,245,0265_01,Europa,True,TRAPPIST-1e,39.0,False,0.0,0.0,0.0,0.0,0.0,0.0,1,265,1,1,D,8.0,S,3,0.0
246,246,0267_01,Earth,True,TRAPPIST-1e,13.0,False,118.0,0.0,0.0,754.0,1.0,873.0,0,267,1,1,F,51.0,S,4,873.0
247,247,0269_01,Earth,True,55 Cancri e,47.0,False,0.0,231.0,592.0,0.0,0.0,823.0,0,269,1,1,F,52.0,S,9,823.0
248,248,0270_01,Earth,True,TRAPPIST-1e,63.0,False,0.0,25.0,128.0,0.0,1240.0,1393.0,0,270,1,1,F,59.0,P,15,1393.0
249,249,0275_01,Europa,True,55 Cancri e,29.0,False,0.0,0.0,0.0,0.0,0.0,0.0,1,275,1,1,D,9.0,S,3,0.0
250,250,0277_01,Earth,True,55 Cancri e,50.0,False,44.0,2390.0,0.0,53.0,0.0,2487.0,0,277,1,1,F,61.0,P,7,2487.0
251,251,0278_01,Earth,True,TRAPPIST-1e,35.0,False,0.0,0.0,0.0,888.0,133.57575757575756,888.0,0,278,2,0,G,40.0,P,7,1021.5757575757575
252,252,0278_02,Earth,True,TRAPPIST-1e,45.0,False,0.0,97.0,0.0,14.0,333.0,444.0,0,278,2,0,G,45.0,P,7,444.0
253,253,0281_01,Earth,True,TRAPPIST-1e,19.0,False,0.0,0.0,2078.0,0.0,0.0,2078.0,0,281,1,1,F,63.0,P,8,2078.0
254,254,0282_01,Earth,True,TRAPPIST-1e,21.0,False,0.0,918.0,0.0,0.0,0.0,918.0,0,282,1,1,F,54.0,S,6,918.0
255,255,0283_01,Earth,True,PSO J318.5-22,29.0,False,0.0,0.0,0.0,0.0,0.0,0.0,1,283,2,0,G,46.0,P,8,0.0
256,256,0283_02,Earth,True,TRAPPIST-1e,22.0,False,146.0,654.0,1.0,0.0,2.0,803.0,0,283,2,0,F,64.0,P,8,803.0
257,257,0285_01,Europa,True,TRAPPIST-1e,14.0,False,0.0,0.0,0.0,0.0,0.0,0.0,1,285,2,0,E,16.0,P,12,0.0
258,258,0285_02,Europa,True,55 Cancri e,42.0,False,0.0,0.0,0.0,0.0,0.0,0.0,1,285,2,0,E,16.0,P,12,0.0
259,259,0286_01,Earth,True,55 Cancri e,57.0,False,3.0,1281.0,29.0,162.0,13.0,1488.0,0,286,1,1,F,65.0,P,6,1488.0
260,260,0287_01,Europa,True,55 Cancri e,39.0,False,0.0,0.0,0.0,0.0,0.0,0.0,1,287,2,0,B,11.0,P,4,0.0
261,261,0287_02,Europa,True,TRAPPIST-1e,28.0,False,0.0,587.0,32.0,6.0,1460.0,2085.0,0,287,2,0,B,12.0,P,4,2085.0
262,262,0288_01,Earth,True,55 Cancri e,19.0,False,0.0,0.0,0.0,0.0,828.0,828.0,0,288,1,1,F,55.0,S,5,828.0
263,263,0289_01,Europa,True,55 Cancri e,19.0,False,0.0,0.0,0.0,0.0,0.0,0.0,1,289,1,1,C,12.0,S,6,0.0
264,264,0290_01,Europa,True,55 Cancri e,26.0,False,0.0,4458.0,0.0,1157.0,262.0,5877.0,0,290,4,0,B,7.0,S,9,5877.0
265,265,0290_02,Europa,True,TRAPPIST-1e,17.0,False,0.0,0.0,0.0,0.0,0.0,0.0,1,290,4,0,B,7.0,S,9,0.0
266,266,0290_03,Europa,False,TRAPPIST-1e,43.0,False,0.0,0.0,0.0,0.0,0.0,0.0,1,290,4,0,B,7.0,S,9,0.0
267,267,0290_04,Europa,True,55 Cancri e,9.0,False,0.0,0.0,0.0,0.0,0.0,0.0,1,290,4,0,B,7.0,S,9,0.0
268,268,0291_01,Europa,True,TRAPPIST-1e,40.0,False,0.0,6500.0,88.0,1090.0,0.0,7678.0,0,291,1,1,D,10.0,S,4,7678.0
269,269,0294_01,Europa,True,TRAPPIST-1e,50.0,False,0.0,0.0,0.0,0.0,0.0,0.0,1,294,1,1,B,8.0,S,4,0.0
270,270,0297_01,Earth,True,TRAPPIST-1e,24.0,False,90.0,2.0,1324.0,17.0,0.0,1433.0,0,297,1,1,G,47.0,P,9,1433.0
271,271,0298_01,Europa,True,55 Cancri e,57.0,False,0.0,0.0,0.0,0.0,0.0,0.0,1,298,1,1,A,3.0,P,6,0.0
272,272,0301_01,Earth,True,TRAPPIST-1e,16.0,False,0.0,0.0,0.0,0.0,0.0,0.0,1,301,1,1,G,44.0,S,4,0.0
273,273,0302_01,Earth,True,TRAPPIST-1e,23.0,False,0.0,0.0,15.0,0.0,1370.0,1385.0,0,302,1,1,F,67.0,P,8,1385.0
274,274,0303_01,Earth,True,TRAPPIST-1e,23.0,False,0.0,0.0,0.0,0.0,0.0,0.0,1,303,1,1,G,41.0,S,5,0.0
275,275,0304_01,Europa,True,TRAPPIST-1e,28.0,False,0.0,422.0,0.0,1851.0,5166.0,7439.0,0,304,1,1,E,18.0,S,3,7439.0
276,276,0305_01,Europa,True,55 Cancri e,23.0,False,0.0,584.0,0.0,20.0,2469.0,3073.0,0,305,1,1,C,7.0,P,1,3073.0
277,277,0306_01,Earth,True,TRAPPIST-1e,23.0,False,368.0,175.0,259.0,1.0,101.0,904.0,0,306,1,1,E,19.0,S,4,904.0
278,278,0307_01,Earth,True,TRAPPIST-1e,18.0,False,0.0,0.0,1359.0,0.0,0.0,1359.0,0,307,1,1,F,59.0,S,10,1359.0
279,279,0309_01,Earth,True,TRAPPIST-1e,18.0,False,1194.0,0.0,157.0,6.0,0.0,1357.0,0,309,1,1,F,60.0,S,1,1357.0
280,280,0310_01,Europa,True,TRAPPIST-1e,67.0,False,0.0,230.0,0.0,4476.0,241.0,4947.0,0,310,1,1,C,12.0,P,5,4947.0
281,281,0313_01,Earth,True,PSO J318.5-22,60.0,False,7.0,540.0,1.0,0.0,4.0,552.0,0,313,4,0,F,68.0,P,13,552.0
282,282,0313_02,Earth,True,55 Cancri e,5.0,False,0.0,0.0,0.0,0.0,0.0,0.0,1,313,4,0,G,50.0,P,13,0.0
283,283,0313_03,Earth,True,55 Cancri e,49.0,False,331.0,0.0,0.0,318.0,0.0,649.0,0,313,4,0,F,68.0,P,13,649.0
284,284,0313_04,Earth,True,55 Cancri e,0.0,False,0.0,0.0,0.0,0.0,0.0,0.0,1,313,4,0,G,50.0,P,13,0.0
285,285,0314_01,Earth,True,55 Cancri e,26.0,False,386.0,0.0,74.0,0.0,1330.0,1790.0,0,314,1,1,G,51.0,P,4,1790.0
286,286,0315_01,Earth,True,PSO J318.5-22,35.0,False,0.0,0.0,0.0,0.0,0.0,0.0,1,315,1,1,G,42.0,S,11,0.0
287,287,0316_01,Europa,True,TRAPPIST-1e,24.0,False,0.0,2628.0,132.8,170.0,0.0,2798.0,0,316,2,0,B,9.0,S,6,2930.8
288,288,0316_02,Europa,True,TRAPPIST-1e,20.0,False,0.0,0.0,0.0,0.0,0.0,0.0,1,316,2,0,B,9.0,S,6,0.0
289,289,0320_01,Earth,True,TRAPPIST-1e,18.0,False,0.0,2.0,0.0,207.3939393939394,0.0,2.0,0,320,2,0,G,44.0,S,10,209.3939393939394
290,290,0320_02,Earth,True,TRAPPIST-1e,21.0,False,0.0,5.0,3.0,0.0,216.1267605633803,8.0,0,320,2,0,G,44.0,S,10,224.1267605633803
291,291,0321_01,Mars,True,TRAPPIST-1e,59.0,True,1018.0,0.0,209.0,0.0,0.0,1227.0,0,321,1,1,F,61.0,S,5,1227.0
292,292,0322_01,Earth,True,PSO J318.5-22,13.0,False,0.0,0.0,0.0,0.0,0.0,0.0,1,322,1,1,G,45.0,S,8,0.0
293,293,0324_01,Earth,True,55 Cancri e,43.0,False,0.0,0.0,0.0,0.0,0.0,0.0,1,324,1,1,G,53.0,P,3,0.0
294,294,0326_01,Earth,True,TRAPPIST-1e,29.0,False,0.0,0.0,0.0,0.0,0.0,0.0,1,326,1,1,G,47.0,S,7,0.0
295,295,0327_01,Earth,True,TRAPPIST-1e,19.0,False,17.0,0.0,784.0,0.0,2.0,803.0,0,327,1,1,G,48.0,P,7,803.0
296,296,0330_01,Europa,True,TRAPPIST-1e,2.0,False,0.0,0.0,0.0,0.0,0.0,0.0,1,330,3,0,C,14.0,S,5,0.0
297,297,0330_02,Europa,True,TRAPPIST-1e,32.0,False,247.0,4651.0,0.0,46.0,202.0,5146.0,0,330,3,0,C,14.0,S,5,5146.0
298,298,0330_03,Europa,True,TRAPPIST-1e,33.0,False,443.0,317.0,0.0,148.0,1260.0,2168.0,0,330,3,0,C,14.0,S,5,2168.0
299,299,0331_01,Earth,True,TRAPPIST-1e,25.0,False,0.0,0.0,251.0,0.0,552.0,803.0,0,331,1,1,F,72.0,P,6,803.0
300,300,0333_01,Mars,True,55 Cancri e,29.0,False,0.0,0.0,0.0,0.0,0.0,0.0,1,333,1,1,F,73.0,P,3,0.0
301,301,0334_01,Mars,True,TRAPPIST-1e,29.0,False,5715.0,2.0,211.0,1476.0,0.0,7404.0,0,334,1,1,F,62.0,S,4,7404.0
302,302,0336_01,Earth,True,TRAPPIST-1e,44.0,False,695.0,1.0,16.0,0.0,0.0,712.0,0,336,1,1,F,74.0,P,8,712.0
303,303,0337_01,Mars,True,55 Cancri e,2.0,False,0.0,0.0,0.0,0.0,0.0,0.0,1,337,3,0,F,63.0,S,5,0.0
304,304,0337_02,Mars,True,TRAPPIST-1e,19.0,False,417.0,349.0,634.0,3.0,1057.0,2460.0,0,337,3,0,F,63.0,S,5,2460.0
305,305,0337_03,Mars,True,55 Cancri e,0.0,False,0.0,0.0,0.0,0.0,0.0,0.0,1,337,3,0,F,63.0,S,5,0.0
306,306,0338_01,Earth,True,TRAPPIST-1e,18.0,False,0.0,0.0,0.0,0.0,0.0,0.0,1,338,1,1,G,48.0,S,15,0.0
307,307,0340_01,Europa,True,55 Cancri e,38.0,False,0.0,0.0,0.0,0.0,0.0,0.0,1,340,1,1,B,10.0,S,1,0.0
308,308,0341_01,Earth,True,PSO J318.5-22,5.0,False,0.0,0.0,0.0,0.0,0.0,0.0,1,341,1,1,G,57.0,P,10,0.0
309,309,0343_01,Earth,True,PSO J318.5-22,31.0,False,121.0,0.0,0.0,274.0,907.0,1302.0,0,343,1,1,F,76.0,P,5,1302.0
310,310,0345_01,Mars,True,TRAPPIST-1e,30.0,False,0.0,0.0,0.0,0.0,0.0,0.0,1,345,1,1,E,21.0,S,4,0.0
311,311,0346_01,Earth,True,55 Cancri e,15.0,False,0.0,0.0,0.0,0.0,0.0,0.0,1,346,1,1,G,59.0,P,11,0.0
312,312,0347_01,Mars,True,TRAPPIST-1e,27.0,False,434.0,0.0,1434.0,0.0,0.0,1868.0,0,347,1,1,F,64.0,S,6,1868.0
313,313,0348_01,Mars,True,TRAPPIST-1e,22.0,False,142.0,2876.0,202.0,3.0,0.0,3223.0,0,348,2,0,D,12.0,P,4,3223.0
314,314,0348_02,Mars,True,TRAPPIST-1e,36.0,False,520.0,0.0,1865.0,0.0,0.0,2385.0,0,348,2,0,D,16.0,P,4,2385.0
315,315,0350_01,Earth,True,PSO J318.5-22,14.0,False,0.0,0.0,0.0,0.0,0.0,0.0,1,350,1,1,G,60.0,P,6,0.0
316,316,0352_01,Mars,True,TRAPPIST-1e,23.0,False,2001.0,0.0,2975.0,0.0,0.0,4976.0,0,352,1,1,F,78.0,P,2,4976.0
317,317,0355_01,Earth,True,TRAPPIST-1e,18.0,False,0.0,0.0,0.0,0.0,0.0,0.0,1,355,1,1,G,53.0,Z,7,0.0
318,318,0356_01,Europa,True,55 Cancri e,36.0,False,0.0,0.0,0.0,0.0,0.0,0.0,1,356,1,1,B,15.0,P,6,0.0
319,319,0357_01,Earth,True,TRAPPIST-1e,41.0,False,248.0,1198.0,0.0,124.0,572.0,1894.0,0,357,1,1,F,65.0,S,6,2142.0
320,320,0358_01,Earth,True,TRAPPIST-1e,50.0,False,0.0,0.0,0.0,0.0,0.0,0.0,1,358,2,0,G,50.0,S,8,0.0
321,321,0358_02,Earth,True,PSO J318.5-22,32.0,False,0.0,0.0,0.0,0.0,0.0,0.0,1,358,2,0,G,50.0,S,8,0.0
322,322,0359_01,Earth,True,PSO J318.5-22,26.0,False,148.0,0.0,453.0,0.0,88.0,689.0,0,359,1,1,F,66.0,S,5,689.0
323,323,0360_01,Earth,True,TRAPPIST-1e,15.0,False,358.0,212.0,33.0,0.0,112.0,715.0,0,360,1,1,F,67.0,S,4,715.0
324,324,0361_01,Earth,True,55 Cancri e,33.0,False,0.0,36.0,0.0,280.0,417.0,733.0,0,361,1,1,F,68.0,S,6,733.0
325,325,0365_01,Earth,True,55 Cancri e,23.0,False,0.0,0.0,0.0,685.0,21.0,706.0,0,365,1,1,G,51.0,S,10,706.0
326,326,0368_01,Mars,True,TRAPPIST-1e,26.0,False,2832.0,107.0,4447.0,15.0,4.0,7405.0,0,368,2,0,F,82.0,P,5,7405.0
327,327,0368_02,Mars,True,TRAPPIST-1e,61.0,False,0.0,0.0,0.0,0.0,0.0,0.0,1,368,2,0,F,82.0,P,5,0.0
328,328,0369_01,Earth,True,TRAPPIST-1e,24.0,False,0.0,0.0,592.0,177.0,58.0,827.0,0,369,1,1,G,53.0,S,6,827.0
329,329,0370_01,Earth,True,TRAPPIST-1e,30.0,False,0.0,95.0,0.0,441.0,1023.0,1559.0,0,370,1,1,F,83.0,P,4,1559.0
330,330,0371_01,Mars,True,TRAPPIST-1e,24.0,False,0.0,0.0,0.0,0.0,0.0,0.0,1,371,1,1,F,84.0,P,6,0.0
331,331,0372_01,Earth,True,TRAPPIST-1e,24.0,False,0.0,5.0,0.0,2766.0,0.0,2771.0,0,372,1,1,F,85.0,P,0,2771.0
332,332,0373_01,Earth,True,TRAPPIST-1e,41.0,False,0.0,0.0,0.0,0.0,0.0,0.0,1,373,1,1,G,62.0,P,4,0.0
333,333,0375_01,Earth,True,TRAPPIST-1e,20.0,False,0.0,0.0,558.0,0.0,230.0,788.0,0,375,1,1,E,22.0,P,15,788.0
334,334,0376_01,Earth,True,TRAPPIST-1e,22.0,False,116.0,0.0,786.0,6.0,0.0,908.0,0,376,1,1,G,54.0,S,6,908.0
335,335,0377_01,Europa,True,55 Cancri e,63.0,False,0.0,1068.0,0.0,176.0,8188.0,9432.0,0,377,1,1,C,15.0,S,9,9432.0
336,336,0378_01,Europa,True,55 Cancri e,18.0,False,17.0,215.0,4.0,5132.0,697.0,6065.0,0,378,7,0,B,11.0,S,11,6065.0
337,337,0378_02,Europa,True,55 Cancri e,21.0,False,0.0,0.0,0.0,0.0,0.0,0.0,1,378,7,0,B,11.0,S,11,0.0
338,338,0378_03,Europa,True,TRAPPIST-1e,79.0,False,5649.0,235.0,7.0,2579.0,2175.0,10645.0,0,378,7,0,B,11.0,S,11,10645.0
339,339,0378_04,Europa,True,TRAPPIST-1e,56.0,False,0.0,0.0,0.0,0.0,0.0,0.0,1,378,7,0,B,11.0,S,11,0.0
340,340,0378_05,Europa,True,TRAPPIST-1e,13.0,False,0.0,0.0,0.0,0.0,0.0,0.0,1,378,7,0,B,11.0,S,11,0.0
341,341,0378_06,Europa,True,TRAPPIST-1e,33.0,False,0.0,2491.0,6.0,1173.0,1059.0,4729.0,0,378,7,0,B,11.0,S,11,4729.0
342,342,0378_07,Europa,True,TRAPPIST-1e,32.0,False,0.0,0.0,0.0,0.0,0.0,0.0,1,378,7,0,B,11.0,S,11,0.0
343,343,0379_01,Earth,True,TRAPPIST-1e,31.0,False,198.0,0.0,591.0,0.0,164.0,953.0,0,379,1,1,G,63.0,P,7,953.0
344,344,0380_01,Europa,True,55 Cancri e,26.0,False,0.0,0.0,0.0,0.0,0.0,0.0,1,380,1,1,C,15.0,S,4,0.0
345,345,0381_01,Europa,True,55 Cancri e,18.0,False,0.0,0.0,0.0,0.0,0.0,0.0,1,381,2,0,B,16.0,P,14,0.0
346,346,0381_02,Europa,True,55 Cancri e,38.0,False,0.0,0.0,0.0,0.0,0.0,0.0,1,381,2,0,B,16.0,P,14,0.0
347,347,0382_01,Earth,True,TRAPPIST-1e,23.0,False,348.0,0.0,0.0,4.0,368.0,720.0,0,382,1,1,G,64.0,P,5,720.0
348,348,0383_01,Earth,True,TRAPPIST-1e,28.0,False,82.0,773.0,0.0,3693.0,140.0,4688.0,0,383,2,0,G,55.0,S,13,4688.0
349,349,0383_02,Earth,True,PSO J318.5-22,34.0,False,0.0,0.0,0.0,0.0,0.0,0.0,1,383,2,0,G,55.0,S,13,0.0
350,350,0384_01,Earth,True,55 Cancri e,0.0,False,0.0,0.0,0.0,0.0,0.0,0.0,1,384,2,0,G,56.0,S,13,0.0
351,351,0384_02,Earth,True,TRAPPIST-1e,14.0,False,3.0,0.0,881.0,25.0,0.0,909.0,0,384,2,0,G,56.0,S,13,909.0
352,352,0385_01,Earth,True,TRAPPIST-1e,23.0,False,13.0,747.0,0.0,0.0,128.0,888.0,0,385,1,1,G,65.0,P,5,888.0
353,353,0387_01,Earth,True,TRAPPIST-1e,49.0,False,0.0,0.0,0.0,0.0,0.0,0.0,1,387,1,1,G,66.0,P,11,0.0
354,354,0388_01,Earth,True,TRAPPIST-1e,14.0,False,0.0,0.0,0.0,0.0,0.0,0.0,1,388,1,1,G,57.0,S,10,0.0
355,355,0389_01,Earth,True,TRAPPIST-1e,18.0,False,391.0,44.0,356.0,0.0,0.0,791.0,0,389,1,1,E,23.0,P,12,791.0
356,356,0391_01,Europa,True,PSO J318.5-22,27.0,True,69.0,5728.0,0.0,0.0,987.0,6784.0,0,391,1,1,C,9.0,P,2,6784.0
357,357,0392_01,Earth,True,TRAPPIST-1e,48.0,False,0.0,111.0,0.0,1508.0,0.0,1619.0,0,392,1,1,E,24.0,P,10,1619.0
358,358,0395_01,Europa,True,55 Cancri e,31.0,True,0.0,11003.0,552.0,8157.0,5688.0,25400.0,0,395,2,0,B,17.0,P,3,25400.0
359,359,0395_02,Europa,True,55 Cancri e,61.0,False,1.0,608.0,0.0,3835.0,1.0,4445.0,0,395,2,0,B,17.0,P,3,4445.0
360,360,0396_01,Earth,True,TRAPPIST-1e,18.0,False,0.0,0.0,0.0,0.0,0.0,0.0,1,396,1,1,G,59.0,S,5,0.0
361,361,0397_01,Mars,True,TRAPPIST-1e,45.0,False,0.0,0.0,0.0,0.0,0.0,0.0,1,397,1,1,F,69.0,S,9,0.0
362,362,0398_01,Mars,True,TRAPPIST-1e,22.0,False,28.0,420.0,36.0,6011.0,3.0,6498.0,0,398,1,1,D,13.0,S,10,6498.0
363,363,0401_01,Mars,True,TRAPPIST-1e,30.0,True,1056.0,0.0,0.0,0.0,0.0,1056.0,0,401,2,0,D,14.0,S,11,1056.0
364,364,0401_02,Mars,True,TRAPPIST-1e,30.0,False,1770.0,0.0,0.0,13.0,0.0,1783.0,0,401,2,0,D,14.0,S,11,1783.0
365,365,0402_01,Europa,True,55 Cancri e,32.0,True,0.0,0.0,0.0,0.0,0.0,0.0,1,402,1,1,D,15.0,S,12,0.0
366,366,0403_01,Mars,True,TRAPPIST-1e,43.0,True,353.0,896.0,0.0,0.0,2.0,1251.0,0,403,1,1,D,13.0,P,9,1251.0
367,367,0405_01,Earth,True,55 Cancri e,17.0,False,177.0,270.908256880734,0.0,310.0,7.0,494.0,0,405,1,1,F,89.0,P,10,764.9082568807339
368,368,0407_01,Earth,True,TRAPPIST-1e,23.0,False,88.40677966101696,21.0,0.0,0.0,1699.0,1720.0,0,407,3,0,G,69.0,P,8,1808.406779661017
369,369,0407_02,Earth,True,TRAPPIST-1e,20.0,False,0.0,465.0,0.0,5.0,223.0,693.0,0,407,3,0,F,90.0,P,8,693.0
370,370,0407_03,Earth,True,TRAPPIST-1e,39.0,False,0.0,0.0,0.0,0.0,0.0,0.0,1,407,3,0,G,69.0,P,8,0.0
371,371,0408_01,Mars,True,TRAPPIST-1e,35.0,False,1134.0,113.0,52.0,0.0,0.0,1299.0,0,408,1,1,E,25.0,P,9,1299.0
372,372,0409_01,Mars,True,TRAPPIST-1e,31.0,False,0.0,0.0,1116.0,2.0,0.0,1118.0,0,409,1,1,F,71.0,S,5,1118.0
373,373,0410_01,Earth,True,55 Cancri e,21.0,False,0.0,150.0,0.0,567.0,0.0,717.0,0,410,1,1,F,72.0,S,7,717.0
374,374,0411_01,Earth,True,TRAPPIST-1e,16.0,False,691.0,0.0,101.0,140.0,0.0,932.0,0,411,1,1,F,91.0,P,5,932.0
375,375,0412_01,Europa,True,TRAPPIST-1e,60.0,False,0.0,7255.0,5952.0,1537.0,0.0,14744.0,0,412,1,1,C,11.0,P,6,14744.0
376,376,0413_01,Earth,True,TRAPPIST-1e,18.0,False,0.0,157.0,0.0,352.0,60.0,569.0,0,413,1,1,F,92.0,P,8,569.0
377,377,0415_01,Earth,True,TRAPPIST-1e,42.0,False,0.0,0.0,0.0,0.0,0.0,0.0,1,415,1,1,G,60.0,S,8,0.0
378,378,0417_01,Europa,True,55 Cancri e,68.0,False,0.0,0.0,0.0,0.0,0.0,0.0,1,417,3,0,B,18.0,P,2,0.0
379,379,0417_02,Europa,True,55 Cancri e,22.0,False,0.0,1170.0,0.0,5467.0,1241.0,7878.0,0,417,3,0,B,18.0,P,6,7878.0
380,380,0417_03,Europa,True,TRAPPIST-1e,59.0,False,0.0,0.0,0.0,0.0,0.0,0.0,1,417,3,0,B,18.0,P,6,0.0
381,381,0423_01,Europa,True,TRAPPIST-1e,36.0,False,8.0,3584.0,0.0,13.0,57.0,3662.0,0,423,1,1,B,19.0,P,3,3662.0
382,382,0425_01,Mars,True,TRAPPIST-1e,37.0,False,1094.0,2.0,26.0,34.0,1.0,1157.0,0,425,3,0,F,96.0,P,6,1157.0
383,383,0425_02,Mars,True,TRAPPIST-1e,3.0,False,0.0,0.0,0.0,0.0,0.0,0.0,1,425,3,0,F,96.0,P,6,0.0
384,384,0425_03,Mars,True,TRAPPIST-1e,31.0,False,0.0,0.0,0.0,0.0,0.0,0.0,1,425,3,0,F,96.0,P,6,0.0
385,385,0427_01,Europa,True,TRAPPIST-1e,31.0,False,417.0,1357.225,7185.0,562.0,792.0,8956.0,0,427,1,1,E,26.0,P,2,10313.225
386,386,0428_01,Europa,True,TRAPPIST-1e,29.0,False,0.0,4118.0,0.0,715.0,3139.0,7972.0,0,428,1,1,C,16.0,S,6,7972.0
387,387,0429_01,Europa,True,55 Cancri e,20.0,False,2.0,10116.0,0.0,2.0,225.0,10345.0,0,429,2,0,A,5.0,S,7,10345.0
388,388,0429_02,Europa,True,55 Cancri e,46.0,False,0.0,0.0,0.0,0.0,0.0,0.0,1,429,2,0,A,5.0,S,7,0.0
389,389,0430_01,Earth,True,TRAPPIST-1e,29.0,False,0.0,1026.0,0.0,16.0,0.0,1042.0,0,430,1,1,F,75.0,S,9,1042.0
390,390,0431_01,Mars,True,TRAPPIST-1e,43.0,False,0.0,0.0,0.0,0.0,0.0,0.0,1,431,1,1,F,97.0,P,4,0.0
391,391,0432_01,Mars,True,TRAPPIST-1e,17.0,False,1483.0,10.0,0.0,0.0,0.0,1493.0,0,432,1,1,F,76.0,S,10,1493.0
392,392,0433_01,Europa,False,55 Cancri e,27.0,False,0.0,0.0,0.0,0.0,0.0,0.0,1,433,2,0,B,20.0,P,6,0.0
393,393,0433_02,Europa,True,TRAPPIST-1e,47.0,False,4.0,891.0,0.0,2962.0,3656.0,7513.0,0,433,2,0,B,20.0,P,6,7513.0
394,394,0434_01,Mars,True,TRAPPIST-1e,45.0,False,0.0,0.0,0.0,0.0,0.0,0.0,1,434,1,1,F,77.0,S,12,0.0
395,395,0435_01,Earth,True,TRAPPIST-1e,17.0,False,0.0,0.0,0.0,0.0,0.0,0.0,1,435,1,1,G,62.0,S,8,0.0
396,396,0436_01,Earth,True,55 Cancri e,10.0,False,0.0,0.0,0.0,0.0,0.0,0.0,1,436,2,0,G,63.0,S,9,0.0
397,397,0436_02,Earth,True,PSO J318.5-22,56.0,False,46.0,11.0,0.0,622.0,0.0,679.0,0,436,2,0,G,63.0,S,9,679.0
398,398,0437_01,Earth,True,TRAPPIST-1e,39.0,False,382.0,0.0,22.0,467.0,0.0,871.0,0,437,2,0,F,78.0,S,16,871.0
399,399,0437_02,Earth,True,PSO J318.5-22,40.0,False,7.0,0.0,840.0,26.0,0.0,873.0,0,437,2,0,F,78.0,S,16,873.0
400,400,0438_01,Europa,True,TRAPPIST-1e,40.0,False,0.0,0.0,0.0,0.0,0.0,0.0,1,438,1,1,B,13.0,S,6,0.0
401,401,0439_01,Europa,True,55 Cancri e,34.0,False,294.3333333333333,5637.0,45.0,1936.0,56.0,7674.0,0,439,1,1,C,13.0,P,2,7968.333333333333
402,402,0441_01,Earth,True,55 Cancri e,32.0,False,0.0,0.0,0.0,722.0,0.0,722.0,0,441,1,1,F,79.0,S,8,722.0
403,403,0442_01,Earth,True,TRAPPIST-1e,35.0,False,7.0,1043.0,0.0,0.0,0.0,1050.0,0,442,1,1,F,98.0,P,7,1050.0
404,404,0444_01,Mars,True,TRAPPIST-1e,32.0,True,2484.0,429.0,102.0,0.0,0.0,3015.0,0,444,2,0,D,15.0,P,3,3015.0
405,405,0444_02,Mars,True,TRAPPIST-1e,26.0,True,1869.0,0.0,136.0,0.0,0.0,2005.0,0,444,2,0,F,99.0,P,3,2005.0
406,406,0445_01,Earth,True,TRAPPIST-1e,25.0,False,1352.0,0.0,0.0,24.0,799.0,2175.0,0,445,2,0,F,80.0,S,5,2175.0
407,407,0445_02,Earth,True,TRAPPIST-1e,26.0,False,0.0,0.0,0.0,77.0,715.0,792.0,0,445,2,0,E,25.0,S,5,792.0
408,408,0446_01,Europa,True,55 Cancri e,22.0,False,0.0,0.0,0.0,0.0,0.0,0.0,1,446,1,1,B,21.0,P,3,0.0
409,409,0447_01,Earth,True,TRAPPIST-1e,22.0,False,9.0,0.0,795.0,0.0,0.0,804.0,0,447,1,1,F,81.0,S,3,804.0
410,410,0448_01,Earth,True,TRAPPIST-1e,24.0,False,757.0,0.0,0.0,32.0,0.0,789.0,0,448,2,0,E,27.0,P,10,789.0
411,411,0448_02,Earth,True,PSO J318.5-22,32.0,False,0.0,0.0,0.0,0.0,0.0,0.0,1,448,2,0,G,71.0,P,10,0.0
412,412,0449_01,Earth,True,TRAPPIST-1e,11.0,False,0.0,0.0,0.0,0.0,0.0,0.0,1,449,1,1,G,64.0,S,6,0.0
413,413,0452_01,Mars,True,TRAPPIST-1e,22.0,False,0.0,0.0,0.0,0.0,0.0,0.0,1,452,1,1,E,26.0,S,7,0.0
414,414,0453_01,Europa,True,TRAPPIST-1e,19.0,False,0.0,0.0,0.0,0.0,0.0,0.0,1,453,3,0,B,14.0,S,5,0.0
415,415,0453_02,Europa,True,55 Cancri e,34.0,False,0.0,0.0,0.0,0.0,0.0,0.0,1,453,3,0,B,17.0,S,5,0.0
416,416,0453_03,Europa,True,TRAPPIST-1e,74.0,False,0.0,0.0,0.0,0.0,0.0,0.0,1,453,3,0,B,14.0,S,5,0.0
417,417,0454_01,Europa,True,55 Cancri e,28.0,True,5.0,4288.0,0.0,745.0,5.0,5043.0,0,454,3,0,B,15.0,S,5,5043.0
418,418,0454_02,Europa,True,TRAPPIST-1e,42.0,False,0.0,0.0,0.0,0.0,0.0,0.0,1,454,3,0,B,15.0,S,9,0.0
419,419,0454_03,Europa,True,TRAPPIST-1e,43.0,False,0.0,0.0,0.0,0.0,0.0,0.0,1,454,3,0,B,15.0,S,5,0.0
420,420,0456_01,Earth,True,TRAPPIST-1e,55.0,False,210.0,185.0,188.0,59.0,73.0,715.0,0,456,1,1,F,83.0,S,10,715.0
421,421,0457_01,Earth,True,PSO J318.5-22,19.0,False,0.0,0.0,747.0,26.0,0.0,773.0,0,457,3,0,G,72.0,P,5,773.0
422,422,0457_02,Earth,True,TRAPPIST-1e,6.0,False,0.0,0.0,0.0,0.0,0.0,0.0,1,457,3,0,G,72.0,P,5,0.0
423,423,0457_03,Earth,True,TRAPPIST-1e,7.0,False,0.0,0.0,0.0,0.0,0.0,0.0,1,457,3,0,G,72.0,P,5,0.0
424,424,0458_01,Europa,True,55 Cancri e,28.0,False,0.0,0.0,0.0,0.0,0.0,0.0,1,458,1,1,D,16.0,S,1,0.0
425,425,0459_01,Earth,True,TRAPPIST-1e,15.0,False,2156.0,0.0,0.0,59.0,2.0,2217.0,0,459,1,1,F,84.0,S,10,2217.0
426,426,0460_01,Earth,True,PSO J318.5-22,24.0,False,0.0,0.0,0.0,0.0,0.0,0.0,1,460,1,1,G,65.0,S,2,0.0
427,427,0461_01,Earth,True,PSO J318.5-22,31.0,False,0.0,869.0,0.0,0.0,0.0,869.0,0,461,3,0,E,27.0,S,13,869.0
428,428,0461_02,Earth,True,TRAPPIST-1e,22.0,False,0.0,70.0,182.0,612.0,20.0,884.0,0,461,3,0,F,85.0,S,13,884.0
429,429,0461_03,Earth,True,55 Cancri e,1.0,False,0.0,0.0,0.0,0.0,0.0,0.0,1,461,3,0,G,66.0,S,13,0.0
430,430,0462_01,Earth,True,TRAPPIST-1e,50.0,False,0.0,0.0,0.0,0.0,0.0,0.0,1,462,1,1,G,67.0,S,6,0.0
431,431,0463_01,Mars,True,TRAPPIST-1e,34.0,False,865.0,0.0,257.0,62.857142857142854,35.0,1157.0,0,463,2,0,F,100.0,P,7,1219.857142857143
432,432,0463_02,Mars,True,TRAPPIST-1e,14.0,False,928.0,852.0,81.0,0.0,0.0,1861.0,0,463,2,0,F,100.0,P,7,1861.0
433,433,0465_01,Earth,True,TRAPPIST-1e,19.0,False,4.0,10.0,0.0,1178.0,428.0,1620.0,0,465,2,0,E,28.0,P,7,1620.0
434,434,0465_02,Earth,True,TRAPPIST-1e,25.0,False,0.0,654.0,22.0,146.0,4.0,826.0,0,465,2,0,E,28.0,P,7,826.0
435,435,0466_01,Earth,True,TRAPPIST-1e,36.0,False,0.0,0.0,863.0,1.0,1.0,865.0,0,466,1,1,F,101.0,P,7,865.0
436,436,0468_01,Earth,True,TRAPPIST-1e,34.0,False,0.0,0.0,0.0,0.0,0.0,0.0,1,468,1,1,G,71.0,Z,2,0.0
437,437,0470_01,Mars,True,55 Cancri e,25.0,False,0.0,0.0,0.0,0.0,0.0,0.0,1,470,2,0,F,86.0,S,3,0.0
438,438,0470_02,Mars,True,TRAPPIST-1e,36.0,False,0.0,0.0,0.0,0.0,0.0,0.0,1,470,2,0,F,86.0,S,3,0.0
439,439,0471_01,Europa,True,TRAPPIST-1e,16.0,False,0.0,45.0,2.0,5183.0,170.0,5400.0,0,471,2,0,B,22.0,P,5,5400.0
440,440,0471_02,Europa,True,55 Cancri e,30.0,False,0.0,7972.0,0.0,0.0,4.0,7976.0,0,471,2,0,B,22.0,P,5,7976.0
441,441,0472_01,Earth,True,PSO J318.5-22,37.0,False,0.0,10.0,544.0,9.0,299.0,862.0,0,472,1,1,F,87.0,S,11,862.0
442,442,0474_01,Earth,True,55 Cancri e,15.0,False,0.0,0.0,0.0,0.0,0.0,0.0,1,474,1,1,G,69.0,S,4,0.0
443,443,0475_01,Earth,True,TRAPPIST-1e,36.0,False,0.0,0.0,38.0,9.0,943.0,990.0,0,475,1,1,E,29.0,P,6,990.0
444,444,0476_01,Mars,True,PSO J318.5-22,27.0,False,295.6046511627907,6.0,145.0,144.0,0.0,295.0,0,476,3,0,F,103.0,P,3,590.6046511627907
445,445,0476_02,Mars,True,TRAPPIST-1e,27.0,False,0.0,0.0,0.0,0.0,0.0,0.0,1,476,3,0,F,103.0,P,3,0.0
446,446,0476_03,Mars,True,TRAPPIST-1e,12.0,False,0.0,0.0,0.0,0.0,0.0,0.0,1,476,3,0,F,103.0,P,3,0.0
447,447,0477_01,Earth,True,TRAPPIST-1e,22.0,False,0.0,5.0,0.0,1619.0,0.0,1624.0,0,477,1,1,E,30.0,P,6,1624.0
448,448,0480_01,Earth,True,TRAPPIST-1e,27.0,False,148.12844036697248,34.0,23.0,0.0,275.0,332.0,0,480,1,1,G,74.0,P,7,480.1284403669725
449,449,0481_01,Earth,True,TRAPPIST-1e,13.0,False,0.0,0.0,0.0,0.0,0.0,0.0,1,481,1,1,G,70.0,S,6,0.0
450,450,0482_01,Earth,True,TRAPPIST-1e,27.0,False,0.0,118.0,0.0,5.0,665.0,788.0,0,482,2,0,E,28.0,S,10,788.0
451,451,0482_02,Earth,True,TRAPPIST-1e,28.0,False,0.0,14.0,0.0,0.0,615.0,629.0,0,482,2,0,F,88.0,S,10,629.0
452,452,0485_01,Europa,True,55 Cancri e,21.0,False,0.0,33.0,0.0,3348.0,55.0,3436.0,0,485,1,1,B,17.0,S,3,3436.0
453,453,0487_01,Europa,True,TRAPPIST-1e,39.0,False,172.0,1794.0,12.0,4303.0,246.0,6527.0,0,487,1,1,C,19.0,S,8,6527.0
454,454,0488_01,Earth,True,PSO J318.5-22,28.0,False,0.0,0.0,0.0,0.0,0.0,0.0,1,488,1,1,G,76.0,P,10,0.0
455,455,0490_01,Earth,True,TRAPPIST-1e,14.0,False,0.0,0.0,0.0,0.0,0.0,0.0,1,490,1,1,G,71.0,S,5,0.0
456,456,0498_01,Europa,True,55 Cancri e,27.0,False,0.0,0.0,0.0,0.0,0.0,0.0,1,498,2,0,B,18.0,S,2,0.0
457,457,0498_02,Europa,True,55 Cancri e,46.0,False,0.0,0.0,0.0,0.0,0.0,0.0,1,498,2,0,B,18.0,S,2,0.0
458,458,0499_01,Mars,True,55 Cancri e,27.0,False,0.0,0.0,0.0,0.0,0.0,0.0,1,499,2,0,F,89.0,S,11,0.0
459,459,0499_02,Mars,True,TRAPPIST-1e,21.0,False,0.0,0.0,0.0,0.0,0.0,0.0,1,499,2,0,E,29.0,S,11,0.0
460,460,0500_01,Mars,True,55 Cancri e,21.0,False,513.0,0.0,1749.0,82.0,0.0,2344.0,0,500,1,1,D,19.0,P,3,2344.0
461,461,0501_01,Europa,True,TRAPPIST-1e,42.0,False,0.0,929.0,967.0,918.6666666666666,481.0,2377.0,0,501,1,1,E,32.0,P,8,3295.6666666666665
462,462,0502_01,Mars,True,TRAPPIST-1e,22.0,False,10.0,0.0,817.0,471.0,0.0,1298.0,0,502,1,1,F,96.0,Z,1,1298.0
463,463,0503_01,Mars,True,TRAPPIST-1e,10.0,False,0.0,0.0,0.0,0.0,0.0,0.0,1,503,3,0,F,90.0,S,11,0.0
464,464,0503_02,Mars,True,TRAPPIST-1e,43.0,False,1821.0,0.0,47.0,29.0,0.0,1897.0,0,503,3,0,F,90.0,S,11,1897.0
465,465,0503_03,Mars,True,TRAPPIST-1e,42.0,False,1246.0,35.0,16.0,0.0,0.0,1297.0,0,503,3,0,E,31.0,S,11,1297.0
466,466,0504_01,Europa,True,55 Cancri e,18.0,False,0.0,0.0,0.0,0.0,0.0,0.0,1,504,6,0,B,19.0,S,8,0.0
467,467,0504_02,Europa,True,55 Cancri e,54.0,False,0.0,0.0,0.0,0.0,0.0,0.0,1,504,6,0,B,19.0,S,8,0.0
468,468,0504_03,Europa,True,TRAPPIST-1e,24.0,False,0.0,0.0,0.0,0.0,0.0,0.0,1,504,6,0,B,19.0,S,8,0.0
469,469,0504_04,Europa,True,TRAPPIST-1e,64.0,False,0.0,1737.0,11.0,401.0,752.0,2901.0,0,504,6,0,B,19.0,S,8,2901.0
470,470,0504_05,Europa,True,55 Cancri e,18.0,False,0.0,0.0,0.0,0.0,0.0,0.0,1,504,6,0,B,19.0,S,8,0.0
471,471,0504_06,Europa,True,55 Cancri e,53.0,False,0.0,0.0,0.0,0.0,0.0,0.0,1,504,6,0,B,19.0,S,8,0.0
472,472,0506_01,Mars,True,TRAPPIST-1e,23.0,False,0.0,0.0,0.0,0.0,0.0,0.0,1,506,1,1,F,91.0,S,6,0.0
473,473,0507_01,Earth,True,TRAPPIST-1e,39.0,False,0.0,0.0,0.0,0.0,0.0,0.0,1,507,1,1,G,74.0,S,7,0.0
474,474,0510_01,Europa,True,TRAPPIST-1e,59.0,False,0.0,16521.0,0.0,323.0,0.0,16844.0,0,510,1,1,C,16.0,P,3,16844.0
475,475,0512_01,Europa,True,55 Cancri e,32.0,False,0.0,5755.0,0.0,59.0,122.0,5936.0,0,512,2,0,D,18.0,S,4,5936.0
476,476,0512_02,Europa,True,TRAPPIST-1e,55.0,False,0.0,0.0,0.0,0.0,0.0,0.0,1,512,2,0,D,18.0,S,4,0.0
477,477,0513_01,Earth,True,PSO J318.5-22,21.0,False,0.0,0.0,0.0,0.0,0.0,0.0,1,513,1,1,G,78.0,P,6,0.0
478,478,0515_01,Europa,True,TRAPPIST-1e,50.0,False,0.0,0.0,0.0,0.0,0.0,0.0,1,515,1,1,B,20.0,S,3,0.0
479,479,0516_01,Europa,True,55 Cancri e,55.0,False,113.0,2492.0,41.0,0.0,2376.0,5022.0,0,516,1,1,A,6.0,S,1,5022.0
480,480,0517_01,Earth,True,TRAPPIST-1e,24.0,False,1445.0,0.0,1.0,2.0,73.0,1521.0,0,517,1,1,F,109.0,P,10,1521.0
481,481,0518_01,Mars,True,TRAPPIST-1e,35.0,False,0.0,0.0,0.0,0.0,0.0,0.0,1,518,1,1,F,92.0,S,5,0.0
482,482,0519_01,Earth,True,TRAPPIST-1e,24.0,False,0.0,0.0,0.0,0.0,0.0,0.0,1,519,1,1,G,77.0,S,11,0.0
483,483,0520_01,Earth,True,TRAPPIST-1e,55.0,False,62.0,61.285714285714285,0.0,0.0,116.53571428571429,62.0,0,520,1,1,G,78.0,S,7,239.82142857142856
484,484,0521_01,Earth,True,TRAPPIST-1e,23.0,False,39.0,263.0,0.0,0.0,171.25925925925927,302.0,0,521,1,1,E,32.0,S,9,473.25925925925924
485,485,0522_01,Earth,True,TRAPPIST-1e,42.0,False,0.0,0.0,750.0,0.0,156.0,906.0,0,522,1,1,E,33.0,P,4,906.0
486,486,0523_01,Earth,True,TRAPPIST-1e,35.0,False,553.0,213.0,1733.0,0.0,6.0,2505.0,0,523,1,1,E,33.0,S,7,2505.0
487,487,0525_01,Earth,True,TRAPPIST-1e,47.0,False,0.0,0.0,0.0,0.0,0.0,0.0,1,525,1,1,G,80.0,P,14,0.0
488,488,0527_01,Mars,True,55 Cancri e,23.0,False,1172.0,11.0,3.0,0.0,4.0,1190.0,0,527,2,0,F,93.0,S,9,1190.0
489,489,0527_02,Mars,True,TRAPPIST-1e,34.0,False,0.0,0.0,0.0,0.0,0.0,0.0,1,527,2,0,F,93.0,S,9,0.0
490,490,0528_01,Europa,True,TRAPPIST-1e,46.0,False,0.0,1119.0,0.0,3427.0,6595.0,11141.0,0,528,1,1,C,17.0,P,3,11141.0
491,491,0529_01,Earth,True,PSO J318.5-22,26.0,False,0.0,0.0,0.0,0.0,0.0,0.0,1,529,1,1,G,81.0,P,10,0.0
492,492,0531_01,Earth,True,55 Cancri e,1.0,False,0.0,0.0,0.0,0.0,0.0,0.0,1,531,2,0,G,82.0,P,6,0.0
493,493,0531_02,Earth,True,55 Cancri e,5.0,False,0.0,0.0,0.0,0.0,0.0,0.0,1,531,2,0,G,82.0,P,6,0.0
494,494,0533_01,Mars,True,TRAPPIST-1e,33.0,False,20.0,0.0,384.0,557.0,0.0,961.0,0,533,1,1,D,21.0,P,6,961.0
495,495,0534_01,Europa,True,TRAPPIST-1e,34.0,False,98.0,715.0,29.0,5732.0,1902.0,8476.0,0,534,2,0,B,23.0,P,4,8476.0
496,496,0534_02,Europa,True,TRAPPIST-1e,49.0,False,3573.0,1308.0,316.0,641.0,25.0,5863.0,0,534,2,0,B,23.0,P,4,5863.0
497,497,0537_01,Earth,True,TRAPPIST-1e,22.0,False,0.0,5.0,0.0,320.0,352.0,677.0,0,537,1,1,G,83.0,P,4,677.0
498,498,0538_01,Earth,True,TRAPPIST-1e,28.0,False,0.0,1073.0,0.0,0.0,5.0,1078.0,0,538,1,1,F,110.0,P,9,1078.0
499,499,0539_01,Europa,True,TRAPPIST-1e,27.5,False,0.0,0.0,0.0,0.0,0.0,0.0,1,539,5,0,C,18.0,P,6,0.0
500,500,0539_02,Europa,True,55 Cancri e,36.0,False,0.0,0.0,0.0,0.0,0.0,0.0,1,539,5,0,C,18.0,P,6,0.0
501,501,0539_03,Europa,True,55 Cancri e,30.0,False,0.0,0.0,0.0,0.0,0.0,0.0,1,539,5,0,C,18.0,P,6,0.0
502,502,0539_04,Europa,True,TRAPPIST-1e,49.0,False,0.0,0.0,0.0,0.0,0.0,0.0,1,539,5,0,C,18.0,P,6,0.0
503,503,0539_05,Europa,True,TRAPPIST-1e,38.0,False,0.0,1793.0,479.0,9.0,4987.0,7268.0,0,539,5,0,C,18.0,P,6,7268.0
504,504,0540_01,Mars,True,TRAPPIST-1e,31.0,False,0.0,0.0,0.0,0.0,0.0,0.0,1,540,2,0,F,95.0,S,9,0.0
505,505,0540_02,Mars,True,TRAPPIST-1e,17.0,False,1471.0,0.0,0.0,45.0,16.0,1532.0,0,540,2,0,F,95.0,S,9,1532.0
506,506,0542_01,Earth,True,TRAPPIST-1e,26.0,False,9.0,0.0,0.0,0.0,878.0,887.0,0,542,1,1,G,84.0,P,4,887.0
507,507,0545_01,Earth,True,TRAPPIST-1e,23.0,False,59.0,0.0,0.0,681.0,0.0,740.0,0,545,1,1,F,111.0,P,12,740.0
508,508,0546_01,Earth,True,55 Cancri e,24.0,False,930.0,691.0,838.0,0.0,0.0,2459.0,0,546,1,1,F,96.0,S,5,2459.0
509,509,0547_01,Earth,True,TRAPPIST-1e,23.0,False,0.0,15.0,831.0,16.0,3.0,865.0,0,547,1,1,F,97.0,S,9,865.0
510,510,0548_01,Earth,True,TRAPPIST-1e,24.0,False,0.0,86.0,704.0,0.0,1.0,791.0,0,548,1,1,E,36.0,S,2,791.0
511,511,0549_01,Mars,True,PSO J318.5-22,32.0,False,666.0,0.0,0.0,252.0,1.0,919.0,0,549,2,0,D,19.0,S,5,919.0
512,512,0549_02,Mars,True,TRAPPIST-1e,43.0,False,0.0,0.0,0.0,0.0,0.0,0.0,1,549,2,0,F,98.0,S,5,0.0
513,513,0550_01,Earth,True,TRAPPIST-1e,23.0,False,13.0,12.0,0.0,762.0,0.0,787.0,0,550,1,1,F,99.0,S,6,787.0
514,514,0551_01,Earth,True,TRAPPIST-1e,42.0,False,126.0,0.0,266.0,445.0,12.0,849.0,0,551,1,1,G,80.0,S,10,849.0
515,515,0552_01,Europa,True,55 Cancri e,29.0,False,0.0,0.0,0.0,0.0,0.0,0.0,1,552,1,1,C,21.0,S,10,0.0
516,516,0553_01,Europa,True,TRAPPIST-1e,40.0,False,0.0,0.0,0.0,0.0,0.0,0.0,1,553,2,0,C,19.0,P,3,0.0
517,517,0553_02,Europa,True,TRAPPIST-1e,37.0,False,0.0,6506.0,0.0,764.0,0.0,7270.0,0,553,2,0,C,19.0,P,3,7270.0
518,518,0555_01,Europa,True,55 Cancri e,61.0,False,0.0,0.0,0.0,0.0,0.0,0.0,1,555,2,0,C,20.0,P,2,0.0
519,519,0555_02,Europa,True,TRAPPIST-1e,33.0,False,0.0,165.0,1.0,2525.0,0.0,2691.0,0,555,2,0,C,20.0,P,2,2691.0
520,520,0556_01,Earth,True,TRAPPIST-1e,19.0,False,0.0,1428.0,0.0,1.0,19.0,1448.0,0,556,1,1,F,100.0,S,5,1448.0
521,521,0559_01,Earth,True,PSO J318.5-22,21.0,False,0.0,12.0,580.0,0.0,79.0,671.0,0,559,1,1,F,102.0,S,6,671.0
522,522,0560_01,Earth,True,TRAPPIST-1e,4.0,False,0.0,0.0,0.0,0.0,0.0,0.0,1,560,3,0,G,81.0,S,5,0.0
523,523,0560_02,Earth,True,PSO J318.5-22,12.0,False,0.0,0.0,0.0,0.0,0.0,0.0,1,560,3,0,G,81.0,S,5,0.0
524,524,0560_03,Earth,True,TRAPPIST-1e,44.0,False,1440.0,293.0,74.0,32.0,0.0,1839.0,0,560,3,0,F,103.0,S,12,1839.0
525,525,0561_01,Earth,True,TRAPPIST-1e,22.0,False,0.0,0.0,332.0,442.0,0.0,774.0,0,561,1,1,G,82.0,S,9,774.0
526,526,0563_01,Mars,True,55 Cancri e,33.0,False,840.0,642.0,402.0,21.0,0.0,1905.0,0,563,1,1,F,114.0,P,2,1905.0
527,527,0564_01,Europa,True,55 Cancri e,32.0,False,0.0,0.0,0.0,0.0,0.0,0.0,1,564,3,0,B,24.0,P,5,0.0
528,528,0564_02,Europa,True,TRAPPIST-1e,28.0,False,0.0,0.0,0.0,0.0,0.0,0.0,1,564,3,0,B,24.0,P,5,0.0
529,529,0564_03,Europa,True,TRAPPIST-1e,28.0,False,0.0,410.0,2.0,1354.0,3695.0,5461.0,0,564,3,0,B,24.0,P,5,5461.0
530,530,0565_01,Mars,True,TRAPPIST-1e,31.0,False,697.0,0.0,612.0,0.0,0.0,1309.0,0,565,1,1,F,115.0,P,9,1309.0
531,531,0566_01,Mars,True,TRAPPIST-1e,13.0,False,0.0,0.0,0.0,0.0,0.0,0.0,1,566,1,1,E,37.0,S,3,0.0
532,532,0567_01,Earth,True,TRAPPIST-1e,14.0,False,0.0,0.0,0.0,0.0,0.0,0.0,1,567,1,1,G,83.0,S,7,0.0
533,533,0568_01,Europa,True,TRAPPIST-1e,33.0,False,1908.0,33.0,0.0,1.0,4.0,1946.0,0,568,2,0,D,20.0,S,3,1946.0
534,534,0568_02,Europa,True,55 Cancri e,29.0,False,0.0,0.0,0.0,0.0,0.0,0.0,1,568,2,0,D,20.0,S,3,0.0
535,535,0569_01,Earth,True,TRAPPIST-1e,23.0,False,0.0,334.0,310.0,0.0,0.0,644.0,0,569,1,1,F,116.0,P,11,644.0
536,536,0570_01,Europa,True,TRAPPIST-1e,36.0,True,530.0,5085.0,1.0,146.0,872.0,6634.0,0,570,1,1,C,22.0,S,3,6634.0
537,537,0571_01,Europa,True,55 Cancri e,22.0,False,0.0,0.0,0.0,0.0,0.0,0.0,1,571,7,0,C,21.0,P,14,0.0
538,538,0571_02,Europa,True,TRAPPIST-1e,19.0,False,0.0,0.0,0.0,0.0,0.0,0.0,1,571,7,0,C,21.0,P,14,0.0
539,539,0571_03,Europa,True,TRAPPIST-1e,42.0,False,0.0,0.0,0.0,0.0,0.0,0.0,1,571,7,0,C,21.0,P,14,0.0
540,540,0571_04,Europa,True,TRAPPIST-1e,30.0,False,0.0,0.0,0.0,0.0,0.0,0.0,1,571,7,0,C,21.0,P,8,0.0
541,541,0571_05,Europa,True,55 Cancri e,16.0,False,0.0,0.0,0.0,0.0,0.0,0.0,1,571,7,0,C,21.0,P,14,0.0
542,542,0571_06,Europa,True,TRAPPIST-1e,55.0,False,0.0,1542.0,0.0,1814.0,1568.0,4924.0,0,571,7,0,C,21.0,P,14,4924.0
543,543,0571_07,Europa,True,TRAPPIST-1e,55.0,False,0.0,0.0,0.0,0.0,0.0,0.0,1,571,7,0,C,21.0,P,14,0.0
544,544,0572_01,Earth,True,TRAPPIST-1e,19.0,False,1911.0,0.0,21.0,854.0,0.0,2786.0,0,572,1,1,F,105.0,S,4,2786.0
545,545,0573_01,Earth,True,TRAPPIST-1e,24.0,False,14.0,809.0,25.0,54.0,172.23076923076923,902.0,0,573,1,1,F,117.0,P,16,1074.2307692307693
546,546,0575_01,Europa,True,TRAPPIST-1e,18.0,False,0.0,0.0,0.0,0.0,0.0,0.0,1,575,1,1,E,34.0,P,4,0.0
547,547,0576_01,Earth,True,TRAPPIST-1e,21.0,False,0.0,182.398406374502,625.0,110.0,0.0,735.0,0,576,1,1,F,107.0,S,3,917.398406374502
548,548,0577_01,Earth,True,TRAPPIST-1e,65.0,False,0.0,0.0,521.0,105.0,0.0,626.0,0,577,1,1,G,86.0,P,5,626.0
549,549,0579_01,Earth,True,TRAPPIST-1e,55.0,False,53.0,790.0,37.0,0.0,0.0,880.0,0,579,2,0,F,108.0,S,8,880.0
550,550,0579_02,Earth,True,TRAPPIST-1e,50.0,False,228.75,233.0,0.0,0.0,0.0,233.0,0,579,2,0,G,85.0,S,8,461.75
551,551,0580_01,Earth,True,TRAPPIST-1e,49.0,False,0.0,0.0,0.0,0.0,0.0,0.0,1,580,1,1,G,87.0,P,13,0.0
552,552,0581_01,Earth,True,TRAPPIST-1e,22.0,False,0.0,0.0,601.0,183.0,4.0,788.0,0,581,1,1,E,38.0,S,4,788.0
553,553,0582_01,Mars,True,TRAPPIST-1e,33.0,False,0.0,0.0,0.0,0.0,0.0,0.0,1,582,1,1,F,118.0,P,4,0.0
554,554,0583_01,Mars,True,TRAPPIST-1e,3.0,False,0.0,0.0,0.0,0.0,0.0,0.0,1,583,3,0,F,109.0,S,9,0.0
555,555,0583_02,Mars,True,TRAPPIST-1e,0.0,False,0.0,0.0,0.0,0.0,0.0,0.0,1,583,3,0,F,109.0,S,9,0.0
556,556,0583_03,Mars,True,TRAPPIST-1e,33.0,False,0.0,0.0,0.0,0.0,0.0,0.0,1,583,3,0,F,109.0,S,9,0.0
557,557,0585_01,Mars,True,TRAPPIST-1e,48.0,False,0.0,0.0,0.0,0.0,0.0,0.0,1,585,3,0,F,120.0,P,11,0.0
558,558,0585_02,Mars,True,TRAPPIST-1e,5.0,False,0.0,0.0,0.0,0.0,0.0,0.0,1,585,3,0,F,120.0,P,11,0.0
559,559,0585_03,Mars,True,TRAPPIST-1e,23.0,False,2648.0,0.0,1092.0,0.0,0.0,3740.0,0,585,3,0,D,22.0,P,11,3740.0
560,560,0586_01,Europa,True,TRAPPIST-1e,53.0,False,0.0,0.0,0.0,0.0,0.0,0.0,1,586,1,1,D,23.0,P,4,0.0
561,561,0587_01,Mars,True,TRAPPIST-1e,18.0,False,5.0,25.0,616.0,0.0,1042.0,1688.0,0,587,1,1,F,121.0,P,3,1688.0
562,562,0588_01,Earth,True,PSO J318.5-22,20.0,False,0.0,0.0,0.0,0.0,0.0,0.0,1,588,1,1,G,89.0,P,8,0.0
563,563,0589_01,Earth,True,TRAPPIST-1e,23.0,False,234.0,1.0,551.0,0.0,1.0,787.0,0,589,1,1,E,35.0,P,7,787.0
564,564,0590_01,Earth,True,TRAPPIST-1e,48.0,False,801.0,2.0,0.0,1.0,973.0,1777.0,0,590,1,1,G,90.0,P,6,1777.0
565,565,0591_01,Earth,True,PSO J318.5-22,19.0,False,0.0,0.0,0.0,0.0,0.0,0.0,1,591,1,1,G,86.0,S,3,0.0
566,566,0593_01,Mars,True,TRAPPIST-1e,30.0,False,43.0,152.0,182.0,1.0,2005.0,2383.0,0,593,1,1,D,24.0,P,7,2383.0
567,567,0594_01,Earth,True,55 Cancri e,9.0,False,0.0,0.0,0.0,0.0,0.0,0.0,1,594,2,0,G,87.0,S,8,0.0
568,568,0594_02,Earth,True,TRAPPIST-1e,24.0,False,171.36486486486487,4.0,0.0,670.0,113.0,787.0,0,594,2,0,E,39.0,S,8,958.3648648648649
569,569,0596_01,Mars,True,TRAPPIST-1e,46.0,False,21.0,0.0,2155.0,422.0,21.647058823529413,2598.0,0,596,1,1,F,123.0,P,9,2619.6470588235293
570,570,0597_01,Earth,True,TRAPPIST-1e,23.0,False,0.0,0.0,0.0,0.0,0.0,0.0,1,597,2,0,G,91.0,P,7,0.0
571,571,0597_02,Earth,True,TRAPPIST-1e,21.0,False,0.0,0.0,0.0,0.0,0.0,0.0,1,597,2,0,G,91.0,P,7,0.0
572,572,0598_01,Earth,True,TRAPPIST-1e,19.0,False,0.0,0.0,0.0,0.0,0.0,0.0,1,598,1,1,G,89.0,S,6,0.0
573,573,0599_01,Mars,True,TRAPPIST-1e,0.0,False,0.0,0.0,0.0,0.0,0.0,0.0,1,599,4,0,F,124.0,P,12,0.0
574,574,0599_02,Mars,True,TRAPPIST-1e,4.0,False,0.0,0.0,0.0,0.0,0.0,0.0,1,599,4,0,F,124.0,P,12,0.0
575,575,0599_03,Mars,True,TRAPPIST-1e,26.0,False,1252.0,0.0,46.0,124.0,6.0,1428.0,0,599,4,0,F,124.0,P,12,1428.0
576,576,0599_04,Mars,True,TRAPPIST-1e,9.0,False,0.0,0.0,0.0,0.0,0.0,0.0,1,599,4,0,F,124.0,P,12,0.0
577,577,0600_01,Europa,True,TRAPPIST-1e,24.0,False,0.0,3385.0,826.0,9.0,793.0,5013.0,0,600,1,1,C,23.0,S,1,5013.0
578,578,0602_01,Mars,True,TRAPPIST-1e,24.0,False,0.0,0.0,0.0,0.0,0.0,0.0,1,602,3,0,F,125.0,P,9,0.0
579,579,0602_02,Mars,True,TRAPPIST-1e,25.0,False,0.0,0.0,0.0,0.0,0.0,0.0,1,602,3,0,E,36.0,P,9,0.0
580,580,0602_03,Mars,True,TRAPPIST-1e,21.0,False,0.0,0.0,0.0,0.0,0.0,0.0,1,602,3,0,F,125.0,P,9,0.0
581,581,0603_01,Earth,True,TRAPPIST-1e,21.0,False,0.0,0.0,12.0,0.0,747.0,759.0,0,603,1,1,F,126.0,P,6,759.0
582,582,0607_01,Europa,True,TRAPPIST-1e,37.0,False,27.0,654.0,10.0,881.0,9568.0,11140.0,0,607,3,0,C,22.0,P,7,11140.0
583,583,0607_02,Europa,True,55 Cancri e,44.0,False,434.0,3113.0,19.0,488.5652173913044,892.0,4458.0,0,607,3,0,C,22.0,P,7,4946.565217391304
584,584,0607_03,Europa,True,TRAPPIST-1e,43.0,False,4.0,1111.0,118.0,1852.0,537.6969696969697,3085.0,0,607,3,0,C,22.0,P,7,3622.69696969697
585,585,0608_01,Earth,True,TRAPPIST-1e,7.0,False,0.0,0.0,0.0,0.0,0.0,0.0,1,608,1,1,G,94.0,P,15,0.0
586,586,0609_01,Mars,True,TRAPPIST-1e,33.0,False,149.0,0.0,297.3235294117647,0.0,109.0,258.0,0,609,1,1,F,128.0,P,3,555.3235294117646
587,587,0610_01,Earth,True,TRAPPIST-1e,24.0,False,0.0,172.16724738675958,229.0,502.0,5.0,736.0,0,610,1,1,F,129.0,P,14,908.1672473867595
588,588,0611_01,Earth,True,PSO J318.5-22,31.0,False,0.0,0.0,0.0,0.0,0.0,0.0,1,611,1,1,G,90.0,S,5,0.0
589,589,0612_01,Europa,True,TRAPPIST-1e,27.0,True,0.0,0.0,0.0,0.0,0.0,0.0,1,612,1,1,B,25.0,P,3,0.0
590,590,0614_01,Earth,True,TRAPPIST-1e,34.0,False,0.0,0.0,0.0,142.49122807017545,0.0,0.0,0,614,1,1,G,91.0,S,6,142.49122807017545
591,591,0615_01,Earth,True,TRAPPIST-1e,58.0,False,0.0,0.0,0.0,0.0,0.0,0.0,1,615,3,0,G,92.0,S,12,0.0
592,592,0615_02,Earth,True,TRAPPIST-1e,7.0,False,0.0,0.0,0.0,0.0,0.0,0.0,1,615,3,0,G,92.0,S,9,0.0
593,593,0615_03,Earth,True,55 Cancri e,3.0,False,0.0,0.0,0.0,0.0,0.0,0.0,1,615,3,0,G,92.0,S,9,0.0
594,594,0618_01,Earth,True,55 Cancri e,21.0,False,0.0,0.0,908.0,49.0,0.0,957.0,0,618,2,0,G,95.0,P,13,957.0
595,595,0618_02,Earth,True,PSO J318.5-22,21.0,False,1.0,368.0,0.0,0.0,388.0,757.0,0,618,2,0,F,131.0,P,13,757.0
596,596,0619_01,Europa,True,TRAPPIST-1e,39.0,False,0.0,0.0,0.0,0.0,0.0,0.0,1,619,2,0,C,24.0,S,5,0.0
597,597,0619_02,Europa,True,55 Cancri e,43.0,False,0.0,0.0,0.0,0.0,0.0,0.0,1,619,2,0,C,24.0,S,5,0.0
598,598,0623_01,Earth,True,TRAPPIST-1e,22.0,False,0.0,0.0,0.0,0.0,0.0,0.0,1,623,1,1,G,93.0,S,5,0.0
599,599,0628_01,Earth,True,TRAPPIST-1e,44.0,False,103.0,0.0,18.0,1197.0,1.0,1319.0,0,628,1,1,F,133.0,P,16,1319.0
600,600,0629_01,Earth,True,TRAPPIST-1e,38.0,False,0.0,0.0,0.0,1018.0,0.0,1018.0,0,629,1,1,G,96.0,P,7,1018.0
601,601,0630_01,Mars,True,TRAPPIST-1e,32.0,False,0.0,0.0,0.0,0.0,0.0,0.0,1,630,1,1,F,112.0,S,6,0.0
602,602,0631_01,Mars,True,TRAPPIST-1e,55.0,False,0.0,0.0,0.0,0.0,0.0,0.0,1,631,1,1,F,113.0,S,1,0.0
603,603,0633_01,Mars,True,PSO J318.5-22,31.0,True,629.0,0.0,0.0,150.0,0.0,779.0,0,633,1,1,D,25.0,P,6,779.0
604,604,0634_01,Earth,True,TRAPPIST-1e,39.0,False,0.0,1496.0,0.0,140.0,383.0,2019.0,0,634,1,1,F,135.0,P,11,2019.0
605,605,0635_01,Earth,True,TRAPPIST-1e,35.0,False,0.0,1778.0,0.0,0.0,0.0,1778.0,0,635,2,0,G,94.0,S,15,1778.0
606,606,0635_02,Earth,True,TRAPPIST-1e,37.0,False,614.0,0.0,50.0,11.0,319.0,994.0,0,635,2,0,E,43.0,S,15,994.0
607,607,0636_01,Earth,True,55 Cancri e,13.0,False,0.0,7.0,0.0,339.0,359.0,705.0,0,636,2,0,F,136.0,P,9,705.0
608,608,0636_02,Earth,True,TRAPPIST-1e,21.0,False,0.0,0.0,7.0,675.0,0.0,682.0,0,636,2,0,F,136.0,P,9,682.0
609,609,0637_01,Mars,True,TRAPPIST-1e,20.0,False,0.0,0.0,0.0,0.0,0.0,0.0,1,637,1,1,E,44.0,S,6,0.0
610,610,0638_01,Europa,True,55 Cancri e,20.0,False,0.0,0.0,0.0,0.0,0.0,0.0,1,638,1,1,B,28.0,P,5,0.0
611,611,0639_01,Earth,True,TRAPPIST-1e,63.0,False,0.0,123.0,956.0,25.0,420.8421052631579,1104.0,0,639,1,1,F,137.0,P,5,1524.842105263158
612,612,0641_01,Earth,True,TRAPPIST-1e,36.0,False,2.0,0.0,0.0,1958.0,19.0,1979.0,0,641,1,1,F,114.0,S,8,1979.0
613,613,0642_01,Europa,True,55 Cancri e,29.0,False,0.0,3344.0,0.0,118.0,972.0,4434.0,0,642,5,0,C,25.0,S,11,4434.0
614,614,0642_02,Europa,True,55 Cancri e,36.0,False,0.0,4967.0,82.0,1517.0,575.0,7141.0,0,642,5,0,C,25.0,S,11,7141.0
615,615,0642_03,Europa,True,TRAPPIST-1e,79.0,False,0.0,0.0,0.0,2210.0,2.0,2212.0,0,642,5,0,C,25.0,S,11,2212.0
616,616,0642_04,Europa,True,55 Cancri e,30.0,False,0.0,0.0,0.0,0.0,0.0,0.0,1,642,5,0,C,25.0,S,11,0.0
617,617,0642_05,Europa,True,55 Cancri e,30.0,False,0.0,0.0,0.0,0.0,0.0,0.0,1,642,5,0,C,25.0,S,11,0.0
618,618,0643_01,Mars,True,TRAPPIST-1e,19.0,False,1019.0,266.0,141.0,0.0,0.0,1426.0,0,643,1,1,F,138.0,P,3,1426.0
619,619,0644_01,Europa,True,TRAPPIST-1e,33.0,False,0.0,0.0,0.0,0.0,0.0,0.0,1,644,1,1,E,38.0,P,5,0.0
620,620,0645_01,Earth,True,TRAPPIST-1e,20.0,False,1724.0,0.0,0.0,1.0,0.0,1725.0,0,645,1,1,G,98.0,P,5,1725.0
621,621,0646_01,Europa,True,55 Cancri e,38.0,False,0.0,0.0,0.0,0.0,0.0,0.0,1,646,1,1,C,26.0,S,4,0.0
622,622,0647_01,Mars,True,TRAPPIST-1e,7.0,False,0.0,0.0,0.0,0.0,0.0,0.0,1,647,3,0,F,115.0,S,6,0.0
623,623,0647_02,Mars,True,TRAPPIST-1e,58.0,False,0.0,0.0,0.0,0.0,0.0,0.0,1,647,3,0,F,115.0,S,6,0.0
624,624,0647_03,Mars,True,TRAPPIST-1e,33.0,False,105.0,0.0,1087.0,0.0,0.0,1192.0,0,647,3,0,F,115.0,S,6,1192.0
625,625,0650_01,Earth,True,PSO J318.5-22,3.0,False,0.0,0.0,0.0,0.0,0.0,0.0,1,650,1,1,G,95.0,S,9,0.0
626,626,0653_01,Mars,False,TRAPPIST-1e,39.0,False,0.0,0.0,0.0,0.0,0.0,0.0,1,653,1,1,E,45.0,S,6,0.0
627,627,0655_01,Mars,True,TRAPPIST-1e,37.0,False,237.0,2.0,708.0,0.0,0.0,947.0,0,655,1,1,E,39.0,P,6,947.0
628,628,0656_01,Earth,True,TRAPPIST-1e,32.0,False,0.0,0.0,0.0,768.0,3.0,771.0,0,656,1,1,G,101.0,P,8,771.0
629,629,0657_01,Earth,True,TRAPPIST-1e,28.0,False,0.0,863.0,0.0,17.0,0.0,880.0,0,657,2,0,F,117.0,S,11,880.0
630,630,0657_02,Earth,True,TRAPPIST-1e,38.0,False,0.0,8.0,736.0,140.0,0.0,884.0,0,657,2,0,G,97.0,S,11,884.0
631,631,0658_01,Earth,True,PSO J318.5-22,21.0,False,0.0,576.0,1.0,20.0,150.4448818897638,597.0,0,658,1,1,F,118.0,S,12,747.4448818897638
632,632,0659_01,Earth,True,TRAPPIST-1e,18.0,False,0.0,0.0,0.0,0.0,0.0,0.0,1,659,1,1,G,98.0,S,8,0.0
633,633,0660_01,Earth,True,TRAPPIST-1e,15.0,False,0.0,0.0,0.0,0.0,0.0,0.0,1,660,1,1,G,99.0,S,8,0.0
634,634,0661_01,Europa,True,TRAPPIST-1e,44.0,False,0.0,2506.0,0.0,1360.0,722.0,4588.0,0,661,1,1,C,23.0,P,2,4588.0
635,635,0663_01,Earth,True,TRAPPIST-1e,44.0,False,86.0,525.0,16.0,49.0,39.0,715.0,0,663,1,1,F,140.0,P,19,715.0
636,636,0664_01,Europa,True,TRAPPIST-1e,36.0,False,0.0,0.0,0.0,4507.0,5689.0,10196.0,0,664,1,1,E,46.0,S,3,10196.0
637,637,0665_01,Mars,True,TRAPPIST-1e,28.0,False,690.9285714285714,0.0,7104.0,0.0,0.0,7104.0,0,665,2,0,F,141.0,P,8,7794.928571428572
638,638,0665_02,Mars,True,TRAPPIST-1e,15.0,False,1264.0,0.0,2.0,23.0,0.0,1289.0,0,665,2,0,F,141.0,P,8,1289.0
639,639,0668_01,Earth,True,TRAPPIST-1e,45.0,False,0.0,25.0,87.0,989.0,482.0,1583.0,0,668,1,1,F,142.0,P,14,1583.0
640,640,0669_01,Earth,True,TRAPPIST-1e,26.0,False,0.0,530.0,2.0,9.0,403.0,944.0,0,669,1,1,F,143.0,P,3,944.0
641,641,0671_01,Earth,True,PSO J318.5-22,46.0,False,0.0,0.0,0.0,0.0,0.0,0.0,1,671,1,1,G,102.0,P,11,0.0
642,642,0672_01,Earth,True,TRAPPIST-1e,25.0,False,1.0,0.0,38.0,7.0,740.0,786.0,0,672,1,1,G,103.0,P,10,786.0
643,643,0674_01,Earth,True,PSO J318.5-22,46.0,False,0.0,0.0,0.0,0.0,0.0,0.0,1,674,1,1,G,101.0,S,10,0.0
644,644,0677_01,Earth,True,TRAPPIST-1e,15.0,False,0.0,0.0,0.0,0.0,0.0,0.0,1,677,1,1,G,102.0,S,12,0.0
645,645,0678_01,Earth,True,TRAPPIST-1e,37.0,False,0.0,0.0,0.0,0.0,0.0,0.0,1,678,1,1,G,103.0,S,14,0.0
646,646,0679_01,Earth,True,TRAPPIST-1e,20.0,False,189.30973451327435,215.0,0.0,541.0,0.0,756.0,0,679,1,1,G,104.0,S,10,945.3097345132744
647,647,0680_01,Earth,True,PSO J318.5-22,45.0,False,0.0,0.0,0.0,0.0,0.0,0.0,1,680,3,0,G,105.0,P,15,0.0
648,648,0680_02,Earth,True,TRAPPIST-1e,7.0,False,0.0,0.0,0.0,0.0,0.0,0.0,1,680,3,0,G,105.0,P,15,0.0
649,649,0680_03,Earth,True,TRAPPIST-1e,5.0,False,0.0,0.0,0.0,0.0,0.0,0.0,1,680,3,0,G,105.0,P,7,0.0
650,650,0682_01,Mars,True,TRAPPIST-1e,38.0,False,0.0,0.0,0.0,0.0,0.0,0.0,1,682,1,1,F,121.0,S,6,0.0
651,651,0683_01,Mars,True,TRAPPIST-1e,30.0,False,269.0,96.0,252.0,0.0,0.0,617.0,0,683,1,1,F,144.0,P,4,617.0
652,652,0684_01,Mars,True,TRAPPIST-1e,18.0,False,0.0,0.0,0.0,0.0,0.0,0.0,1,684,3,0,F,145.0,P,9,0.0
653,653,0684_02,Mars,True,TRAPPIST-1e,0.0,False,0.0,0.0,0.0,0.0,0.0,0.0,1,684,3,0,F,145.0,P,9,0.0
654,654,0684_03,Mars,True,TRAPPIST-1e,20.0,False,0.0,0.0,0.0,0.0,0.0,0.0,1,684,3,0,F,145.0,P,9,0.0
655,655,0685_01,Earth,True,TRAPPIST-1e,41.0,False,1.0,922.0,4.0,55.0,15.0,997.0,0,685,1,1,E,41.0,P,10,997.0
656,656,0686_01,Mars,True,TRAPPIST-1e,18.0,False,0.0,0.0,0.0,0.0,0.0,0.0,1,686,2,0,F,146.0,P,7,0.0
657,657,0686_02,Mars,True,TRAPPIST-1e,29.0,True,3887.0,0.0,787.3333333333334,12.0,0.0,3899.0,0,686,2,0,D,30.0,P,7,4686.333333333333
658,658,0687_01,Mars,True,TRAPPIST-1e,19.0,False,3097.0,0.0,9.0,0.0,213.0,3319.0,0,687,1,1,D,23.0,S,8,3319.0
659,659,0688_01,Mars,True,TRAPPIST-1e,34.0,False,1973.0,0.0,97.0,41.0,3.0,2114.0,0,688,1,1,E,48.0,S,4,2114.0
660,660,0689_01,Europa,True,TRAPPIST-1e,36.0,False,0.0,0.0,0.0,0.0,0.0,0.0,1,689,1,1,B,25.0,S,3,0.0
661,661,0690_01,Mars,True,TRAPPIST-1e,54.0,False,0.0,0.0,0.0,0.0,0.0,0.0,1,690,1,1,F,122.0,S,7,0.0
662,662,0691_01,Mars,True,TRAPPIST-1e,19.0,False,164.0,0.0,783.0,0.0,0.0,947.0,0,691,3,0,E,49.0,S,8,947.0
663,663,0691_02,Mars,True,TRAPPIST-1e,21.0,False,505.0,0.0,1952.0,0.0,0.0,2457.0,0,691,3,0,F,123.0,S,8,2457.0
664,664,0691_03,Mars,True,TRAPPIST-1e,23.0,False,0.0,0.0,0.0,0.0,0.0,0.0,1,691,3,0,E,49.0,S,8,0.0
665,665,0693_01,Europa,True,55 Cancri e,35.0,False,0.0,0.0,0.0,0.0,0.0,0.0,1,693,2,0,C,25.0,S,8,0.0
666,666,0693_02,Europa,True,TRAPPIST-1e,34.0,False,0.0,3488.0,0.0,4343.0,38.0,7869.0,0,693,2,0,C,27.0,S,8,7869.0
667,667,0696_01,Earth,True,TRAPPIST-1e,22.0,False,0.0,581.0,226.0,74.0,0.0,881.0,0,696,1,1,G,107.0,S,17,881.0
668,668,0697_01,Earth,True,55 Cancri e,24.0,False,21.0,0.0,689.0,12.0,0.0,722.0,0,697,1,1,F,147.0,P,12,722.0
669,669,0699_01,Mars,True,TRAPPIST-1e,18.0,False,0.0,0.0,0.0,0.0,0.0,0.0,1,699,2,0,F,126.0,S,3,0.0
670,670,0699_02,Mars,True,55 Cancri e,24.0,False,2698.0,0.0,301.0,8.0,5.0,3012.0,0,699,2,0,D,24.0,S,5,3012.0
671,671,0701_01,Europa,True,TRAPPIST-1e,33.0,False,0.0,0.0,0.0,0.0,0.0,0.0,1,701,1,1,D,25.0,S,5,0.0
672,672,0702_01,Earth,True,TRAPPIST-1e,24.0,False,121.0,237.0,4.0,387.0,54.0,803.0,0,702,1,1,F,127.0,S,10,803.0
673,673,0703_01,Earth,True,TRAPPIST-1e,18.0,False,0.0,0.0,0.0,0.0,0.0,0.0,1,703,1,1,G,108.0,S,4,0.0
674,674,0704_01,Earth,True,TRAPPIST-1e,19.0,False,0.0,0.0,0.0,0.0,0.0,0.0,1,704,1,1,G,107.0,P,12,0.0
675,675,0705_01,Earth,True,55 Cancri e,43.0,False,0.0,0.0,722.0,0.0,0.0,722.0,0,705,1,1,F,149.0,P,14,722.0
676,676,0707_01,Earth,True,TRAPPIST-1e,44.0,False,0.0,0.0,0.0,0.0,0.0,0.0,1,707,1,1,G,109.0,S,17,0.0
677,677,0709_01,Europa,True,55 Cancri e,25.0,False,0.0,4949.0,0.0,452.0,15.0,5416.0,0,709,3,0,A,7.0,S,4,5416.0
678,678,0709_02,Europa,True,55 Cancri e,25.0,False,0.0,0.0,0.0,0.0,0.0,0.0,1,709,3,0,A,7.0,S,4,0.0
679,679,0709_03,Europa,True,55 Cancri e,23.0,False,0.0,0.0,0.0,0.0,0.0,0.0,1,709,3,0,A,5.0,S,4,0.0
680,680,0710_01,Mars,True,TRAPPIST-1e,23.0,False,1695.0,0.0,0.0,31.0,349.0,2075.0,0,710,1,1,E,42.0,P,5,2075.0
681,681,0712_01,Mars,True,TRAPPIST-1e,20.0,False,457.0,0.0,170.0,1132.0,0.0,1759.0,0,712,2,0,F,150.0,P,5,1759.0
682,682,0712_02,Mars,False,TRAPPIST-1e,2.0,False,0.0,0.0,0.0,0.0,0.0,0.0,1,712,2,0,F,150.0,P,5,0.0
683,683,0713_01,Earth,True,TRAPPIST-1e,26.0,False,1577.0,2.0,0.0,30.0,0.0,1609.0,0,713,1,1,E,50.0,S,7,1609.0
684,684,0714_01,Earth,True,PSO J318.5-22,38.0,False,0.0,0.0,0.0,0.0,0.0,0.0,1,714,7,0,G,109.0,P,15,0.0
685,685,0714_02,Earth,True,TRAPPIST-1e,1.0,False,0.0,0.0,0.0,0.0,0.0,0.0,1,714,7,0,G,109.0,P,15,0.0
686,686,0714_03,Earth,True,TRAPPIST-1e,12.0,False,0.0,0.0,0.0,0.0,0.0,0.0,1,714,7,0,G,109.0,P,15,0.0
687,687,0714_04,Earth,True,PSO J318.5-22,2.0,False,0.0,0.0,0.0,0.0,0.0,0.0,1,714,7,0,G,109.0,P,15,0.0
688,688,0714_05,Earth,True,PSO J318.5-22,25.0,False,0.0,0.0,0.0,0.0,0.0,0.0,1,714,7,0,G,109.0,P,15,0.0
689,689,0714_06,Earth,True,55 Cancri e,1.0,False,0.0,0.0,0.0,0.0,0.0,0.0,1,714,7,0,G,109.0,P,15,0.0
690,690,0714_07,Earth,True,55 Cancri e,0.0,False,0.0,0.0,0.0,0.0,0.0,0.0,1,714,7,0,G,109.0,P,15,0.0
691,691,0715_01,Europa,False,55 Cancri e,54.0,False,0.0,0.0,0.0,0.0,0.0,0.0,1,715,1,1,C,26.0,Z,2,0.0
692,692,0718_01,Earth,True,TRAPPIST-1e,21.0,False,521.0,0.0,4.0,261.0,1.0,787.0,0,718,1,1,E,43.0,P,5,787.0
693,693,0719_01,Mars,True,TRAPPIST-1e,19.0,False,0.0,0.0,0.0,0.0,0.0,0.0,1,719,1,1,E,44.0,P,2,0.0
694,694,0724_01,Earth,True,PSO J318.5-22,24.0,False,0.0,23.0,0.0,184.0,2566.0,2773.0,0,724,1,1,F,132.0,S,3,2773.0
695,695,0726_01,Earth,True,TRAPPIST-1e,20.0,False,0.0,0.0,0.0,0.0,0.0,0.0,1,726,1,1,G,111.0,P,8,0.0
696,696,0727_01,Earth,True,TRAPPIST-1e,23.0,False,139.0,0.0,1.0,152.0,354.0,646.0,0,727,1,1,F,133.0,S,7,646.0
697,697,0728_01,Earth,True,55 Cancri e,29.0,False,0.0,0.0,2.0,786.0,594.0,1382.0,0,728,1,1,F,134.0,S,11,1382.0
698,698,0729_01,Earth,True,TRAPPIST-1e,14.0,False,7.0,781.0,0.0,0.0,0.0,788.0,0,729,1,1,E,53.0,S,9,788.0
699,699,0732_01,Earth,True,TRAPPIST-1e,19.0,False,0.0,714.0,2.0,0.0,0.0,716.0,0,732,1,1,G,114.0,Z,4,716.0
700,700,0733_01,Earth,True,55 Cancri e,23.0,False,0.0,38.0,88.0,4.0,561.0,691.0,0,733,1,1,F,153.0,P,11,691.0
701,701,0734_01,Earth,True,TRAPPIST-1e,62.0,False,712.0,2.0,322.0,0.0,517.0,1553.0,0,734,1,1,F,154.0,P,12,1553.0
702,702,0736_01,Earth,True,TRAPPIST-1e,23.0,False,0.0,0.0,484.0,188.0,0.0,672.0,0,736,1,1,F,156.0,P,5,672.0
703,703,0737_01,Europa,True,55 Cancri e,65.0,False,0.0,835.0,0.0,38.0,871.5,873.0,0,737,1,1,C,28.0,S,11,1744.5
704,704,0738_01,Mars,False,TRAPPIST-1e,47.0,False,0.0,0.0,0.0,0.0,0.0,0.0,1,738,1,1,F,157.0,P,12,0.0
705,705,0740_01,Europa,True,55 Cancri e,67.0,False,76.0,16.0,0.0,2247.0,1166.0,3505.0,0,740,3,0,C,24.0,P,12,3505.0
706,706,0740_02,Europa,True,55 Cancri e,14.0,False,0.0,0.0,0.0,0.0,0.0,0.0,1,740,3,0,C,24.0,P,12,0.0
707,707,0740_03,Europa,True,TRAPPIST-1e,41.0,False,3594.0,3425.0,0.0,0.0,58.0,7077.0,0,740,3,0,C,24.0,P,12,7077.0
708,708,0743_01,Earth,True,TRAPPIST-1e,14.0,False,0.0,0.0,0.0,0.0,0.0,0.0,1,743,1,1,G,111.0,S,8,0.0
709,709,0746_01,Earth,True,TRAPPIST-1e,19.0,False,0.0,0.0,0.0,0.0,0.0,0.0,1,746,1,1,G,112.0,S,10,0.0
710,710,0750_01,Earth,True,55 Cancri e,22.0,False,15.0,142.0,0.0,41.0,493.0,691.0,0,750,1,1,F,140.0,S,10,691.0
711,711,0753_01,Europa,True,TRAPPIST-1e,34.0,False,0.0,0.0,0.0,0.0,0.0,0.0,1,753,3,0,A,4.0,P,7,0.0
712,712,0753_02,Europa,True,55 Cancri e,65.0,False,19.0,1344.0,4.0,3190.0,8.0,4565.0,0,753,3,0,A,4.0,P,7,4565.0
713,713,0753_03,Europa,True,55 Cancri e,42.0,False,0.0,0.0,0.0,0.0,0.0,0.0,1,753,3,0,A,6.0,P,7,0.0
714,714,0754_01,Europa,True,55 Cancri e,22.0,False,0.0,0.0,0.0,0.0,0.0,0.0,1,754,1,1,D,31.0,P,3,0.0
715,715,0756_01,Europa,True,55 Cancri e,54.0,False,0.0,0.0,0.0,0.0,0.0,0.0,1,756,3,0,B,27.0,S,12,0.0
716,716,0756_02,Europa,True,TRAPPIST-1e,34.0,False,47.0,287.0,0.0,4302.0,0.0,4636.0,0,756,3,0,B,27.0,S,5,4636.0
717,717,0756_03,Europa,True,TRAPPIST-1e,27.0,False,0.0,0.0,0.0,0.0,0.0,0.0,1,756,3,0,B,27.0,S,12,0.0
718,718,0757_01,Mars,True,55 Cancri e,67.0,False,1.0,0.0,5.0,1022.0,151.0,1179.0,0,757,1,1,D,33.0,P,7,1179.0
719,719,0761_01,Europa,True,TRAPPIST-1e,33.0,False,0.0,3879.0,0.0,48.0,67.0,3994.0,0,761,1,1,C,26.0,P,3,3994.0
720,720,0762_01,Earth,True,PSO J318.5-22,30.0,False,0.0,0.0,0.0,0.0,0.0,0.0,1,762,1,1,G,114.0,S,9,0.0
721,721,0764_01,Earth,False,TRAPPIST-1e,22.0,False,0.0,0.0,0.0,0.0,0.0,0.0,1,764,1,1,G,115.0,S,10,0.0
722,722,0765_01,Mars,True,PSO J318.5-22,35.0,False,1248.0,0.0,55.0,12.0,0.0,1315.0,0,765,2,0,F,142.0,S,6,1315.0
723,723,0765_02,Mars,True,TRAPPIST-1e,23.0,False,755.0,0.0,121.0,50.60526315789474,0.0,876.0,0,765,2,0,F,142.0,S,6,926.6052631578948
724,724,0767_01,Earth,True,TRAPPIST-1e,49.0,False,0.0,6.0,679.0,15.0,187.0,887.0,0,767,1,1,G,116.0,S,5,887.0
725,725,0768_01,Europa,True,55 Cancri e,36.0,False,29.0,12180.0,0.0,93.0,17306.0,29608.0,0,768,2,0,B,32.0,P,6,29608.0
726,726,0768_02,Europa,True,TRAPPIST-1e,31.0,False,0.0,0.0,0.0,0.0,0.0,0.0,1,768,2,0,B,32.0,P,6,0.0
727,727,0769_01,Europa,True,55 Cancri e,54.0,False,0.0,0.0,0.0,0.0,0.0,0.0,1,769,1,1,B,28.0,S,11,0.0
728,728,0770_01,Earth,True,TRAPPIST-1e,0.0,False,0.0,0.0,0.0,0.0,0.0,0.0,1,770,6,0,G,117.0,S,19,0.0
729,729,0770_02,Earth,True,TRAPPIST-1e,28.5,False,0.0,715.0,0.0,170.0,0.0,885.0,0,770,6,0,G,117.0,S,19,885.0
730,730,0770_03,Earth,False,TRAPPIST-1e,54.0,False,0.0,0.0,0.0,0.0,0.0,0.0,1,770,6,0,G,117.0,S,19,0.0
731,731,0770_04,Earth,True,PSO J318.5-22,10.0,False,0.0,0.0,0.0,0.0,0.0,0.0,1,770,6,0,G,117.0,S,19,0.0
732,732,0770_05,Earth,True,55 Cancri e,0.0,False,0.0,0.0,0.0,0.0,0.0,0.0,1,770,6,0,G,117.0,S,19,0.0
733,733,0770_06,Earth,True,PSO J318.5-22,7.0,False,0.0,0.0,0.0,0.0,0.0,0.0,1,770,6,0,G,117.0,S,19,0.0
734,734,0771_01,Earth,True,TRAPPIST-1e,25.0,False,0.0,0.0,0.0,0.0,0.0,0.0,1,771,1,1,G,112.0,P,7,0.0
735,735,0772_01,Europa,True,55 Cancri e,37.0,False,0.0,16.0,325.0,4476.0,1359.0,6176.0,0,772,4,0,E,56.0,S,8,6176.0
736,736,0772_02,Europa,True,55 Cancri e,15.0,False,0.0,0.0,0.0,0.0,0.0,0.0,1,772,4,0,E,56.0,S,7,0.0
737,737,0772_03,Europa,True,TRAPPIST-1e,26.0,False,0.0,0.0,0.0,0.0,0.0,0.0,1,772,4,0,E,56.0,S,8,0.0
738,738,0772_04,Europa,True,55 Cancri e,7.0,False,0.0,0.0,0.0,0.0,0.0,0.0,1,772,4,0,E,56.0,S,8,0.0
739,739,0773_01,Earth,True,TRAPPIST-1e,30.0,False,558.0,4.0,0.0,175.0,0.0,737.0,0,773,1,1,F,143.0,S,5,737.0
740,740,0776_01,Earth,True,TRAPPIST-1e,19.0,False,0.0,2.0,1399.0,0.0,18.0,1419.0,0,776,1,1,F,161.0,P,3,1419.0
741,741,0777_01,Europa,True,TRAPPIST-1e,30.0,False,0.0,3004.0,0.0,1018.0,0.0,4022.0,0,777,1,1,A,5.0,P,5,4022.0
742,742,0779_01,Earth,True,TRAPPIST-1e,21.0,False,562.0,2.0,0.0,0.0,11.0,575.0,0,779,1,1,F,162.0,P,7,575.0
743,743,0781_01,Earth,True,PSO J318.5-22,21.0,False,14.0,33.0,0.0,3.0,467.0,517.0,0,781,1,1,G,118.0,S,8,517.0
744,744,0782_01,Mars,True,TRAPPIST-1e,59.0,False,0.0,0.0,0.0,0.0,0.0,0.0,1,782,1,1,F,163.0,P,3,0.0
745,745,0784_01,Europa,True,55 Cancri e,28.0,False,0.0,0.0,0.0,0.0,0.0,0.0,1,784,1,1,C,33.0,S,2,0.0
746,746,0785_01,Earth,True,TRAPPIST-1e,32.0,False,713.0,0.0,2.0,0.0,1.0,716.0,0,785,1,1,F,165.0,P,9,716.0
747,747,0786_01,Earth,True,TRAPPIST-1e,19.0,False,0.0,0.0,0.0,0.0,0.0,0.0,1,786,1,1,G,113.0,P,5,0.0
748,748,0787_01,Earth,True,TRAPPIST-1e,7.0,False,0.0,0.0,0.0,0.0,0.0,0.0,1,787,1,1,G,114.0,P,6,0.0
749,749,0788_01,Earth,True,55 Cancri e,16.0,False,797.0,0.0,0.0,0.0,0.0,797.0,0,788,1,1,F,166.0,P,0,797.0
750,750,0789_01,Europa,True,TRAPPIST-1e,31.0,True,0.0,166.0,4.0,2177.0,342.0,2689.0,0,789,3,0,A,8.0,S,5,2689.0
751,751,0789_02,Europa,True,TRAPPIST-1e,30.0,False,0.0,142.0,870.0,89.0,3497.0,4598.0,0,789,3,0,A,8.0,S,5,4598.0
752,752,0789_03,Europa,True,TRAPPIST-1e,26.0,False,0.0,0.0,0.0,0.0,0.0,0.0,1,789,3,0,A,8.0,S,5,0.0
753,753,0790_01,Earth,True,PSO J318.5-22,20.0,False,0.0,0.0,0.0,0.0,0.0,0.0,1,790,1,1,G,119.0,S,5,0.0
754,754,0791_01,Earth,True,PSO J318.5-22,24.0,False,0.0,0.0,0.0,0.0,0.0,0.0,1,791,1,1,G,115.0,P,6,0.0
755,755,0793_01,Earth,True,PSO J318.5-22,39.0,False,0.0,0.0,0.0,7.0,766.0,773.0,0,793,1,1,G,117.0,P,7,773.0
756,756,0794_01,Mars,False,55 Cancri e,19.0,False,0.0,0.0,0.0,0.0,0.0,0.0,1,794,2,0,F,144.0,S,6,0.0
757,757,0794_02,Mars,True,55 Cancri e,27.0,False,0.0,0.0,0.0,0.0,0.0,0.0,1,794,2,0,F,144.0,S,6,0.0
758,758,0795_01,Earth,True,TRAPPIST-1e,34.0,False,0.0,0.0,0.0,874.0,0.0,874.0,0,795,1,1,F,145.0,S,7,874.0
759,759,0796_01,Europa,True,55 Cancri e,28.0,False,0.0,0.0,0.0,0.0,0.0,0.0,1,796,1,1,D,28.0,S,2,0.0
760,760,0797_01,Earth,True,TRAPPIST-1e,29.0,False,0.0,0.0,0.0,0.0,645.0,645.0,0,797,1,1,F,146.0,S,4,645.0
761,761,0798_01,Mars,True,PSO J318.5-22,38.0,False,0.0,0.0,0.0,0.0,0.0,0.0,1,798,1,1,F,147.0,S,4,0.0
762,762,0799_01,Europa,True,55 Cancri e,34.0,False,0.0,3462.0,5.0,1590.0,4.0,5061.0,0,799,1,1,A,6.0,P,5,5061.0
763,763,0802_01,Mars,True,TRAPPIST-1e,1.0,False,0.0,0.0,0.0,0.0,0.0,0.0,1,802,1,1,F,148.0,S,11,0.0
764,764,0805_01,Europa,True,55 Cancri e,36.0,True,0.0,13248.0,100.0,1953.0,1.0,15302.0,0,805,1,1,C,29.0,P,5,15302.0
765,765,0806_01,Earth,True,TRAPPIST-1e,31.0,False,183.0,0.0,32.0,0.0,1171.0,1386.0,0,806,2,0,F,149.0,S,3,1386.0
766,766,0806_02,Earth,True,TRAPPIST-1e,1.0,False,0.0,0.0,0.0,0.0,0.0,0.0,1,806,2,0,G,120.0,S,3,0.0
767,767,0808_01,Earth,True,TRAPPIST-1e,31.0,False,159.0,110.0,701.0,0.0,10.0,980.0,0,808,1,1,E,57.0,S,7,980.0
768,768,0809_01,Mars,True,TRAPPIST-1e,10.0,False,0.0,0.0,0.0,0.0,0.0,0.0,1,809,4,0,F,151.0,S,11,0.0
769,769,0809_02,Mars,True,TRAPPIST-1e,29.0,False,1227.0,42.0,1.0,0.0,0.0,1270.0,0,809,4,0,F,151.0,S,11,1270.0
770,770,0809_03,Mars,True,TRAPPIST-1e,42.0,False,836.0,0.0,51.0,304.0,0.0,1191.0,0,809,4,0,F,151.0,S,11,1191.0
771,771,0809_04,Mars,True,TRAPPIST-1e,0.0,False,0.0,0.0,0.0,0.0,0.0,0.0,1,809,4,0,F,151.0,S,11,0.0
772,772,0811_01,Mars,True,PSO J318.5-22,41.0,False,1209.0,0.0,0.0,0.0,833.0,2042.0,0,811,3,0,F,152.0,S,7,2042.0
773,773,0811_02,Mars,True,TRAPPIST-1e,0.0,False,0.0,0.0,0.0,0.0,0.0,0.0,1,811,3,0,F,152.0,S,7,0.0
774,774,0811_03,Mars,True,TRAPPIST-1e,0.0,False,0.0,0.0,0.0,0.0,0.0,0.0,1,811,3,0,F,152.0,S,7,0.0
775,775,0813_01,Mars,True,TRAPPIST-1e,59.0,False,0.0,0.0,0.0,0.0,0.0,0.0,1,813,1,1,F,169.0,P,7,0.0
776,776,0815_01,Earth,True,TRAPPIST-1e,13.0,False,2.0,1.0,30.0,149.82474226804123,0.0,33.0,0,815,1,1,E,59.0,S,9,182.82474226804123
777,777,0816_01,Europa,True,55 Cancri e,24.0,False,0.0,284.0,0.0,4614.0,438.0,5336.0,0,816,1,1,E,60.0,S,3,5336.0
778,778,0817_01,Earth,True,TRAPPIST-1e,20.0,False,0.0,0.0,0.0,0.0,0.0,0.0,1,817,1,1,G,119.0,P,6,0.0
779,779,0818_01,Europa,True,TRAPPIST-1e,71.0,True,0.0,0.0,0.0,0.0,0.0,0.0,1,818,1,1,B,29.0,S,5,0.0
780,780,0819_01,Earth,True,PSO J318.5-22,23.0,False,0.0,0.0,0.0,0.0,0.0,0.0,1,819,1,1,G,121.0,S,13,0.0
781,781,0820_01,Earth,True,55 Cancri e,15.0,False,0.0,59.0,714.0,0.0,3.0,776.0,0,820,2,0,F,154.0,S,11,776.0
782,782,0820_02,Earth,True,TRAPPIST-1e,18.0,False,751.0,0.0,0.0,0.0,0.0,751.0,0,820,2,0,G,122.0,S,11,751.0
783,783,0822_01,Earth,True,TRAPPIST-1e,19.0,False,0.0,561.0,10.0,0.0,161.0,732.0,0,822,1,1,F,156.0,S,4,732.0
784,784,0823_01,Earth,True,55 Cancri e,4.0,False,0.0,0.0,0.0,0.0,0.0,0.0,1,823,2,0,G,123.0,S,7,0.0
785,785,0823_02,Earth,True,55 Cancri e,42.0,False,0.0,0.0,739.0,0.0,0.0,739.0,0,823,2,0,G,129.0,S,7,739.0
786,786,0824_01,Mars,True,TRAPPIST-1e,51.0,False,815.0,0.0,343.0,55.0,0.0,1213.0,0,824,1,1,F,158.0,S,6,1213.0
787,787,0825_01,Earth,True,TRAPPIST-1e,13.0,False,0.0,0.0,0.0,0.0,0.0,0.0,1,825,1,1,G,120.0,P,10,0.0
788,788,0826_01,Earth,True,TRAPPIST-1e,27.0,False,174.0,653.0,0.0,0.0,0.0,827.0,0,826,1,1,G,129.0,S,9,827.0
789,789,0828_01,Earth,True,TRAPPIST-1e,42.0,False,786.0,0.0,22.0,59.0,0.0,867.0,0,828,2,0,F,159.0,S,11,867.0
790,790,0828_02,Earth,True,TRAPPIST-1e,41.0,False,324.0,2.0,111.94444444444444,7.0,26.0,359.0,0,828,2,0,F,159.0,S,11,470.94444444444446
791,791,0829_01,Earth,True,PSO J318.5-22,21.0,False,15.0,0.0,2695.0,2.0,0.0,2712.0,0,829,1,1,F,170.0,P,4,2712.0
792,792,0830_01,Earth,True,TRAPPIST-1e,31.0,False,14.0,5.0,0.0,795.0,0.0,814.0,0,830,1,1,F,171.0,P,7,814.0
793,793,0833_01,Europa,True,55 Cancri e,36.0,False,0.0,0.0,0.0,0.0,0.0,0.0,1,833,1,1,C,30.0,P,2,0.0
794,794,0834_01,Earth,True,TRAPPIST-1e,31.0,False,0.0,0.0,0.0,838.0,27.0,865.0,0,834,1,1,F,173.0,P,8,865.0
795,795,0835_01,Earth,True,55 Cancri e,14.0,False,77.0,0.0,9.0,424.0,166.0,676.0,0,835,1,1,G,124.0,S,8,676.0
796,796,0836_01,Mars,True,PSO J318.5-22,32.0,True,494.0,701.0,71.0,0.0,0.0,1266.0,0,836,1,1,F,160.0,S,6,1266.0
797,797,0839_01,Europa,True,TRAPPIST-1e,32.0,False,0.0,179.0,0.0,0.0,5152.0,5331.0,0,839,1,1,B,30.0,S,4,5331.0
798,798,0840_01,Earth,True,TRAPPIST-1e,27.0,False,663.0,1111.0,0.0,0.0,2.0,1776.0,0,840,1,1,G,123.0,P,14,1776.0
799,799,0845_01,Europa,True,55 Cancri e,57.0,False,2651.0,2956.0,0.0,266.0,1300.0,7173.0,0,845,1,1,B,31.0,S,6,7173.0
800,800,0846_01,Earth,True,TRAPPIST-1e,13.0,False,0.0,0.0,0.0,0.0,0.0,0.0,1,846,1,1,G,125.0,S,8,0.0
801,801,0848_01,Mars,True,TRAPPIST-1e,30.0,False,0.0,0.0,0.0,0.0,0.0,0.0,1,848,2,0,F,175.0,P,2,0.0
802,802,0848_02,Mars,True,TRAPPIST-1e,14.0,False,0.0,0.0,0.0,0.0,0.0,0.0,1,848,2,0,F,175.0,P,2,0.0
803,803,0849_01,Europa,True,TRAPPIST-1e,27.0,False,0.0,0.0,0.0,0.0,0.0,0.0,1,849,2,0,B,32.0,S,3,0.0
804,804,0849_02,Europa,True,55 Cancri e,32.0,False,0.0,0.0,0.0,0.0,0.0,0.0,1,849,2,0,B,32.0,S,3,0.0
805,805,0850_01,Mars,True,TRAPPIST-1e,54.0,False,0.0,0.0,0.0,0.0,0.0,0.0,1,850,1,1,E,62.0,S,8,0.0
806,806,0851_01,Earth,True,55 Cancri e,23.0,False,217.0,378.0,19.0,1.0,12.0,627.0,0,851,1,1,F,176.0,P,2,627.0
807,807,0853_01,Europa,True,55 Cancri e,38.0,False,0.0,0.0,0.0,0.0,0.0,0.0,1,853,1,1,A,9.0,S,1,0.0
808,808,0859_01,Earth,True,TRAPPIST-1e,32.0,False,0.0,0.0,0.0,0.0,0.0,0.0,1,859,1,1,G,127.0,S,8,0.0
809,809,0860_01,Earth,True,TRAPPIST-1e,24.0,False,34.0,7.0,320.0,0.0,427.0,788.0,0,860,1,1,E,48.0,P,0,788.0
810,810,0863_01,Earth,True,TRAPPIST-1e,36.0,False,0.0,0.0,0.0,0.0,0.0,0.0,1,863,3,0,G,129.0,S,4,0.0
811,811,0863_02,Earth,True,TRAPPIST-1e,11.0,False,0.0,0.0,0.0,0.0,0.0,0.0,1,863,3,0,G,129.0,S,4,0.0
812,812,0863_03,Earth,True,TRAPPIST-1e,6.0,False,0.0,0.0,0.0,0.0,0.0,0.0,1,863,3,0,G,129.0,S,4,0.0
813,813,0865_01,Europa,True,55 Cancri e,36.0,False,0.0,0.0,0.0,0.0,0.0,0.0,1,865,2,0,B,35.0,S,5,0.0
814,814,0865_02,Europa,True,55 Cancri e,22.0,False,0.0,0.0,0.0,0.0,0.0,0.0,1,865,2,0,B,35.0,S,5,0.0
815,815,0867_01,Earth,True,TRAPPIST-1e,24.0,False,2.0,850.0,18.0,2.0,0.0,872.0,0,867,1,1,F,163.0,S,7,872.0
816,816,0868_01,Earth,True,TRAPPIST-1e,37.0,False,0.0,0.0,0.0,0.0,0.0,0.0,1,868,1,1,G,130.0,S,4,0.0
817,817,0869_01,Earth,True,TRAPPIST-1e,55.0,False,280.0,0.0,444.0,0.0,0.0,724.0,0,869,1,1,F,164.0,S,9,724.0
818,818,0870_01,Earth,True,PSO J318.5-22,28.0,False,112.0,473.0,0.0,92.0,0.0,677.0,0,870,1,1,G,126.0,P,9,677.0
819,819,0871_01,Europa,True,TRAPPIST-1e,20.0,False,2.0,4754.0,0.0,246.0,31.0,5033.0,0,871,1,1,A,10.0,S,4,5033.0
820,820,0873_01,Earth,True,TRAPPIST-1e,16.0,False,110.44791666666667,0.0,32.0,2529.0,92.0,2653.0,0,873,1,1,F,180.0,P,9,2763.4479166666665
821,821,0874_01,Earth,True,TRAPPIST-1e,19.0,False,0.0,162.0,540.0,0.0,0.0,702.0,0,874,1,1,F,165.0,S,18,702.0
822,822,0875_01,Earth,True,TRAPPIST-1e,38.0,False,0.0,0.0,0.0,0.0,0.0,0.0,1,875,1,1,G,131.0,S,0,0.0
823,823,0876_01,Earth,True,TRAPPIST-1e,35.0,False,12.0,687.0,46.0,2.0,0.0,747.0,0,876,1,1,F,166.0,S,6,747.0
824,824,0877_01,Europa,True,55 Cancri e,33.0,False,0.0,0.0,0.0,0.0,0.0,0.0,1,877,1,1,C,30.0,P,7,0.0
825,825,0878_01,Mars,True,PSO J318.5-22,37.0,True,381.0,0.0,3.0,447.0,0.0,831.0,0,878,1,1,D,31.0,S,9,831.0
826,826,0879_01,Earth,True,TRAPPIST-1e,46.0,False,784.0,0.0,0.0,0.0,4.0,788.0,0,879,1,1,G,138.0,Z,3,788.0
827,827,0881_01,Europa,True,TRAPPIST-1e,41.0,False,3103.0,3.0,0.0,31.0,26.0,3163.0,0,881,1,1,D,32.0,S,9,3163.0
828,828,0883_01,Earth,True,TRAPPIST-1e,13.0,False,875.0,5.0,10.0,18.0,0.0,908.0,0,883,1,1,G,127.0,P,7,908.0
829,829,0885_01,Earth,True,TRAPPIST-1e,31.0,False,0.0,0.0,0.0,0.0,0.0,0.0,1,885,2,0,G,133.0,S,7,0.0
830,830,0885_02,Earth,True,55 Cancri e,52.0,False,0.0,0.0,0.0,0.0,0.0,0.0,1,885,2,0,G,133.0,S,7,0.0
831,831,0889_01,Europa,True,TRAPPIST-1e,48.0,False,0.0,0.0,0.0,0.0,0.0,0.0,1,889,2,0,C,32.0,P,7,0.0
832,832,0889_02,Europa,True,55 Cancri e,27.0,False,1.0,12804.0,0.0,10.0,52.0,12867.0,0,889,2,0,C,32.0,P,7,12867.0
833,833,0890_01,Mars,True,TRAPPIST-1e,16.0,False,172.0,94.38461538461539,338.0,9.0,0.0,519.0,0,890,1,1,F,184.0,P,0,613.3846153846154
834,834,0893_01,Earth,True,55 Cancri e,32.0,False,0.0,0.0,0.0,0.0,0.0,0.0,1,893,1,1,G,129.0,P,13,0.0
835,835,0898_01,Earth,True,TRAPPIST-1e,25.0,False,0.0,0.0,0.0,0.0,0.0,0.0,1,898,1,1,G,134.0,S,14,0.0
836,836,0899_01,Earth,True,TRAPPIST-1e,26.0,False,0.0,0.0,716.0,0.0,1.0,717.0,0,899,2,0,F,187.0,P,10,717.0
837,837,0899_02,Earth,True,TRAPPIST-1e,44.0,False,0.0,0.0,0.0,0.0,0.0,0.0,1,899,2,0,G,130.0,P,10,0.0
838,838,0901_01,Mars,True,TRAPPIST-1e,32.0,False,47.0,0.0,2552.0,0.0,0.0,2599.0,0,901,1,1,F,167.0,S,5,2599.0
839,839,0902_01,Earth,True,TRAPPIST-1e,18.0,False,200.0,124.0,0.0,413.0,0.0,737.0,0,902,1,1,F,188.0,P,10,737.0
840,840,0903_01,Earth,True,55 Cancri e,23.0,False,0.0,0.0,0.0,0.0,0.0,0.0,1,903,1,1,G,135.0,S,5,0.0
841,841,0904_01,Europa,True,TRAPPIST-1e,44.0,False,0.0,2792.0,0.0,148.0,1043.0,3983.0,0,904,1,1,C,33.0,P,5,3983.0
842,842,0905_01,Mars,True,PSO J318.5-22,29.0,False,4.0,0.0,421.0,435.0,19.0,879.0,0,905,1,1,D,38.0,P,4,879.0
843,843,0906_01,Earth,True,55 Cancri e,19.0,False,0.0,388.0,469.0,181.83673469387756,0.0,857.0,0,906,1,1,F,168.0,S,10,1038.8367346938776
844,844,0907_01,Europa,True,55 Cancri e,41.0,False,0.0,5738.0,7.0,9038.0,28.0,14811.0,0,907,2,0,B,34.0,P,8,14811.0
845,845,0907_02,Europa,True,TRAPPIST-1e,28.0,False,0.0,1736.0,91.92553191489361,145.0,634.0,2515.0,0,907,2,0,B,34.0,P,8,2606.9255319148933
846,846,0910_01,Earth,True,TRAPPIST-1e,19.0,False,0.0,0.0,0.0,0.0,0.0,0.0,1,910,1,1,G,137.0,S,4,0.0
847,847,0911_01,Mars,True,TRAPPIST-1e,32.0,True,2492.0,0.0,53.0,136.0,4.0,2632.0,0,911,2,0,F,189.0,P,4,2685.0
848,848,0911_02,Mars,True,TRAPPIST-1e,74.0,False,853.0,0.0,543.0,31.0,0.0,1427.0,0,911,2,0,F,189.0,P,4,1427.0
849,849,0912_01,Europa,True,TRAPPIST-1e,31.0,False,0.0,7461.0,0.0,369.0,450.0,8280.0,0,912,1,1,B,37.0,S,5,8280.0
850,850,0913_01,Europa,True,55 Cancri e,38.0,False,0.0,172.0,0.0,5907.0,34.0,6113.0,0,913,1,1,E,51.0,P,4,6113.0
851,851,0915_01,Earth,True,TRAPPIST-1e,20.0,False,157.0,0.0,0.0,544.0,3.0,704.0,0,915,1,1,G,138.0,S,6,704.0
852,852,0918_01,Earth,True,TRAPPIST-1e,24.0,False,47.0,0.0,10.0,139.0,1406.0,1602.0,0,918,1,1,E,66.0,S,3,1602.0
853,853,0919_01,Earth,True,PSO J318.5-22,26.0,False,18.0,84.0,93.0,886.0,289.0,1370.0,0,919,1,1,F,190.0,P,10,1370.0
854,854,0921_01,Earth,True,PSO J318.5-22,44.0,False,0.0,0.0,0.0,0.0,0.0,0.0,1,921,1,1,G,139.0,S,6,0.0
855,855,0922_01,Europa,True,55 Cancri e,33.0,False,0.0,0.0,0.0,0.0,0.0,0.0,1,922,2,0,B,35.0,P,4,0.0
856,856,0922_02,Europa,True,55 Cancri e,31.0,False,0.0,1095.0,0.0,169.0,1226.0,2490.0,0,922,2,0,B,35.0,P,4,2490.0
857,857,0923_01,Europa,True,55 Cancri e,36.5,False,0.0,7767.0,0.0,15.0,2453.0,10235.0,0,923,2,0,C,38.0,S,5,10235.0
858,858,0923_02,Europa,True,TRAPPIST-1e,22.0,False,0.0,0.0,0.0,0.0,0.0,0.0,1,923,2,0,B,38.0,S,5,0.0
859,859,0924_01,Earth,True,TRAPPIST-1e,33.0,False,13.0,0.0,984.0,0.0,0.0,997.0,0,924,1,1,E,67.0,S,7,997.0
860,860,0925_01,Mars,True,TRAPPIST-1e,34.0,False,379.0,0.0,1626.0,0.0,0.0,2005.0,0,925,3,0,F,191.0,P,6,2005.0
861,861,0925_02,Mars,True,TRAPPIST-1e,11.0,False,0.0,0.0,0.0,0.0,0.0,0.0,1,925,3,0,F,191.0,P,6,0.0
862,862,0925_03,Mars,True,TRAPPIST-1e,41.0,False,0.0,0.0,0.0,0.0,0.0,0.0,1,925,3,0,F,191.0,P,6,0.0
863,863,0926_01,Europa,True,55 Cancri e,30.0,False,0.0,7992.0,0.0,507.0,25.0,8524.0,0,926,2,0,B,39.0,S,3,8524.0
864,864,0926_02,Europa,True,TRAPPIST-1e,30.0,False,0.0,760.0,234.0,2761.0,81.0,3836.0,0,926,2,0,B,39.0,S,3,3836.0
865,865,0927_01,Earth,True,TRAPPIST-1e,25.0,False,0.0,191.656,699.0,43.0,22.0,764.0,0,927,1,1,G,140.0,S,7,955.656
866,866,0928_01,Earth,True,PSO J318.5-22,31.0,False,0.0,0.0,0.0,0.0,0.0,0.0,1,928,1,1,G,133.0,P,3,0.0
867,867,0930_01,Earth,True,TRAPPIST-1e,38.0,False,646.0,0.0,0.0,135.0,260.0,1041.0,0,930,2,0,F,192.0,P,13,1041.0
868,868,0930_02,Earth,True,TRAPPIST-1e,15.0,False,0.0,0.0,0.0,0.0,0.0,0.0,1,930,2,0,G,134.0,P,13,0.0
869,869,0931_01,Earth,True,TRAPPIST-1e,19.0,False,0.0,173.23651452282158,115.0,126.0,491.0,732.0,0,931,1,1,F,193.0,P,9,905.2365145228216
870,870,0932_01,Mars,True,TRAPPIST-1e,29.0,False,0.0,0.0,0.0,0.0,0.0,0.0,1,932,1,1,F,182.0,P,5,0.0
871,871,0933_01,Europa,True,TRAPPIST-1e,30.0,False,14.0,12045.0,0.0,2121.0,0.0,14180.0,0,933,2,0,C,35.0,P,5,14180.0
872,872,0933_02,Europa,True,TRAPPIST-1e,29.0,False,0.0,1127.0,0.0,1867.0,1070.0,4064.0,0,933,2,0,C,35.0,P,5,4064.0
873,873,0935_01,Earth,True,TRAPPIST-1e,36.0,False,0.0,11.0,0.0,18.0,872.0,901.0,0,935,1,1,F,194.0,P,10,901.0
874,874,0938_01,Earth,True,TRAPPIST-1e,24.0,False,174.0,0.0,0.0,630.0,0.0,804.0,0,938,3,0,F,172.0,S,11,804.0
875,875,0938_02,Earth,True,TRAPPIST-1e,30.0,False,0.0,0.0,871.0,0.0,0.0,871.0,0,938,3,0,E,68.0,S,11,871.0
876,876,0938_03,Earth,True,TRAPPIST-1e,0.0,False,0.0,0.0,0.0,0.0,0.0,0.0,1,938,3,0,G,143.0,S,11,0.0
877,877,0939_01,Earth,True,TRAPPIST-1e,15.0,False,0.0,0.0,0.0,0.0,0.0,0.0,1,939,1,1,G,135.0,P,10,0.0
878,878,0940_01,Earth,True,TRAPPIST-1e,38.0,False,55.0,741.0,0.0,0.0,13.0,809.0,0,940,1,1,G,136.0,P,8,809.0
879,879,0941_01,Earth,True,TRAPPIST-1e,13.0,False,0.0,7.0,0.0,1175.0,0.0,1182.0,0,941,1,1,F,195.0,P,7,1182.0
880,880,0942_01,Mars,True,TRAPPIST-1e,18.0,False,594.0,0.0,555.0,0.0,0.0,1149.0,0,942,1,1,F,196.0,P,16,1149.0
881,881,0944_01,Earth,True,TRAPPIST-1e,16.0,False,891.0,0.0,831.0,0.0,0.0,1722.0,0,944,2,0,G,137.0,P,8,1722.0
882,882,0944_02,Earth,True,55 Cancri e,8.0,False,0.0,0.0,0.0,0.0,0.0,0.0,1,944,2,0,G,137.0,P,8,0.0
883,883,0946_01,Earth,True,TRAPPIST-1e,19.0,False,72.0,5.0,0.0,342.0,188.0,607.0,0,946,1,1,F,198.0,P,15,607.0
884,884,0947_01,Earth,True,55 Cancri e,26.0,False,0.0,474.0,0.0,0.0,201.0,675.0,0,947,1,1,G,138.0,P,4,675.0
885,885,0949_01,Earth,True,55 Cancri e,15.0,False,0.0,0.0,0.0,0.0,0.0,0.0,1,949,1,1,G,140.0,P,8,0.0
886,886,0951_01,Earth,True,PSO J318.5-22,38.0,False,0.0,0.0,0.0,0.0,0.0,0.0,1,951,1,1,G,144.0,S,10,0.0
887,887,0952_01,Mars,True,TRAPPIST-1e,45.0,False,877.0,0.0,1383.0,0.0,0.0,2260.0,0,952,1,1,F,175.0,S,4,2260.0
888,888,0953_01,Earth,True,PSO J318.5-22,48.0,False,0.0,306.0,3.0,232.44444444444446,359.0,668.0,0,953,1,1,F,199.0,P,14,900.4444444444445
889,889,0955_01,Earth,True,55 Cancri e,17.0,False,0.0,0.0,0.0,0.0,0.0,0.0,1,955,1,1,G,145.0,S,3,0.0
890,890,0956_01,Earth,True,TRAPPIST-1e,28.0,False,0.0,631.0,0.0,5.0,0.0,636.0,0,956,1,1,E,70.0,S,8,636.0
891,891,0957_01,Mars,True,TRAPPIST-1e,41.0,False,0.0,0.0,0.0,0.0,0.0,0.0,1,957,1,1,F,201.0,P,9,0.0
892,892,0960_01,Earth,True,TRAPPIST-1e,19.0,False,3.0,0.0,182.25925925925927,0.0,788.0,791.0,0,960,1,1,E,72.0,S,7,973.2592592592592
893,893,0961_01,Earth,True,55 Cancri e,14.0,False,0.0,885.0,8.0,0.0,0.0,893.0,0,961,1,1,G,141.0,P,5,893.0
894,894,0964_01,Europa,True,TRAPPIST-1e,21.0,False,0.0,0.0,0.0,0.0,0.0,0.0,1,964,2,0,B,36.0,P,13,0.0
895,895,0964_02,Europa,True,TRAPPIST-1e,48.0,False,0.0,0.0,0.0,0.0,0.0,0.0,1,964,2,0,B,36.0,P,13,0.0
896,896,0965_01,Mars,True,TRAPPIST-1e,19.0,False,631.0,0.0,834.0,304.0,0.0,1769.0,0,965,1,1,F,178.0,S,2,1769.0
897,897,0966_01,Earth,True,TRAPPIST-1e,29.0,False,1377.0,0.0,0.0,167.0,0.0,1544.0,0,966,1,1,F,179.0,S,14,1544.0
898,898,0968_01,Earth,True,TRAPPIST-1e,20.0,False,792.0,0.0,0.0,0.0,0.0,792.0,0,968,1,1,E,53.0,P,7,792.0
899,899,0969_01,Mars,True,TRAPPIST-1e,44.0,False,0.0,0.0,0.0,0.0,0.0,0.0,1,969,1,1,F,202.0,P,6,0.0
900,900,0970_01,Earth,True,TRAPPIST-1e,19.0,False,0.0,0.0,0.0,0.0,0.0,0.0,1,970,1,1,G,142.0,P,8,0.0
901,901,0971_01,Earth,True,TRAPPIST-1e,64.0,False,0.0,0.0,0.0,0.0,0.0,0.0,1,971,1,1,G,143.0,P,0,0.0
902,902,0972_01,Earth,True,TRAPPIST-1e,21.0,False,0.0,314.0,323.0,1026.0,6.0,1669.0,0,972,1,1,E,54.0,P,4,1669.0
903,903,0975_01,Earth,True,55 Cancri e,32.0,False,58.0,317.0,448.0,3.0,0.0,826.0,0,975,1,1,E,56.0,P,10,826.0
904,904,0976_01,Earth,True,TRAPPIST-1e,20.0,False,0.0,0.0,0.0,0.0,0.0,0.0,1,976,1,1,G,146.0,S,4,0.0
905,905,0978_01,Earth,True,TRAPPIST-1e,24.0,False,170.35664335664336,32.0,8.0,0.0,0.0,40.0,0,978,1,1,F,203.0,P,10,210.35664335664336
906,906,0979_01,Europa,True,TRAPPIST-1e,44.0,False,0.0,0.0,0.0,0.0,0.0,0.0,1,979,1,1,B,40.0,S,9,0.0
907,907,0982_01,Earth,True,PSO J318.5-22,57.0,False,0.0,0.0,0.0,0.0,0.0,0.0,1,982,2,0,G,145.0,P,10,0.0
908,908,0982_02,Earth,True,TRAPPIST-1e,51.0,False,87.76923076923077,175.41666666666666,4.0,0.0,0.0,4.0,0,982,2,0,G,145.0,P,10,267.18589743589746
909,909,0983_01,Earth,True,55 Cancri e,34.0,False,0.0,0.0,0.0,0.0,0.0,0.0,1,983,1,1,G,149.0,S,7,0.0
910,910,0984_01,Earth,True,TRAPPIST-1e,45.0,False,0.0,1.0,13.0,0.0,873.0,887.0,0,984,8,0,G,150.0,S,3,887.0
911,911,0984_02,Earth,True,TRAPPIST-1e,24.0,False,0.0,0.0,718.0,0.0,0.0,718.0,0,984,8,0,F,182.0,S,8,718.0
912,912,0984_03,Earth,True,TRAPPIST-1e,23.0,False,0.0,0.0,490.0,0.0,319.0,809.0,0,984,8,0,G,150.0,S,8,809.0
913,913,0984_04,Earth,True,TRAPPIST-1e,30.0,False,0.0,0.0,0.0,0.0,0.0,0.0,1,984,8,0,G,150.0,S,8,0.0
914,914,0984_05,Earth,True,55 Cancri e,20.0,False,0.0,11.0,0.0,136.0,1088.0,1235.0,0,984,8,0,F,182.0,S,8,1235.0
915,915,0984_06,Earth,True,TRAPPIST-1e,22.0,False,0.0,0.0,0.0,0.0,0.0,0.0,1,984,8,0,G,150.0,S,8,0.0
916,916,0984_07,Earth,True,PSO J318.5-22,15.0,False,0.0,0.0,0.0,0.0,0.0,0.0,1,984,8,0,G,150.0,S,9,0.0
917,917,0984_08,Earth,True,TRAPPIST-1e,71.0,False,0.0,0.0,0.0,0.0,0.0,0.0,1,984,8,0,G,150.0,S,9,0.0
918,918,0985_01,Earth,True,55 Cancri e,18.0,False,6.0,0.0,158.70992366412213,12.0,704.0,722.0,0,985,1,1,E,57.0,P,2,880.7099236641221
919,919,0987_01,Earth,True,TRAPPIST-1e,16.0,False,3.0,0.0,35.0,150.0,478.0,666.0,0,987,1,1,F,204.0,P,6,666.0
920,920,0988_01,Earth,True,TRAPPIST-1e,28.0,False,0.0,3.0,906.0,0.0,0.0,909.0,0,988,2,0,G,151.0,S,8,909.0
921,921,0988_02,Earth,True,TRAPPIST-1e,36.0,False,1.0,784.0,0.0,55.0,149.0,989.0,0,988,2,0,E,73.0,S,8,989.0
922,922,0989_01,Earth,True,TRAPPIST-1e,6.0,False,0.0,0.0,0.0,0.0,0.0,0.0,1,989,1,1,G,146.0,P,4,0.0
923,923,0990_01,Earth,True,PSO J318.5-22,26.0,False,0.0,541.0,46.0,4.0,96.0,687.0,0,990,1,1,F,183.0,S,9,687.0
924,924,0991_01,Earth,True,TRAPPIST-1e,27.0,False,0.0,0.0,0.0,0.0,0.0,0.0,1,991,1,1,G,152.0,S,8,0.0
925,925,0992_01,Europa,True,TRAPPIST-1e,49.0,False,31.0,2727.0,0.0,184.0,135.0,3077.0,0,992,6,0,D,35.0,S,11,3077.0
926,926,0992_02,Europa,True,TRAPPIST-1e,29.0,False,387.0,942.0,0.0,9927.0,1341.0,12597.0,0,992,6,0,D,35.0,S,11,12597.0
927,927,0992_03,Europa,True,55 Cancri e,46.0,False,1192.0,1736.0,17.0,21.0,0.0,2966.0,0,992,6,0,D,35.0,S,3,2966.0
928,928,0992_04,Europa,True,55 Cancri e,35.0,True,8030.0,300.0,0.0,0.0,1436.0,9766.0,0,992,6,0,D,35.0,S,3,9766.0
929,929,0992_05,Europa,True,55 Cancri e,17.0,False,0.0,0.0,0.0,0.0,0.0,0.0,1,992,6,0,D,35.0,S,11,0.0
930,930,0992_06,Europa,True,55 Cancri e,37.0,False,4301.0,791.0,0.0,1748.0,91.0,6931.0,0,992,6,0,D,35.0,S,11,6931.0
931,931,0993_01,Earth,True,55 Cancri e,24.0,False,252.0,0.0,0.0,449.0,0.0,701.0,0,993,1,1,F,184.0,S,8,701.0
932,932,0994_01,Earth,True,TRAPPIST-1e,47.0,False,0.0,0.0,0.0,0.0,0.0,0.0,1,994,2,0,G,153.0,S,12,0.0
933,933,0994_02,Earth,True,TRAPPIST-1e,26.0,False,621.0,1.0,98.0,11.0,135.0,866.0,0,994,2,0,F,185.0,S,12,866.0
934,934,0995_01,Europa,True,55 Cancri e,46.0,False,0.0,0.0,0.0,0.0,0.0,0.0,1,995,1,1,C,36.0,P,3,0.0
935,935,0997_01,Mars,True,TRAPPIST-1e,27.0,False,253.0,0.0,880.0,22.0,2.0,1157.0,0,997,1,1,F,186.0,S,6,1157.0
936,936,0998_01,Europa,True,TRAPPIST-1e,56.0,False,0.0,7447.0,0.0,253.0,35.0,7735.0,0,998,1,1,C,37.0,P,6,7735.0
937,937,1000_01,Mars,True,TRAPPIST-1e,18.0,False,885.0,0.0,32.0,0.0,0.0,917.0,0,1000,1,1,D,39.0,P,3,917.0
938,938,1001_01,Earth,True,TRAPPIST-1e,15.0,False,0.0,0.0,0.0,0.0,0.0,0.0,1,1001,1,1,G,154.0,S,9,0.0
939,939,1002_01,Mars,True,55 Cancri e,3.0,False,0.0,0.0,0.0,0.0,0.0,0.0,1,1002,3,0,F,187.0,S,6,0.0
940,940,1002_02,Mars,True,TRAPPIST-1e,42.0,False,1050.0,0.0,715.0,0.0,3.0,1768.0,0,1002,3,0,F,187.0,S,6,1768.0
941,941,1002_03,Mars,True,TRAPPIST-1e,1.0,False,0.0,0.0,0.0,0.0,0.0,0.0,1,1002,3,0,F,187.0,S,6,0.0
942,942,1004_01,Europa,True,55 Cancri e,56.0,False,0.0,0.0,0.0,0.0,0.0,0.0,1,1004,1,1,A,11.0,S,8,0.0
943,943,1005_01,Earth,True,TRAPPIST-1e,20.0,False,0.0,0.0,4.0,9.0,773.0,786.0,0,1005,1,1,G,156.0,S,6,786.0
944,944,1006_01,Earth,True,TRAPPIST-1e,21.0,False,0.0,0.0,0.0,0.0,791.0,791.0,0,1006,3,0,E,74.0,S,10,791.0
945,945,1006_02,Earth,True,TRAPPIST-1e,5.0,False,0.0,0.0,0.0,0.0,0.0,0.0,1,1006,3,0,E,74.0,S,10,0.0
946,946,1006_03,Earth,True,TRAPPIST-1e,12.0,False,0.0,0.0,0.0,0.0,0.0,0.0,1,1006,3,0,E,64.0,S,10,0.0
947,947,1008_01,Europa,True,55 Cancri e,39.0,False,0.0,0.0,0.0,0.0,0.0,0.0,1,1008,2,0,C,39.0,S,4,0.0
948,948,1008_02,Europa,True,TRAPPIST-1e,60.0,False,0.0,0.0,0.0,0.0,0.0,0.0,1,1008,2,0,C,39.0,S,4,0.0
949,949,1011_01,Earth,True,TRAPPIST-1e,31.0,False,1633.0,4.0,49.0,6.0,0.0,1692.0,0,1011,2,0,G,159.0,P,6,1692.0
950,950,1011_02,Earth,True,TRAPPIST-1e,58.0,False,0.0,0.0,0.0,0.0,0.0,0.0,1,1011,2,0,G,148.0,P,6,0.0
951,951,1012_01,Earth,True,TRAPPIST-1e,19.0,False,0.0,0.0,0.0,0.0,0.0,0.0,1,1012,1,1,G,149.0,P,8,0.0
952,952,1013_01,Earth,True,TRAPPIST-1e,29.0,False,0.0,0.0,0.0,0.0,0.0,0.0,1,1013,1,1,G,158.0,S,11,0.0
953,953,1014_01,Mars,True,TRAPPIST-1e,19.0,False,0.0,0.0,0.0,0.0,0.0,0.0,1,1014,1,1,F,207.0,P,8,0.0
954,954,1015_01,Earth,True,TRAPPIST-1e,44.0,False,0.0,131.0,267.0,554.0,0.0,952.0,0,1015,1,1,F,189.0,S,7,952.0
955,955,1017_01,Earth,True,TRAPPIST-1e,20.0,False,0.0,15.0,122.0,1125.0,0.0,1262.0,0,1017,1,1,F,190.0,S,6,1262.0
956,956,1018_01,Earth,True,TRAPPIST-1e,18.0,False,0.0,0.0,0.0,0.0,0.0,0.0,1,1018,1,1,G,150.0,P,10,0.0
957,957,1019_01,Earth,True,TRAPPIST-1e,36.0,False,1.0,1410.0,0.0,1.0,0.0,1412.0,0,1019,1,1,F,191.0,S,12,1412.0
958,958,1020_01,Mars,True,TRAPPIST-1e,25.0,False,0.0,0.0,0.0,0.0,0.0,0.0,1,1020,1,1,F,208.0,P,11,0.0
959,959,1022_01,Earth,True,TRAPPIST-1e,15.0,False,48.0,6.0,0.0,954.0,0.0,1008.0,0,1022,1,1,G,161.0,Z,6,1008.0
960,960,1024_01,Earth,True,55 Cancri e,18.0,False,187.0,12.0,0.0,1277.0,0.0,1476.0,0,1024,4,0,F,209.0,P,9,1476.0
961,961,1024_02,Earth,True,TRAPPIST-1e,0.0,False,0.0,0.0,0.0,0.0,0.0,0.0,1,1024,4,0,G,152.0,P,6,0.0
962,962,1024_03,Earth,True,55 Cancri e,54.0,False,0.0,5.0,0.0,594.0,209.0,808.0,0,1024,4,0,G,152.0,P,9,808.0
963,963,1024_04,Earth,True,55 Cancri e,0.0,False,0.0,0.0,0.0,0.0,0.0,0.0,1,1024,4,0,G,152.0,P,9,0.0
964,964,1025_01,Earth,True,TRAPPIST-1e,20.0,False,759.0,0.0,106.0,202.0,0.0,1067.0,0,1025,1,1,F,210.0,P,9,1067.0
965,965,1026_01,Earth,True,TRAPPIST-1e,21.0,False,0.0,0.0,0.0,0.0,0.0,0.0,1,1026,1,1,G,159.0,S,3,0.0
966,966,1027_01,Mars,True,TRAPPIST-1e,8.0,False,0.0,0.0,0.0,0.0,0.0,0.0,1,1027,4,0,F,211.0,P,11,0.0
967,967,1027_02,Mars,True,TRAPPIST-1e,46.0,False,1454.0,0.0,81.0,38.0,0.0,1573.0,0,1027,4,0,F,211.0,P,11,1573.0
968,968,1027_03,Mars,True,TRAPPIST-1e,31.0,False,231.0,0.0,236.79310344827587,279.0,9.0,519.0,0,1027,4,0,F,211.0,P,11,755.7931034482758
969,969,1027_04,Mars,True,55 Cancri e,3.0,False,0.0,0.0,0.0,0.0,0.0,0.0,1,1027,4,0,F,211.0,P,11,0.0
970,970,1029_01,Mars,True,TRAPPIST-1e,30.0,False,0.0,0.0,0.0,0.0,0.0,0.0,1,1029,1,1,F,212.0,P,4,0.0
971,971,1030_01,Earth,True,TRAPPIST-1e,23.0,False,1081.0,0.0,0.0,0.0,7.0,1088.0,0,1030,1,1,F,213.0,P,11,1088.0
972,972,1031_01,Earth,True,TRAPPIST-1e,14.0,False,756.0,84.0,0.0,8.0,99.0,947.0,0,1031,1,1,F,194.0,S,9,947.0
973,973,1032_01,Earth,True,PSO J318.5-22,25.0,False,0.0,0.0,0.0,0.0,0.0,0.0,1,1032,1,1,G,153.0,P,8,0.0
974,974,1033_01,Earth,True,TRAPPIST-1e,61.0,False,0.0,0.0,0.0,0.0,0.0,0.0,1,1033,1,1,G,154.0,P,2,0.0
975,975,1034_01,Earth,True,TRAPPIST-1e,31.0,False,0.0,0.0,0.0,675.0,213.0,888.0,0,1034,1,1,G,155.0,P,5,888.0
976,976,1035_01,Mars,True,55 Cancri e,13.0,False,4.0,0.0,1973.0,0.0,39.0,2016.0,0,1035,1,1,F,214.0,P,5,2016.0
977,977,1036_01,Earth,True,PSO J318.5-22,24.0,False,0.0,0.0,0.0,0.0,0.0,0.0,1,1036,1,1,G,161.0,S,16,0.0
978,978,1038_01,Earth,True,TRAPPIST-1e,47.0,False,0.0,306.0,84.0,499.0,0.0,889.0,0,1038,1,1,G,163.0,S,8,889.0
979,979,1040_01,Earth,True,PSO J318.5-22,15.0,False,521.0,162.0,62.0,5.0,0.0,750.0,0,1040,1,1,G,164.0,S,5,750.0
980,980,1041_01,Europa,True,TRAPPIST-1e,46.0,False,0.0,0.0,0.0,0.0,0.0,0.0,1,1041,1,1,C,37.0,Z,3,0.0
981,981,1043_01,Earth,True,TRAPPIST-1e,49.0,False,0.0,0.0,1526.0,960.0,0.0,2486.0,0,1043,1,1,F,215.0,P,4,2486.0
982,982,1045_01,Europa,True,TRAPPIST-1e,37.0,False,0.0,0.0,0.0,0.0,0.0,0.0,1,1045,2,0,C,38.0,P,8,0.0
983,983,1045_02,Europa,True,TRAPPIST-1e,44.0,False,0.0,2349.0,7.0,815.0,10896.0,14067.0,0,1045,2,0,C,38.0,P,8,14067.0
984,984,1046_01,Earth,True,TRAPPIST-1e,16.0,False,507.0,0.0,0.0,0.0,103.06122448979592,507.0,0,1046,1,1,F,196.0,S,7,610.0612244897959
985,985,1047_01,Earth,True,TRAPPIST-1e,58.0,False,0.0,0.0,0.0,0.0,0.0,0.0,1,1047,1,1,G,156.0,P,0,0.0
986,986,1048_01,Earth,True,TRAPPIST-1e,20.0,False,0.0,537.0,612.0,3.0,0.0,1152.0,0,1048,1,1,F,216.0,P,4,1152.0
987,987,1049_01,Mars,True,55 Cancri e,36.0,False,0.0,0.0,0.0,0.0,0.0,0.0,1,1049,2,0,F,217.0,P,10,0.0
988,988,1049_02,Mars,True,TRAPPIST-1e,31.0,False,0.0,0.0,0.0,0.0,0.0,0.0,1,1049,2,0,F,217.0,P,10,0.0
989,989,1051_01,Earth,True,TRAPPIST-1e,21.0,False,2.0,447.0,81.0,74.0,150.4448818897638,604.0,0,1051,1,1,F,197.0,S,7,754.4448818897638
990,990,1052_01,Earth,True,55 Cancri e,22.0,False,134.20576131687244,0.0,21.0,0.0,0.0,21.0,0,1052,1,1,F,198.0,S,10,155.20576131687244
991,991,1053_01,Earth,True,PSO J318.5-22,27.0,False,182.0,0.0,0.0,0.0,376.0,558.0,0,1053,1,1,F,199.0,S,9,558.0
992,992,1054_01,Earth,True,TRAPPIST-1e,58.0,False,0.0,0.0,828.0,0.0,96.0,924.0,0,1054,1,1,F,200.0,S,8,924.0
993,993,1056_01,Mars,True,TRAPPIST-1e,38.0,False,0.0,0.0,0.0,0.0,0.0,0.0,1,1056,2,0,F,218.0,P,9,0.0
994,994,1056_02,Mars,True,55 Cancri e,30.0,False,0.0,0.0,0.0,0.0,0.0,0.0,1,1056,2,0,F,218.0,P,9,0.0
995,995,1057_01,Europa,True,55 Cancri e,20.0,False,0.0,0.0,0.0,0.0,0.0,0.0,1,1057,1,1,C,39.0,P,4,0.0
996,996,1058_01,Earth,True,TRAPPIST-1e,19.0,False,0.0,0.0,27.0,53.0,677.0,757.0,0,1058,1,1,F,201.0,S,12,757.0
997,997,1060_01,Earth,True,TRAPPIST-1e,57.0,False,98.53333333333333,20.0,157.0,21.0,689.0,887.0,0,1060,1,1,G,166.0,S,3,985.5333333333333
998,998,1062_01,Earth,True,TRAPPIST-1e,26.0,False,0.0,773.0,48.0,0.0,149.0,970.0,0,1062,1,1,F,219.0,P,11,970.0
999,999,1063_01,Europa,True,TRAPPIST-1e,38.0,False,0.0,3262.0,0.0,295.0,1374.0,4931.0,0,1063,2,0,B,38.0,P,5,4931.0
1000,1000,1063_02,Europa,True,TRAPPIST-1e,15.0,False,0.0,0.0,0.0,0.0,0.0,0.0,1,1063,2,0,B,38.0,P,5,0.0
1001,1001,1065_01,Mars,True,TRAPPIST-1e,29.5,False,0.0,0.0,0.0,0.0,0.0,0.0,1,1065,1,1,F,202.0,S,3,0.0
1002,1002,1066_01,Mars,True,TRAPPIST-1e,35.0,False,0.0,0.0,0.0,0.0,0.0,0.0,1,1066,1,1,F,220.0,P,7,0.0
1003,1003,1068_01,Earth,True,PSO J318.5-22,38.0,False,0.0,0.0,0.0,0.0,0.0,0.0,1,1068,1,1,G,167.0,S,5,0.0
1004,1004,1071_01,Europa,True,TRAPPIST-1e,35.0,False,415.0,1328.0,0.0,14.0,60.0,1817.0,0,1071,1,1,T,0.0,P,2,1817.0
1005,1005,1075_01,Europa,True,TRAPPIST-1e,14.0,False,0.0,0.0,0.0,0.0,0.0,0.0,1,1075,2,0,B,41.0,S,6,0.0
1006,1006,1075_02,Europa,True,TRAPPIST-1e,27.0,False,0.0,0.0,0.0,0.0,0.0,0.0,1,1075,2,0,B,41.0,S,6,0.0
1007,1007,1076_01,Earth,True,TRAPPIST-1e,25.0,False,0.0,0.0,0.0,0.0,0.0,0.0,1,1076,1,1,G,161.0,P,6,0.0
1008,1008,1077_01,Earth,True,TRAPPIST-1e,37.0,False,0.0,113.0,0.0,283.0,455.0,851.0,0,1077,1,1,G,162.0,P,11,851.0
1009,1009,1078_01,Earth,True,55 Cancri e,25.0,False,79.0,709.0,0.0,0.0,0.0,788.0,0,1078,1,1,E,60.0,P,6,788.0
1010,1010,1079_01,Earth,True,55 Cancri e,41.0,False,638.0,0.0,133.0,0.0,130.33333333333334,771.0,0,1079,1,1,G,163.0,P,8,901.3333333333334
1011,1011,1080_01,Mars,True,TRAPPIST-1e,50.0,False,202.0,22.625,1108.0,0.0,0.0,1310.0,0,1080,1,1,F,204.0,S,5,1332.625
1012,1012,1082_01,Mars,True,TRAPPIST-1e,33.0,False,694.0,0.0,60.0,564.0,0.0,1318.0,0,1082,1,1,F,205.0,S,7,1318.0
1013,1013,1083_01,Mars,True,TRAPPIST-1e,27.0,False,0.0,0.0,0.0,0.0,0.0,0.0,1,1083,3,0,F,206.0,S,6,0.0
1014,1014,1083_02,Mars,True,TRAPPIST-1e,23.0,False,0.0,0.0,0.0,0.0,0.0,0.0,1,1083,3,0,F,206.0,S,6,0.0
1015,1015,1083_03,Mars,True,TRAPPIST-1e,18.0,False,556.0,0.0,0.0,852.0,6.0,1414.0,0,1083,3,0,F,206.0,S,6,1414.0
1016,1016,1084_01,Earth,True,TRAPPIST-1e,31.0,False,0.0,1.0,0.0,16.0,843.0,860.0,0,1084,1,1,F,207.0,S,10,860.0
1017,1017,1085_01,Earth,False,TRAPPIST-1e,54.0,False,0.0,0.0,0.0,0.0,0.0,0.0,1,1085,1,1,G,165.0,P,13,0.0
1018,1018,1086_01,Earth,True,TRAPPIST-1e,0.0,False,0.0,0.0,0.0,0.0,0.0,0.0,1,1086,5,0,G,166.0,P,9,0.0
1019,1019,1086_02,Earth,True,TRAPPIST-1e,11.0,False,0.0,0.0,0.0,0.0,0.0,0.0,1,1086,5,0,G,166.0,P,12,0.0
1020,1020,1086_03,Earth,True,TRAPPIST-1e,4.0,False,0.0,0.0,0.0,0.0,0.0,0.0,1,1086,5,0,G,166.0,P,12,0.0
1021,1021,1086_04,Earth,True,TRAPPIST-1e,19.0,False,0.0,0.0,0.0,641.0,0.0,641.0,0,1086,5,0,E,61.0,P,12,641.0
1022,1022,1086_05,Earth,True,TRAPPIST-1e,7.0,False,0.0,0.0,0.0,0.0,0.0,0.0,1,1086,5,0,G,166.0,P,12,0.0
1023,1023,1088_01,Earth,True,PSO J318.5-22,20.0,False,0.0,0.0,0.0,0.0,0.0,0.0,1,1088,1,1,G,169.0,S,4,0.0
1024,1024,1089_01,Europa,True,55 Cancri e,33.0,False,0.0,0.0,0.0,0.0,0.0,0.0,1,1089,2,0,D,41.0,P,7,0.0
1025,1025,1089_02,Europa,True,TRAPPIST-1e,26.0,False,0.0,565.0,1.0,677.0,794.0,2037.0,0,1089,2,0,D,41.0,P,7,2037.0
1026,1026,1091_01,Mars,True,TRAPPIST-1e,35.0,False,0.0,0.0,0.0,0.0,0.0,0.0,1,1091,1,1,F,223.0,P,1,0.0
1027,1027,1093_01,Mars,True,TRAPPIST-1e,23.0,False,1862.0,59.0,18.0,192.0,0.0,2131.0,0,1093,1,1,D,42.0,P,8,2131.0
1028,1028,1094_01,Earth,True,TRAPPIST-1e,60.0,False,437.0,2.0,0.0,0.0,365.0,804.0,0,1094,1,1,F,224.0,P,6,804.0
1029,1029,1095_01,Europa,True,TRAPPIST-1e,34.0,False,0.0,0.0,0.0,0.0,0.0,0.0,1,1095,1,1,C,39.0,P,6,0.0
1030,1030,1096_01,Earth,True,TRAPPIST-1e,26.0,False,233.0,0.0,0.0,0.0,488.0,721.0,0,1096,1,1,G,170.0,S,10,721.0
1031,1031,1097_01,Mars,True,TRAPPIST-1e,42.0,False,0.0,0.0,0.0,0.0,0.0,0.0,1,1097,1,1,E,76.0,S,5,0.0
1032,1032,1099_01,Earth,True,PSO J318.5-22,22.0,False,0.0,78.0,642.0,0.0,0.0,720.0,0,1099,1,1,F,225.0,P,8,720.0
1033,1033,1100_01,Mars,True,TRAPPIST-1e,18.0,False,490.0,355.0,298.0,245.0,0.0,1388.0,0,1100,4,0,F,226.0,P,5,1388.0
1034,1034,1100_02,Mars,True,TRAPPIST-1e,5.0,False,0.0,0.0,0.0,0.0,0.0,0.0,1,1100,4,0,F,226.0,P,5,0.0
1035,1035,1100_03,Mars,True,TRAPPIST-1e,18.0,False,787.0,0.0,106.0,1710.0,0.0,2603.0,0,1100,4,0,F,226.0,P,5,2603.0
1036,1036,1100_04,Mars,True,TRAPPIST-1e,29.0,False,528.0,271.0,99.0,0.0,130.0,1028.0,0,1100,4,0,E,62.0,P,3,1028.0
1037,1037,1102_01,Mars,True,PSO J318.5-22,39.0,False,173.0,0.0,660.0,1.0,781.0,1615.0,0,1102,1,1,F,227.0,P,5,1615.0
1038,1038,1105_01,Earth,True,TRAPPIST-1e,17.0,False,82.0,0.0,263.0,16.0,515.0,876.0,0,1105,1,1,F,208.0,S,12,876.0
1039,1039,1108_01,Mars,True,TRAPPIST-1e,58.0,False,55.0,0.0,756.0,246.0,100.0,1157.0,0,1108,2,0,F,211.0,S,8,1157.0
1040,1040,1108_02,Mars,True,TRAPPIST-1e,5.0,False,0.0,0.0,0.0,0.0,0.0,0.0,1,1108,2,0,F,211.0,S,8,0.0
1041,1041,1110_01,Europa,True,TRAPPIST-1e,23.0,False,0.0,24.0,0.0,55.0,7516.0,7595.0,0,1110,2,0,C,42.0,S,7,7595.0
1042,1042,1110_02,Europa,True,55 Cancri e,26.0,False,8.0,6138.0,0.0,3.0,754.0,6903.0,0,1110,2,0,C,42.0,S,7,6903.0
1043,1043,1112_01,Europa,True,55 Cancri e,40.0,False,0.0,4076.0,6124.0,58.0,100.0,10358.0,0,1112,1,1,B,39.0,P,5,10358.0
1044,1044,1113_01,Earth,True,TRAPPIST-1e,20.0,False,0.0,0.0,0.0,0.0,719.0,719.0,0,1113,1,1,E,78.0,S,8,719.0
1045,1045,1114_01,Mars,True,TRAPPIST-1e,38.0,True,936.0,0.0,363.0,0.0,0.0,1299.0,0,1114,2,0,E,79.0,S,7,1299.0
1046,1046,1114_02,Mars,True,TRAPPIST-1e,31.0,False,0.0,0.0,0.0,0.0,0.0,0.0,1,1114,2,0,E,79.0,S,7,0.0
1047,1047,1115_01,Earth,True,TRAPPIST-1e,34.0,False,0.0,0.0,0.0,0.0,0.0,0.0,1,1115,1,1,G,173.0,S,7,0.0
1048,1048,1116_01,Earth,True,TRAPPIST-1e,9.0,False,0.0,0.0,0.0,0.0,0.0,0.0,1,1116,3,0,G,174.0,S,8,0.0
1049,1049,1116_02,Earth,True,TRAPPIST-1e,36.0,False,0.0,3011.0,0.0,0.0,98.0,3109.0,0,1116,3,0,G,176.0,S,8,3109.0
1050,1050,1116_03,Earth,True,TRAPPIST-1e,26.0,False,0.0,0.0,0.0,0.0,0.0,0.0,1,1116,3,0,G,174.0,S,8,0.0
1051,1051,1117_01,Earth,True,TRAPPIST-1e,18.0,False,855.0,0.0,51.0,0.0,0.0,906.0,0,1117,1,1,E,63.0,P,8,906.0
1052,1052,1121_01,Earth,True,PSO J318.5-22,55.0,False,98.0,46.0,0.0,743.0,0.0,887.0,0,1121,1,1,F,229.0,P,9,887.0
1053,1053,1123_01,Europa,True,TRAPPIST-1e,28.0,False,0.0,402.0,0.0,135.0,9010.0,9547.0,0,1123,1,1,B,40.0,P,5,9547.0
1054,1054,1127_01,Europa,True,55 Cancri e,18.0,False,0.0,0.0,0.0,0.0,0.0,0.0,1,1127,1,1,B,43.0,S,5,0.0
1055,1055,1129_01,Earth,True,TRAPPIST-1e,28.0,False,2.0,0.0,0.0,787.0,3.0,792.0,0,1129,1,1,E,80.0,S,4,792.0
1056,1056,1130_01,Mars,True,TRAPPIST-1e,23.0,False,0.0,0.0,0.0,0.0,0.0,0.0,1,1130,2,0,E,81.0,S,8,0.0
1057,1057,1130_02,Mars,True,55 Cancri e,20.0,False,364.9111111111111,3.0,3505.0,199.0,17.0,3724.0,0,1130,2,0,D,38.0,S,8,4088.911111111111
1058,1058,1132_01,Earth,True,TRAPPIST-1e,22.0,False,0.0,0.0,0.0,0.0,0.0,0.0,1,1132,1,1,G,179.0,P,13,0.0
1059,1059,1133_01,Mars,True,TRAPPIST-1e,27.0,False,0.0,0.0,0.0,0.0,0.0,0.0,1,1133,1,1,E,64.0,P,11,0.0
1060,1060,1134_01,Europa,True,55 Cancri e,13.0,False,0.0,0.0,0.0,0.0,0.0,0.0,1,1134,1,1,C,41.0,Z,2,0.0
1061,1061,1136_01,Earth,True,TRAPPIST-1e,32.0,False,0.0,1755.0,0.0,0.0,67.0,1822.0,0,1136,1,1,G,175.0,S,3,1822.0
1062,1062,1140_01,Europa,True,TRAPPIST-1e,53.0,False,0.0,143.0,1632.0,3.0,756.0,2534.0,0,1140,3,0,B,46.0,S,7,2534.0
1063,1063,1140_02,Europa,True,TRAPPIST-1e,34.0,False,0.0,0.0,0.0,0.0,0.0,0.0,1,1140,3,0,B,46.0,S,7,0.0
1064,1064,1140_03,Europa,True,55 Cancri e,42.0,False,0.0,0.0,0.0,0.0,0.0,0.0,1,1140,3,0,B,46.0,S,7,0.0
1065,1065,1141_01,Earth,True,TRAPPIST-1e,19.0,False,0.0,0.0,0.0,0.0,0.0,0.0,1,1141,1,1,G,176.0,S,8,0.0
1066,1066,1142_01,Earth,True,TRAPPIST-1e,54.0,False,0.0,0.0,0.0,0.0,908.0,908.0,0,1142,1,1,G,173.0,P,6,908.0
1067,1067,1144_01,Earth,True,TRAPPIST-1e,12.0,False,0.0,0.0,0.0,0.0,0.0,0.0,1,1144,3,0,G,177.0,S,14,0.0
1068,1068,1144_02,Earth,True,TRAPPIST-1e,35.0,False,482.0,0.0,884.0,0.0,30.0,1396.0,0,1144,3,0,F,217.0,S,14,1396.0
1069,1069,1144_03,Earth,True,TRAPPIST-1e,55.0,False,412.0,97.0,3.0,0.0,346.75,512.0,0,1144,3,0,G,177.0,S,14,858.75
1070,1070,1146_01,Earth,True,55 Cancri e,26.0,False,620.0,0.0,187.0,0.0,1304.0,2111.0,0,1146,1,1,F,232.0,P,10,2111.0
1071,1071,1147_01,Europa,True,TRAPPIST-1e,49.0,False,0.0,0.0,0.0,0.0,0.0,0.0,1,1147,1,1,B,42.0,P,4,0.0
1072,1072,1148_01,Europa,True,55 Cancri e,22.0,False,0.0,0.0,0.0,0.0,0.0,0.0,1,1148,7,0,C,42.0,P,13,0.0
1073,1073,1148_02,Europa,True,55 Cancri e,33.0,False,0.0,122.0,2138.0,7368.0,1213.0,10841.0,0,1148,7,0,C,42.0,P,13,10841.0
1074,1074,1148_03,Europa,True,TRAPPIST-1e,30.0,False,0.0,5225.0,0.0,8.0,1933.0,7166.0,0,1148,7,0,C,42.0,P,13,7166.0
1075,1075,1148_04,Europa,True,55 Cancri e,39.0,False,0.0,5212.0,2.0,118.0,61.0,5393.0,0,1148,7,0,C,41.0,P,13,5393.0
1076,1076,1148_05,Europa,True,TRAPPIST-1e,14.0,False,0.0,0.0,0.0,0.0,0.0,0.0,1,1148,7,0,C,42.0,P,13,0.0
1077,1077,1148_06,Europa,True,TRAPPIST-1e,29.0,False,0.0,0.0,0.0,0.0,0.0,0.0,1,1148,7,0,C,42.0,P,13,0.0
1078,1078,1148_07,Europa,True,55 Cancri e,34.0,False,2386.0,841.0,76.0,26.0,1693.0,5022.0,0,1148,7,0,C,42.0,P,13,5022.0
1079,1079,1149_01,Earth,True,55 Cancri e,8.0,False,0.0,0.0,0.0,0.0,0.0,0.0,1,1149,5,0,G,178.0,S,14,0.0
1080,1080,1149_02,Earth,True,TRAPPIST-1e,7.0,False,0.0,0.0,0.0,0.0,0.0,0.0,1,1149,5,0,G,178.0,S,9,0.0
1081,1081,1149_03,Earth,True,TRAPPIST-1e,3.0,False,0.0,0.0,0.0,0.0,0.0,0.0,1,1149,5,0,G,178.0,S,9,0.0
1082,1082,1149_04,Earth,True,TRAPPIST-1e,0.0,False,0.0,0.0,0.0,0.0,0.0,0.0,1,1149,5,0,G,178.0,S,3,0.0
1083,1083,1149_05,Earth,True,55 Cancri e,10.0,False,0.0,0.0,0.0,0.0,0.0,0.0,1,1149,5,0,G,178.0,S,9,0.0
1084,1084,1150_01,Earth,True,55 Cancri e,16.0,False,0.0,0.0,0.0,0.0,0.0,0.0,1,1150,1,1,G,179.0,S,6,0.0
1085,1085,1152_01,Mars,True,TRAPPIST-1e,41.0,False,29.0,0.0,1095.0,0.0,4.0,1128.0,0,1152,1,1,F,218.0,S,5,1128.0
1086,1086,1153_01,Earth,True,TRAPPIST-1e,18.0,False,0.0,0.0,0.0,0.0,0.0,0.0,1,1153,1,1,G,174.0,P,10,0.0
1087,1087,1154_01,Europa,True,TRAPPIST-1e,25.0,False,0.0,0.0,0.0,0.0,0.0,0.0,1,1154,3,0,B,43.0,P,9,0.0
1088,1088,1154_02,Europa,True,TRAPPIST-1e,32.0,False,0.0,0.0,0.0,0.0,0.0,0.0,1,1154,3,0,B,43.0,P,9,0.0
1089,1089,1154_03,Europa,True,55 Cancri e,26.0,False,0.0,0.0,0.0,0.0,0.0,0.0,1,1154,3,0,B,43.0,P,9,0.0
1090,1090,1155_01,Earth,True,TRAPPIST-1e,26.0,False,131.0,799.0,0.0,0.0,16.0,946.0,0,1155,2,0,F,233.0,P,6,946.0
1091,1091,1155_02,Earth,True,TRAPPIST-1e,18.0,False,0.0,0.0,0.0,0.0,0.0,0.0,1,1155,2,0,G,175.0,P,6,0.0
1092,1092,1156_01,Europa,True,TRAPPIST-1e,27.0,False,0.0,2987.0,2.0,3072.0,67.0,6128.0,0,1156,2,0,B,47.0,S,2,6128.0
1093,1093,1156_02,Europa,True,TRAPPIST-1e,26.0,False,0.0,0.0,0.0,0.0,0.0,0.0,1,1156,2,0,B,47.0,S,2,0.0
1094,1094,1161_01,Europa,True,55 Cancri e,28.0,False,0.0,11330.0,72.0,43.0,461.0,11906.0,0,1161,2,0,B,48.0,S,2,11906.0
1095,1095,1161_02,Europa,True,55 Cancri e,19.0,False,0.0,1291.0,0.0,16139.0,687.0,18117.0,0,1161,2,0,B,48.0,S,2,18117.0
1096,1096,1162_01,Europa,True,TRAPPIST-1e,31.0,False,0.0,1847.0,0.0,103.0,694.0,2644.0,0,1162,1,1,C,45.0,S,4,2644.0
1097,1097,1163_01,Earth,True,55 Cancri e,35.0,False,0.0,1328.0,5.0,0.0,7.0,1340.0,0,1163,1,1,F,235.0,P,0,1340.0
1098,1098,1165_01,Europa,True,55 Cancri e,46.0,False,0.0,7201.0,0.0,32.0,2587.0,9820.0,0,1165,4,0,B,44.0,P,4,9820.0
1099,1099,1165_02,Europa,True,TRAPPIST-1e,37.0,False,636.0,333.0,0.0,205.0,67.0,1241.0,0,1165,4,0,B,44.0,P,4,1241.0
1100,1100,1165_03,Europa,True,TRAPPIST-1e,29.0,False,0.0,0.0,0.0,0.0,0.0,0.0,1,1165,4,0,B,44.0,P,10,0.0
1101,1101,1165_04,Europa,True,TRAPPIST-1e,17.0,False,0.0,0.0,0.0,0.0,0.0,0.0,1,1165,4,0,B,44.0,P,10,0.0
1102,1102,1166_01,Europa,True,55 Cancri e,30.0,False,0.0,3564.0,926.0,1.0,1920.0,6411.0,0,1166,1,1,C,43.0,P,6,6411.0
1103,1103,1167_01,Mars,True,TRAPPIST-1e,28.0,False,0.0,0.0,0.0,0.0,0.0,0.0,1,1167,1,1,F,236.0,P,10,0.0
1104,1104,1168_01,Earth,True,TRAPPIST-1e,16.0,False,0.0,58.0,12.0,68.0,653.0,791.0,0,1168,1,1,E,69.0,P,9,791.0
1105,1105,1169_01,Mars,True,TRAPPIST-1e,40.0,False,2357.0,0.0,9.0,0.0,0.0,2366.0,0,1169,1,1,F,221.0,S,7,2366.0
1106,1106,1170_01,Earth,True,TRAPPIST-1e,23.0,False,0.0,0.0,279.0,0.0,512.0,791.0,0,1170,1,1,E,83.0,S,8,791.0
1107,1107,1173_01,Earth,True,PSO J318.5-22,24.0,False,96.0,592.0,12.0,0.0,0.0,700.0,0,1173,1,1,G,182.0,S,6,700.0
1108,1108,1174_01,Earth,True,TRAPPIST-1e,36.0,False,0.0,0.0,0.0,0.0,0.0,0.0,1,1174,1,1,G,176.0,P,3,0.0
1109,1109,1175_01,Mars,True,TRAPPIST-1e,34.0,False,0.0,0.0,0.0,0.0,0.0,0.0,1,1175,1,1,F,223.0,S,4,0.0
1110,1110,1177_01,Europa,True,TRAPPIST-1e,59.0,False,0.0,0.0,0.0,0.0,0.0,0.0,1,1177,1,1,C,44.0,P,4,0.0
1111,1111,1178_01,Earth,True,TRAPPIST-1e,20.0,False,0.0,0.0,600.0,0.0,0.0,600.0,0,1178,1,1,F,224.0,S,10,600.0
1112,1112,1179_01,Europa,True,TRAPPIST-1e,15.0,False,0.0,0.0,0.0,0.0,0.0,0.0,1,1179,1,1,B,49.0,S,6,0.0
1113,1113,1180_01,Earth,True,TRAPPIST-1e,19.0,False,0.0,173.23651452282158,957.0,4.0,0.0,961.0,0,1180,1,1,F,225.0,S,5,1134.2365145228216
1114,1114,1182_01,Mars,True,55 Cancri e,64.0,False,0.0,0.0,0.0,0.0,0.0,0.0,1,1182,3,0,F,237.0,P,9,0.0
1115,1115,1182_02,Mars,True,TRAPPIST-1e,24.0,False,2997.0,0.0,3.0,0.0,7.0,3007.0,0,1182,3,0,E,70.0,P,9,3007.0
1116,1116,1182_03,Mars,True,TRAPPIST-1e,23.0,False,60.0,1356.0,0.0,0.0,0.0,1416.0,0,1182,3,0,F,237.0,P,9,1416.0
1117,1117,1185_01,Mars,True,TRAPPIST-1e,30.0,False,280.03225806451616,0.0,0.0,679.0,0.0,679.0,0,1185,1,1,E,71.0,P,4,959.0322580645161
1118,1118,1186_01,Earth,True,TRAPPIST-1e,0.0,False,0.0,0.0,0.0,0.0,0.0,0.0,1,1186,5,0,G,183.0,S,15,0.0
1119,1119,1186_02,Earth,True,TRAPPIST-1e,8.0,False,0.0,0.0,0.0,0.0,0.0,0.0,1,1186,5,0,G,183.0,S,15,0.0
1120,1120,1186_03,Earth,True,TRAPPIST-1e,1.0,False,0.0,0.0,0.0,0.0,0.0,0.0,1,1186,5,0,G,183.0,S,15,0.0
1121,1121,1186_04,Earth,True,TRAPPIST-1e,48.0,False,0.0,33.0,654.0,0.0,113.0,800.0,0,1186,5,0,F,227.0,S,15,800.0
1122,1122,1186_05,Earth,True,TRAPPIST-1e,12.0,False,0.0,0.0,0.0,0.0,0.0,0.0,1,1186,5,0,G,183.0,S,15,0.0
1123,1123,1187_01,Earth,True,TRAPPIST-1e,30.0,False,0.0,575.0,180.0,4.0,44.0,803.0,0,1187,3,0,F,228.0,S,11,803.0
1124,1124,1187_02,Earth,True,TRAPPIST-1e,10.0,False,0.0,0.0,0.0,0.0,0.0,0.0,1,1187,3,0,G,184.0,S,11,0.0
1125,1125,1187_03,Earth,True,TRAPPIST-1e,11.0,False,0.0,0.0,0.0,0.0,0.0,0.0,1,1187,3,0,G,184.0,S,11,0.0
1126,1126,1188_01,Europa,True,TRAPPIST-1e,58.0,False,204.0,4227.0,0.0,3026.0,61.0,7518.0,0,1188,1,1,C,46.0,P,2,7518.0
1127,1127,1190_01,Earth,True,TRAPPIST-1e,52.0,False,0.0,243.0,464.0,71.0,8.0,786.0,0,1190,1,1,E,72.0,P,9,786.0
1128,1128,1191_01,Earth,True,TRAPPIST-1e,36.0,False,0.0,0.0,0.0,0.0,1583.0,1583.0,0,1191,1,1,F,229.0,S,11,1583.0
1129,1129,1192_01,Earth,True,TRAPPIST-1e,32.0,False,600.0,670.0,0.0,187.0,0.0,1457.0,0,1192,1,1,F,238.0,P,14,1457.0
1130,1130,1193_01,Europa,True,TRAPPIST-1e,16.0,False,0.0,0.0,0.0,0.0,0.0,0.0,1,1193,2,0,B,50.0,S,5,0.0
1131,1131,1193_02,Europa,True,55 Cancri e,25.0,False,0.0,0.0,0.0,0.0,0.0,0.0,1,1193,2,0,B,50.0,S,5,0.0
1132,1132,1195_01,Earth,True,55 Cancri e,28.0,False,2.0,558.0,0.0,0.0,0.0,560.0,0,1195,1,1,F,239.0,P,3,560.0
1133,1133,1197_01,Europa,True,55 Cancri e,32.0,True,0.0,122.0,3700.0,337.0,1388.0,5547.0,0,1197,1,1,B,45.0,P,8,5547.0
1134,1134,1198_01,Mars,True,TRAPPIST-1e,28.0,False,42.0,1116.0,0.0,0.0,0.0,1158.0,0,1198,1,1,F,235.0,Z,3,1158.0
1135,1135,1199_01,Earth,True,TRAPPIST-1e,16.0,False,0.0,0.0,752.0,0.0,235.0,987.0,0,1199,1,1,E,73.0,P,4,987.0
1136,1136,1203_01,Europa,True,55 Cancri e,50.0,True,0.0,5473.0,0.0,703.0,6381.0,12557.0,0,1203,1,1,B,51.0,S,4,12557.0
1137,1137,1206_01,Earth,True,TRAPPIST-1e,20.0,False,71.0,8.0,513.0,354.0,0.0,946.0,0,1206,1,1,F,241.0,P,15,946.0
1138,1138,1208_01,Earth,True,TRAPPIST-1e,23.0,False,119.35918367346939,0.0,6.0,30.0,200.0,236.0,0,1208,1,1,G,178.0,P,4,355.3591836734694
1139,1139,1210_01,Earth,True,TRAPPIST-1e,45.0,False,0.0,0.0,0.0,0.0,0.0,0.0,1,1210,2,0,G,179.0,P,4,0.0
1140,1140,1210_02,Earth,True,TRAPPIST-1e,23.0,False,393.0,510.0,0.0,0.0,5.0,908.0,0,1210,2,0,G,179.0,P,4,908.0
1141,1141,1211_01,Earth,True,PSO J318.5-22,53.0,False,0.0,0.0,0.0,0.0,0.0,0.0,1,1211,7,0,G,186.0,S,8,0.0
1142,1142,1211_02,Earth,True,TRAPPIST-1e,8.0,False,0.0,0.0,0.0,0.0,0.0,0.0,1,1211,7,0,G,186.0,S,8,0.0
1143,1143,1211_03,Earth,True,TRAPPIST-1e,6.0,False,0.0,0.0,0.0,0.0,0.0,0.0,1,1211,7,0,G,186.0,S,12,0.0
1144,1144,1211_04,Earth,True,TRAPPIST-1e,3.0,False,0.0,0.0,0.0,0.0,0.0,0.0,1,1211,7,0,G,186.0,S,12,0.0
1145,1145,1211_05,Earth,True,55 Cancri e,13.0,False,1.0,212.0,843.0,78.0,10.0,1144.0,0,1211,7,0,F,232.0,S,8,1144.0
1146,1146,1211_06,Earth,True,TRAPPIST-1e,60.0,False,0.0,0.0,0.0,0.0,0.0,0.0,1,1211,7,0,G,186.0,S,8,0.0
1147,1147,1211_07,Earth,True,55 Cancri e,1.0,False,0.0,0.0,0.0,0.0,0.0,0.0,1,1211,7,0,G,186.0,S,12,0.0
1148,1148,1212_01,Earth,True,TRAPPIST-1e,40.0,False,0.0,1.0,195.0,560.0,0.0,756.0,0,1212,1,1,G,180.0,P,10,756.0
1149,1149,1213_01,Earth,True,TRAPPIST-1e,51.0,False,0.0,93.10344827586206,800.0,0.0,4.0,804.0,0,1213,1,1,F,242.0,P,13,897.1034482758621
1150,1150,1214_01,Earth,True,55 Cancri e,31.0,False,0.0,0.0,0.0,0.0,0.0,0.0,1,1214,1,1,G,181.0,P,14,0.0
1151,1151,1215_01,Earth,True,TRAPPIST-1e,28.0,False,0.0,0.0,0.0,0.0,0.0,0.0,1,1215,1,1,G,187.0,S,5,0.0
1152,1152,1216_01,Earth,True,TRAPPIST-1e,20.0,False,65.0,905.0,0.0,0.0,0.0,970.0,0,1216,1,1,G,182.0,P,10,970.0
1153,1153,1218_01,Earth,True,TRAPPIST-1e,14.0,False,0.0,0.0,0.0,2143.0,7.0,2150.0,0,1218,1,1,F,243.0,P,10,2150.0
1154,1154,1220_01,Europa,True,TRAPPIST-1e,23.0,False,0.0,592.0,0.0,345.0,810.0,1747.0,0,1220,1,1,E,76.0,P,3,1747.0
1155,1155,1221_01,Earth,True,TRAPPIST-1e,4.0,False,0.0,0.0,0.0,0.0,0.0,0.0,1,1221,2,0,G,188.0,S,8,0.0
1156,1156,1221_02,Earth,True,TRAPPIST-1e,20.0,False,0.0,0.0,0.0,1608.0,1.0,1609.0,0,1221,2,0,E,87.0,S,8,1609.0
1157,1157,1222_01,Earth,True,TRAPPIST-1e,75.0,False,0.0,493.0,0.0,131.0,132.0,756.0,0,1222,1,1,G,183.0,P,2,756.0
1158,1158,1223_01,Europa,True,55 Cancri e,24.0,False,0.0,0.0,0.0,0.0,0.0,0.0,1,1223,1,1,C,48.0,S,8,0.0
1159,1159,1225_01,Earth,True,TRAPPIST-1e,18.0,False,2.0,1311.0,60.0,28.0,1.0,1402.0,0,1225,1,1,F,244.0,P,7,1402.0
1160,1160,1228_01,Mars,True,TRAPPIST-1e,21.0,False,0.0,0.0,0.0,0.0,0.0,0.0,1,1228,2,0,E,78.0,S,7,0.0
1161,1161,1228_02,Mars,True,TRAPPIST-1e,59.0,False,142.0,0.0,907.0,0.0,0.0,1049.0,0,1228,2,0,E,89.0,S,7,1049.0
1162,1162,1229_01,Earth,True,TRAPPIST-1e,27.0,False,0.0,0.0,863.0,33.0,2.0,898.0,0,1229,1,1,F,245.0,P,5,898.0
1163,1163,1230_01,Earth,True,TRAPPIST-1e,38.0,False,354.0,34.0,0.0,291.0,229.0,908.0,0,1230,1,1,G,189.0,S,16,908.0
1164,1164,1231_01,Mars,True,TRAPPIST-1e,41.0,False,0.0,0.0,0.0,0.0,0.0,0.0,1,1231,1,1,E,77.0,P,9,0.0
1165,1165,1232_01,Europa,True,TRAPPIST-1e,36.0,False,0.0,0.0,0.0,0.0,0.0,0.0,1,1232,2,0,C,49.0,S,5,0.0
1166,1166,1232_02,Europa,True,55 Cancri e,29.0,False,0.0,42.0,0.0,4651.0,661.0,5354.0,0,1232,2,0,C,49.0,S,5,5354.0
1167,1167,1233_01,Earth,True,PSO J318.5-22,22.0,False,0.0,0.0,0.0,0.0,0.0,0.0,1,1233,1,1,G,184.0,P,4,0.0
1168,1168,1234_01,Earth,True,PSO J318.5-22,23.0,False,0.0,0.0,1250.0,0.0,0.0,1250.0,0,1234,1,1,F,236.0,S,8,1250.0
1169,1169,1235_01,Earth,True,TRAPPIST-1e,32.0,False,27.0,393.0,1061.0,27.0,0.0,1508.0,0,1235,1,1,F,237.0,S,7,1508.0
1170,1170,1236_01,Earth,True,55 Cancri e,21.0,False,614.0,43.0,0.0,1.0,0.0,658.0,0,1236,1,1,F,246.0,P,2,658.0
1171,1171,1238_01,Europa,True,TRAPPIST-1e,26.0,False,0.0,1026.0,3301.0,831.0,356.0,5514.0,0,1238,2,0,C,50.0,S,7,5514.0
1172,1172,1238_02,Europa,True,TRAPPIST-1e,61.0,False,0.0,0.0,0.0,0.0,0.0,0.0,1,1238,2,0,B,53.0,S,7,0.0
1173,1173,1239_01,Earth,True,PSO J318.5-22,30.0,False,585.0,13.0,122.0,40.0,105.0,865.0,0,1239,1,1,E,78.0,P,7,865.0
1174,1174,1240_01,Earth,True,TRAPPIST-1e,40.0,False,889.0,185.0,0.0,0.0,28.0,1102.0,0,1240,1,1,F,238.0,S,5,1102.0
1175,1175,1242_01,Europa,True,55 Cancri e,37.0,False,0.0,4677.0,0.0,115.0,223.0,5015.0,0,1242,1,1,C,48.0,P,2,5015.0
1176,1176,1243_01,Europa,True,TRAPPIST-1e,41.0,False,0.0,4224.0,0.0,1374.0,1281.0,6879.0,0,1243,2,0,A,9.0,P,4,6879.0
1177,1177,1243_02,Europa,True,TRAPPIST-1e,32.0,False,8168.0,69.0,11.0,371.0,0.0,8619.0,0,1243,2,0,A,9.0,P,2,8619.0
1178,1178,1246_01,Earth,True,TRAPPIST-1e,30.0,False,0.0,192.0,0.0,565.0,0.0,757.0,0,1246,1,1,G,185.0,P,9,757.0
1179,1179,1248_01,Earth,True,PSO J318.5-22,27.0,False,0.0,184.26168224299064,0.0,0.0,0.0,0.0,0,1248,1,1,F,239.0,S,12,184.26168224299064
1180,1180,1250_01,Earth,True,TRAPPIST-1e,22.0,False,0.0,17.0,0.0,61.0,567.0,645.0,0,1250,1,1,F,240.0,S,14,645.0
1181,1181,1254_01,Mars,True,TRAPPIST-1e,54.0,False,704.0,0.0,431.0,0.0,47.0,1182.0,0,1254,2,0,D,44.0,S,5,1182.0
1182,1182,1254_02,Mars,True,TRAPPIST-1e,27.0,False,4.0,0.0,896.0,229.0,0.0,1129.0,0,1254,2,0,F,241.0,S,5,1129.0
1183,1183,1255_01,Mars,True,TRAPPIST-1e,52.0,False,0.0,0.0,0.0,0.0,0.0,0.0,1,1255,2,0,F,242.0,S,8,0.0
1184,1184,1255_02,Mars,True,TRAPPIST-1e,15.0,False,0.0,0.0,0.0,0.0,0.0,0.0,1,1255,2,0,F,242.0,S,8,0.0
1185,1185,1256_01,Mars,True,TRAPPIST-1e,27.0,False,1277.0,0.0,1.0,10.0,9.0,1297.0,0,1256,1,1,E,92.0,S,4,1297.0
1186,1186,1258_01,Europa,True,55 Cancri e,30.0,False,0.0,3628.0,289.0,1737.0,4987.0,10641.0,0,1258,1,1,A,10.0,P,2,10641.0
1187,1187,1259_01,Earth,True,TRAPPIST-1e,19.0,False,0.0,0.0,619.0,0.0,142.0,761.0,0,1259,1,1,F,243.0,S,7,761.0
1188,1188,1260_01,Earth,True,PSO J318.5-22,22.0,False,0.0,0.0,0.0,0.0,0.0,0.0,1,1260,1,1,G,186.0,P,6,0.0
1189,1189,1261_01,Europa,True,55 Cancri e,43.0,False,1365.0,3106.0,0.0,50.0,2313.0,6834.0,0,1261,1,1,C,49.0,P,10,6834.0
1190,1190,1263_01,Mars,True,TRAPPIST-1e,25.0,False,1084.0,1.0,66.0,0.0,5.0,1156.0,0,1263,1,1,F,244.0,S,16,1156.0
1191,1191,1264_01,Earth,True,TRAPPIST-1e,51.0,False,0.0,1.0,0.0,51.0,945.0,997.0,0,1264,1,1,E,79.0,P,2,997.0
1192,1192,1267_01,Earth,True,PSO J318.5-22,34.0,False,0.0,0.0,0.0,0.0,0.0,0.0,1,1267,1,1,G,191.0,S,9,0.0
1193,1193,1269_01,Mars,True,TRAPPIST-1e,21.0,False,2066.0,0.0,15.0,0.0,1.0,2082.0,0,1269,1,1,E,80.0,P,5,2082.0
1194,1194,1271_01,Earth,True,PSO J318.5-22,21.0,False,0.0,0.0,0.0,0.0,0.0,0.0,1,1271,1,1,G,189.0,P,9,0.0
1195,1195,1273_01,Earth,True,TRAPPIST-1e,23.0,False,0.0,0.0,0.0,759.0,0.0,759.0,0,1273,1,1,F,246.0,S,5,759.0
1196,1196,1274_01,Earth,True,55 Cancri e,38.0,False,0.0,0.0,591.0,40.0,173.0,804.0,0,1274,1,1,F,254.0,P,12,804.0
1197,1197,1278_01,Earth,True,TRAPPIST-1e,30.0,False,0.0,0.0,0.0,0.0,0.0,0.0,1,1278,1,1,G,190.0,P,3,0.0
1198,1198,1279_01,Europa,True,55 Cancri e,31.0,False,0.0,0.0,0.0,0.0,0.0,0.0,1,1279,1,1,C,50.0,P,5,0.0
1199,1199,1280_01,Earth,True,PSO J318.5-22,44.0,False,0.0,178.0,482.0,0.0,0.0,660.0,0,1280,1,1,F,257.0,P,5,660.0
1200,1200,1281_01,Earth,True,TRAPPIST-1e,14.0,False,0.0,0.0,0.0,0.0,0.0,0.0,1,1281,1,1,G,193.0,S,12,0.0
1201,1201,1282_01,Earth,True,PSO J318.5-22,18.0,False,0.0,0.0,0.0,0.0,0.0,0.0,1,1282,1,1,G,191.0,P,11,0.0
1202,1202,1283_01,Earth,True,TRAPPIST-1e,19.0,False,6.0,173.23651452282158,1.0,714.0,0.0,721.0,0,1283,1,1,G,194.0,S,6,894.2365145228216
1203,1203,1284_01,Mars,True,TRAPPIST-1e,29.5,False,0.0,0.0,0.0,0.0,0.0,0.0,1,1284,1,1,F,247.0,S,2,0.0
1204,1204,1285_01,Earth,True,55 Cancri e,36.0,False,286.0,415.0,16.0,0.0,0.0,717.0,0,1285,1,1,F,258.0,P,8,717.0
1205,1205,1286_01,Mars,True,TRAPPIST-1e,10.0,False,0.0,0.0,0.0,0.0,0.0,0.0,1,1286,1,1,F,248.0,S,7,0.0
1206,1206,1287_01,Mars,True,TRAPPIST-1e,1.0,False,0.0,0.0,0.0,0.0,0.0,0.0,1,1287,3,0,F,259.0,P,11,0.0
1207,1207,1287_02,Mars,True,55 Cancri e,4.0,False,0.0,0.0,0.0,0.0,0.0,0.0,1,1287,3,0,F,259.0,P,11,0.0
1208,1208,1287_03,Mars,True,TRAPPIST-1e,21.0,False,733.0,0.0,1084.0,1.0,43.0,1861.0,0,1287,3,0,F,259.0,P,11,1861.0
1209,1209,1288_01,Earth,True,TRAPPIST-1e,24.0,False,621.0,0.0,0.0,0.0,0.0,621.0,0,1288,1,1,G,192.0,P,9,621.0
1210,1210,1289_01,Earth,True,TRAPPIST-1e,8.0,False,0.0,0.0,0.0,0.0,0.0,0.0,1,1289,2,0,G,195.0,S,9,0.0
1211,1211,1289_02,Earth,True,TRAPPIST-1e,18.0,False,789.0,0.0,2.0,0.0,19.0,810.0,0,1289,2,0,G,195.0,S,9,810.0
1212,1212,1291_01,Mars,True,TRAPPIST-1e,33.0,False,1758.0,59.0,4.0,0.0,0.0,1821.0,0,1291,1,1,F,260.0,P,2,1821.0
1213,1213,1292_01,Europa,True,55 Cancri e,31.0,True,0.0,27723.0,3.0,202.0,3146.0,31074.0,0,1292,2,0,B,55.0,S,7,31074.0
1214,1214,1292_02,Europa,True,TRAPPIST-1e,43.0,False,105.0,368.0,268.0,842.0,13.0,1596.0,0,1292,2,0,B,55.0,S,7,1596.0
1215,1215,1293_01,Earth,True,TRAPPIST-1e,20.0,False,213.0,0.0,186.76548672566372,0.0,584.0,797.0,0,1293,1,1,F,261.0,P,9,983.7654867256638
1216,1216,1294_01,Europa,True,TRAPPIST-1e,28.0,False,0.0,0.0,0.0,0.0,0.0,0.0,1,1294,3,0,A,14.0,S,6,0.0
1217,1217,1294_02,Europa,True,PSO J318.5-22,30.0,False,0.0,0.0,0.0,0.0,0.0,0.0,1,1294,3,0,A,14.0,S,7,0.0
1218,1218,1294_03,Europa,True,TRAPPIST-1e,28.0,True,11.875,0.0,388.5,0.0,0.0,0.0,0,1294,3,0,A,14.0,S,6,400.375
1219,1219,1295_01,Earth,True,TRAPPIST-1e,19.0,False,68.0,0.0,0.0,719.0,0.0,787.0,0,1295,1,1,G,206.0,S,3,787.0
1220,1220,1299_01,Earth,True,TRAPPIST-1e,22.0,False,0.0,0.0,675.0,5.0,0.0,680.0,0,1299,1,1,F,250.0,S,11,680.0
1221,1221,1300_01,Earth,True,55 Cancri e,27.0,False,1.0,299.0,1.0,380.0,13.0,694.0,0,1300,1,1,F,251.0,S,5,694.0
1222,1222,1302_01,Mars,True,55 Cancri e,22.0,False,218.0,50.0,4817.0,146.0,256.0,5487.0,0,1302,1,1,D,45.0,S,9,5487.0
1223,1223,1304_01,Earth,True,55 Cancri e,2.0,False,0.0,0.0,0.0,0.0,0.0,0.0,1,1304,6,0,E,82.0,P,5,0.0
1224,1224,1304_02,Earth,True,TRAPPIST-1e,4.0,False,0.0,0.0,0.0,0.0,0.0,0.0,1,1304,6,0,E,82.0,P,7,0.0
1225,1225,1304_03,Earth,True,TRAPPIST-1e,10.0,False,0.0,0.0,0.0,0.0,0.0,0.0,1,1304,6,0,E,82.0,P,5,0.0
1226,1226,1304_04,Earth,True,TRAPPIST-1e,9.0,False,0.0,0.0,0.0,0.0,0.0,0.0,1,1304,6,0,E,82.0,P,7,0.0
1227,1227,1304_05,Earth,True,TRAPPIST-1e,37.0,False,0.0,0.0,0.0,0.0,0.0,0.0,1,1304,6,0,E,82.0,P,7,0.0
1228,1228,1304_06,Earth,True,PSO J318.5-22,2.0,False,0.0,0.0,0.0,0.0,0.0,0.0,1,1304,6,0,E,82.0,P,7,0.0
1229,1229,1306_01,Europa,True,TRAPPIST-1e,44.0,False,0.0,3863.0,1.0,1010.0,514.0,5388.0,0,1306,2,0,B,56.0,S,4,5388.0
1230,1230,1306_02,Europa,True,55 Cancri e,11.0,False,0.0,0.0,0.0,0.0,0.0,0.0,1,1306,2,0,B,56.0,S,4,0.0
1231,1231,1307_01,Earth,True,TRAPPIST-1e,22.0,False,0.0,0.0,0.0,0.0,0.0,0.0,1,1307,1,1,G,193.0,P,6,0.0
1232,1232,1308_01,Europa,True,55 Cancri e,40.0,False,0.0,0.0,0.0,0.0,0.0,0.0,1,1308,4,0,E,84.0,S,7,0.0
1233,1233,1308_02,Europa,True,55 Cancri e,30.0,False,278.0,3300.0,0.0,8145.0,2519.0,14242.0,0,1308,4,0,E,94.0,S,7,14242.0
1234,1234,1308_03,Europa,True,55 Cancri e,37.0,False,0.0,439.0,0.0,3198.0,6.0,3643.0,0,1308,4,0,E,94.0,S,7,3643.0
1235,1235,1308_04,Europa,True,55 Cancri e,26.0,False,0.0,0.0,0.0,0.0,0.0,0.0,1,1308,4,0,E,94.0,S,7,0.0
1236,1236,1309_01,Earth,True,TRAPPIST-1e,19.0,False,0.0,4.0,109.0,0.0,671.0,784.0,0,1309,1,1,F,264.0,P,8,784.0
1237,1237,1310_01,Europa,True,TRAPPIST-1e,57.0,False,0.0,987.0,1.0,4948.0,53.0,5989.0,0,1310,1,1,C,52.0,S,4,5989.0
1238,1238,1311_01,Mars,True,TRAPPIST-1e,1.0,False,0.0,0.0,0.0,0.0,0.0,0.0,1,1311,3,0,F,265.0,P,11,0.0
1239,1239,1311_02,Mars,True,TRAPPIST-1e,17.0,False,948.0,47.0,292.0,0.0,0.0,1287.0,0,1311,3,0,F,265.0,P,11,1287.0
1240,1240,1311_03,Mars,True,TRAPPIST-1e,26.0,False,1946.0,4.0,4.0,0.0,623.0,2577.0,0,1311,3,0,D,43.0,P,11,2577.0
1241,1241,1312_01,Earth,True,55 Cancri e,21.0,False,0.0,0.0,0.0,0.0,0.0,0.0,1,1312,1,1,G,194.0,P,6,0.0
1242,1242,1316_01,Europa,True,TRAPPIST-1e,28.0,False,0.0,0.0,0.0,0.0,0.0,0.0,1,1316,2,0,E,95.0,S,6,0.0
1243,1243,1316_02,Europa,True,55 Cancri e,36.0,False,0.0,847.0,74.26829268292683,4664.0,89.0,5600.0,0,1316,2,0,E,95.0,S,6,5674.268292682927
1244,1244,1317_01,Mars,True,TRAPPIST-1e,25.0,False,2508.0,0.0,23.0,0.0,67.0,2598.0,0,1317,1,1,F,266.0,P,10,2598.0
1245,1245,1322_01,Earth,True,TRAPPIST-1e,40.0,False,0.0,0.0,0.0,0.0,0.0,0.0,1,1322,1,1,G,196.0,P,9,0.0
1246,1246,1323_01,Earth,True,55 Cancri e,23.0,False,0.0,0.0,0.0,0.0,0.0,0.0,1,1323,1,1,F,267.0,P,7,0.0
1247,1247,1324_01,Earth,True,55 Cancri e,2.0,False,0.0,0.0,0.0,0.0,0.0,0.0,1,1324,3,0,G,199.0,S,11,0.0
1248,1248,1324_02,Earth,True,55 Cancri e,10.0,False,0.0,0.0,0.0,0.0,0.0,0.0,1,1324,3,0,G,199.0,S,11,0.0
1249,1249,1324_03,Earth,True,TRAPPIST-1e,43.0,False,0.0,0.0,0.0,0.0,0.0,0.0,1,1324,3,0,G,199.0,S,11,0.0
1250,1250,1325_01,Earth,True,TRAPPIST-1e,0.0,False,0.0,0.0,0.0,0.0,0.0,0.0,1,1325,3,0,E,97.0,S,14,0.0
1251,1251,1325_02,Earth,True,TRAPPIST-1e,24.0,False,70.0,160.0,340.0,0.0,336.0,906.0,0,1325,3,0,E,97.0,S,14,906.0
1252,1252,1325_03,Earth,True,TRAPPIST-1e,42.0,False,0.0,0.0,0.0,0.0,0.0,0.0,1,1325,3,0,E,97.0,S,14,0.0
1253,1253,1326_01,Mars,True,TRAPPIST-1e,30.0,False,1450.0,0.0,402.8,0.0,1147.0,2597.0,0,1326,2,0,F,257.0,S,5,2999.8
1254,1254,1326_02,Mars,True,TRAPPIST-1e,19.0,False,1507.0,0.0,260.0,0.0,0.0,1767.0,0,1326,2,0,F,257.0,S,5,1767.0
1255,1255,1328_01,Earth,True,TRAPPIST-1e,26.0,False,0.0,0.0,0.0,0.0,0.0,0.0,1,1328,1,1,G,198.0,P,12,0.0
1256,1256,1330_01,Mars,True,TRAPPIST-1e,47.0,False,405.0,0.0,193.0,458.0,0.0,1056.0,0,1330,2,0,D,46.0,S,5,1056.0
1257,1257,1330_02,Mars,True,TRAPPIST-1e,28.0,False,120.0,8.0,1128.0,1.0,7.0,1264.0,0,1330,2,0,D,46.0,S,4,1264.0
1258,1258,1331_01,Earth,True,PSO J318.5-22,24.0,False,0.0,0.0,0.0,0.0,0.0,0.0,1,1331,1,1,G,200.0,S,8,0.0
1259,1259,1332_01,Earth,True,TRAPPIST-1e,29.0,False,28.0,0.0,561.0,203.0,0.0,792.0,0,1332,1,1,E,98.0,S,10,792.0
1260,1260,1333_01,Earth,True,PSO J318.5-22,32.0,False,0.0,486.0,0.0,229.0,26.0,741.0,0,1333,1,1,F,269.0,P,3,741.0
1261,1261,1335_01,Earth,True,TRAPPIST-1e,44.0,False,0.0,0.0,0.0,0.0,0.0,0.0,1,1335,1,1,G,199.0,P,11,0.0
1262,1262,1336_01,Earth,True,TRAPPIST-1e,17.0,False,0.0,0.0,0.0,0.0,0.0,0.0,1,1336,1,1,G,201.0,S,0,0.0
1263,1263,1337_01,Earth,True,55 Cancri e,35.0,False,775.0,14.0,0.0,610.0,4.0,1403.0,0,1337,1,1,F,258.0,S,2,1403.0
1264,1264,1340_01,Earth,True,TRAPPIST-1e,23.0,False,0.0,0.0,0.0,0.0,0.0,0.0,1,1340,1,1,G,203.0,S,7,0.0
1265,1265,1342_01,Earth,True,TRAPPIST-1e,34.0,False,0.0,118.0,5.0,0.0,761.0,884.0,0,1342,1,1,G,200.0,P,6,884.0
1266,1266,1345_01,Earth,True,TRAPPIST-1e,25.0,False,1174.0,0.0,18.0,721.0,0.0,1913.0,0,1345,1,1,F,260.0,S,10,1913.0
1267,1267,1347_01,Earth,True,TRAPPIST-1e,67.0,False,0.0,761.0,0.0,1.0,0.0,762.0,0,1347,1,1,F,271.0,P,7,762.0
1268,1268,1348_01,Europa,True,TRAPPIST-1e,22.0,False,0.0,1531.0,0.0,369.0,2969.0,4869.0,0,1348,2,0,B,57.0,S,6,4869.0
1269,1269,1348_02,Europa,True,TRAPPIST-1e,27.0,False,0.0,0.0,0.0,0.0,0.0,0.0,1,1348,2,0,B,57.0,S,6,0.0
1270,1270,1350_01,Earth,True,55 Cancri e,27.0,False,0.0,0.0,0.0,0.0,0.0,0.0,1,1350,4,0,G,206.0,S,8,0.0
1271,1271,1350_02,Earth,True,TRAPPIST-1e,14.0,False,1489.0,2.0,126.0,460.0,72.0,2149.0,0,1350,4,0,F,261.0,S,8,2149.0
1272,1272,1350_03,Earth,True,PSO J318.5-22,42.0,False,491.0,106.0,8.0,202.0,0.0,807.0,0,1350,4,0,G,206.0,S,8,807.0
1273,1273,1350_04,Earth,True,PSO J318.5-22,19.0,False,0.0,0.0,0.0,0.0,0.0,0.0,1,1350,4,0,G,206.0,S,8,0.0
1274,1274,1351_01,Earth,True,TRAPPIST-1e,22.0,False,0.0,0.0,0.0,0.0,0.0,0.0,1,1351,1,1,G,202.0,P,0,0.0
1275,1275,1352_01,Mars,True,TRAPPIST-1e,31.0,False,43.0,782.0,1.0,660.0,0.0,1486.0,0,1352,1,1,F,272.0,P,4,1486.0
1276,1276,1353_01,Mars,True,TRAPPIST-1e,10.0,False,0.0,0.0,0.0,0.0,0.0,0.0,1,1353,4,0,F,262.0,S,7,0.0
1277,1277,1353_02,Mars,True,TRAPPIST-1e,39.0,False,1535.0,0.0,340.0,0.0,723.0,2598.0,0,1353,4,0,F,262.0,S,7,2598.0
1278,1278,1353_03,Mars,True,TRAPPIST-1e,41.0,False,0.0,0.0,0.0,0.0,0.0,0.0,1,1353,4,0,F,262.0,S,7,0.0
1279,1279,1353_04,Mars,True,TRAPPIST-1e,0.0,False,0.0,0.0,0.0,0.0,0.0,0.0,1,1353,4,0,F,262.0,S,7,0.0
1280,1280,1355_01,Earth,True,PSO J318.5-22,22.0,False,0.0,0.0,0.0,0.0,0.0,0.0,1,1355,1,1,G,203.0,P,7,0.0
1281,1281,1356_01,Earth,True,TRAPPIST-1e,21.0,False,0.0,39.0,0.0,310.0,539.0,888.0,0,1356,1,1,G,207.0,S,8,888.0
1282,1282,1357_01,Mars,True,TRAPPIST-1e,40.0,False,0.0,0.0,0.0,0.0,0.0,0.0,1,1357,1,1,D,48.0,S,4,0.0
1283,1283,1360_01,Earth,True,TRAPPIST-1e,25.0,False,0.0,997.0,0.0,0.0,0.0,997.0,0,1360,1,1,E,100.0,S,6,997.0
1284,1284,1362_01,Earth,True,TRAPPIST-1e,23.0,False,0.0,1268.0,0.0,119.0,2.0,1389.0,0,1362,1,1,F,265.0,S,0,1389.0
1285,1285,1365_01,Europa,True,55 Cancri e,33.0,False,77.0,2381.0,0.0,3656.0,150.0,6264.0,0,1365,2,0,B,58.0,S,2,6264.0
1286,1286,1365_02,Europa,True,TRAPPIST-1e,20.0,False,0.0,0.0,0.0,0.0,0.0,0.0,1,1365,2,0,B,58.0,S,2,0.0
1287,1287,1366_01,Earth,True,55 Cancri e,40.0,False,0.0,0.0,0.0,0.0,0.0,0.0,1,1366,1,1,G,206.0,P,9,0.0
1288,1288,1368_01,Earth,True,TRAPPIST-1e,27.0,False,0.0,0.0,0.0,0.0,0.0,0.0,1,1368,1,1,G,208.0,P,3,0.0
1289,1289,1370_01,Earth,True,TRAPPIST-1e,21.0,False,965.0,0.0,23.0,3.0,0.0,991.0,0,1370,1,1,E,102.0,S,7,991.0
1290,1290,1371_01,Mars,True,TRAPPIST-1e,25.0,False,591.0,466.0,0.0,0.0,0.0,1057.0,0,1371,1,1,D,44.0,P,1,1057.0
1291,1291,1375_01,Earth,True,TRAPPIST-1e,2.0,False,0.0,0.0,0.0,0.0,0.0,0.0,1,1375,2,0,G,208.0,S,8,0.0
1292,1292,1375_02,Earth,True,TRAPPIST-1e,19.0,False,0.0,3.0,946.0,0.0,0.0,949.0,0,1375,2,0,F,267.0,S,8,949.0
1293,1293,1376_01,Earth,True,TRAPPIST-1e,41.0,False,0.0,0.0,0.0,0.0,0.0,0.0,1,1376,1,1,G,211.0,P,5,0.0
1294,1294,1377_01,Europa,True,TRAPPIST-1e,43.0,False,0.0,2801.0,537.0,42.0,144.0,3524.0,0,1377,1,1,C,52.0,P,4,3524.0
1295,1295,1378_01,Earth,True,TRAPPIST-1e,19.0,False,245.0,41.0,550.0,171.25862068965517,0.0,836.0,0,1378,2,0,G,212.0,P,3,1007.2586206896551
1296,1296,1378_02,Earth,True,TRAPPIST-1e,22.0,False,926.0,0.0,0.0,0.0,78.0,1004.0,0,1378,2,0,F,275.0,P,3,1004.0
1297,1297,1379_01,Earth,True,TRAPPIST-1e,16.0,False,0.0,30.0,0.0,769.0,4.0,803.0,0,1379,1,1,F,268.0,S,11,803.0
1298,1298,1380_01,Europa,True,55 Cancri e,42.0,False,0.0,21.0,0.0,2735.0,3604.0,6360.0,0,1380,1,1,C,53.0,S,3,6360.0
1299,1299,1381_01,Earth,True,PSO J318.5-22,20.0,False,0.0,0.0,0.0,0.0,0.0,0.0,1,1381,1,1,G,209.0,S,9,0.0
1300,1300,1382_01,Earth,True,TRAPPIST-1e,35.0,False,0.0,1125.0,429.0,0.0,55.0,1609.0,0,1382,1,1,E,104.0,S,9,1609.0
1301,1301,1383_01,Europa,True,TRAPPIST-1e,53.0,False,0.0,0.0,0.0,0.0,0.0,0.0,1,1383,1,1,D,49.0,S,6,0.0
1302,1302,1384_01,Earth,True,TRAPPIST-1e,17.0,False,21.0,0.0,690.0,260.0,5.0,976.0,0,1384,5,0,E,105.0,S,15,976.0
1303,1303,1384_02,Earth,True,TRAPPIST-1e,6.0,False,0.0,0.0,0.0,0.0,0.0,0.0,1,1384,5,0,G,210.0,S,15,0.0
1304,1304,1384_03,Earth,True,TRAPPIST-1e,22.0,False,0.0,442.0,0.0,0.0,368.0,810.0,0,1384,5,0,F,269.0,S,15,810.0
1305,1305,1384_04,Earth,True,TRAPPIST-1e,41.0,False,338.0,0.0,377.0,2.0,86.0,803.0,0,1384,5,0,F,269.0,S,15,803.0
1306,1306,1384_05,Earth,True,TRAPPIST-1e,19.0,False,189.0,510.0,0.0,0.0,0.0,699.0,0,1384,5,0,E,105.0,S,15,699.0
1307,1307,1385_01,Earth,True,TRAPPIST-1e,39.0,False,705.0,3.0,0.0,0.0,0.0,708.0,0,1385,1,1,G,213.0,P,10,708.0
1308,1308,1386_01,Earth,True,TRAPPIST-1e,23.0,False,0.0,0.0,0.0,0.0,0.0,0.0,1,1386,1,1,G,214.0,P,9,0.0
1309,1309,1387_01,Mars,True,TRAPPIST-1e,31.0,False,1088.0,0.0,280.0,0.0,0.0,1368.0,0,1387,1,1,E,85.0,P,10,1368.0
1310,1310,1389_01,Earth,True,55 Cancri e,38.0,False,0.0,0.0,0.0,0.0,0.0,0.0,1,1389,1,1,G,212.0,S,12,0.0
1311,1311,1390_01,Earth,True,PSO J318.5-22,1.0,False,0.0,0.0,0.0,0.0,0.0,0.0,1,1390,1,1,G,215.0,P,4,0.0
1312,1312,1391_01,Mars,True,TRAPPIST-1e,13.0,False,0.0,0.0,0.0,0.0,0.0,0.0,1,1391,3,0,F,276.0,P,11,0.0
1313,1313,1391_02,Mars,True,TRAPPIST-1e,21.0,False,1072.0,79.0,46.0,16.0,0.0,1213.0,0,1391,3,0,F,276.0,P,11,1213.0
1314,1314,1391_03,Mars,True,TRAPPIST-1e,44.0,False,485.0,2.0,210.0,0.0,351.0,1048.0,0,1391,3,0,F,276.0,P,11,1048.0
1315,1315,1393_01,Mars,True,TRAPPIST-1e,36.0,False,42.0,0.0,212.0,151.0,1853.0,2258.0,0,1393,2,0,F,270.0,S,2,2258.0
1316,1316,1393_02,Mars,True,TRAPPIST-1e,19.0,False,2058.0,0.0,224.0,298.0,19.0,2599.0,0,1393,2,0,F,270.0,S,2,2599.0
1317,1317,1395_01,Earth,True,TRAPPIST-1e,7.0,False,0.0,0.0,0.0,0.0,0.0,0.0,1,1395,1,1,G,214.0,S,3,0.0
1318,1318,1397_01,Earth,True,TRAPPIST-1e,39.0,False,386.0,190.0,0.0,489.0,0.0,1065.0,0,1397,1,1,F,271.0,S,9,1065.0
1319,1319,1398_01,Earth,True,TRAPPIST-1e,28.0,False,0.0,508.0,334.0,0.0,46.0,888.0,0,1398,1,1,G,216.0,P,4,888.0
1320,1320,1399_01,Earth,True,TRAPPIST-1e,28.0,False,0.0,0.0,529.0,560.0,60.0,1149.0,0,1399,1,1,F,272.0,S,3,1149.0
1321,1321,1400_01,Earth,True,55 Cancri e,14.0,False,0.0,0.0,0.0,0.0,0.0,0.0,1,1400,1,1,G,217.0,P,9,0.0
1322,1322,1401_01,Earth,True,TRAPPIST-1e,18.0,False,0.0,0.0,599.0,59.0,152.0,810.0,0,1401,1,1,G,218.0,P,4,810.0
1323,1323,1402_01,Earth,True,PSO J318.5-22,23.0,False,0.0,0.0,0.0,0.0,0.0,0.0,1,1402,2,0,G,215.0,S,14,0.0
1324,1324,1402_02,Earth,True,55 Cancri e,33.0,False,0.0,0.0,0.0,0.0,0.0,0.0,1,1402,2,0,G,215.0,S,14,0.0
1325,1325,1403_01,Earth,True,TRAPPIST-1e,18.0,False,1656.0,0.0,0.0,192.5114503816794,0.0,1656.0,0,1403,1,1,E,86.0,P,9,1848.5114503816794
1326,1326,1404_01,Europa,True,TRAPPIST-1e,47.0,False,1.0,734.0,28.0,78.0,3471.0,4312.0,0,1404,2,0,B,60.0,S,2,4312.0
1327,1327,1404_02,Europa,True,TRAPPIST-1e,42.0,False,0.0,51.0,0.0,4170.0,13.0,4234.0,0,1404,2,0,B,51.0,S,2,4234.0
1328,1328,1406_01,Mars,True,TRAPPIST-1e,17.0,False,36.0,0.0,1013.0,0.0,0.0,1049.0,0,1406,1,1,E,106.0,S,5,1049.0
1329,1329,1407_01,Earth,True,TRAPPIST-1e,21.0,False,737.0,4.0,27.0,8.0,0.0,776.0,0,1407,2,0,F,278.0,P,10,776.0
1330,1330,1407_02,Earth,True,PSO J318.5-22,17.0,False,8.0,222.0,3.0,401.0,0.0,634.0,0,1407,2,0,F,278.0,P,10,634.0
1331,1331,1408_01,Earth,True,PSO J318.5-22,26.0,False,4.0,770.0,0.0,0.0,0.0,774.0,0,1408,1,1,G,216.0,S,14,774.0
1332,1332,1410_01,Earth,True,TRAPPIST-1e,23.0,False,0.0,567.0,896.0,0.0,122.0,1585.0,0,1410,1,1,F,279.0,P,10,1585.0
1333,1333,1412_01,Earth,True,55 Cancri e,15.0,False,0.0,0.0,146.20634920634922,0.0,832.0,832.0,0,1412,1,1,G,217.0,S,3,978.2063492063492
1334,1334,1413_01,Earth,True,PSO J318.5-22,18.0,False,0.0,0.0,0.0,0.0,0.0,0.0,1,1413,1,1,G,218.0,S,10,0.0
1335,1335,1414_01,Earth,True,TRAPPIST-1e,65.0,False,259.0,0.0,0.0,0.0,1916.0,2175.0,0,1414,1,1,F,280.0,P,8,2175.0
1336,1336,1415_01,Europa,True,55 Cancri e,33.0,False,13.0,1452.2083333333333,2011.0,17.0,32.0,2073.0,0,1415,1,1,D,45.0,P,1,3525.208333333333
1337,1337,1416_01,Earth,True,TRAPPIST-1e,27.0,False,0.0,0.0,0.0,0.0,0.0,0.0,1,1416,1,1,G,219.0,P,3,0.0
1338,1338,1417_01,Europa,True,TRAPPIST-1e,41.0,False,0.0,184.0,0.0,1520.0,3358.0,5062.0,0,1417,1,1,C,54.0,S,2,5062.0
1339,1339,1419_01,Mars,True,TRAPPIST-1e,42.0,False,1381.0,0.0,1243.0,0.0,0.0,2624.0,0,1419,1,1,F,273.0,S,5,2624.0
1340,1340,1420_01,Mars,True,TRAPPIST-1e,30.5,False,0.0,0.0,0.0,0.0,0.0,0.0,1,1420,1,1,E,108.0,S,8,0.0
1341,1341,1421_01,Mars,True,TRAPPIST-1e,37.0,False,328.0,6153.0,357.04761904761904,26.0,820.0,7327.0,0,1421,2,0,F,274.0,S,5,7684.047619047619
1342,1342,1421_02,Mars,True,55 Cancri e,17.0,False,891.0,0.0,243.0,0.0,5.0,1139.0,0,1421,2,0,F,274.0,S,5,1139.0
1343,1343,1423_01,Europa,True,TRAPPIST-1e,24.0,False,0.0,0.0,0.0,0.0,0.0,0.0,1,1423,3,0,B,61.0,S,3,0.0
1344,1344,1423_02,Europa,True,TRAPPIST-1e,39.0,False,0.0,0.0,0.0,0.0,0.0,0.0,1,1423,3,0,B,61.0,S,3,0.0
1345,1345,1423_03,Europa,True,55 Cancri e,59.0,False,0.0,0.0,0.0,0.0,0.0,0.0,1,1423,3,0,B,61.0,S,3,0.0
1346,1346,1424_01,Europa,True,TRAPPIST-1e,32.0,False,0.0,0.0,0.0,0.0,0.0,0.0,1,1424,5,0,B,47.0,P,12,0.0
1347,1347,1424_02,Europa,True,55 Cancri e,29.0,False,2988.0,2147.0,0.0,0.0,1779.0,6914.0,0,1424,5,0,B,47.0,P,12,6914.0
1348,1348,1424_03,Europa,True,TRAPPIST-1e,8.0,False,0.0,0.0,0.0,0.0,0.0,0.0,1,1424,5,0,B,47.0,P,12,0.0
1349,1349,1424_04,Europa,True,55 Cancri e,28.0,False,0.0,4380.0,0.0,692.0,0.0,5072.0,0,1424,5,0,B,47.0,P,12,5072.0
1350,1350,1424_05,Europa,True,TRAPPIST-1e,35.0,False,0.0,0.0,0.0,0.0,0.0,0.0,1,1424,5,0,B,47.0,P,12,0.0
1351,1351,1425_01,Earth,True,TRAPPIST-1e,24.0,False,711.0,0.0,0.0,59.0,57.0,827.0,0,1425,3,0,F,282.0,P,10,827.0
1352,1352,1425_02,Earth,True,TRAPPIST-1e,1.0,False,0.0,0.0,0.0,0.0,0.0,0.0,1,1425,3,0,G,220.0,P,10,0.0
1353,1353,1425_03,Earth,True,TRAPPIST-1e,4.0,False,0.0,0.0,0.0,0.0,0.0,0.0,1,1425,3,0,G,220.0,P,10,0.0
1354,1354,1426_01,Europa,True,55 Cancri e,28.0,False,0.0,0.0,0.0,0.0,0.0,0.0,1,1426,1,1,D,46.0,P,6,0.0
1355,1355,1427_01,Mars,True,TRAPPIST-1e,46.0,False,0.0,0.0,0.0,0.0,0.0,0.0,1,1427,2,0,F,275.0,S,5,0.0
1356,1356,1427_02,Mars,True,TRAPPIST-1e,67.0,False,443.0,0.0,1721.0,250.0,2.0,2416.0,0,1427,2,0,F,275.0,S,5,2416.0
1357,1357,1428_01,Earth,True,TRAPPIST-1e,44.0,False,0.0,200.0,128.0,460.0,0.0,788.0,0,1428,1,1,E,109.0,S,7,788.0
1358,1358,1430_01,Earth,True,TRAPPIST-1e,14.0,False,360.0,0.0,2116.0,1.0,8.0,2485.0,0,1430,1,1,F,283.0,P,5,2485.0
1359,1359,1431_01,Earth,True,TRAPPIST-1e,23.0,False,0.0,0.0,4.0,0.0,965.0,969.0,0,1431,1,1,G,221.0,P,4,969.0
1360,1360,1433_01,Earth,True,TRAPPIST-1e,51.0,False,0.0,0.0,0.0,0.0,0.0,0.0,1,1433,1,1,G,219.0,S,5,0.0
1361,1361,1434_01,Earth,True,TRAPPIST-1e,20.0,False,0.0,258.0,331.0,133.0,198.91549295774647,722.0,0,1434,3,0,G,222.0,P,14,920.9154929577464
1362,1362,1434_02,Earth,True,TRAPPIST-1e,0.0,False,0.0,0.0,0.0,0.0,0.0,0.0,1,1434,3,0,G,228.0,P,14,0.0
1363,1363,1434_03,Earth,True,TRAPPIST-1e,0.0,False,0.0,0.0,0.0,0.0,0.0,0.0,1,1434,3,0,G,222.0,P,14,0.0
1364,1364,1435_01,Earth,True,TRAPPIST-1e,23.0,False,0.0,20.0,26.0,0.0,659.0,705.0,0,1435,1,1,G,223.0,P,10,705.0
1365,1365,1438_01,Earth,True,TRAPPIST-1e,24.0,False,181.0,224.0,0.0,195.0,191.0,791.0,0,1438,1,1,E,89.0,P,15,791.0
1366,1366,1439_01,Mars,True,TRAPPIST-1e,41.0,False,112.0,186.0,228.0,760.0,0.0,1286.0,0,1439,2,0,F,279.0,S,6,1286.0
1367,1367,1439_02,Mars,True,TRAPPIST-1e,30.0,False,806.0,100.0,9.0,128.0,47.0,962.0,0,1439,2,0,D,52.0,S,6,1090.0
1368,1368,1440_01,Earth,True,TRAPPIST-1e,27.0,False,0.0,1826.0,39.0,11.0,649.0,2525.0,0,1440,1,1,F,280.0,S,6,2525.0
1369,1369,1442_01,Earth,True,PSO J318.5-22,13.0,False,0.0,0.0,0.0,0.0,0.0,0.0,1,1442,1,1,G,220.0,S,5,0.0
1370,1370,1443_01,Earth,True,TRAPPIST-1e,16.0,False,0.0,0.0,0.0,0.0,0.0,0.0,1,1443,1,1,G,225.0,P,6,0.0
1371,1371,1444_01,Europa,True,TRAPPIST-1e,30.0,False,50.0,1248.0,0.0,1.0,912.0,2211.0,0,1444,1,1,C,55.0,S,8,2211.0
1372,1372,1445_01,Earth,True,PSO J318.5-22,8.0,False,0.0,0.0,0.0,0.0,0.0,0.0,1,1445,1,1,G,221.0,S,3,0.0
1373,1373,1447_01,Earth,True,TRAPPIST-1e,59.0,False,0.0,0.0,0.0,0.0,755.0,755.0,0,1447,1,1,G,227.0,P,10,755.0
1374,1374,1450_01,Europa,True,55 Cancri e,43.0,False,0.0,0.0,0.0,0.0,0.0,0.0,1,1450,2,0,D,53.0,S,2,0.0
1375,1375,1450_02,Europa,True,55 Cancri e,30.0,False,0.0,138.0,0.0,5467.0,112.0,5717.0,0,1450,2,0,D,53.0,S,2,5717.0
1376,1376,1451_01,Europa,True,55 Cancri e,46.0,False,202.0,484.0,0.0,3208.0,2485.0,6379.0,0,1451,2,0,C,56.0,S,4,6379.0
1377,1377,1451_02,Europa,True,TRAPPIST-1e,39.0,False,0.0,0.0,0.0,0.0,0.0,0.0,1,1451,2,0,C,56.0,S,4,0.0
1378,1378,1452_01,Europa,True,TRAPPIST-1e,21.0,False,5.0,251.0,10.0,26.0,3384.0,3676.0,0,1452,5,0,C,53.0,P,13,3676.0
1379,1379,1452_02,Europa,True,TRAPPIST-1e,70.0,False,0.0,0.0,0.0,0.0,0.0,0.0,1,1452,5,0,C,52.0,P,13,0.0
1380,1380,1452_03,Europa,True,55 Cancri e,34.0,False,0.0,1646.0,0.0,51.0,1462.0,3159.0,0,1452,5,0,C,53.0,P,13,3159.0
1381,1381,1452_04,Europa,True,TRAPPIST-1e,33.0,False,0.0,774.0,0.0,6255.0,6.0,7035.0,0,1452,5,0,C,53.0,P,13,7035.0
1382,1382,1452_05,Europa,True,55 Cancri e,44.0,False,0.0,0.0,0.0,0.0,0.0,0.0,1,1452,5,0,C,53.0,P,13,0.0
1383,1383,1453_01,Earth,True,55 Cancri e,16.0,False,0.0,2838.0,32.0,5.0,3404.0,6279.0,0,1453,2,0,G,229.0,P,12,6279.0
1384,1384,1453_02,Earth,True,TRAPPIST-1e,63.0,False,3.0,801.0,0.0,0.0,5.0,809.0,0,1453,2,0,G,229.0,P,12,809.0
1385,1385,1454_01,Europa,True,TRAPPIST-1e,37.0,False,0.0,13561.0,15.0,4060.0,72.0,17708.0,0,1454,1,1,D,54.0,S,4,17708.0
1386,1386,1455_01,Europa,True,55 Cancri e,29.0,False,0.0,0.0,0.0,0.0,0.0,0.0,1,1455,5,0,B,62.0,S,8,0.0
1387,1387,1455_02,Europa,True,TRAPPIST-1e,29.0,False,0.0,2509.0,0.0,16.0,698.0,3223.0,0,1455,5,0,B,62.0,S,2,3223.0
1388,1388,1455_03,Europa,True,55 Cancri e,22.0,False,0.0,0.0,0.0,0.0,0.0,0.0,1,1455,5,0,B,62.0,S,8,0.0
1389,1389,1455_04,Europa,True,TRAPPIST-1e,26.0,False,0.0,533.0,2119.0,10.0,504.0,3166.0,0,1455,5,0,B,62.0,S,8,3166.0
1390,1390,1455_05,Europa,True,55 Cancri e,76.0,False,0.0,2732.0,422.0,16594.0,330.0,20078.0,0,1455,5,0,B,62.0,S,8,20078.0
1391,1391,1457_01,Earth,True,TRAPPIST-1e,61.0,False,0.0,368.0,3.0,4422.0,0.0,4793.0,0,1457,1,1,E,110.0,S,5,4793.0
1392,1392,1458_01,Earth,True,TRAPPIST-1e,46.0,False,0.0,0.0,2020.0,323.0,0.0,2343.0,0,1458,1,1,G,223.0,S,14,2343.0
1393,1393,1460_01,Earth,True,TRAPPIST-1e,19.0,False,101.91666666666667,905.0,387.0,0.0,0.0,1292.0,0,1460,2,0,F,285.0,P,6,1393.9166666666665
1394,1394,1460_02,Earth,True,PSO J318.5-22,13.0,False,0.0,0.0,0.0,0.0,0.0,0.0,1,1460,2,0,G,230.0,P,6,0.0
1395,1395,1461_01,Earth,True,TRAPPIST-1e,24.0,False,0.0,0.0,0.0,0.0,0.0,0.0,1,1461,1,1,G,224.0,S,8,0.0
1396,1396,1462_01,Earth,True,TRAPPIST-1e,30.0,False,0.0,0.0,0.0,0.0,0.0,0.0,1,1462,1,1,G,231.0,P,2,0.0
1397,1397,1463_01,Earth,True,PSO J318.5-22,23.0,False,200.0,414.0,73.0,1.0,1.0,689.0,0,1463,1,1,F,282.0,S,0,689.0
1398,1398,1465_01,Earth,True,PSO J318.5-22,63.0,False,356.0,287.0,0.0,0.0,248.0,891.0,0,1465,1,1,G,233.0,P,8,891.0
1399,1399,1467_01,Earth,True,TRAPPIST-1e,21.0,False,894.0,1.0,0.0,61.0,26.0,982.0,0,1467,1,1,E,111.0,S,10,982.0
1400,1400,1474_01,Mars,True,TRAPPIST-1e,32.0,False,0.0,0.0,0.0,0.0,0.0,0.0,1,1474,1,1,F,287.0,P,2,0.0
1401,1401,1478_01,Earth,True,TRAPPIST-1e,33.0,False,0.0,0.0,0.0,417.0,2372.0,2789.0,0,1478,2,0,F,289.0,P,9,2789.0
1402,1402,1478_02,Earth,True,PSO J318.5-22,39.0,False,129.92592592592592,19.0,733.0,0.0,701.0,1453.0,0,1478,2,0,F,289.0,P,9,1582.9259259259259
1403,1403,1479_01,Mars,True,TRAPPIST-1e,49.0,False,0.0,0.0,0.0,0.0,0.0,0.0,1,1479,1,1,F,290.0,P,9,0.0
1404,1404,1481_01,Mars,True,TRAPPIST-1e,27.0,False,555.0,0.0,744.0,0.0,0.0,1299.0,0,1481,1,1,E,91.0,P,4,1299.0
1405,1405,1484_01,Earth,True,TRAPPIST-1e,16.0,False,92.0,1.0,884.0,0.0,0.0,977.0,0,1484,1,1,E,93.0,P,7,977.0
1406,1406,1485_01,Mars,True,TRAPPIST-1e,38.0,False,0.0,0.0,0.0,0.0,0.0,0.0,1,1485,1,1,F,291.0,P,5,0.0
1407,1407,1488_01,Mars,True,TRAPPIST-1e,42.0,False,0.0,0.0,0.0,0.0,0.0,0.0,1,1488,1,1,E,94.0,P,5,0.0
1408,1408,1489_01,Earth,True,TRAPPIST-1e,19.0,False,73.0,0.0,0.0,813.0,2.0,888.0,0,1489,1,1,G,229.0,S,8,888.0
1409,1409,1490_01,Europa,True,55 Cancri e,26.0,False,0.0,304.0,0.0,3998.0,1303.3488372093022,4302.0,0,1490,1,1,D,47.0,P,2,5605.3488372093025
1410,1410,1491_01,Earth,True,55 Cancri e,32.0,False,0.0,0.0,0.0,817.0,8.0,825.0,0,1491,3,0,G,240.0,P,7,825.0
1411,1411,1491_02,Earth,True,TRAPPIST-1e,56.0,False,0.0,51.0,0.0,2.0,706.0,759.0,0,1491,3,0,F,292.0,P,7,759.0
1412,1412,1491_03,Earth,True,TRAPPIST-1e,0.0,False,0.0,0.0,0.0,0.0,0.0,0.0,1,1491,3,0,G,240.0,P,7,0.0
1413,1413,1493_01,Earth,True,TRAPPIST-1e,38.0,False,35.0,0.0,0.0,0.0,713.0,748.0,0,1493,1,1,F,285.0,S,7,748.0
1414,1414,1498_01,Earth,True,TRAPPIST-1e,30.0,False,0.0,495.0,149.71052631578948,0.0,153.0,648.0,0,1498,1,1,F,295.0,P,4,797.7105263157895
1415,1415,1499_01,Earth,True,TRAPPIST-1e,21.0,False,5.0,0.0,0.0,2.0,1061.0,1068.0,0,1499,1,1,F,287.0,S,5,1068.0
1416,1416,1500_01,Earth,True,TRAPPIST-1e,11.0,False,0.0,0.0,0.0,0.0,0.0,0.0,1,1500,7,0,G,230.0,S,12,0.0
1417,1417,1500_02,Earth,True,TRAPPIST-1e,3.0,False,0.0,0.0,0.0,0.0,0.0,0.0,1,1500,7,0,G,230.0,S,12,0.0
1418,1418,1500_03,Earth,True,55 Cancri e,17.0,False,0.0,55.0,913.0,0.0,55.0,1023.0,0,1500,7,0,G,230.0,S,14,1023.0
1419,1419,1500_04,Earth,False,55 Cancri e,35.0,False,0.0,0.0,0.0,0.0,0.0,0.0,1,1500,7,0,G,230.0,S,12,0.0
1420,1420,1500_05,Earth,True,55 Cancri e,17.0,False,319.0,184.0,0.0,0.0,376.0,879.0,0,1500,7,0,F,288.0,S,14,879.0
1421,1421,1500_06,Earth,True,TRAPPIST-1e,0.0,False,0.0,0.0,0.0,0.0,0.0,0.0,1,1500,7,0,G,230.0,S,14,0.0
1422,1422,1500_07,Earth,True,TRAPPIST-1e,46.0,False,0.0,0.0,0.0,0.0,0.0,0.0,1,1500,7,0,G,230.0,S,14,0.0
1423,1423,1501_01,Earth,True,TRAPPIST-1e,63.0,False,0.0,216.0,0.0,594.0,0.0,810.0,0,1501,1,1,G,243.0,P,9,810.0
1424,1424,1503_01,Mars,True,TRAPPIST-1e,35.0,False,1890.0,0.0,497.0,1.0,0.0,2388.0,0,1503,2,0,D,48.0,P,2,2388.0
1425,1425,1503_02,Mars,True,TRAPPIST-1e,61.0,False,1114.0,0.0,68.0,0.0,0.0,1182.0,0,1503,2,0,D,48.0,P,2,1182.0
1426,1426,1506_01,Earth,True,TRAPPIST-1e,19.0,False,0.0,24.0,615.0,9.0,0.0,648.0,0,1506,1,1,F,298.0,P,4,648.0
1427,1427,1507_01,Earth,True,TRAPPIST-1e,43.0,False,0.0,0.0,1217.0,2.0,0.0,1219.0,0,1507,4,0,F,289.0,S,6,1219.0
1428,1428,1507_02,Earth,True,TRAPPIST-1e,14.0,False,1.0,1.0,683.0,419.0,0.0,1104.0,0,1507,4,0,F,289.0,S,6,1104.0
1429,1429,1507_03,Earth,True,TRAPPIST-1e,78.0,False,0.0,0.0,0.0,441.0,4.0,445.0,0,1507,4,0,G,231.0,S,6,445.0
1430,1430,1507_04,Earth,True,TRAPPIST-1e,21.0,False,398.0,490.0,0.0,193.7,0.0,888.0,0,1507,4,0,F,289.0,S,6,1081.7
1431,1431,1509_01,Mars,True,TRAPPIST-1e,32.0,False,1240.0,0.0,58.0,0.0,0.0,1298.0,0,1509,1,1,E,95.0,P,11,1298.0
1432,1432,1510_01,Mars,True,TRAPPIST-1e,31.0,False,1226.0,0.0,1.0,0.0,0.0,1227.0,0,1510,1,1,F,291.0,S,6,1227.0
1433,1433,1511_01,Europa,True,TRAPPIST-1e,40.0,False,1006.0,1242.05,0.0,284.0,329.0,1619.0,0,1511,4,0,B,63.0,S,8,2861.05
1434,1434,1511_02,Europa,True,TRAPPIST-1e,13.0,False,0.0,0.0,0.0,0.0,0.0,0.0,1,1511,4,0,B,63.0,S,6,0.0
1435,1435,1511_03,Europa,True,TRAPPIST-1e,36.0,False,0.0,2345.0,0.0,1966.0,27.0,4338.0,0,1511,4,0,B,63.0,S,8,4338.0
1436,1436,1511_04,Europa,True,55 Cancri e,31.0,False,65.0,2121.0,0.0,6431.0,1.0,8618.0,0,1511,4,0,B,63.0,S,6,8618.0
1437,1437,1515_01,Earth,True,TRAPPIST-1e,18.0,False,765.0,0.0,13.0,0.0,0.0,778.0,0,1515,1,1,F,293.0,S,9,778.0
1438,1438,1520_01,Earth,True,TRAPPIST-1e,40.0,False,0.0,0.0,0.0,0.0,0.0,0.0,1,1520,1,1,G,235.0,S,7,0.0
1439,1439,1521_01,Mars,True,TRAPPIST-1e,28.0,False,0.0,0.0,0.0,0.0,0.0,0.0,1,1521,1,1,F,295.0,S,8,0.0
1440,1440,1523_01,Europa,True,55 Cancri e,41.0,False,0.0,0.0,0.0,0.0,0.0,0.0,1,1523,2,0,B,64.0,S,10,0.0
1441,1441,1523_02,Europa,True,TRAPPIST-1e,35.0,False,0.0,0.0,0.0,0.0,0.0,0.0,1,1523,2,0,B,64.0,S,10,0.0
1442,1442,1524_01,Earth,True,TRAPPIST-1e,14.0,False,0.0,0.0,0.0,0.0,0.0,0.0,1,1524,1,1,G,236.0,S,5,0.0
1443,1443,1525_01,Mars,True,TRAPPIST-1e,20.0,False,539.0,1269.0,38.0,0.0,0.0,1846.0,0,1525,1,1,F,299.0,P,5,1846.0
1444,1444,1526_01,Earth,True,55 Cancri e,23.0,False,4.0,191.29268292682926,2.0,254.0,521.0,781.0,0,1526,1,1,F,300.0,P,3,972.2926829268292
1445,1445,1527_01,Europa,True,55 Cancri e,22.0,False,0.0,0.0,0.0,0.0,0.0,0.0,1,1527,2,0,D,49.0,P,5,0.0
1446,1446,1527_02,Europa,True,TRAPPIST-1e,25.0,False,0.0,0.0,0.0,0.0,0.0,0.0,1,1527,2,0,D,49.0,P,5,0.0
1447,1447,1528_01,Mars,True,55 Cancri e,18.0,False,3992.0,673.0,1360.0,2.0,0.0,6027.0,0,1528,1,1,D,50.0,P,4,6027.0
1448,1448,1529_01,Europa,True,PSO J318.5-22,25.0,True,0.0,7069.0,0.0,45.0,282.0,7396.0,0,1529,2,0,A,16.0,S,8,7396.0
1449,1449,1529_02,Europa,True,TRAPPIST-1e,30.0,False,0.0,0.0,0.0,0.0,0.0,0.0,1,1529,2,0,A,16.0,S,8,0.0
1450,1450,1531_01,Earth,True,TRAPPIST-1e,46.0,False,0.0,0.0,533.0,277.0,0.0,810.0,0,1531,1,1,G,237.0,S,9,810.0
1451,1451,1532_01,Europa,True,TRAPPIST-1e,27.0,False,0.0,31.0,0.0,1.0,11378.0,11410.0,0,1532,1,1,B,65.0,S,5,11410.0
1452,1452,1533_01,Earth,True,TRAPPIST-1e,53.0,False,1015.0,0.0,0.0,0.0,1.0,1016.0,0,1533,1,1,G,244.0,P,14,1016.0
1453,1453,1536_01,Mars,True,TRAPPIST-1e,21.0,False,0.0,0.0,0.0,0.0,0.0,0.0,1,1536,1,1,F,297.0,S,7,0.0
1454,1454,1539_01,Europa,True,55 Cancri e,32.0,False,54.0,3782.0,0.0,21.0,5.0,3862.0,0,1539,1,1,A,17.0,S,3,3862.0
1455,1455,1540_01,Europa,True,TRAPPIST-1e,32.0,False,1.0,470.0,0.0,1440.0,2114.0,4025.0,0,1540,3,0,C,55.0,P,7,4025.0
1456,1456,1540_02,Europa,True,TRAPPIST-1e,33.0,True,0.0,7139.0,22.0,0.0,553.0,7714.0,0,1540,3,0,C,55.0,P,7,7714.0
1457,1457,1540_03,Europa,True,TRAPPIST-1e,26.0,False,0.0,170.0,0.0,3718.0,0.0,3888.0,0,1540,3,0,C,55.0,P,7,3888.0
1458,1458,1541_01,Earth,True,TRAPPIST-1e,47.0,False,12.0,7.0,0.0,720.0,0.0,739.0,0,1541,1,1,F,298.0,S,11,739.0
1459,1459,1542_01,Mars,True,TRAPPIST-1e,13.0,False,7172.0,0.0,157.0,20.0,0.0,7349.0,0,1542,1,1,F,299.0,S,4,7349.0
1460,1460,1543_01,Europa,True,55 Cancri e,34.0,False,0.0,0.0,0.0,0.0,0.0,0.0,1,1543,1,1,C,56.0,P,2,0.0
1461,1461,1544_01,Earth,True,TRAPPIST-1e,21.0,False,9.0,0.0,0.0,0.0,800.0,809.0,0,1544,1,1,G,245.0,P,6,809.0
1462,1462,1545_01,Mars,True,TRAPPIST-1e,20.0,False,206.0,0.0,629.0,67.0,523.0,1425.0,0,1545,1,1,F,304.0,P,6,1425.0
1463,1463,1547_01,Earth,True,TRAPPIST-1e,21.0,False,163.0,0.0,661.0,32.0,0.0,856.0,0,1547,1,1,F,301.0,S,13,856.0
1464,1464,1548_01,Europa,True,55 Cancri e,51.0,False,0.0,0.0,0.0,0.0,0.0,0.0,1,1548,2,0,B,50.0,P,2,0.0
1465,1465,1548_02,Europa,True,TRAPPIST-1e,18.0,False,0.0,0.0,0.0,0.0,0.0,0.0,1,1548,2,0,B,50.0,P,2,0.0
1466,1466,1550_01,Europa,True,TRAPPIST-1e,26.0,False,1.0,230.0,0.0,42.0,4030.0,4303.0,0,1550,2,0,C,58.0,S,3,4303.0
1467,1467,1550_02,Europa,True,55 Cancri e,53.0,True,5022.0,2376.0,0.0,0.0,235.0,7633.0,0,1550,2,0,C,55.0,S,3,7633.0
1468,1468,1551_01,Europa,True,TRAPPIST-1e,30.0,False,0.0,1376.0,43.0,0.0,1460.0,2879.0,0,1551,1,1,E,96.0,P,2,2879.0
1469,1469,1552_01,Earth,True,TRAPPIST-1e,37.0,False,0.0,0.0,0.0,0.0,0.0,0.0,1,1552,1,1,G,240.0,S,9,0.0
1470,1470,1555_01,Europa,True,TRAPPIST-1e,45.0,False,0.0,1389.0,0.0,2987.0,0.0,4376.0,0,1555,1,1,A,18.0,S,4,4376.0
1471,1471,1558_01,Earth,True,TRAPPIST-1e,62.0,False,877.0,15.0,0.0,0.0,1.0,893.0,0,1558,1,1,G,247.0,P,5,893.0
1472,1472,1560_01,Earth,True,TRAPPIST-1e,38.0,False,0.0,1.0,45.0,0.0,837.0,883.0,0,1560,1,1,G,242.0,S,6,883.0
1473,1473,1561_01,Earth,True,55 Cancri e,24.0,False,1030.0,0.0,0.0,0.0,1122.0,2152.0,0,1561,1,1,F,305.0,P,10,2152.0
1474,1474,1562_01,Earth,True,TRAPPIST-1e,18.0,False,341.0,0.0,332.0,102.0,0.0,775.0,0,1562,1,1,F,306.0,P,8,775.0
1475,1475,1564_01,Mars,True,TRAPPIST-1e,23.0,False,0.0,0.0,0.0,0.0,0.0,0.0,1,1564,1,1,F,303.0,S,3,0.0
1476,1476,1565_01,Earth,True,PSO J318.5-22,16.0,False,0.0,1519.0,0.0,0.0,766.0,2285.0,0,1565,1,1,F,304.0,S,8,2285.0
1477,1477,1567_01,Europa,True,TRAPPIST-1e,37.0,False,0.0,0.0,0.0,0.0,0.0,0.0,1,1567,1,1,B,53.0,P,1,0.0
1478,1478,1568_01,Earth,True,TRAPPIST-1e,22.0,False,1018.0,100.0,0.0,9.0,0.0,1127.0,0,1568,2,0,G,250.0,P,10,1127.0
1479,1479,1568_02,Earth,True,PSO J318.5-22,18.0,False,0.0,0.0,0.0,0.0,0.0,0.0,1,1568,2,0,G,248.0,P,10,0.0
1480,1480,1569_01,Mars,True,TRAPPIST-1e,25.0,False,0.0,0.0,0.0,0.0,0.0,0.0,1,1569,1,1,F,308.0,P,6,0.0
1481,1481,1572_01,Earth,True,TRAPPIST-1e,26.0,False,758.0,17.0,11.0,0.0,0.0,786.0,0,1572,2,0,G,249.0,P,8,786.0
1482,1482,1572_02,Earth,True,TRAPPIST-1e,25.0,False,4.0,0.0,146.0,723.0,0.0,873.0,0,1572,2,0,F,309.0,P,6,873.0
1483,1483,1573_01,Mars,True,TRAPPIST-1e,55.0,False,938.0,0.0,82.0,0.0,162.0,1182.0,0,1573,1,1,D,56.0,S,6,1182.0
1484,1484,1576_01,Mars,True,TRAPPIST-1e,28.0,False,641.0,0.0,372.0,0.0,16.0,1029.0,0,1576,1,1,E,97.0,P,9,1029.0
1485,1485,1577_01,Earth,True,TRAPPIST-1e,23.0,False,0.0,169.0,173.739837398374,0.0,0.0,169.0,0,1577,1,1,F,310.0,P,5,342.739837398374
1486,1486,1578_01,Earth,True,TRAPPIST-1e,22.0,False,0.0,24.0,0.0,176.0,783.0,983.0,0,1578,1,1,E,98.0,P,6,983.0
1487,1487,1579_01,Earth,True,55 Cancri e,26.0,False,333.0,1819.0,0.0,1.0,0.0,2153.0,0,1579,1,1,F,311.0,P,5,2153.0
1488,1488,1580_01,Earth,True,TRAPPIST-1e,13.0,False,0.0,0.0,8.0,0.0,714.0,722.0,0,1580,2,0,G,246.0,S,7,722.0
1489,1489,1580_02,Earth,True,TRAPPIST-1e,18.0,False,428.0,0.0,36.0,0.0,424.0,888.0,0,1580,2,0,G,246.0,S,7,888.0
1490,1490,1581_01,Mars,True,TRAPPIST-1e,38.0,False,0.0,0.0,0.0,0.0,0.0,0.0,1,1581,2,0,F,312.0,P,6,0.0
1491,1491,1581_02,Mars,True,TRAPPIST-1e,28.0,False,0.0,0.0,0.0,0.0,0.0,0.0,1,1581,2,0,F,311.0,P,6,0.0
1492,1492,1584_01,Earth,True,TRAPPIST-1e,57.0,False,433.0,0.0,0.0,371.0,0.0,804.0,0,1584,2,0,F,314.0,P,10,804.0
1493,1493,1584_02,Earth,True,TRAPPIST-1e,0.0,False,0.0,0.0,0.0,0.0,0.0,0.0,1,1584,2,0,G,251.0,P,10,0.0
1494,1494,1585_01,Earth,True,TRAPPIST-1e,18.0,False,0.0,0.0,0.0,0.0,0.0,0.0,1,1585,1,1,G,252.0,P,3,0.0
1495,1495,1588_01,Europa,True,TRAPPIST-1e,25.0,False,0.0,0.0,0.0,0.0,0.0,0.0,1,1588,2,0,E,99.0,P,2,0.0
1496,1496,1588_02,Europa,True,55 Cancri e,35.0,False,0.0,17394.0,0.0,724.0,0.0,18118.0,0,1588,2,0,E,99.0,P,2,18118.0
1497,1497,1590_01,Europa,True,TRAPPIST-1e,37.0,False,0.0,1336.0,2.0,12.0,7.0,1357.0,0,1590,2,0,D,57.0,S,3,1357.0
1498,1498,1590_02,Europa,True,55 Cancri e,33.0,False,0.0,26.0,1.0,33.0,2439.0,2499.0,0,1590,2,0,D,57.0,S,3,2499.0
1499,1499,1592_01,Europa,True,TRAPPIST-1e,35.0,False,305.0,3621.0,0.0,320.0,341.0,4587.0,0,1592,2,0,C,60.0,S,2,4587.0
1500,1500,1592_02,Europa,True,55 Cancri e,47.0,False,16.0,2127.0,1487.0,0.0,196.0,3826.0,0,1592,2,0,C,60.0,S,2,3826.0
1501,1501,1593_01,Earth,True,TRAPPIST-1e,23.0,False,5.0,51.0,0.0,732.0,0.0,788.0,0,1593,1,1,E,114.0,S,12,788.0
1502,1502,1594_01,Earth,True,TRAPPIST-1e,28.0,False,0.0,3.0,0.0,2.0,923.0,928.0,0,1594,1,1,G,253.0,P,8,928.0
1503,1503,1595_01,Europa,True,55 Cancri e,27.0,False,0.0,4342.0,0.0,1316.8297872340424,36.0,4378.0,0,1595,1,1,C,57.0,P,8,5694.829787234043
1504,1504,1596_01,Europa,True,TRAPPIST-1e,23.0,False,0.0,0.0,0.0,0.0,0.0,0.0,1,1596,1,1,B,54.0,P,1,0.0
1505,1505,1597_01,Earth,True,TRAPPIST-1e,31.0,False,0.0,0.0,0.0,0.0,0.0,0.0,1,1597,1,1,G,254.0,P,8,0.0
1506,1506,1599_01,Europa,True,TRAPPIST-1e,19.0,False,0.0,0.0,0.0,0.0,0.0,0.0,1,1599,2,0,C,58.0,P,6,0.0
1507,1507,1599_02,Europa,True,55 Cancri e,53.0,False,0.0,0.0,0.0,0.0,0.0,0.0,1,1599,2,0,C,58.0,P,6,0.0
1508,1508,1601_01,Earth,True,TRAPPIST-1e,37.0,False,22.0,5.0,0.0,747.0,0.0,774.0,0,1601,1,1,G,255.0,P,5,774.0
1509,1509,1602_01,Earth,True,TRAPPIST-1e,18.0,False,0.0,0.0,0.0,2681.0,55.0,2736.0,0,1602,1,1,F,307.0,S,5,2736.0
1510,1510,1603_01,Earth,True,TRAPPIST-1e,42.0,False,0.0,594.0,0.0,0.0,119.0,713.0,0,1603,3,0,F,317.0,P,10,713.0
1511,1511,1603_02,Earth,True,TRAPPIST-1e,7.0,False,0.0,0.0,0.0,0.0,0.0,0.0,1,1603,3,0,G,256.0,P,10,0.0
1512,1512,1603_03,Earth,True,55 Cancri e,7.0,False,0.0,0.0,0.0,0.0,0.0,0.0,1,1603,3,0,G,256.0,P,10,0.0
1513,1513,1604_01,Earth,True,TRAPPIST-1e,24.0,False,2.0,3.0,0.0,616.0,161.0,782.0,0,1604,1,1,G,257.0,P,4,782.0
1514,1514,1606_01,Europa,True,TRAPPIST-1e,20.0,False,13.0,817.0,0.0,1435.0,22.0,2287.0,0,1606,1,1,E,116.0,S,6,2287.0
1515,1515,1608_01,Earth,True,TRAPPIST-1e,24.0,False,1158.0,193.0,798.0,2.0,0.0,2151.0,0,1608,1,1,F,319.0,P,10,2151.0
1516,1516,1611_01,Earth,True,TRAPPIST-1e,42.0,False,0.0,865.0,0.0,0.0,44.0,909.0,0,1611,1,1,G,248.0,S,14,909.0
1517,1517,1612_01,Europa,True,TRAPPIST-1e,49.0,False,0.0,3750.0,0.0,2.0,341.0,4093.0,0,1612,2,0,E,101.0,P,5,4093.0
1518,1518,1612_02,Europa,True,TRAPPIST-1e,47.0,False,0.0,0.0,0.0,0.0,0.0,0.0,1,1612,2,0,E,101.0,P,5,0.0
1519,1519,1613_01,Earth,True,55 Cancri e,16.0,False,825.0,9.0,0.0,0.0,42.0,876.0,0,1613,1,1,F,318.0,P,12,876.0
1520,1520,1614_01,Mars,True,TRAPPIST-1e,26.0,True,432.0,0.0,965.0,35.0,0.0,1432.0,0,1614,1,1,F,321.0,P,9,1432.0
1521,1521,1615_01,Earth,True,TRAPPIST-1e,24.0,False,0.0,0.0,6.0,685.0,0.0,691.0,0,1615,3,0,F,322.0,P,10,691.0
1522,1522,1615_02,Earth,True,TRAPPIST-1e,38.0,False,0.0,0.0,0.0,0.0,0.0,0.0,1,1615,3,0,G,259.0,P,5,0.0
1523,1523,1615_03,Earth,True,TRAPPIST-1e,0.0,False,0.0,0.0,0.0,0.0,0.0,0.0,1,1615,3,0,G,259.0,P,10,0.0
1524,1524,1617_01,Mars,True,PSO J318.5-22,37.0,False,295.0,1575.0,19.0,515.0,0.0,2404.0,0,1617,1,1,D,53.0,P,7,2404.0
1525,1525,1619_01,Earth,True,TRAPPIST-1e,39.0,False,0.0,0.0,0.0,0.0,0.0,0.0,1,1619,1,1,G,249.0,S,18,0.0
1526,1526,1621_01,Earth,True,55 Cancri e,25.0,False,553.0,0.0,1.0,239.0,8.0,801.0,0,1621,2,0,F,308.0,S,7,801.0
1527,1527,1621_02,Earth,True,PSO J318.5-22,25.0,False,172.0,129.0,41.0,0.0,341.0,683.0,0,1621,2,0,F,308.0,S,7,683.0
1528,1528,1622_01,Mars,True,TRAPPIST-1e,35.0,False,0.0,0.0,0.0,0.0,0.0,0.0,1,1622,1,1,F,323.0,P,4,0.0
1529,1529,1624_01,Earth,True,PSO J318.5-22,0.0,False,0.0,0.0,0.0,0.0,0.0,0.0,1,1624,3,0,G,250.0,S,14,0.0
1530,1530,1624_02,Earth,True,55 Cancri e,46.0,False,612.0,0.0,62.0,0.0,0.0,674.0,0,1624,3,0,G,250.0,S,14,674.0
1531,1531,1624_03,Earth,False,TRAPPIST-1e,4.0,False,0.0,0.0,0.0,0.0,0.0,0.0,1,1624,3,0,G,250.0,S,14,0.0
1532,1532,1625_01,Europa,True,55 Cancri e,19.0,False,0.0,0.0,0.0,0.0,0.0,0.0,1,1625,2,0,C,59.0,P,3,0.0
1533,1533,1625_02,Europa,True,TRAPPIST-1e,29.0,False,0.0,930.0,0.0,2113.0,98.0,3141.0,0,1625,2,0,C,59.0,P,3,3141.0
1534,1534,1626_01,Earth,True,TRAPPIST-1e,19.0,False,135.90983606557376,9.0,0.0,0.0,1.0,10.0,0,1626,1,1,F,324.0,P,14,145.90983606557376
1535,1535,1628_01,Europa,True,TRAPPIST-1e,47.0,False,0.0,0.0,0.0,0.0,0.0,0.0,1,1628,1,1,B,71.0,S,9,0.0
1536,1536,1630_01,Earth,True,PSO J318.5-22,1.0,False,0.0,0.0,0.0,0.0,0.0,0.0,1,1630,3,0,G,252.0,S,13,0.0
1537,1537,1630_02,Earth,True,TRAPPIST-1e,4.0,False,0.0,0.0,0.0,0.0,0.0,0.0,1,1630,3,0,G,252.0,S,13,0.0
1538,1538,1630_03,Earth,True,TRAPPIST-1e,37.0,False,0.0,27.0,11.0,732.0,5.0,775.0,0,1630,3,0,F,309.0,S,13,775.0
1539,1539,1631_01,Earth,True,TRAPPIST-1e,61.0,False,1215.0,32.0,0.0,0.0,362.0,1609.0,0,1631,1,1,E,118.0,S,8,1609.0
1540,1540,1632_01,Europa,True,TRAPPIST-1e,32.0,False,0.0,0.0,0.0,0.0,0.0,0.0,1,1632,1,1,C,62.0,S,4,0.0
1541,1541,1633_01,Earth,True,TRAPPIST-1e,4.0,False,0.0,0.0,0.0,0.0,0.0,0.0,1,1633,2,0,G,261.0,P,10,0.0
1542,1542,1633_02,Earth,True,TRAPPIST-1e,16.0,False,0.0,0.0,0.0,0.0,0.0,0.0,1,1633,2,0,G,261.0,P,10,0.0
1543,1543,1634_01,Earth,True,55 Cancri e,25.0,False,0.0,0.0,0.0,0.0,0.0,0.0,1,1634,1,1,G,253.0,S,7,0.0
1544,1544,1635_01,Earth,True,TRAPPIST-1e,22.0,False,1300.0,0.0,157.66532258064515,0.0,1134.0,2434.0,0,1635,1,1,F,325.0,P,9,2591.665322580645
1545,1545,1636_01,Earth,True,TRAPPIST-1e,41.0,False,139.0,666.0,6.0,71.0,25.0,907.0,0,1636,1,1,G,254.0,S,4,907.0
1546,1546,1637_01,Earth,True,TRAPPIST-1e,25.0,False,0.0,0.0,0.0,0.0,0.0,0.0,1,1637,1,1,G,255.0,S,5,0.0
1547,1547,1638_01,Earth,True,TRAPPIST-1e,19.0,False,414.0,0.0,66.0,307.0,0.0,787.0,0,1638,1,1,E,119.0,S,9,787.0
1548,1548,1640_01,Earth,True,TRAPPIST-1e,21.0,False,305.0,0.0,1.0,618.0,2.0,926.0,0,1640,1,1,G,262.0,P,6,926.0
1549,1549,1644_01,Earth,True,55 Cancri e,14.0,False,0.0,2.0,0.0,0.0,794.0,796.0,0,1644,1,1,F,327.0,P,10,796.0
1550,1550,1645_01,Earth,True,55 Cancri e,18.0,False,0.0,0.0,0.0,0.0,0.0,0.0,1,1645,1,1,F,324.0,P,8,0.0
1551,1551,1646_01,Earth,True,TRAPPIST-1e,34.0,False,0.0,0.0,885.0,0.0,0.0,885.0,0,1646,1,1,G,264.0,P,13,885.0
1552,1552,1647_01,Earth,True,TRAPPIST-1e,33.0,False,954.0,0.0,10.0,3.0,2.0,969.0,0,1647,1,1,F,328.0,P,7,969.0
1553,1553,1649_01,Earth,True,55 Cancri e,14.0,False,0.0,0.0,0.0,0.0,0.0,0.0,1,1649,1,1,G,265.0,P,18,0.0
1554,1554,1650_01,Earth,True,55 Cancri e,28.0,False,0.0,0.0,0.0,0.0,0.0,0.0,1,1650,1,1,G,258.0,S,9,0.0
1555,1555,1651_01,Earth,True,PSO J318.5-22,43.0,False,0.0,0.0,0.0,0.0,0.0,0.0,1,1651,3,0,G,266.0,P,4,0.0
1556,1556,1651_02,Earth,True,55 Cancri e,3.0,False,0.0,0.0,0.0,0.0,0.0,0.0,1,1651,3,0,G,266.0,P,10,0.0
1557,1557,1651_03,Earth,True,PSO J318.5-22,0.0,False,0.0,0.0,0.0,0.0,0.0,0.0,1,1651,3,0,G,266.0,P,4,0.0
1558,1558,1653_01,Europa,True,TRAPPIST-1e,47.0,False,4.0,1303.0,830.0,774.0,2.0,2913.0,0,1653,1,1,A,19.0,S,2,2913.0
1559,1559,1655_01,Earth,True,TRAPPIST-1e,28.0,False,3202.0,130.52631578947367,0.0,0.0,5.0,3207.0,0,1655,2,0,F,326.0,S,10,3337.5263157894738
1560,1560,1655_02,Earth,True,TRAPPIST-1e,40.0,False,0.0,807.0,0.0,0.0,0.0,807.0,0,1655,2,0,F,310.0,S,10,807.0
1561,1561,1656_01,Earth,True,TRAPPIST-1e,17.0,False,1.0,160.0,37.0,0.0,241.8190476190476,198.0,0,1656,1,1,F,311.0,S,10,439.81904761904764
1562,1562,1657_01,Earth,True,TRAPPIST-1e,21.0,False,0.0,0.0,218.0,109.0,5321.0,5648.0,0,1657,1,1,G,267.0,P,6,5648.0
1563,1563,1658_01,Mars,True,TRAPPIST-1e,31.0,False,1150.0,0.0,6.0,4.0,0.0,1160.0,0,1658,1,1,F,312.0,S,5,1160.0
1564,1564,1659_01,Earth,True,TRAPPIST-1e,41.0,False,0.0,82.0,3.0,0.0,718.0,803.0,0,1659,1,1,F,313.0,S,6,803.0
1565,1565,1660_01,Earth,True,TRAPPIST-1e,20.0,False,0.0,1.0,0.0,905.0,0.0,906.0,0,1660,1,1,E,122.0,S,11,906.0
1566,1566,1661_01,Europa,True,TRAPPIST-1e,56.0,False,0.0,0.0,0.0,0.0,0.0,0.0,1,1661,4,0,A,20.0,S,4,0.0
1567,1567,1661_02,Europa,True,TRAPPIST-1e,57.0,False,0.0,62.0,0.0,2136.0,178.0,2376.0,0,1661,4,0,A,20.0,S,2,2376.0
1568,1568,1661_03,Europa,True,TRAPPIST-1e,48.0,False,0.0,0.0,0.0,0.0,0.0,0.0,1,1661,4,0,A,20.0,S,4,0.0
1569,1569,1661_04,Europa,True,TRAPPIST-1e,37.0,False,0.0,2390.0,0.0,1306.0,623.4230769230769,3696.0,0,1661,4,0,A,20.0,S,4,4319.423076923077
1570,1570,1662_01,Earth,True,PSO J318.5-22,20.0,False,127.0,0.0,0.0,542.0,0.0,669.0,0,1662,1,1,F,314.0,S,7,669.0
1571,1571,1663_01,Earth,True,PSO J318.5-22,36.0,False,0.0,0.0,0.0,0.0,0.0,0.0,1,1663,1,1,G,268.0,P,11,0.0
1572,1572,1666_01,Europa,True,TRAPPIST-1e,38.0,False,158.0,787.0,2820.0,1422.7096774193549,86.0,3851.0,0,1666,1,1,D,59.0,S,5,5273.709677419355
1573,1573,1668_01,Earth,True,TRAPPIST-1e,22.0,False,2.0,0.0,6.0,101.0,536.0,645.0,0,1668,1,1,F,316.0,S,5,645.0
1574,1574,1669_01,Mars,True,TRAPPIST-1e,31.0,False,2436.0,0.0,147.0,16.0,0.0,2599.0,0,1669,3,0,F,317.0,S,4,2599.0
1575,1575,1669_02,Mars,True,TRAPPIST-1e,0.0,False,0.0,0.0,0.0,0.0,0.0,0.0,1,1669,3,0,F,317.0,S,4,0.0
1576,1576,1669_03,Mars,True,55 Cancri e,21.0,False,1481.0,0.0,881.0,0.0,0.0,2362.0,0,1669,3,0,F,317.0,S,5,2362.0
1577,1577,1670_01,Earth,True,TRAPPIST-1e,49.0,False,0.0,67.0,213.0,2.0,1442.0,1724.0,0,1670,2,0,G,269.0,P,15,1724.0
1578,1578,1670_02,Earth,True,TRAPPIST-1e,44.0,False,0.0,0.0,0.0,0.0,0.0,0.0,1,1670,2,0,G,269.0,P,15,0.0
1579,1579,1671_01,Europa,True,55 Cancri e,41.0,False,0.0,859.0,0.0,6704.0,64.0,7627.0,0,1671,1,1,B,73.0,S,14,7627.0
1580,1580,1672_01,Earth,True,TRAPPIST-1e,29.0,False,7.0,0.0,0.0,797.0,0.0,804.0,0,1672,1,1,F,318.0,S,7,804.0
1581,1581,1673_01,Earth,True,55 Cancri e,16.0,False,876.0,0.0,5.0,1.0,16.0,898.0,0,1673,1,1,F,330.0,P,3,898.0
1582,1582,1674_01,Earth,True,PSO J318.5-22,20.0,False,0.0,0.0,0.0,0.0,0.0,0.0,1,1674,1,1,G,260.0,S,0,0.0
1583,1583,1676_01,Earth,True,TRAPPIST-1e,26.0,False,0.0,0.0,0.0,0.0,0.0,0.0,1,1676,1,1,G,270.0,P,4,0.0
1584,1584,1677_01,Earth,True,TRAPPIST-1e,19.0,False,5.0,87.0,0.0,0.0,144.5185185185185,92.0,0,1677,1,1,E,103.0,P,5,236.5185185185185
1585,1585,1681_01,Earth,True,TRAPPIST-1e,34.0,False,1.0,89.0,0.0,793.0,0.0,883.0,0,1681,1,1,G,261.0,S,9,883.0
1586,1586,1682_01,Mars,True,TRAPPIST-1e,38.0,False,0.0,0.0,0.0,0.0,0.0,0.0,1,1682,1,1,F,331.0,P,5,0.0
1587,1587,1685_01,Earth,True,55 Cancri e,51.0,False,0.0,260.0,91.0,0.0,264.0,615.0,0,1685,3,0,G,269.0,P,10,615.0
1588,1588,1685_02,Earth,True,55 Cancri e,7.0,False,0.0,0.0,0.0,0.0,0.0,0.0,1,1685,3,0,G,272.0,P,10,0.0
1589,1589,1685_03,Earth,True,TRAPPIST-1e,3.0,False,0.0,0.0,0.0,0.0,0.0,0.0,1,1685,3,0,G,272.0,P,10,0.0
1590,1590,1687_01,Mars,True,TRAPPIST-1e,26.0,True,714.0,450.0,208.0,0.0,44.0,1416.0,0,1687,1,1,F,334.0,P,5,1416.0
1591,1591,1688_01,Earth,True,TRAPPIST-1e,27.0,False,233.0,554.0,0.0,0.0,0.0,787.0,0,1688,3,0,E,124.0,S,6,787.0
1592,1592,1688_02,Earth,True,TRAPPIST-1e,7.0,False,0.0,0.0,0.0,0.0,0.0,0.0,1,1688,3,0,E,108.0,S,6,0.0
1593,1593,1688_03,Earth,True,TRAPPIST-1e,19.0,False,0.0,0.0,0.0,0.0,0.0,0.0,1,1688,3,0,G,262.0,S,6,0.0
1594,1594,1690_01,Earth,True,TRAPPIST-1e,28.0,False,0.0,26.0,88.0,5.0,754.0,873.0,0,1690,1,1,F,335.0,P,5,873.0
1595,1595,1691_01,Mars,True,TRAPPIST-1e,27.0,False,3482.0,1234.0,1155.0,0.0,0.0,5871.0,0,1691,1,1,F,321.0,S,4,5871.0
1596,1596,1694_01,Earth,True,PSO J318.5-22,31.0,False,0.0,0.0,0.0,0.0,0.0,0.0,1,1694,1,1,G,263.0,S,9,0.0
1597,1597,1695_01,Earth,True,TRAPPIST-1e,26.0,False,324.0,0.0,201.0,2.0,256.0,783.0,0,1695,1,1,G,264.0,S,3,783.0
1598,1598,1696_01,Europa,True,TRAPPIST-1e,43.0,False,0.0,760.0,17.0,15331.0,427.0,16535.0,0,1696,1,1,B,55.0,P,1,16535.0
1599,1599,1697_01,Earth,True,TRAPPIST-1e,23.0,False,0.0,13.0,0.0,773.0,0.0,786.0,0,1697,1,1,G,274.0,P,4,786.0
1600,1600,1698_01,Mars,True,PSO J318.5-22,14.0,False,0.0,0.0,0.0,0.0,0.0,0.0,1,1698,1,1,E,125.0,S,11,0.0
1601,1601,1699_01,Earth,True,55 Cancri e,47.0,False,0.0,574.0,0.0,0.0,68.0,642.0,0,1699,1,1,F,336.0,P,5,642.0
1602,1602,1700_01,Europa,True,TRAPPIST-1e,17.0,False,0.0,0.0,0.0,0.0,0.0,0.0,1,1700,2,0,B,74.0,S,10,0.0
1603,1603,1700_02,Europa,True,TRAPPIST-1e,64.0,False,0.0,4.0,0.0,6200.0,622.0,6826.0,0,1700,2,0,B,74.0,S,10,6826.0
1604,1604,1704_01,Mars,True,TRAPPIST-1e,13.0,False,1112.0,0.0,687.0,0.0,3.0,1802.0,0,1704,2,0,D,60.0,S,5,1802.0
1605,1605,1704_02,Mars,True,55 Cancri e,18.0,False,86.0,1164.0,516.0,0.0,0.0,1766.0,0,1704,2,0,D,60.0,S,5,1766.0
1606,1606,1705_01,Mars,True,TRAPPIST-1e,29.0,True,0.0,0.0,0.0,0.0,0.0,0.0,1,1705,1,1,E,126.0,S,3,0.0
1607,1607,1708_01,Earth,True,PSO J318.5-22,70.0,False,0.0,3.0,1.0,2.0,1290.0,1296.0,0,1708,1,1,F,338.0,P,8,1296.0
1608,1608,1709_01,Mars,True,TRAPPIST-1e,23.0,False,31.0,0.0,1247.0,0.0,47.0,1325.0,0,1709,7,0,F,326.0,S,14,1325.0
1609,1609,1709_02,Mars,True,TRAPPIST-1e,23.0,False,2210.0,0.0,89.0,0.0,0.0,2299.0,0,1709,7,0,D,61.0,S,14,2299.0
1610,1610,1709_03,Mars,True,TRAPPIST-1e,35.0,False,1313.0,0.0,24.0,0.0,1.0,1338.0,0,1709,7,0,F,337.0,S,14,1338.0
1611,1611,1709_04,Mars,True,TRAPPIST-1e,17.0,False,1744.0,0.0,136.0,8.0,8.0,1896.0,0,1709,7,0,E,127.0,S,14,1896.0
1612,1612,1709_05,Mars,True,TRAPPIST-1e,26.0,False,0.0,0.0,0.0,0.0,0.0,0.0,1,1709,7,0,F,326.0,S,14,0.0
1613,1613,1709_06,Mars,True,TRAPPIST-1e,15.0,False,1554.0,0.0,646.0,20.0,1241.0,3461.0,0,1709,7,0,D,61.0,S,14,3461.0
1614,1614,1709_07,Mars,True,TRAPPIST-1e,19.0,False,285.0,54.0,1246.0,102.0,0.0,1687.0,0,1709,7,0,F,326.0,S,14,1687.0
1615,1615,1710_01,Earth,True,PSO J318.5-22,20.0,False,0.0,0.0,0.0,0.0,0.0,0.0,1,1710,1,1,G,276.0,P,11,0.0
1616,1616,1711_01,Earth,True,TRAPPIST-1e,51.0,False,437.0,244.0,908.0,825.0,0.0,2414.0,0,1711,1,1,F,327.0,S,0,2414.0
1617,1617,1712_01,Mars,True,TRAPPIST-1e,17.0,False,139.0,0.0,959.0,21.0,0.0,1119.0,0,1712,2,0,F,339.0,P,6,1119.0
1618,1618,1712_02,Mars,True,TRAPPIST-1e,27.0,False,103.0,1.0,49.0,2421.0,24.0,2598.0,0,1712,2,0,F,339.0,P,6,2598.0
1619,1619,1713_01,Earth,True,TRAPPIST-1e,43.0,False,84.0,726.0,2.0,0.0,0.0,812.0,0,1713,1,1,G,277.0,P,5,812.0
1620,1620,1714_01,Earth,True,TRAPPIST-1e,5.0,False,0.0,0.0,0.0,0.0,0.0,0.0,1,1714,1,1,G,265.0,S,9,0.0
1621,1621,1715_01,Earth,True,TRAPPIST-1e,17.0,False,0.0,0.0,0.0,0.0,0.0,0.0,1,1715,1,1,G,266.0,S,6,0.0
1622,1622,1717_01,Earth,True,TRAPPIST-1e,40.0,False,813.0,0.0,473.0,236.0,0.0,1522.0,0,1717,2,0,E,105.0,P,5,1522.0
1623,1623,1717_02,Earth,True,TRAPPIST-1e,38.0,False,4.0,0.0,0.0,0.0,1679.0,1683.0,0,1717,2,0,E,105.0,P,8,1683.0
1624,1624,1718_01,Earth,True,TRAPPIST-1e,20.0,False,0.0,0.0,0.0,0.0,0.0,0.0,1,1718,1,1,G,274.0,S,4,0.0
1625,1625,1719_01,Earth,True,TRAPPIST-1e,13.0,False,0.0,0.0,0.0,0.0,0.0,0.0,1,1719,1,1,G,278.0,P,12,0.0
1626,1626,1721_01,Earth,True,TRAPPIST-1e,15.0,False,320.0,36.0,5.0,0.0,640.0,1001.0,0,1721,1,1,F,341.0,P,6,1001.0
1627,1627,1723_01,Earth,True,TRAPPIST-1e,15.0,False,852.0,0.0,0.0,135.0,0.0,987.0,0,1723,1,1,E,128.0,S,10,987.0
1628,1628,1724_01,Europa,True,55 Cancri e,59.0,False,8.0,1563.0,0.0,73.0,31.0,1675.0,0,1724,1,1,A,21.0,S,6,1675.0
1629,1629,1725_01,Earth,True,TRAPPIST-1e,24.0,False,0.0,201.0,0.0,0.0,603.0,804.0,0,1725,1,1,F,328.0,S,7,804.0
1630,1630,1727_01,Mars,True,TRAPPIST-1e,18.0,False,0.0,0.0,0.0,0.0,0.0,0.0,1,1727,2,0,F,342.0,P,7,0.0
1631,1631,1727_02,Mars,True,55 Cancri e,52.0,False,1279.0,0.0,1061.0,359.0,0.0,2699.0,0,1727,2,0,D,54.0,P,7,2699.0
1632,1632,1728_01,Earth,True,TRAPPIST-1e,38.0,False,553.0,0.0,0.0,87.0,243.0,883.0,0,1728,1,1,G,280.0,P,10,883.0
1633,1633,1729_01,Earth,True,TRAPPIST-1e,26.0,False,21.0,0.0,499.0,568.0,0.0,1088.0,0,1729,1,1,F,343.0,P,11,1088.0
1634,1634,1730_01,Earth,True,55 Cancri e,17.0,False,68.0,0.0,0.0,0.0,795.0,863.0,0,1730,1,1,E,106.0,P,7,863.0
1635,1635,1731_01,Earth,True,PSO J318.5-22,17.0,False,0.0,0.0,0.0,0.0,0.0,0.0,1,1731,2,0,G,281.0,P,11,0.0
1636,1636,1731_02,Earth,True,55 Cancri e,20.0,False,1.0,808.0,0.0,0.0,0.0,809.0,0,1731,2,0,G,281.0,P,11,809.0
1637,1637,1733_01,Earth,True,TRAPPIST-1e,15.0,False,1336.0,108.0,0.0,0.0,0.0,1444.0,0,1733,1,1,F,344.0,P,11,1444.0
1638,1638,1734_01,Earth,True,TRAPPIST-1e,30.0,False,0.0,0.0,0.0,0.0,0.0,0.0,1,1734,1,1,G,283.0,P,7,0.0
1639,1639,1736_01,Earth,True,PSO J318.5-22,22.0,False,0.0,0.0,0.0,0.0,0.0,0.0,1,1736,1,1,G,284.0,P,11,0.0
1640,1640,1738_01,Earth,True,TRAPPIST-1e,18.0,False,0.0,0.0,19.0,467.0,161.40298507462686,486.0,0,1738,2,0,E,129.0,S,9,647.4029850746268
1641,1641,1738_02,Earth,True,55 Cancri e,22.0,False,0.0,0.0,0.0,0.0,0.0,0.0,1,1738,2,0,G,268.0,S,9,0.0
1642,1642,1739_01,Earth,True,PSO J318.5-22,20.0,False,0.0,0.0,0.0,0.0,0.0,0.0,1,1739,1,1,G,269.0,S,12,0.0
1643,1643,1740_01,Earth,True,TRAPPIST-1e,22.0,False,762.0,13.0,10.0,0.0,0.0,785.0,0,1740,1,1,G,270.0,S,14,785.0
1644,1644,1742_01,Mars,True,PSO J318.5-22,34.0,True,49.0,478.0,387.0,0.0,0.0,914.0,0,1742,1,1,D,55.0,P,6,914.0
1645,1645,1745_01,Europa,True,TRAPPIST-1e,28.0,False,0.0,1310.0,0.0,221.0,6064.0,7595.0,0,1745,1,1,E,130.0,S,0,7595.0
1646,1646,1746_01,Mars,True,TRAPPIST-1e,50.0,False,0.0,0.0,0.0,0.0,0.0,0.0,1,1746,1,1,F,331.0,S,5,0.0
1647,1647,1747_01,Earth,True,55 Cancri e,19.0,False,0.0,0.0,496.0,13.0,0.0,509.0,0,1747,1,1,G,271.0,S,9,509.0
1648,1648,1748_01,Earth,True,TRAPPIST-1e,21.0,False,0.0,0.0,0.0,2.0,807.0,809.0,0,1748,3,0,G,287.0,P,10,809.0
1649,1649,1748_02,Earth,True,TRAPPIST-1e,0.0,False,0.0,0.0,0.0,0.0,0.0,0.0,1,1748,3,0,G,287.0,P,10,0.0
1650,1650,1748_03,Earth,True,TRAPPIST-1e,4.0,False,0.0,0.0,0.0,0.0,0.0,0.0,1,1748,3,0,G,287.0,P,10,0.0
1651,1651,1749_01,Earth,True,PSO J318.5-22,59.0,False,0.0,0.0,0.0,0.0,0.0,0.0,1,1749,1,1,G,288.0,P,5,0.0
1652,1652,1752_01,Earth,True,55 Cancri e,15.0,False,1006.0,1.0,0.0,0.0,308.0,1315.0,0,1752,1,1,F,333.0,S,9,1315.0
1653,1653,1753_01,Earth,True,TRAPPIST-1e,24.0,False,0.0,0.0,0.0,0.0,0.0,0.0,1,1753,1,1,G,272.0,S,7,0.0
1654,1654,1755_01,Earth,True,TRAPPIST-1e,26.0,False,0.0,0.0,0.0,0.0,0.0,0.0,1,1755,1,1,G,273.0,S,5,0.0
1655,1655,1757_01,Earth,True,TRAPPIST-1e,67.0,False,26.0,809.0,0.0,39.0,26.0,900.0,0,1757,1,1,F,334.0,S,7,900.0
1656,1656,1758_01,Earth,True,TRAPPIST-1e,55.0,False,587.0,0.0,0.0,318.0,3.0,908.0,0,1758,1,1,G,274.0,S,8,908.0
1657,1657,1760_01,Earth,True,TRAPPIST-1e,50.0,False,742.0,21.0,10.0,26.0,4.0,803.0,0,1760,1,1,F,336.0,S,6,803.0
1658,1658,1761_01,Earth,True,55 Cancri e,23.0,False,145.0,490.0,17.0,49.0,1.0,702.0,0,1761,1,1,F,347.0,P,8,702.0
1659,1659,1762_01,Earth,True,PSO J318.5-22,21.0,False,2400.0,7.0,0.0,20.0,0.0,2427.0,0,1762,2,0,E,132.0,S,14,2427.0
1660,1660,1762_02,Earth,True,TRAPPIST-1e,15.0,False,104.0,292.74418604651163,0.0,174.0,253.0,531.0,0,1762,2,0,G,275.0,S,14,823.7441860465117
1661,1661,1763_01,Europa,True,TRAPPIST-1e,41.0,False,0.0,3240.0,0.0,59.0,0.0,3299.0,0,1763,1,1,E,133.0,S,1,3299.0
1662,1662,1764_01,Mars,True,TRAPPIST-1e,59.0,False,0.0,0.0,0.0,0.0,0.0,0.0,1,1764,2,0,F,337.0,S,3,0.0
1663,1663,1764_02,Mars,True,TRAPPIST-1e,18.0,False,0.0,0.0,0.0,0.0,0.0,0.0,1,1764,2,0,E,134.0,S,3,0.0
1664,1664,1766_01,Earth,True,55 Cancri e,21.0,False,112.0,0.0,0.0,0.0,1333.0,1445.0,0,1766,1,1,F,338.0,S,10,1445.0
1665,1665,1767_01,Europa,True,55 Cancri e,14.0,False,0.0,0.0,0.0,0.0,0.0,0.0,1,1767,4,0,C,65.0,S,5,0.0
1666,1666,1767_02,Europa,True,TRAPPIST-1e,50.0,False,3677.0,782.0,0.0,6.0,1168.0,5633.0,0,1767,4,0,C,65.0,S,4,5633.0
1667,1667,1767_03,Europa,True,TRAPPIST-1e,32.0,False,2973.0,3368.0,124.0,57.0,42.0,6564.0,0,1767,4,0,C,65.0,S,5,6564.0
1668,1668,1767_04,Europa,True,TRAPPIST-1e,46.0,False,0.0,0.0,0.0,0.0,0.0,0.0,1,1767,4,0,C,65.0,S,5,0.0
1669,1669,1768_01,Earth,True,TRAPPIST-1e,26.0,False,0.0,24.0,0.0,732.0,0.0,756.0,0,1768,1,1,G,276.0,S,12,756.0
1670,1670,1769_01,Mars,True,TRAPPIST-1e,58.0,False,0.0,0.0,0.0,0.0,0.0,0.0,1,1769,1,1,F,339.0,S,7,0.0
1671,1671,1770_01,Europa,True,55 Cancri e,15.0,False,0.0,0.0,0.0,0.0,0.0,0.0,1,1770,1,1,B,75.0,S,5,0.0
1672,1672,1771_01,Earth,True,TRAPPIST-1e,35.0,False,0.0,338.0,436.0,121.26436781609195,0.0,774.0,0,1771,1,1,G,291.0,P,11,895.264367816092
1673,1673,1772_01,Mars,True,TRAPPIST-1e,30.0,False,1220.0,0.0,49.0,39.0,0.0,1308.0,0,1772,1,1,F,348.0,P,2,1308.0
1674,1674,1774_01,Mars,True,TRAPPIST-1e,30.0,False,0.0,0.0,0.0,0.0,0.0,0.0,1,1774,1,1,E,135.0,S,3,0.0
1675,1675,1775_01,Earth,True,TRAPPIST-1e,43.0,False,0.0,0.0,870.0,0.0,14.0,884.0,0,1775,1,1,G,277.0,S,9,884.0
1676,1676,1776_01,Earth,True,TRAPPIST-1e,21.0,False,0.0,0.0,809.0,0.0,0.0,809.0,0,1776,1,1,G,278.0,S,11,809.0
1677,1677,1778_01,Earth,True,PSO J318.5-22,15.0,False,0.0,0.0,0.0,0.0,0.0,0.0,1,1778,1,1,G,279.0,S,4,0.0
1678,1678,1779_01,Earth,True,55 Cancri e,37.0,False,164.0,603.0,0.0,0.0,11.0,778.0,0,1779,1,1,F,349.0,P,8,778.0
1679,1679,1781_01,Europa,True,55 Cancri e,28.0,False,0.0,11026.0,0.0,0.0,12.0,11038.0,0,1781,1,1,C,66.0,S,4,11038.0
1680,1680,1782_01,Earth,True,TRAPPIST-1e,28.0,False,0.0,0.0,0.0,0.0,0.0,0.0,1,1782,2,0,F,351.0,S,7,0.0
1681,1681,1782_02,Earth,True,TRAPPIST-1e,40.0,False,596.0,108.86206896551724,135.0,73.0,0.0,804.0,0,1782,2,0,F,341.0,S,7,912.8620689655172
1682,1682,1783_01,Earth,True,55 Cancri e,42.0,False,28.0,0.0,0.0,0.0,591.0,619.0,0,1783,2,0,G,281.0,S,9,619.0
1683,1683,1783_02,Earth,True,PSO J318.5-22,21.0,False,0.0,0.0,0.0,0.0,0.0,0.0,1,1783,2,0,G,281.0,S,9,0.0
1684,1684,1785_01,Mars,True,55 Cancri e,31.0,False,0.0,0.0,0.0,0.0,0.0,0.0,1,1785,1,1,E,107.0,P,3,0.0
1685,1685,1786_01,Earth,True,TRAPPIST-1e,51.0,False,28.0,94.0,0.0,34.0,638.0,794.0,0,1786,1,1,F,342.0,S,10,794.0
1686,1686,1792_01,Mars,True,TRAPPIST-1e,73.0,False,27.0,2.0,71.0,1208.0,0.0,1308.0,0,1792,1,1,F,352.0,P,5,1308.0
1687,1687,1796_01,Europa,True,TRAPPIST-1e,26.0,False,0.0,0.0,0.0,0.0,0.0,0.0,1,1796,1,1,C,67.0,S,1,0.0
1688,1688,1797_01,Europa,True,55 Cancri e,33.0,False,0.0,0.0,0.0,0.0,0.0,0.0,1,1797,1,1,B,57.0,P,2,0.0
1689,1689,1798_01,Earth,True,TRAPPIST-1e,39.0,False,1.0,275.0,33.0,376.0,105.0,790.0,0,1798,1,1,E,137.0,S,7,790.0
1690,1690,1799_01,Earth,True,TRAPPIST-1e,19.0,False,5.0,639.0,0.0,84.0,180.0,908.0,0,1799,1,1,G,295.0,P,5,908.0
1691,1691,1800_01,Earth,True,55 Cancri e,12.0,False,0.0,0.0,0.0,0.0,0.0,0.0,1,1800,5,0,G,283.0,S,7,0.0
1692,1692,1800_02,Earth,True,55 Cancri e,10.0,False,0.0,0.0,0.0,0.0,0.0,0.0,1,1800,5,0,G,283.0,S,7,0.0
1693,1693,1800_03,Earth,True,TRAPPIST-1e,0.0,False,0.0,0.0,0.0,0.0,0.0,0.0,1,1800,5,0,G,283.0,S,7,0.0
1694,1694,1800_04,Earth,True,TRAPPIST-1e,0.0,False,0.0,0.0,0.0,0.0,0.0,0.0,1,1800,5,0,G,283.0,S,4,0.0
1695,1695,1800_05,Earth,True,TRAPPIST-1e,1.0,False,0.0,0.0,0.0,0.0,0.0,0.0,1,1800,5,0,G,283.0,S,7,0.0
1696,1696,1802_01,Earth,True,TRAPPIST-1e,33.0,False,0.0,0.0,2.0,787.0,1.0,790.0,0,1802,1,1,E,109.0,P,8,790.0
1697,1697,1803_01,Earth,True,55 Cancri e,23.0,False,0.0,169.0,0.0,553.0,0.0,722.0,0,1803,1,1,F,354.0,P,9,722.0
1698,1698,1804_01,Mars,True,TRAPPIST-1e,5.0,False,0.0,0.0,0.0,0.0,0.0,0.0,1,1804,1,1,F,355.0,P,10,0.0
1699,1699,1805_01,Earth,True,TRAPPIST-1e,24.0,False,0.0,0.0,0.0,0.0,0.0,0.0,1,1805,1,1,G,284.0,S,10,0.0
1700,1700,1806_01,Mars,True,TRAPPIST-1e,26.0,False,0.0,0.0,0.0,0.0,0.0,0.0,1,1806,1,1,E,138.0,S,7,0.0
1701,1701,1807_01,Europa,True,55 Cancri e,30.0,False,0.0,3722.0,4.0,140.0,4045.0,7911.0,0,1807,1,1,B,58.0,P,1,7911.0
1702,1702,1808_01,Earth,True,TRAPPIST-1e,33.0,False,0.0,763.0,8.0,2.0,30.0,803.0,0,1808,1,1,F,346.0,S,12,803.0
1703,1703,1810_01,Mars,True,TRAPPIST-1e,56.0,False,4694.0,0.0,2661.0,51.0,0.0,7406.0,0,1810,1,1,F,356.0,P,3,7406.0
1704,1704,1811_01,Earth,True,PSO J318.5-22,25.0,False,0.0,0.0,0.0,0.0,0.0,0.0,1,1811,2,0,G,285.0,S,16,0.0
1705,1705,1811_02,Earth,True,TRAPPIST-1e,28.0,False,928.0,20.0,0.0,0.0,0.0,948.0,0,1811,2,0,F,347.0,S,16,948.0
1706,1706,1812_01,Earth,True,TRAPPIST-1e,25.0,False,9.0,852.0,73.0,12.0,57.0,1003.0,0,1812,1,1,F,357.0,P,7,1003.0
1707,1707,1813_01,Earth,True,55 Cancri e,18.0,False,0.0,0.0,454.0,0.0,263.0,717.0,0,1813,1,1,F,358.0,P,6,717.0
1708,1708,1816_01,Europa,True,TRAPPIST-1e,60.0,True,1891.0,640.0,0.0,360.0,52.0,2943.0,0,1816,2,0,C,68.0,S,1,2943.0
1709,1709,1816_02,Europa,True,TRAPPIST-1e,41.0,False,0.0,2334.0,1.0,6.0,23.0,2364.0,0,1816,2,0,C,68.0,S,2,2364.0
1710,1710,1817_01,Earth,True,PSO J318.5-22,16.0,False,112.0,0.0,38.0,77.0,443.0,670.0,0,1817,1,1,F,349.0,S,3,670.0
1711,1711,1818_01,Earth,True,TRAPPIST-1e,17.0,False,0.0,0.0,0.0,0.0,0.0,0.0,1,1818,1,1,G,297.0,P,7,0.0
1712,1712,1821_01,Earth,True,TRAPPIST-1e,26.0,False,151.63636363636363,4.0,361.0,0.0,19.0,384.0,0,1821,1,1,G,298.0,P,3,535.6363636363636
1713,1713,1822_01,Earth,True,TRAPPIST-1e,31.0,False,2.0,811.0,0.0,0.0,0.0,813.0,0,1822,1,1,G,299.0,P,8,813.0
1714,1714,1823_01,Earth,True,TRAPPIST-1e,67.0,False,143.0,68.0,496.0,182.0,9.0,898.0,0,1823,1,1,G,291.0,Z,4,898.0
1715,1715,1826_01,Earth,True,55 Cancri e,16.0,False,110.44791666666667,231.0,569.0,2.0,0.0,802.0,0,1826,1,1,F,351.0,S,6,912.4479166666667
1716,1716,1827_01,Earth,True,55 Cancri e,24.0,False,0.0,94.0,1.0,56.0,427.0,578.0,0,1827,1,1,F,352.0,S,6,578.0
1717,1717,1828_01,Earth,True,TRAPPIST-1e,19.0,False,0.0,1333.0,3.0,624.0,254.0,2214.0,0,1828,1,1,F,361.0,P,9,2214.0
1718,1718,1829_01,Europa,True,55 Cancri e,48.0,False,0.0,3578.0,80.0,123.0,195.92857142857142,3781.0,0,1829,6,0,D,56.0,P,7,3976.9285714285716
1719,1719,1829_02,Europa,True,TRAPPIST-1e,30.0,False,1.0,6398.0,0.0,2.0,295.0,6696.0,0,1829,6,0,D,56.0,P,7,6696.0
1720,1720,1829_03,Europa,True,TRAPPIST-1e,22.0,False,0.0,8882.0,21.0,2204.0,19.0,11126.0,0,1829,6,0,D,56.0,P,7,11126.0
1721,1721,1829_04,Europa,True,TRAPPIST-1e,28.0,True,0.0,4424.0,3.0,207.0,1572.0,6206.0,0,1829,6,0,D,56.0,P,5,6206.0
1722,1722,1829_05,Europa,True,55 Cancri e,23.0,False,0.0,0.0,0.0,0.0,0.0,0.0,1,1829,6,0,D,56.0,P,3,0.0
1723,1723,1829_06,Europa,True,TRAPPIST-1e,29.0,False,0.0,699.0,0.0,0.0,1955.0,2654.0,0,1829,6,0,D,56.0,P,3,2654.0
1724,1724,1831_01,Earth,True,TRAPPIST-1e,22.0,False,0.0,0.0,0.0,0.0,0.0,0.0,1,1831,1,1,G,288.0,S,12,0.0
1725,1725,1833_01,Europa,True,55 Cancri e,48.0,False,140.0,127.0,0.0,4102.0,521.0,4890.0,0,1833,1,1,C,61.0,P,9,4890.0
1726,1726,1834_01,Mars,True,TRAPPIST-1e,26.0,False,17.0,0.0,1582.0,0.0,0.0,1599.0,0,1834,1,1,F,354.0,S,0,1599.0
1727,1727,1836_01,Earth,True,TRAPPIST-1e,23.0,False,1639.0,1218.0,0.0,1.0,0.0,2858.0,0,1836,1,1,F,362.0,P,6,2858.0
1728,1728,1841_01,Earth,True,TRAPPIST-1e,55.0,False,1104.0,0.0,0.0,0.0,0.0,1104.0,0,1841,1,1,F,365.0,P,7,1104.0
1729,1729,1843_01,Europa,True,TRAPPIST-1e,46.0,False,2249.0,153.0,137.0,580.2307692307693,194.0,2733.0,0,1843,1,1,E,112.0,P,3,3313.2307692307695
1730,1730,1844_01,Earth,True,PSO J318.5-22,38.0,False,0.0,0.0,0.0,0.0,1381.0,1381.0,0,1844,3,0,F,355.0,S,10,1381.0
1731,1731,1844_02,Earth,True,TRAPPIST-1e,2.0,False,0.0,0.0,0.0,0.0,0.0,0.0,1,1844,3,0,G,289.0,S,10,0.0
1732,1732,1844_03,Earth,True,TRAPPIST-1e,3.0,False,0.0,0.0,0.0,0.0,0.0,0.0,1,1844,3,0,G,289.0,S,10,0.0
1733,1733,1846_01,Earth,True,TRAPPIST-1e,20.0,False,0.0,0.0,0.0,788.0,16.0,804.0,0,1846,1,1,F,366.0,P,8,804.0
1734,1734,1847_01,Earth,True,TRAPPIST-1e,65.0,False,5.0,317.0,140.66666666666666,0.0,123.0,445.0,0,1847,1,1,G,290.0,S,9,585.6666666666666
1735,1735,1848_01,Earth,True,TRAPPIST-1e,26.0,False,181.0,0.0,2.0,0.0,663.0,846.0,0,1848,1,1,G,291.0,S,10,846.0
1736,1736,1849_01,Earth,True,TRAPPIST-1e,25.0,False,113.0,0.0,0.0,1282.0,0.0,1395.0,0,1849,1,1,F,367.0,P,7,1395.0
1737,1737,1850_01,Earth,True,PSO J318.5-22,54.0,False,0.0,316.0,257.0,0.0,0.0,573.0,0,1850,2,0,F,356.0,S,10,573.0
1738,1738,1850_02,Earth,True,55 Cancri e,25.0,False,0.0,0.0,1.0,735.0,25.0,761.0,0,1850,2,0,F,356.0,S,10,761.0
1739,1739,1853_01,Earth,True,TRAPPIST-1e,14.0,False,0.0,0.0,0.0,0.0,0.0,0.0,1,1853,1,1,G,302.0,P,6,0.0
1740,1740,1854_01,Europa,True,55 Cancri e,53.0,False,0.0,13527.0,0.0,0.0,771.0,14298.0,0,1854,1,1,A,22.0,S,3,14298.0
1741,1741,1855_01,Earth,True,TRAPPIST-1e,0.0,False,0.0,0.0,0.0,0.0,0.0,0.0,1,1855,2,0,G,303.0,P,12,0.0
1742,1742,1855_02,Earth,True,TRAPPIST-1e,39.0,False,0.0,43.0,864.0,0.0,85.0,992.0,0,1855,2,0,E,113.0,P,12,992.0
1743,1743,1856_01,Earth,True,TRAPPIST-1e,22.0,False,8.0,710.0,0.0,27.0,0.0,745.0,0,1856,1,1,F,368.0,P,5,745.0
1744,1744,1857_01,Mars,True,55 Cancri e,31.0,False,120.0,0.0,657.0,52.0,0.0,829.0,0,1857,1,1,D,63.0,S,6,829.0
1745,1745,1859_01,Mars,True,TRAPPIST-1e,24.0,False,0.0,0.0,0.0,0.0,0.0,0.0,1,1859,1,1,F,357.0,S,8,0.0
1746,1746,1860_01,Europa,True,TRAPPIST-1e,35.0,True,0.0,1.0,0.0,0.0,3156.0,3157.0,0,1860,2,0,A,13.0,P,3,3157.0
1747,1747,1860_02,Europa,True,55 Cancri e,35.0,False,95.0,3441.0,0.0,391.0,318.0,4245.0,0,1860,2,0,A,13.0,P,3,4245.0
1748,1748,1861_01,Mars,True,TRAPPIST-1e,32.0,False,0.0,0.0,0.0,0.0,0.0,0.0,1,1861,2,0,F,358.0,S,8,0.0
1749,1749,1861_02,Mars,True,TRAPPIST-1e,61.0,False,953.0,415.0,974.0,0.0,133.0,2475.0,0,1861,2,0,F,358.0,S,8,2475.0
1750,1750,1863_01,Earth,True,55 Cancri e,58.0,False,14.0,0.0,1081.0,0.0,0.0,1095.0,0,1863,1,1,F,370.0,P,11,1095.0
1751,1751,1864_01,Mars,True,TRAPPIST-1e,26.0,False,1752.0,22.0,0.0,4.0,31.914893617021278,1778.0,0,1864,1,1,D,64.0,S,3,1809.9148936170213
1752,1752,1865_01,Earth,True,TRAPPIST-1e,4.0,False,0.0,0.0,0.0,0.0,0.0,0.0,1,1865,6,0,G,292.0,S,10,0.0
1753,1753,1865_02,Earth,True,TRAPPIST-1e,1.0,False,0.0,0.0,0.0,0.0,0.0,0.0,1,1865,6,0,G,292.0,S,10,0.0
1754,1754,1865_03,Earth,True,TRAPPIST-1e,8.0,False,0.0,0.0,0.0,0.0,0.0,0.0,1,1865,6,0,G,292.0,S,5,0.0
1755,1755,1865_04,Earth,True,TRAPPIST-1e,7.0,False,0.0,0.0,0.0,0.0,0.0,0.0,1,1865,6,0,G,292.0,S,10,0.0
1756,1756,1865_05,Earth,True,TRAPPIST-1e,25.0,False,0.0,60.0,0.0,646.0,1115.0,1821.0,0,1865,6,0,G,292.0,S,10,1821.0
1757,1757,1865_06,Earth,True,TRAPPIST-1e,6.0,False,0.0,0.0,0.0,0.0,0.0,0.0,1,1865,6,0,G,292.0,S,10,0.0
1758,1758,1866_01,Earth,True,TRAPPIST-1e,29.0,False,0.0,0.0,0.0,0.0,865.0,865.0,0,1866,1,1,F,371.0,P,11,865.0
1759,1759,1868_01,Mars,True,TRAPPIST-1e,64.0,False,0.0,0.0,0.0,0.0,0.0,0.0,1,1868,1,1,F,372.0,P,5,0.0
1760,1760,1871_01,Europa,True,TRAPPIST-1e,31.0,False,0.0,1983.0,0.0,172.0,52.0,2207.0,0,1871,1,1,C,70.0,S,8,2207.0
1761,1761,1872_01,Mars,True,TRAPPIST-1e,25.0,False,0.0,0.0,0.0,0.0,0.0,0.0,1,1872,1,1,E,139.0,S,11,0.0
1762,1762,1873_01,Earth,True,TRAPPIST-1e,30.0,False,0.0,0.0,0.0,0.0,0.0,0.0,1,1873,1,1,G,293.0,S,3,0.0
1763,1763,1874_01,Earth,True,TRAPPIST-1e,0.0,False,0.0,0.0,0.0,0.0,0.0,0.0,1,1874,2,0,G,305.0,P,4,0.0
1764,1764,1874_02,Earth,True,PSO J318.5-22,29.0,False,0.0,0.0,0.0,486.0,1479.0,1965.0,0,1874,2,0,F,374.0,P,4,1965.0
1765,1765,1877_01,Earth,True,TRAPPIST-1e,37.0,False,28.0,25.0,26.0,806.0,3.0,888.0,0,1877,1,1,G,306.0,P,15,888.0
1766,1766,1878_01,Earth,True,TRAPPIST-1e,49.0,False,0.0,0.0,0.0,724.0,0.0,724.0,0,1878,1,1,F,375.0,P,2,724.0
1767,1767,1879_01,Europa,True,TRAPPIST-1e,36.0,False,0.0,583.0,1789.0,19.0,1009.0,3400.0,0,1879,1,1,D,58.0,P,2,3400.0
1768,1768,1880_01,Earth,True,55 Cancri e,20.0,False,470.0,128.0,0.0,0.0,9.0,607.0,0,1880,1,1,F,376.0,P,5,607.0
1769,1769,1881_01,Earth,True,TRAPPIST-1e,20.0,False,2215.0,0.0,0.0,86.0,0.0,2301.0,0,1881,1,1,F,377.0,P,4,2301.0
1770,1770,1882_01,Europa,True,55 Cancri e,18.0,False,0.0,16263.0,72.0,0.0,15.0,16350.0,0,1882,2,0,C,71.0,S,7,16350.0
1771,1771,1882_02,Europa,True,55 Cancri e,17.0,False,0.0,0.0,0.0,0.0,0.0,0.0,1,1882,2,0,C,67.0,S,7,0.0
1772,1772,1884_01,Mars,True,TRAPPIST-1e,48.0,False,0.0,0.0,0.0,0.0,0.0,0.0,1,1884,1,1,E,140.0,S,11,0.0
1773,1773,1886_01,Earth,True,TRAPPIST-1e,26.0,False,0.0,3.0,176.0,611.0,0.0,790.0,0,1886,1,1,E,141.0,S,6,790.0
1774,1774,1887_01,Earth,True,TRAPPIST-1e,35.0,False,0.0,88.0,718.0,46.0,0.0,852.0,0,1887,1,1,G,295.0,S,6,852.0
1775,1775,1888_01,Earth,True,TRAPPIST-1e,30.0,False,116.0,0.0,0.0,728.0,29.0,873.0,0,1888,1,1,F,361.0,S,5,873.0
1776,1776,1889_01,Earth,True,TRAPPIST-1e,22.0,False,0.0,0.0,22.0,0.0,702.0,724.0,0,1889,2,0,F,378.0,P,10,724.0
1777,1777,1889_02,Earth,True,TRAPPIST-1e,5.0,False,0.0,0.0,0.0,0.0,0.0,0.0,1,1889,2,0,G,307.0,P,10,0.0
1778,1778,1890_01,Earth,True,55 Cancri e,43.0,False,0.0,0.0,0.0,0.0,0.0,0.0,1,1890,1,1,G,308.0,P,9,0.0
1779,1779,1891_01,Mars,True,TRAPPIST-1e,52.0,False,0.0,0.0,0.0,0.0,0.0,0.0,1,1891,1,1,E,142.0,S,0,0.0
1780,1780,1892_01,Europa,True,TRAPPIST-1e,50.0,False,5.0,809.0,0.0,309.0,731.0,1854.0,0,1892,3,0,D,59.0,P,5,1854.0
1781,1781,1892_02,Europa,True,TRAPPIST-1e,29.0,False,4.0,841.0,0.0,363.0,1107.0,2315.0,0,1892,3,0,D,62.0,P,7,2315.0
1782,1782,1892_03,Europa,True,55 Cancri e,19.0,False,0.0,748.0,158.0,5037.0,44.0,5987.0,0,1892,3,0,D,59.0,P,7,5987.0
1783,1783,1897_01,Europa,True,55 Cancri e,39.0,False,0.0,10153.0,1.0,78.0,5063.0,15295.0,0,1897,2,0,C,72.0,S,6,15295.0
1784,1784,1897_02,Europa,True,TRAPPIST-1e,38.0,False,0.0,354.0,0.0,1806.0,0.0,2160.0,0,1897,2,0,C,72.0,S,6,2160.0
1785,1785,1898_01,Earth,True,55 Cancri e,21.0,False,0.0,0.0,0.0,0.0,0.0,0.0,1,1898,1,1,G,296.0,S,7,0.0
1786,1786,1899_01,Earth,True,PSO J318.5-22,25.0,False,11.0,44.0,397.0,0.0,0.0,452.0,0,1899,1,1,G,297.0,S,7,452.0
1787,1787,1901_01,Europa,True,55 Cancri e,42.0,False,0.0,0.0,0.0,0.0,0.0,0.0,1,1901,2,0,A,14.0,P,6,0.0
1788,1788,1901_02,Europa,True,55 Cancri e,36.0,False,0.0,0.0,0.0,0.0,0.0,0.0,1,1901,2,0,A,14.0,P,6,0.0
1789,1789,1902_01,Earth,True,TRAPPIST-1e,19.0,False,42.0,0.0,345.0,1431.0,0.0,1818.0,0,1902,1,1,G,298.0,S,8,1818.0
1790,1790,1903_01,Earth,True,TRAPPIST-1e,42.0,False,0.0,0.0,0.0,0.0,0.0,0.0,1,1903,1,1,G,309.0,P,13,0.0
1791,1791,1905_01,Earth,True,55 Cancri e,40.0,False,1465.0,39.0,0.0,0.0,1225.0,2729.0,0,1905,1,1,F,364.0,S,14,2729.0
1792,1792,1906_01,Earth,True,TRAPPIST-1e,14.0,False,0.0,0.0,0.0,0.0,0.0,0.0,1,1906,1,1,G,299.0,S,11,0.0
1793,1793,1907_01,Europa,True,TRAPPIST-1e,50.0,False,4.461538461538462,1810.0,0.0,126.0,247.0,2183.0,0,1907,1,1,D,60.0,P,3,2187.4615384615386
1794,1794,1908_01,Mars,True,TRAPPIST-1e,18.0,False,1218.0,0.0,34.0,1095.0,0.0,2347.0,0,1908,1,1,E,115.0,P,6,2347.0
1795,1795,1911_01,Earth,True,TRAPPIST-1e,46.0,False,8.0,652.0,0.0,5.0,90.0,755.0,0,1911,1,1,G,300.0,S,14,755.0
1796,1796,1915_01,Earth,True,TRAPPIST-1e,24.0,False,0.0,51.0,0.0,37.0,704.0,792.0,0,1915,1,1,E,116.0,P,10,792.0
1797,1797,1916_01,Europa,True,TRAPPIST-1e,15.0,False,0.0,0.0,0.0,0.0,0.0,0.0,1,1916,2,0,D,61.0,P,4,0.0
1798,1798,1916_02,Europa,True,55 Cancri e,22.0,False,1744.0,79.0,0.0,12.0,1514.0,3349.0,0,1916,2,0,D,61.0,P,4,3349.0
1799,1799,1918_01,Europa,True,TRAPPIST-1e,0.0,False,0.0,0.0,0.0,0.0,0.0,0.0,1,1918,3,0,A,23.0,S,4,0.0
1800,1800,1918_02,Europa,True,TRAPPIST-1e,52.0,False,0.0,0.0,0.0,0.0,0.0,0.0,1,1918,3,0,A,23.0,S,4,0.0
1801,1801,1918_03,Europa,True,TRAPPIST-1e,38.0,False,34.0,2043.0,0.0,1339.0,0.0,3416.0,0,1918,3,0,A,23.0,S,4,3416.0
1802,1802,1920_01,Mars,True,TRAPPIST-1e,46.0,False,731.0,0.0,288.0,0.0,2.0,1021.0,0,1920,1,1,E,117.0,P,7,1021.0
1803,1803,1922_01,Earth,True,55 Cancri e,23.0,False,0.0,0.0,0.0,0.0,0.0,0.0,1,1922,1,1,G,303.0,S,7,0.0
1804,1804,1923_01,Europa,True,TRAPPIST-1e,63.0,False,0.0,4286.0,18.0,4.0,872.0,5180.0,0,1923,2,0,C,65.0,P,5,5180.0
1805,1805,1923_02,Europa,True,55 Cancri e,24.0,False,0.0,0.0,0.0,0.0,0.0,0.0,1,1923,2,0,C,65.0,P,5,0.0
1806,1806,1925_01,Earth,True,TRAPPIST-1e,50.0,False,0.0,0.0,0.0,0.0,0.0,0.0,1,1925,1,1,G,304.0,S,11,0.0
1807,1807,1926_01,Earth,True,TRAPPIST-1e,20.0,False,0.0,0.0,0.0,0.0,0.0,0.0,1,1926,1,1,G,305.0,S,7,0.0
1808,1808,1927_01,Mars,True,TRAPPIST-1e,55.0,False,2424.0,0.0,1.0,0.0,284.0,2709.0,0,1927,1,1,D,66.0,S,9,2709.0
1809,1809,1928_01,Earth,True,PSO J318.5-22,21.0,False,0.0,0.0,107.0,166.0,388.0,661.0,0,1928,1,1,E,144.0,S,2,661.0
1810,1810,1931_01,Europa,True,55 Cancri e,56.0,False,0.0,0.0,0.0,0.0,0.0,0.0,1,1931,1,1,C,73.0,S,3,0.0
1811,1811,1933_01,Earth,True,TRAPPIST-1e,45.0,False,10.0,0.0,0.0,315.1666666666667,0.0,10.0,0,1933,1,1,E,118.0,P,8,325.1666666666667
1812,1812,1935_01,Earth,True,55 Cancri e,18.0,False,0.0,0.0,0.0,0.0,0.0,0.0,1,1935,1,1,G,307.0,S,11,0.0
1813,1813,1937_01,Earth,True,TRAPPIST-1e,47.0,False,7.0,877.0,17.0,0.0,0.0,901.0,0,1937,1,1,F,368.0,S,6,901.0
1814,1814,1938_01,Earth,True,TRAPPIST-1e,36.0,False,0.0,0.0,1508.0,110.0,117.0,1735.0,0,1938,1,1,F,369.0,S,8,1735.0
1815,1815,1939_01,Mars,True,TRAPPIST-1e,57.0,True,975.0,0.0,295.0,39.0,0.0,1309.0,0,1939,2,0,F,385.0,P,3,1309.0
1816,1816,1939_02,Mars,True,TRAPPIST-1e,13.0,False,3037.0,10.0,43.0,0.0,0.0,3090.0,0,1939,2,0,D,62.0,P,3,3090.0
1817,1817,1940_01,Mars,True,TRAPPIST-1e,27.0,False,120.0,0.0,1476.0,3.0,0.0,1599.0,0,1940,1,1,F,386.0,P,9,1599.0
1818,1818,1941_01,Earth,True,TRAPPIST-1e,20.0,False,717.0,0.0,0.0,0.0,0.0,717.0,0,1941,1,1,F,370.0,S,9,717.0
1819,1819,1942_01,Earth,True,TRAPPIST-1e,47.0,False,0.0,444.0,328.0,56.0,156.8780487804878,828.0,0,1942,1,1,G,312.0,P,11,984.8780487804878
1820,1820,1945_01,Earth,True,TRAPPIST-1e,15.0,False,0.0,0.0,787.0,0.0,0.0,787.0,0,1945,1,1,E,120.0,P,6,787.0
1821,1821,1946_01,Earth,True,TRAPPIST-1e,34.0,False,0.0,0.0,53.0,731.0,0.0,784.0,0,1946,1,1,G,313.0,P,16,784.0
1822,1822,1947_01,Earth,True,TRAPPIST-1e,21.0,False,942.0,0.0,0.0,0.0,7.0,949.0,0,1947,1,1,F,372.0,S,12,949.0
1823,1823,1950_01,Earth,True,TRAPPIST-1e,51.0,False,0.0,0.0,0.0,101.0,1357.0,1458.0,0,1950,1,1,F,374.0,S,12,1458.0
1824,1824,1952_01,Earth,True,TRAPPIST-1e,23.0,False,382.0,0.0,398.0,8.0,0.0,788.0,0,1952,1,1,E,121.0,P,0,788.0
1825,1825,1953_01,Earth,True,TRAPPIST-1e,58.0,False,0.0,0.0,0.0,0.0,717.0,717.0,0,1953,1,1,F,387.0,P,10,717.0
1826,1826,1956_01,Mars,True,TRAPPIST-1e,37.0,False,2765.0,0.0,1134.0,0.0,0.0,3899.0,0,1956,2,0,D,68.0,S,12,3899.0
1827,1827,1956_02,Mars,True,PSO J318.5-22,44.0,False,708.0,0.0,5.0,0.0,74.0,787.0,0,1956,2,0,D,68.0,S,12,787.0
1828,1828,1957_01,Earth,True,TRAPPIST-1e,25.0,False,0.0,0.0,0.0,0.0,0.0,0.0,1,1957,1,1,G,309.0,S,9,0.0
1829,1829,1959_01,Europa,True,TRAPPIST-1e,15.0,False,0.0,0.0,0.0,0.0,0.0,0.0,1,1959,3,0,C,66.0,P,4,0.0
1830,1830,1959_02,Europa,True,TRAPPIST-1e,40.0,False,0.0,382.0,0.0,1.0,3822.0,4205.0,0,1959,3,0,C,66.0,P,4,4205.0
1831,1831,1959_03,Europa,True,55 Cancri e,29.0,False,0.0,433.0,4899.0,393.0,260.0,5985.0,0,1959,3,0,C,66.0,P,4,5985.0
1832,1832,1960_01,Earth,True,TRAPPIST-1e,36.0,False,0.0,0.0,0.0,0.0,0.0,0.0,1,1960,2,0,E,122.0,P,10,0.0
1833,1833,1960_02,Earth,True,PSO J318.5-22,21.0,False,0.0,0.0,677.0,4.0,0.0,681.0,0,1960,2,0,E,122.0,P,10,681.0
1834,1834,1961_01,Earth,True,TRAPPIST-1e,35.0,False,302.0,6.0,0.0,6.0,613.0,927.0,0,1961,1,1,G,315.0,P,3,927.0
1835,1835,1962_01,Earth,True,TRAPPIST-1e,24.0,False,3.0,361.0,94.0,824.0,160.0,1442.0,0,1962,3,0,F,390.0,P,5,1442.0
1836,1836,1962_02,Earth,True,55 Cancri e,2.0,False,0.0,0.0,0.0,0.0,0.0,0.0,1,1962,3,0,G,316.0,P,5,0.0
1837,1837,1962_03,Earth,True,TRAPPIST-1e,0.0,False,0.0,0.0,0.0,0.0,0.0,0.0,1,1962,3,0,G,316.0,P,8,0.0
1838,1838,1963_01,Earth,True,TRAPPIST-1e,43.0,False,0.0,0.0,0.0,1200.0,17.0,1217.0,0,1963,1,1,F,391.0,P,5,1217.0
1839,1839,1964_01,Europa,True,TRAPPIST-1e,63.0,False,0.0,869.0,1.0,375.0,3377.0,4622.0,0,1964,1,1,C,74.0,S,4,4622.0
1840,1840,1967_01,Earth,True,TRAPPIST-1e,30.0,False,0.0,0.0,0.0,0.0,0.0,0.0,1,1967,1,1,G,318.0,P,4,0.0
1841,1841,1968_01,Earth,True,PSO J318.5-22,38.0,False,0.0,0.0,0.0,0.0,0.0,0.0,1,1968,1,1,G,319.0,P,8,0.0
1842,1842,1969_01,Europa,True,55 Cancri e,27.0,False,272.5,21066.0,0.0,2448.0,2293.0,25807.0,0,1969,1,1,C,75.0,S,5,26079.5
1843,1843,1971_01,Earth,True,PSO J318.5-22,54.0,False,3.0,0.0,56.0,633.0,0.0,692.0,0,1971,1,1,F,375.0,S,5,692.0
1844,1844,1973_01,Europa,True,55 Cancri e,39.0,False,0.0,0.0,0.0,0.0,0.0,0.0,1,1973,1,1,A,24.0,S,5,0.0
1845,1845,1974_01,Mars,True,TRAPPIST-1e,41.0,False,3702.0,0.0,1.0,0.0,18.0,3721.0,0,1974,1,1,D,63.0,P,5,3721.0
1846,1846,1975_01,Earth,True,TRAPPIST-1e,22.0,False,0.0,0.0,0.0,10.0,761.0,771.0,0,1975,1,1,G,310.0,S,4,771.0
1847,1847,1976_01,Europa,True,55 Cancri e,23.0,False,0.0,8037.0,3.0,1.0,2.0,8040.0,0,1976,7,0,B,82.0,S,5,8043.0
1848,1848,1976_02,Europa,True,TRAPPIST-1e,34.0,False,15.0,3578.0,0.0,847.1063829787234,473.0,4066.0,0,1976,7,0,B,82.0,S,6,4913.106382978724
1849,1849,1976_03,Europa,True,55 Cancri e,26.0,True,0.0,0.0,0.0,0.0,0.0,0.0,1,1976,7,0,B,82.0,S,6,0.0
1850,1850,1976_04,Europa,True,TRAPPIST-1e,39.0,False,1.0,2972.0,0.0,3175.0,1.0,6149.0,0,1976,7,0,B,82.0,S,6,6149.0
1851,1851,1976_05,Europa,True,55 Cancri e,15.0,False,0.0,0.0,0.0,0.0,0.0,0.0,1,1976,7,0,B,82.0,S,6,0.0
1852,1852,1976_06,Europa,True,TRAPPIST-1e,64.0,False,0.0,0.0,0.0,0.0,0.0,0.0,1,1976,7,0,B,82.0,S,6,0.0
1853,1853,1976_07,Europa,True,TRAPPIST-1e,25.0,False,0.0,0.0,0.0,0.0,0.0,0.0,1,1976,7,0,B,82.0,S,5,0.0
1854,1854,1977_01,Mars,True,TRAPPIST-1e,35.0,False,0.0,0.0,0.0,0.0,0.0,0.0,1,1977,1,1,F,393.0,P,6,0.0
1855,1855,1978_01,Earth,True,TRAPPIST-1e,19.0,False,0.0,0.0,0.0,0.0,0.0,0.0,1,1978,1,1,G,311.0,S,0,0.0
1856,1856,1979_01,Earth,True,TRAPPIST-1e,26.0,False,401.0,0.0,693.0,62.0,0.0,1156.0,0,1979,1,1,F,376.0,S,7,1156.0
1857,1857,1980_01,Earth,True,TRAPPIST-1e,3.0,False,0.0,0.0,0.0,0.0,0.0,0.0,1,1980,3,0,G,312.0,S,15,0.0
1858,1858,1980_02,Earth,True,TRAPPIST-1e,29.0,False,1434.0,5.0,0.0,0.0,0.0,1439.0,0,1980,3,0,G,312.0,S,4,1439.0
1859,1859,1980_03,Earth,True,TRAPPIST-1e,44.0,False,0.0,0.0,0.0,0.0,0.0,0.0,1,1980,3,0,G,312.0,S,15,0.0
1860,1860,1981_01,Earth,True,TRAPPIST-1e,27.0,False,196.0,602.0,0.0,0.0,198.0,996.0,0,1981,1,1,E,124.0,P,4,996.0
1861,1861,1983_01,Earth,True,PSO J318.5-22,17.0,False,414.0,0.0,139.0,28.0,173.0,754.0,0,1983,1,1,G,320.0,P,12,754.0
1862,1862,1984_01,Europa,True,55 Cancri e,37.0,False,0.0,3166.0,0.0,91.0,6.0,3263.0,0,1984,1,1,C,70.0,P,3,3263.0
1863,1863,1985_01,Mars,True,55 Cancri e,19.0,False,0.0,0.0,0.0,0.0,0.0,0.0,1,1985,1,1,F,394.0,P,3,0.0
1864,1864,1988_01,Earth,True,TRAPPIST-1e,44.0,False,0.0,0.0,0.0,0.0,0.0,0.0,1,1988,1,1,G,321.0,P,6,0.0
1865,1865,1991_01,Earth,True,55 Cancri e,22.0,False,0.0,0.0,30.0,499.0,138.0,667.0,0,1991,2,0,F,378.0,S,7,667.0
1866,1866,1991_02,Earth,True,TRAPPIST-1e,22.0,False,213.0,85.0,352.0,12.0,1.0,663.0,0,1991,2,0,E,146.0,S,7,663.0
1867,1867,1992_01,Mars,True,TRAPPIST-1e,21.0,False,0.0,0.0,0.0,0.0,0.0,0.0,1,1992,1,1,F,379.0,S,4,0.0
1868,1868,1993_01,Earth,True,TRAPPIST-1e,31.0,False,1062.0,0.0,802.0,71.0,0.0,1935.0,0,1993,1,1,F,380.0,S,7,1935.0
1869,1869,1994_01,Earth,True,TRAPPIST-1e,17.0,False,0.0,0.0,249.0,537.0,5.0,791.0,0,1994,1,1,E,125.0,P,3,791.0
1870,1870,1995_01,Earth,True,PSO J318.5-22,30.0,False,231.0,0.0,0.0,274.0,26.0,531.0,0,1995,1,1,G,314.0,S,11,531.0
1871,1871,1996_01,Earth,True,TRAPPIST-1e,15.0,False,12.0,25.0,197.0,631.0,0.0,865.0,0,1996,1,1,F,381.0,S,9,865.0
1872,1872,1997_01,Earth,True,TRAPPIST-1e,42.0,False,37.0,1670.0,0.0,0.0,0.0,1707.0,0,1997,1,1,G,315.0,S,6,1707.0
1873,1873,1999_01,Earth,True,TRAPPIST-1e,55.0,False,373.0,1.0,1.0,496.0,0.0,871.0,0,1999,1,1,F,383.0,S,10,871.0
1874,1874,2000_01,Europa,True,55 Cancri e,28.0,False,5.0,2676.0,13.0,0.0,157.0,2851.0,0,2000,1,1,C,76.0,S,5,2851.0
1875,1875,2001_01,Earth,True,TRAPPIST-1e,33.0,False,673.0,194.0,548.0,59.0,40.0,1514.0,0,2001,1,1,F,396.0,P,13,1514.0
1876,1876,2003_01,Earth,True,TRAPPIST-1e,19.0,False,3.0,6.0,20.0,60.0,719.0,808.0,0,2003,1,1,G,323.0,P,9,808.0
1877,1877,2006_01,Earth,True,TRAPPIST-1e,24.0,False,171.36486486486487,856.0,0.0,0.0,5.0,861.0,0,2006,3,0,F,386.0,S,5,1032.3648648648648
1878,1878,2006_02,Earth,True,TRAPPIST-1e,4.0,False,0.0,0.0,0.0,0.0,0.0,0.0,1,2006,3,0,G,317.0,S,5,0.0
1879,1879,2006_03,Earth,True,TRAPPIST-1e,2.0,False,0.0,0.0,0.0,0.0,0.0,0.0,1,2006,3,0,G,317.0,S,5,0.0
1880,1880,2007_01,Europa,True,55 Cancri e,30.0,False,0.0,5734.0,0.0,5.0,1.0,5740.0,0,2007,1,1,A,25.0,S,6,5740.0
1881,1881,2009_01,Europa,True,TRAPPIST-1e,31.0,False,0.0,0.0,0.0,0.0,0.0,0.0,1,2009,3,0,B,59.0,P,5,0.0
1882,1882,2009_02,Europa,True,TRAPPIST-1e,17.0,False,0.0,0.0,0.0,0.0,0.0,0.0,1,2009,3,0,B,59.0,P,5,0.0
1883,1883,2009_03,Europa,True,55 Cancri e,40.0,False,0.0,0.0,0.0,0.0,0.0,0.0,1,2009,3,0,B,59.0,P,5,0.0
1884,1884,2010_01,Earth,True,PSO J318.5-22,33.0,False,0.0,0.0,0.0,0.0,0.0,0.0,1,2010,1,1,G,324.0,P,6,0.0
1885,1885,2011_01,Earth,True,PSO J318.5-22,46.0,False,0.0,0.0,0.0,0.0,0.0,0.0,1,2011,1,1,G,318.0,S,11,0.0
1886,1886,2012_01,Europa,True,55 Cancri e,30.0,True,1250.0,865.0,0.0,3725.0,5416.0,11256.0,0,2012,1,1,B,60.0,P,5,11256.0
1887,1887,2013_01,Earth,True,TRAPPIST-1e,17.0,False,0.0,0.0,0.0,0.0,804.0,804.0,0,2013,1,1,F,398.0,P,3,804.0
1888,1888,2015_01,Earth,True,TRAPPIST-1e,19.0,False,1139.0,18.0,0.0,0.0,671.0,1828.0,0,2015,1,1,F,387.0,S,10,1828.0
1889,1889,2019_01,Europa,True,55 Cancri e,22.0,False,0.0,5183.0,0.0,1080.0,2.0,6265.0,0,2019,2,0,B,83.0,S,2,6265.0
1890,1890,2019_02,Europa,True,55 Cancri e,20.0,False,0.0,162.0,0.0,148.0,7619.0,7929.0,0,2019,2,0,B,83.0,S,2,7929.0
1891,1891,2022_01,Earth,True,PSO J318.5-22,36.0,False,0.0,809.0,0.0,86.0,0.0,895.0,0,2022,1,1,F,390.0,S,4,895.0
1892,1892,2024_01,Earth,True,TRAPPIST-1e,0.0,False,0.0,0.0,0.0,0.0,0.0,0.0,1,2024,2,0,G,322.0,S,8,0.0
1893,1893,2024_02,Earth,True,55 Cancri e,17.0,False,44.0,1535.0,10.0,51.0,0.0,1640.0,0,2024,2,0,E,150.0,S,8,1640.0
1894,1894,2026_01,Earth,True,TRAPPIST-1e,7.0,False,0.0,0.0,0.0,0.0,0.0,0.0,1,2026,3,0,G,323.0,S,10,0.0
1895,1895,2026_02,Earth,True,PSO J318.5-22,15.0,False,0.0,0.0,0.0,0.0,0.0,0.0,1,2026,3,0,G,323.0,S,10,0.0
1896,1896,2026_03,Earth,True,TRAPPIST-1e,20.0,False,0.0,4.0,429.0,0.0,287.0,720.0,0,2026,3,0,G,323.0,S,14,720.0
1897,1897,2027_01,Earth,True,55 Cancri e,19.0,False,30.0,1.0,1051.0,0.0,6.0,1088.0,0,2027,1,1,F,399.0,P,9,1088.0
1898,1898,2028_01,Earth,True,PSO J318.5-22,24.0,False,662.0,0.0,0.0,0.0,9.0,671.0,0,2028,1,1,F,391.0,S,12,671.0
1899,1899,2029_01,Earth,True,55 Cancri e,43.0,False,0.0,6.0,730.0,1.0,0.0,737.0,0,2029,1,1,F,400.0,P,7,737.0
1900,1900,2032_01,Mars,True,TRAPPIST-1e,26.0,False,0.0,0.0,0.0,0.0,0.0,0.0,1,2032,1,1,F,402.0,P,7,0.0
1901,1901,2034_01,Earth,True,TRAPPIST-1e,42.0,False,399.0,75.0,38.0,771.0,0.0,1283.0,0,2034,1,1,F,393.0,S,5,1283.0
1902,1902,2038_01,Earth,True,TRAPPIST-1e,21.0,False,6.0,133.0,503.0,0.0,2.0,644.0,0,2038,1,1,F,404.0,P,12,644.0
1903,1903,2040_01,Europa,True,TRAPPIST-1e,50.0,False,0.0,0.0,0.0,0.0,0.0,0.0,1,2040,2,0,B,85.0,S,3,0.0
1904,1904,2040_02,Europa,True,TRAPPIST-1e,25.0,False,0.0,0.0,0.0,0.0,0.0,0.0,1,2040,2,0,B,85.0,S,3,0.0
1905,1905,2041_01,Earth,True,TRAPPIST-1e,64.0,False,0.0,0.0,0.0,0.0,0.0,0.0,1,2041,1,1,G,327.0,P,9,0.0
1906,1906,2042_01,Earth,True,TRAPPIST-1e,50.0,False,0.0,0.0,0.0,785.0,19.0,804.0,0,2042,1,1,F,394.0,S,7,804.0
1907,1907,2043_01,Mars,True,TRAPPIST-1e,24.0,False,0.0,0.0,0.0,0.0,0.0,0.0,1,2043,1,1,F,395.0,S,6,0.0
1908,1908,2044_01,Earth,True,TRAPPIST-1e,27.0,False,0.0,0.0,634.0,1.0,23.0,658.0,0,2044,1,1,F,396.0,S,7,658.0
1909,1909,2045_01,Earth,True,55 Cancri e,42.0,False,0.0,0.0,0.0,0.0,0.0,0.0,1,2045,1,1,G,324.0,S,6,0.0
1910,1910,2046_01,Earth,True,55 Cancri e,30.0,False,0.0,0.0,0.0,0.0,0.0,0.0,1,2046,1,1,G,328.0,P,5,0.0
1911,1911,2051_01,Earth,True,TRAPPIST-1e,20.0,False,2.0,0.0,694.0,0.0,22.0,718.0,0,2051,1,1,E,126.0,P,0,718.0
1912,1912,2052_01,Mars,True,TRAPPIST-1e,31.0,False,162.0,1211.0,4.0,0.0,1.0,1378.0,0,2052,1,1,E,151.0,S,2,1378.0
1913,1913,2053_01,Europa,True,55 Cancri e,26.0,False,281.0,741.0,13.0,0.0,4724.0,5759.0,0,2053,1,1,C,68.0,P,1,5759.0
1914,1914,2054_01,Europa,True,55 Cancri e,39.0,False,0.0,2484.875,0.0,1528.0,1119.0,2647.0,0,2054,1,1,C,69.0,P,2,5131.875
1915,1915,2055_01,Earth,True,TRAPPIST-1e,9.0,False,0.0,0.0,0.0,0.0,0.0,0.0,1,2055,6,0,G,330.0,P,11,0.0
1916,1916,2055_02,Earth,True,PSO J318.5-22,32.0,False,0.0,58.0,0.0,0.0,642.0,700.0,0,2055,6,0,G,330.0,P,11,700.0
1917,1917,2055_03,Earth,True,TRAPPIST-1e,25.0,False,0.0,0.0,0.0,0.0,0.0,0.0,1,2055,6,0,G,330.0,P,11,0.0
1918,1918,2055_04,Earth,True,TRAPPIST-1e,6.0,False,0.0,0.0,0.0,0.0,0.0,0.0,1,2055,6,0,G,330.0,P,11,0.0
1919,1919,2055_05,Earth,True,TRAPPIST-1e,3.0,False,0.0,0.0,0.0,0.0,0.0,0.0,1,2055,6,0,G,330.0,P,11,0.0
1920,1920,2055_06,Earth,True,TRAPPIST-1e,11.0,False,0.0,0.0,0.0,0.0,0.0,0.0,1,2055,6,0,G,330.0,P,5,0.0
1921,1921,2056_01,Earth,True,TRAPPIST-1e,52.0,False,0.0,0.0,0.0,0.0,0.0,0.0,1,2056,4,0,G,331.0,P,7,0.0
1922,1922,2056_02,Earth,True,TRAPPIST-1e,14.0,False,16.0,0.0,0.0,712.0,149.0,877.0,0,2056,4,0,F,407.0,P,7,877.0
1923,1923,2056_03,Earth,True,TRAPPIST-1e,68.0,False,0.0,286.0,0.0,1739.0,13.0,2038.0,0,2056,4,0,F,407.0,P,7,2038.0
1924,1924,2056_04,Earth,True,PSO J318.5-22,18.0,False,0.0,0.0,0.0,0.0,0.0,0.0,1,2056,4,0,G,331.0,P,7,0.0
1925,1925,2059_01,Earth,True,TRAPPIST-1e,55.0,False,2.0,0.0,0.0,0.0,907.0,909.0,0,2059,1,1,G,333.0,P,6,909.0
1926,1926,2060_01,Earth,True,55 Cancri e,22.0,False,1430.0,0.0,0.0,0.0,423.0,1853.0,0,2060,1,1,G,327.0,S,6,1853.0
1927,1927,2061_01,Europa,True,TRAPPIST-1e,34.0,False,0.0,5063.0,0.0,56.0,327.0,5446.0,0,2061,1,1,D,65.0,P,5,5446.0
1928,1928,2062_01,Mars,True,TRAPPIST-1e,17.0,False,583.0,0.0,753.0,0.0,0.0,1336.0,0,2062,1,1,F,398.0,S,0,1336.0
1929,1929,2063_01,Earth,True,PSO J318.5-22,38.0,False,0.0,0.0,0.0,0.0,0.0,0.0,1,2063,1,1,G,328.0,S,5,0.0
1930,1930,2065_01,Earth,True,TRAPPIST-1e,13.0,False,12.0,0.0,0.0,0.0,1963.0,1975.0,0,2065,1,1,F,410.0,P,6,1975.0
1931,1931,2066_01,Earth,True,TRAPPIST-1e,19.0,False,0.0,0.0,0.0,0.0,0.0,0.0,1,2066,1,1,G,329.0,S,5,0.0
1932,1932,2067_01,Europa,True,TRAPPIST-1e,30.0,False,0.0,0.0,0.0,0.0,0.0,0.0,1,2067,2,0,C,70.0,P,7,0.0
1933,1933,2067_02,Europa,True,TRAPPIST-1e,27.0,True,0.0,0.0,72.0,668.0,2713.0,3453.0,0,2067,2,0,C,70.0,P,7,3453.0
1934,1934,2070_01,Earth,True,TRAPPIST-1e,17.0,False,217.43396226415095,1.0,533.0,326.0,0.0,860.0,0,2070,1,1,E,127.0,P,11,1077.433962264151
1935,1935,2071_01,Europa,True,55 Cancri e,45.0,False,0.0,3559.0,0.0,3615.0,163.0,7337.0,0,2071,2,0,C,78.0,S,7,7337.0
1936,1936,2071_02,Europa,True,55 Cancri e,28.0,False,167.0,2406.0,71.0,283.0,650.0,3577.0,0,2071,2,0,C,78.0,S,7,3577.0
1937,1937,2073_01,Earth,True,TRAPPIST-1e,23.0,False,177.0,0.0,7.0,0.0,448.0,632.0,0,2073,1,1,F,401.0,S,5,632.0
1938,1938,2074_01,Europa,True,TRAPPIST-1e,24.0,False,1289.0,3343.0,0.0,4996.0,729.0,10357.0,0,2074,2,0,D,69.0,S,10,10357.0
1939,1939,2074_02,Europa,True,TRAPPIST-1e,23.0,False,9.0,4081.0,0.0,0.0,16.0,4106.0,0,2074,2,0,D,69.0,S,10,4106.0
1940,1940,2075_01,Earth,True,55 Cancri e,29.0,False,270.0,0.0,0.0,25.0,343.0,638.0,0,2075,1,1,F,402.0,S,8,638.0
1941,1941,2080_01,Earth,True,TRAPPIST-1e,46.0,False,430.0,0.0,340.0,52.0,61.0,883.0,0,2080,1,1,G,334.0,P,10,883.0
1942,1942,2081_01,Earth,True,PSO J318.5-22,17.0,False,8.0,911.0,0.0,0.0,0.0,919.0,0,2081,1,1,F,411.0,P,11,919.0
1943,1943,2082_01,Earth,True,TRAPPIST-1e,20.0,False,0.0,0.0,4.0,35.0,769.0,808.0,0,2082,1,1,G,335.0,P,9,808.0
1944,1944,2083_01,Earth,True,TRAPPIST-1e,24.0,False,121.0,20.0,0.0,68.0,506.0,715.0,0,2083,1,1,F,407.0,S,17,715.0
1945,1945,2084_01,Europa,True,TRAPPIST-1e,40.0,False,19.0,10.0,1.0,4759.0,6007.0,10796.0,0,2084,2,0,A,16.0,P,9,10796.0
1946,1946,2084_02,Europa,True,TRAPPIST-1e,28.0,False,0.0,0.0,0.0,0.0,0.0,0.0,1,2084,2,0,A,16.0,P,9,0.0
1947,1947,2085_01,Europa,True,TRAPPIST-1e,38.0,False,0.0,590.0,2640.0,6202.0,99.0,9531.0,0,2085,1,1,C,72.0,P,3,9531.0
1948,1948,2086_01,Europa,True,TRAPPIST-1e,65.0,False,51.0,4451.0,0.0,20.0,397.0,4919.0,0,2086,2,0,A,26.0,S,4,4919.0
1949,1949,2086_02,Europa,True,TRAPPIST-1e,19.0,False,0.0,1342.0,0.0,152.0,556.0,2050.0,0,2086,2,0,A,26.0,S,4,2050.0
1950,1950,2087_01,Earth,True,TRAPPIST-1e,54.0,False,0.0,0.0,872.0,0.0,1.0,873.0,0,2087,1,1,F,408.0,S,8,873.0
1951,1951,2088_01,Earth,True,55 Cancri e,38.0,False,0.0,717.0,0.0,0.0,0.0,717.0,0,2088,2,0,F,409.0,S,9,717.0
1952,1952,2088_02,Earth,True,TRAPPIST-1e,40.0,False,51.0,0.0,1.0,368.0,509.0,929.0,0,2088,2,0,G,331.0,S,9,929.0
1953,1953,2089_01,Earth,True,PSO J318.5-22,21.0,False,166.8599221789883,2.0,133.0,0.0,549.0,684.0,0,2089,1,1,F,412.0,P,11,850.8599221789883
1954,1954,2090_01,Earth,True,TRAPPIST-1e,22.0,False,8.0,0.0,801.0,0.0,12.0,821.0,0,2090,1,1,F,413.0,P,5,821.0
1955,1955,2091_01,Earth,True,TRAPPIST-1e,33.0,False,356.0,161.82857142857142,0.0,245.0,0.0,601.0,0,2091,1,1,F,414.0,P,11,762.8285714285714
1956,1956,2092_01,Mars,True,TRAPPIST-1e,18.0,False,29.0,0.0,2315.0,0.0,1.0,2345.0,0,2092,5,0,D,70.0,S,7,2345.0
1957,1957,2092_02,Mars,True,TRAPPIST-1e,43.0,False,546.0,0.0,41.0,710.0,0.0,1297.0,0,2092,5,0,E,153.0,S,7,1297.0
1958,1958,2092_03,Mars,True,TRAPPIST-1e,13.0,False,6726.0,0.0,1605.0,1266.0,0.0,9597.0,0,2092,5,0,D,68.0,S,7,9597.0
1959,1959,2092_04,Mars,True,TRAPPIST-1e,26.0,False,1751.0,0.0,0.0,0.0,0.0,1751.0,0,2092,5,0,F,410.0,S,7,1751.0
1960,1960,2092_05,Mars,True,TRAPPIST-1e,22.0,False,2300.0,0.0,22.0,256.0,0.0,2578.0,0,2092,5,0,D,70.0,S,7,2578.0
1961,1961,2094_01,Mars,True,TRAPPIST-1e,21.0,False,0.0,0.0,0.0,0.0,0.0,0.0,1,2094,1,1,F,415.0,P,4,0.0
1962,1962,2095_01,Earth,True,PSO J318.5-22,25.0,False,0.0,11.0,0.0,13.0,1344.0,1368.0,0,2095,1,1,F,411.0,S,8,1368.0
1963,1963,2096_01,Mars,True,TRAPPIST-1e,29.0,False,216.0,10.0,611.0,594.0,0.0,1431.0,0,2096,2,0,F,412.0,S,4,1431.0
1964,1964,2096_02,Mars,True,TRAPPIST-1e,49.0,False,1624.0,0.0,68.0,374.0,0.0,1692.0,0,2096,2,0,F,412.0,S,2,2066.0
1965,1965,2097_01,Europa,True,55 Cancri e,29.0,False,0.0,0.0,0.0,0.0,0.0,0.0,1,2097,1,1,B,86.0,S,6,0.0
1966,1966,2099_01,Mars,True,TRAPPIST-1e,45.0,False,10.0,1095.0,1474.0,0.0,0.0,2579.0,0,2099,1,1,D,71.0,S,2,2579.0
1967,1967,2100_01,Earth,True,PSO J318.5-22,45.0,False,0.0,0.0,734.0,3.0,5.0,742.0,0,2100,1,1,F,413.0,S,10,742.0
1968,1968,2102_01,Europa,True,TRAPPIST-1e,30.0,False,63.0,9314.0,249.0,2624.0,4538.0,16788.0,0,2102,1,1,C,79.0,S,2,16788.0
1969,1969,2104_01,Earth,True,TRAPPIST-1e,29.0,False,776.0,0.0,4.0,0.0,23.0,803.0,0,2104,2,0,F,414.0,S,7,803.0
1970,1970,2104_02,Earth,True,TRAPPIST-1e,26.0,False,0.0,0.0,0.0,0.0,0.0,0.0,1,2104,2,0,F,416.0,S,7,0.0
1971,1971,2105_01,Earth,True,55 Cancri e,16.0,False,0.0,0.0,0.0,0.0,0.0,0.0,1,2105,1,1,G,335.0,S,13,0.0
1972,1972,2106_01,Earth,True,55 Cancri e,20.0,False,1.0,0.0,0.0,4926.0,1.0,4928.0,0,2106,1,1,G,336.0,S,4,4928.0
1973,1973,2107_01,Earth,True,TRAPPIST-1e,33.0,False,235.0,2.0,1.0,650.0,0.0,888.0,0,2107,1,1,G,338.0,P,7,888.0
1974,1974,2110_01,Earth,True,TRAPPIST-1e,18.0,False,0.0,0.0,0.0,0.0,0.0,0.0,1,2110,1,1,G,339.0,P,4,0.0
1975,1975,2111_01,Mars,True,TRAPPIST-1e,24.0,False,600.0,593.0,1404.0,0.0,1.0,2598.0,0,2111,1,1,F,417.0,P,7,2598.0
1976,1976,2112_01,Mars,True,TRAPPIST-1e,29.0,False,860.0,305.0,18.0,1415.0,0.0,2598.0,0,2112,1,1,F,418.0,P,4,2598.0
1977,1977,2114_01,Europa,True,55 Cancri e,40.0,False,0.0,0.0,0.0,0.0,0.0,0.0,1,2114,1,1,B,87.0,S,8,0.0
1978,1978,2115_01,Europa,True,TRAPPIST-1e,27.0,False,0.0,0.0,0.0,0.0,0.0,0.0,1,2115,1,1,D,72.0,S,5,0.0
1979,1979,2116_01,Earth,True,TRAPPIST-1e,35.0,False,0.0,0.0,0.0,0.0,0.0,0.0,1,2116,1,1,G,339.0,S,9,0.0
1980,1980,2117_01,Europa,True,TRAPPIST-1e,31.0,False,0.0,8718.0,0.0,13036.0,267.0,22021.0,0,2117,1,1,C,75.0,Z,1,22021.0
1981,1981,2118_01,Earth,True,PSO J318.5-22,26.0,False,0.0,0.0,0.0,0.0,0.0,0.0,1,2118,1,1,G,340.0,P,3,0.0
1982,1982,2120_01,Mars,True,TRAPPIST-1e,49.0,False,0.0,0.0,1058.0,0.0,0.0,1058.0,0,2120,1,1,D,73.0,S,2,1058.0
1983,1983,2121_01,Earth,True,TRAPPIST-1e,23.0,False,0.0,0.0,0.0,0.0,0.0,0.0,1,2121,1,1,G,341.0,P,8,0.0
1984,1984,2123_01,Earth,True,PSO J318.5-22,23.0,False,0.0,0.0,0.0,0.0,0.0,0.0,1,2123,2,0,G,342.0,P,4,0.0
1985,1985,2123_02,Earth,True,PSO J318.5-22,14.0,False,0.0,0.0,0.0,0.0,0.0,0.0,1,2123,2,0,G,342.0,P,4,0.0
1986,1986,2124_01,Earth,True,55 Cancri e,21.0,False,770.0,0.0,0.0,40.0,0.0,810.0,0,2124,1,1,G,341.0,S,17,810.0
1987,1987,2125_01,Earth,True,TRAPPIST-1e,18.0,False,0.0,1.0,0.0,80.0,826.0,907.0,0,2125,1,1,G,343.0,P,3,907.0
1988,1988,2126_01,Earth,True,TRAPPIST-1e,24.0,False,717.0,0.0,0.0,0.0,0.0,717.0,0,2126,1,1,F,415.0,S,5,717.0
1989,1989,2127_01,Earth,True,TRAPPIST-1e,19.0,False,721.0,62.0,7.0,0.0,0.0,790.0,0,2127,1,1,F,419.0,P,7,790.0
1990,1990,2128_01,Earth,True,TRAPPIST-1e,22.0,False,624.0,0.0,0.0,0.0,185.0,809.0,0,2128,1,1,G,344.0,P,4,809.0
1991,1991,2129_01,Earth,True,TRAPPIST-1e,17.0,False,736.0,0.0,2.0,20.0,0.0,758.0,0,2129,1,1,F,420.0,P,7,758.0
1992,1992,2130_01,Earth,True,PSO J318.5-22,13.0,False,0.0,2.0,480.0,10.0,176.0,668.0,0,2130,1,1,F,421.0,P,16,668.0
1993,1993,2131_01,Earth,True,TRAPPIST-1e,26.0,False,0.0,188.9923076923077,0.0,91.0,900.0,991.0,0,2131,1,1,E,128.0,P,6,1179.9923076923078
1994,1994,2133_01,Mars,True,TRAPPIST-1e,30.0,False,1054.0,0.0,43.0,85.0,0.0,1182.0,0,2133,2,0,D,74.0,S,3,1182.0
1995,1995,2133_02,Mars,True,TRAPPIST-1e,16.0,False,0.0,0.0,0.0,0.0,0.0,0.0,1,2133,2,0,F,416.0,S,3,0.0
1996,1996,2134_01,Mars,True,TRAPPIST-1e,20.0,False,1146.0,0.0,0.0,0.0,3.0,1149.0,0,2134,1,1,F,422.0,P,11,1149.0
1997,1997,2135_01,Earth,True,TRAPPIST-1e,20.0,False,75.0,0.0,0.0,1545.0,0.0,1620.0,0,2135,2,0,E,129.0,P,13,1620.0
1998,1998,2135_02,Earth,True,TRAPPIST-1e,23.0,False,426.0,0.0,362.0,0.0,0.0,788.0,0,2135,2,0,E,129.0,P,13,788.0
1999,1999,2136_01,Earth,True,TRAPPIST-1e,61.0,False,2.0,0.0,17.0,868.0,28.0,915.0,0,2136,1,1,G,343.0,S,10,915.0
2000,2000,2137_01,Mars,True,TRAPPIST-1e,27.0,False,0.0,0.0,0.0,0.0,0.0,0.0,1,2137,3,0,F,423.0,P,3,0.0
2001,2001,2137_02,Mars,True,55 Cancri e,3.0,False,0.0,0.0,0.0,0.0,0.0,0.0,1,2137,3,0,F,423.0,P,6,0.0
2002,2002,2137_03,Mars,True,55 Cancri e,4.0,False,0.0,0.0,0.0,0.0,0.0,0.0,1,2137,3,0,F,423.0,P,6,0.0
2003,2003,2138_01,Earth,True,55 Cancri e,13.0,False,0.0,0.0,0.0,0.0,0.0,0.0,1,2138,1,1,G,344.0,S,15,0.0
2004,2004,2139_01,Mars,True,TRAPPIST-1e,19.0,False,0.0,0.0,0.0,0.0,0.0,0.0,1,2139,1,1,F,417.0,S,3,0.0
2005,2005,2140_01,Earth,True,TRAPPIST-1e,18.0,False,0.0,0.0,698.0,0.0,0.0,698.0,0,2140,1,1,F,424.0,P,9,698.0
2006,2006,2141_01,Earth,True,55 Cancri e,66.0,False,0.0,0.0,1610.0,0.0,0.0,1610.0,0,2141,1,1,E,130.0,P,5,1610.0
2007,2007,2142_01,Mars,True,TRAPPIST-1e,39.0,False,0.0,0.0,0.0,0.0,0.0,0.0,1,2142,1,1,F,418.0,S,4,0.0
2008,2008,2143_01,Earth,True,TRAPPIST-1e,21.0,False,0.0,1433.0,0.0,1234.0,0.0,2667.0,0,2143,2,0,F,419.0,S,8,2667.0
2009,2009,2143_02,Earth,True,TRAPPIST-1e,7.0,False,0.0,0.0,0.0,0.0,0.0,0.0,1,2143,2,0,G,345.0,S,8,0.0
2010,2010,2144_01,Earth,True,TRAPPIST-1e,56.0,False,0.0,0.0,0.0,0.0,0.0,0.0,1,2144,1,1,G,344.0,Z,6,0.0
2011,2011,2145_01,Earth,True,TRAPPIST-1e,15.0,False,0.0,951.0,128.0,0.0,0.0,1079.0,0,2145,1,1,F,425.0,P,5,1079.0
2012,2012,2147_01,Mars,True,TRAPPIST-1e,28.0,False,1146.0,0.0,47.0,0.0,105.0,1298.0,0,2147,1,1,E,155.0,S,4,1298.0
2013,2013,2148_01,Earth,True,TRAPPIST-1e,13.0,False,579.0,226.0,61.0,1.0,7.0,874.0,0,2148,1,1,F,420.0,S,5,874.0
2014,2014,2149_01,Europa,True,TRAPPIST-1e,18.0,False,0.0,0.0,0.0,0.0,0.0,0.0,1,2149,1,1,B,89.0,S,3,0.0
2015,2015,2150_01,Earth,True,PSO J318.5-22,38.0,False,0.0,0.0,0.0,0.0,0.0,0.0,1,2150,1,1,G,346.0,P,9,0.0
2016,2016,2152_01,Earth,True,TRAPPIST-1e,45.0,False,2138.0,0.0,0.0,659.0,0.0,2797.0,0,2152,1,1,F,426.0,P,9,2797.0
2017,2017,2153_01,Earth,True,TRAPPIST-1e,21.0,False,0.0,0.0,0.0,0.0,0.0,0.0,1,2153,1,1,G,347.0,P,6,0.0
2018,2018,2154_01,Earth,True,TRAPPIST-1e,19.0,False,78.0,0.0,0.0,550.0,0.0,628.0,0,2154,1,1,G,348.0,P,1,628.0
2019,2019,2156_01,Earth,True,TRAPPIST-1e,49.0,False,651.0,25.0,0.0,849.0,2.0,1527.0,0,2156,1,1,F,421.0,S,13,1527.0
2020,2020,2158_01,Earth,True,TRAPPIST-1e,21.0,False,0.0,820.0,0.0,45.0,0.0,865.0,0,2158,1,1,F,423.0,S,3,865.0
2021,2021,2159_01,Earth,True,TRAPPIST-1e,18.0,False,0.0,402.0,2027.0,0.0,0.0,2429.0,0,2159,1,1,F,424.0,S,14,2429.0
2022,2022,2161_01,Mars,True,TRAPPIST-1e,43.0,False,0.0,0.0,0.0,0.0,0.0,0.0,1,2161,1,1,F,429.0,P,9,0.0
2023,2023,2162_01,Mars,True,PSO J318.5-22,27.0,False,0.0,0.0,0.0,0.0,0.0,0.0,1,2162,2,0,F,425.0,S,7,0.0
2024,2024,2162_02,Mars,True,TRAPPIST-1e,0.0,False,0.0,0.0,0.0,0.0,0.0,0.0,1,2162,2,0,F,425.0,S,7,0.0
2025,2025,2163_01,Earth,True,TRAPPIST-1e,27.0,False,0.0,0.0,6.0,745.0,22.0,773.0,0,2163,1,1,G,349.0,P,6,773.0
2026,2026,2164_01,Europa,True,TRAPPIST-1e,21.0,False,0.0,0.0,0.0,0.0,0.0,0.0,1,2164,1,1,B,63.0,P,4,0.0
2027,2027,2167_01,Earth,True,PSO J318.5-22,20.0,False,38.0,220.0,495.0,0.0,132.22510822510822,753.0,0,2167,1,1,F,431.0,P,8,885.2251082251082
2028,2028,2168_01,Mars,True,TRAPPIST-1e,35.0,False,0.0,0.0,0.0,0.0,0.0,0.0,1,2168,2,0,F,427.0,S,7,0.0
2029,2029,2168_02,Mars,True,TRAPPIST-1e,20.0,False,212.0,0.0,991.0,0.0,13.0,1216.0,0,2168,2,0,F,427.0,S,7,1216.0
2030,2030,2171_01,Earth,True,TRAPPIST-1e,24.0,False,388.0,0.0,7.0,409.0,0.0,804.0,0,2171,2,0,F,433.0,P,7,804.0
2031,2031,2171_02,Earth,True,TRAPPIST-1e,41.0,False,2.0,0.0,551.0,5577.0,68.0,6198.0,0,2171,2,0,G,351.0,P,7,6198.0
2032,2032,2172_01,Earth,True,PSO J318.5-22,23.0,False,0.0,774.0,0.0,0.0,0.0,774.0,0,2172,1,1,G,347.0,S,14,774.0
2033,2033,2173_01,Earth,True,PSO J318.5-22,27.0,False,0.0,0.0,0.0,0.0,0.0,0.0,1,2173,1,1,G,352.0,P,4,0.0
2034,2034,2175_01,Earth,True,55 Cancri e,58.0,False,0.0,0.0,0.0,0.0,0.0,0.0,1,2175,1,1,G,348.0,S,7,0.0
2035,2035,2177_01,Mars,True,TRAPPIST-1e,53.0,False,0.0,0.0,0.0,0.0,0.0,0.0,1,2177,1,1,F,435.0,P,4,0.0
2036,2036,2179_01,Europa,True,TRAPPIST-1e,30.0,False,437.0,3585.0,0.0,4488.0,281.0,8791.0,0,2179,1,1,C,80.0,S,10,8791.0
2037,2037,2180_01,Earth,True,55 Cancri e,24.0,False,1.0,0.0,0.0,318.0,247.0,566.0,0,2180,1,1,F,428.0,S,9,566.0
2038,2038,2182_01,Europa,True,TRAPPIST-1e,31.0,False,46.0,1935.0,0.0,995.0,1254.0,4230.0,0,2182,1,1,B,64.0,P,2,4230.0
2039,2039,2183_01,Mars,True,PSO J318.5-22,46.0,False,607.0,0.0,41.0,334.0,251.0,1233.0,0,2183,2,0,F,429.0,S,3,1233.0
2040,2040,2183_02,Mars,True,TRAPPIST-1e,20.0,False,938.0,59.0,31.0,12.0,0.0,1040.0,0,2183,2,0,F,429.0,S,3,1040.0
2041,2041,2186_01,Earth,True,TRAPPIST-1e,20.0,False,0.0,0.0,0.0,0.0,0.0,0.0,1,2186,1,1,G,350.0,S,8,0.0
2042,2042,2187_01,Earth,True,TRAPPIST-1e,30.0,False,0.0,236.0,0.0,1149.0,0.0,1385.0,0,2187,1,1,F,437.0,P,2,1385.0
2043,2043,2188_01,Earth,True,55 Cancri e,24.0,False,0.0,421.0,0.0,207.0,63.0,691.0,0,2188,1,1,F,438.0,P,8,691.0
2044,2044,2189_01,Earth,True,TRAPPIST-1e,34.0,False,0.0,0.0,0.0,628.0,0.0,628.0,0,2189,1,1,G,354.0,P,5,628.0
2045,2045,2190_01,Earth,True,TRAPPIST-1e,20.0,False,1750.0,0.0,446.0,0.0,76.0,2272.0,0,2190,1,1,F,430.0,S,13,2272.0
2046,2046,2191_01,Mars,True,TRAPPIST-1e,48.0,False,0.0,0.0,0.0,0.0,0.0,0.0,1,2191,1,1,F,431.0,S,9,0.0
2047,2047,2193_01,Earth,True,PSO J318.5-22,25.0,False,0.0,0.0,619.0,0.0,70.0,689.0,0,2193,1,1,F,439.0,P,6,689.0
2048,2048,2194_01,Earth,True,TRAPPIST-1e,43.0,False,0.0,0.0,0.0,0.0,0.0,0.0,1,2194,1,1,G,352.0,S,14,0.0
2049,2049,2195_01,Earth,True,TRAPPIST-1e,27.0,False,0.0,280.0,119.0,646.0,5.0,1050.0,0,2195,1,1,F,440.0,P,5,1050.0
2050,2050,2196_01,Europa,True,TRAPPIST-1e,47.0,False,174.43333333333334,32.0,0.0,4027.0,1440.0,5499.0,0,2196,4,0,B,65.0,P,4,5673.433333333333
2051,2051,2196_02,Europa,True,55 Cancri e,26.0,False,26.0,4587.0,0.0,102.0,0.0,4715.0,0,2196,4,0,B,65.0,P,4,4715.0
2052,2052,2196_03,Europa,True,TRAPPIST-1e,37.0,False,0.0,0.0,0.0,0.0,0.0,0.0,1,2196,4,0,B,65.0,P,4,0.0
2053,2053,2196_04,Europa,True,55 Cancri e,42.0,False,0.0,1180.0,0.0,2677.0,283.0,4140.0,0,2196,4,0,B,65.0,P,4,4140.0
2054,2054,2198_01,Earth,True,55 Cancri e,61.0,False,0.0,654.0,902.0,0.0,68.0,1624.0,0,2198,1,1,E,156.0,S,4,1624.0
2055,2055,2200_01,Mars,True,TRAPPIST-1e,29.0,False,1443.0,1108.0,47.0,0.0,0.0,2598.0,0,2200,1,1,F,442.0,P,6,2598.0
2056,2056,2201_01,Europa,True,55 Cancri e,32.0,False,0.0,1968.0,13.0,1051.0,1132.8823529411766,3032.0,0,2201,1,1,D,75.0,S,7,4164.882352941177
2057,2057,2202_01,Mars,True,TRAPPIST-1e,51.0,False,1671.0,0.0,17.0,0.0,0.0,1688.0,0,2202,1,1,F,443.0,P,7,1688.0
2058,2058,2203_01,Mars,True,TRAPPIST-1e,43.0,False,2019.0,0.0,560.0,0.0,0.0,2579.0,0,2203,1,1,D,76.0,S,5,2579.0
2059,2059,2204_01,Europa,True,55 Cancri e,25.0,False,0.0,0.0,0.0,0.0,0.0,0.0,1,2204,1,1,B,90.0,S,7,0.0
2060,2060,2205_01,Earth,True,TRAPPIST-1e,31.0,False,0.0,0.0,187.0,602.0,0.0,789.0,0,2205,1,1,E,157.0,S,12,789.0
2061,2061,2206_01,Earth,True,PSO J318.5-22,13.0,False,0.0,14.0,857.0,0.0,72.0,943.0,0,2206,1,1,F,432.0,S,7,943.0
2062,2062,2207_01,Earth,True,TRAPPIST-1e,20.0,False,546.0,0.0,228.0,0.0,0.0,774.0,0,2207,1,1,G,354.0,S,4,774.0
2063,2063,2209_01,Earth,True,TRAPPIST-1e,29.0,False,1356.0,20.0,0.0,13.0,0.0,1389.0,0,2209,1,1,F,433.0,S,0,1389.0
2064,2064,2210_01,Earth,True,TRAPPIST-1e,16.0,False,0.0,0.0,0.0,0.0,0.0,0.0,1,2210,1,1,G,355.0,S,9,0.0
2065,2065,2211_01,Earth,True,TRAPPIST-1e,15.0,False,0.0,2347.0,0.0,380.0,0.0,2727.0,0,2211,1,1,F,434.0,S,7,2727.0
2066,2066,2212_01,Earth,True,TRAPPIST-1e,50.0,False,0.0,5.0,0.0,2170.0,0.0,2175.0,0,2212,1,1,F,445.0,P,9,2175.0
2067,2067,2215_01,Europa,True,55 Cancri e,41.0,True,0.0,29813.0,0.0,1257.0,6.0,31076.0,0,2215,4,0,A,27.0,S,4,31076.0
2068,2068,2215_02,Europa,True,TRAPPIST-1e,43.0,False,2.0,2229.0,33.0,6.0,198.0,2468.0,0,2215,4,0,A,27.0,S,4,2468.0
2069,2069,2215_03,Europa,True,TRAPPIST-1e,32.0,False,0.0,0.0,0.0,0.0,0.0,0.0,1,2215,4,0,A,27.0,S,4,0.0
2070,2070,2215_04,Europa,True,TRAPPIST-1e,36.0,False,0.0,3206.0,0.0,698.0,72.0,3976.0,0,2215,4,0,A,27.0,S,9,3976.0
2071,2071,2219_01,Earth,True,55 Cancri e,18.0,False,0.0,0.0,0.0,0.0,0.0,0.0,1,2219,1,1,F,438.0,S,3,0.0
2072,2072,2220_01,Earth,True,TRAPPIST-1e,47.0,False,0.0,0.0,880.0,0.0,2.0,882.0,0,2220,1,1,G,357.0,S,8,882.0
2073,2073,2221_01,Earth,True,PSO J318.5-22,29.0,False,0.0,0.0,0.0,0.0,0.0,0.0,1,2221,1,1,G,355.0,P,7,0.0
2074,2074,2223_01,Earth,True,TRAPPIST-1e,26.0,False,0.0,86.0,0.0,252.0,570.0,908.0,0,2223,1,1,G,358.0,S,5,908.0
2075,2075,2224_01,Earth,True,TRAPPIST-1e,14.0,False,0.0,600.0,0.0,204.0,0.0,804.0,0,2224,1,1,F,435.0,S,3,804.0
2076,2076,2225_01,Earth,True,PSO J318.5-22,25.0,False,0.0,0.0,0.0,0.0,0.0,0.0,1,2225,1,1,G,356.0,P,9,0.0
2077,2077,2228_01,Mars,True,TRAPPIST-1e,63.0,False,1172.0,0.0,1.0,0.0,0.0,1173.0,0,2228,1,1,E,158.0,S,2,1173.0
2078,2078,2229_01,Earth,True,TRAPPIST-1e,22.0,False,48.0,329.0,182.0,26.0,154.0,739.0,0,2229,1,1,F,437.0,S,3,739.0
2079,2079,2231_01,Mars,True,TRAPPIST-1e,32.0,False,2.0,416.0,26.0,510.0,0.0,954.0,0,2231,1,1,E,159.0,S,4,954.0
2080,2080,2232_01,Earth,True,55 Cancri e,31.0,False,0.0,14.0,671.0,1.0,3.0,689.0,0,2232,2,0,F,438.0,S,5,689.0
2081,2081,2232_02,Earth,True,TRAPPIST-1e,24.0,False,0.0,1220.0,0.0,140.0,0.0,1360.0,0,2232,2,0,F,438.0,S,5,1360.0
2082,2082,2233_01,Earth,True,TRAPPIST-1e,39.0,False,9.0,18.0,0.0,2.0,878.0,907.0,0,2233,1,1,G,359.0,P,8,907.0
2083,2083,2234_01,Mars,True,55 Cancri e,20.0,False,0.0,0.0,0.0,0.0,0.0,0.0,1,2234,7,0,F,448.0,P,4,0.0
2084,2084,2234_02,Mars,True,55 Cancri e,20.0,False,0.0,0.0,0.0,0.0,0.0,0.0,1,2234,7,0,F,448.0,P,6,0.0
2085,2085,2234_03,Mars,True,TRAPPIST-1e,19.0,False,0.0,0.0,0.0,0.0,0.0,0.0,1,2234,7,0,E,134.0,P,8,0.0
2086,2086,2234_04,Mars,True,55 Cancri e,20.0,False,552.0,8.0,1348.0,5.0,4.9361702127659575,1913.0,0,2234,7,0,E,134.0,P,4,1917.936170212766
2087,2087,2234_05,Mars,True,TRAPPIST-1e,31.0,False,21.0,0.0,1031.0,0.0,31.033333333333335,1052.0,0,2234,7,0,D,66.0,P,8,1083.0333333333333
2088,2088,2234_06,Mars,True,55 Cancri e,17.0,False,0.0,0.0,0.0,0.0,0.0,0.0,1,2234,7,0,F,448.0,P,4,0.0
2089,2089,2234_07,Mars,True,TRAPPIST-1e,24.0,False,2538.0,0.0,61.0,0.0,0.0,2599.0,0,2234,7,0,F,448.0,P,6,2599.0
2090,2090,2235_01,Earth,True,TRAPPIST-1e,27.0,False,203.0,539.0,0.0,0.0,0.0,742.0,0,2235,1,1,F,449.0,P,12,742.0
2091,2091,2237_01,Europa,True,55 Cancri e,28.0,False,0.0,162.0,741.0,3733.0,99.0,4735.0,0,2237,2,0,C,83.0,S,9,4735.0
2092,2092,2237_02,Europa,True,TRAPPIST-1e,41.0,False,0.0,0.0,0.0,0.0,0.0,0.0,1,2237,2,0,C,83.0,S,9,0.0
2093,2093,2238_01,Europa,True,55 Cancri e,25.0,False,0.0,0.0,0.0,0.0,0.0,0.0,1,2238,1,1,A,28.0,S,6,0.0
2094,2094,2239_01,Earth,True,PSO J318.5-22,26.0,False,93.0,0.0,469.0,0.0,0.0,562.0,0,2239,1,1,F,439.0,S,3,562.0
2095,2095,2241_01,Earth,True,TRAPPIST-1e,27.0,False,485.0,1109.0,921.0,0.0,1.0,2516.0,0,2241,1,1,F,451.0,P,9,2516.0
2096,2096,2243_01,Earth,True,TRAPPIST-1e,22.0,False,38.0,483.0,80.0,47.0,121.0,769.0,0,2243,1,1,G,362.0,P,7,769.0
2097,2097,2251_01,Europa,True,55 Cancri e,62.0,False,320.0,1179.0,756.0,4996.0,85.0,7336.0,0,2251,2,0,A,29.0,S,4,7336.0
2098,2098,2251_02,Europa,True,TRAPPIST-1e,58.0,False,2.0,1.0,14.0,2.0,1153.0,1172.0,0,2251,2,0,A,29.0,S,4,1172.0
2099,2099,2252_01,Earth,True,TRAPPIST-1e,37.0,False,0.0,1368.0,0.0,135.873417721519,960.0,2328.0,0,2252,1,1,G,363.0,P,13,2463.873417721519
2100,2100,2253_01,Earth,True,TRAPPIST-1e,54.0,False,701.0,32.0,171.0,8.0,0.0,912.0,0,2253,1,1,G,359.0,S,5,912.0
2101,2101,2254_01,Earth,True,TRAPPIST-1e,26.0,False,0.0,10.0,0.0,702.0,1.0,713.0,0,2254,1,1,F,455.0,P,9,713.0
2102,2102,2255_01,Europa,True,55 Cancri e,44.0,False,0.0,0.0,0.0,0.0,0.0,0.0,1,2255,2,0,C,75.0,P,3,0.0
2103,2103,2255_02,Europa,True,TRAPPIST-1e,34.0,False,0.0,0.0,0.0,0.0,0.0,0.0,1,2255,2,0,C,75.0,P,3,0.0
2104,2104,2256_01,Earth,True,TRAPPIST-1e,47.0,False,0.0,0.0,0.0,0.0,0.0,0.0,1,2256,1,1,G,360.0,S,9,0.0
2105,2105,2257_01,Europa,True,TRAPPIST-1e,27.0,True,0.0,3341.0,578.7142857142857,80.0,654.0,4075.0,0,2257,2,0,C,76.0,P,6,4653.714285714286
2106,2106,2257_02,Europa,True,55 Cancri e,22.0,False,0.0,0.0,0.0,0.0,0.0,0.0,1,2257,2,0,B,66.0,P,6,0.0
2107,2107,2258_01,Earth,True,TRAPPIST-1e,46.0,False,0.0,0.0,0.0,0.0,0.0,0.0,1,2258,1,1,G,364.0,P,9,0.0
2108,2108,2261_01,Earth,True,TRAPPIST-1e,29.0,False,0.0,0.0,885.0,0.0,0.0,885.0,0,2261,1,1,F,441.0,S,4,885.0
2109,2109,2262_01,Earth,True,55 Cancri e,43.0,False,485.0,4.0,136.0,48.0,0.0,673.0,0,2262,1,1,G,365.0,P,6,673.0
2110,2110,2263_01,Earth,True,TRAPPIST-1e,42.0,False,0.0,0.0,32.0,772.0,0.0,804.0,0,2263,1,1,F,456.0,P,6,804.0
2111,2111,2264_01,Earth,True,TRAPPIST-1e,39.0,False,0.0,0.0,13.0,0.0,868.0,881.0,0,2264,1,1,F,442.0,S,7,881.0
2112,2112,2266_01,Mars,True,TRAPPIST-1e,30.0,False,616.0,0.0,185.0,210.0,475.0,1486.0,0,2266,1,1,F,457.0,P,5,1486.0
2113,2113,2267_01,Mars,True,TRAPPIST-1e,43.0,False,2318.0,0.0,647.0,81.0,0.0,3046.0,0,2267,1,1,E,161.0,S,11,3046.0
2114,2114,2268_01,Earth,True,TRAPPIST-1e,19.0,False,0.0,0.0,0.0,0.0,0.0,0.0,1,2268,1,1,G,366.0,P,6,0.0
2115,2115,2269_01,Mars,True,TRAPPIST-1e,26.0,False,0.0,0.0,0.0,0.0,0.0,0.0,1,2269,1,1,F,458.0,P,1,0.0
2116,2116,2270_01,Mars,True,TRAPPIST-1e,46.0,False,171.0,0.0,1257.0,5.0,0.0,1433.0,0,2270,1,1,F,459.0,P,11,1433.0
2117,2117,2272_01,Earth,True,TRAPPIST-1e,3.0,False,0.0,0.0,0.0,0.0,0.0,0.0,1,2272,3,0,G,367.0,P,9,0.0
2118,2118,2272_02,Earth,True,55 Cancri e,21.0,False,0.0,0.0,0.0,0.0,0.0,0.0,1,2272,3,0,G,364.0,P,9,0.0
2119,2119,2272_03,Earth,True,TRAPPIST-1e,1.0,False,0.0,0.0,0.0,0.0,0.0,0.0,1,2272,3,0,G,367.0,P,9,0.0
2120,2120,2273_01,Earth,True,TRAPPIST-1e,22.0,False,0.0,0.0,0.0,10.0,778.0,788.0,0,2273,1,1,E,162.0,S,13,788.0
2121,2121,2274_01,Europa,True,55 Cancri e,27.0,False,0.0,0.0,0.0,0.0,0.0,0.0,1,2274,2,0,C,79.0,P,4,0.0
2122,2122,2274_02,Europa,True,55 Cancri e,28.0,False,0.0,0.0,0.0,0.0,0.0,0.0,1,2274,2,0,C,79.0,P,6,0.0
2123,2123,2275_01,Mars,True,PSO J318.5-22,36.0,False,241.0,0.0,670.0,0.0,0.0,911.0,0,2275,1,1,F,460.0,P,6,911.0
2124,2124,2277_01,Earth,True,TRAPPIST-1e,19.0,False,26.0,313.0,470.0,0.0,0.0,809.0,0,2277,1,1,G,362.0,S,6,809.0
2125,2125,2278_01,Europa,True,55 Cancri e,18.0,False,0.0,0.0,0.0,0.0,0.0,0.0,1,2278,1,1,C,80.0,P,3,0.0
2126,2126,2279_01,Europa,True,55 Cancri e,47.0,False,0.0,140.0,86.0952380952381,85.0,3970.0,4195.0,0,2279,1,1,B,91.0,S,4,4281.0952380952385
2127,2127,2280_01,Europa,True,TRAPPIST-1e,18.0,False,20.0,1064.0,0.0,0.0,11643.0,12727.0,0,2280,1,1,B,92.0,S,4,12727.0
2128,2128,2281_01,Earth,True,TRAPPIST-1e,6.0,False,0.0,0.0,0.0,0.0,0.0,0.0,1,2281,1,1,E,136.0,P,13,0.0
2129,2129,2282_01,Earth,True,TRAPPIST-1e,20.0,False,0.0,544.0,1.0,0.0,378.0,923.0,0,2282,1,1,F,461.0,P,4,923.0
2130,2130,2284_01,Mars,True,TRAPPIST-1e,18.0,False,262.0,302.0,1127.0,4225.0,0.0,5916.0,0,2284,1,1,F,463.0,P,6,5916.0
2131,2131,2287_01,Earth,True,TRAPPIST-1e,37.0,False,0.0,1.0,0.0,219.0,119.72151898734177,220.0,0,2287,1,1,F,464.0,P,7,339.72151898734177
2132,2132,2288_01,Earth,True,TRAPPIST-1e,22.0,False,12.0,746.0,802.0,58.0,0.0,1618.0,0,2288,1,1,E,163.0,S,7,1618.0
2133,2133,2289_01,Mars,True,TRAPPIST-1e,37.0,False,20.0,0.0,2559.0,20.0,0.0,2599.0,0,2289,1,1,F,465.0,P,7,2599.0
2134,2134,2291_01,Earth,False,55 Cancri e,6.0,False,0.0,0.0,0.0,0.0,0.0,0.0,1,2291,3,0,G,365.0,S,13,0.0
2135,2135,2291_02,Earth,True,TRAPPIST-1e,36.0,False,3.0,0.0,435.0,8.0,277.0,723.0,0,2291,3,0,G,365.0,S,13,723.0
2136,2136,2291_03,Earth,True,55 Cancri e,46.0,False,426.0,37.0,0.0,0.0,568.0,1031.0,0,2291,3,0,F,445.0,S,13,1031.0
2137,2137,2295_01,Earth,True,TRAPPIST-1e,75.0,False,0.0,0.0,1224.0,0.0,1769.0,2993.0,0,2295,2,0,F,466.0,P,15,2993.0
2138,2138,2295_02,Earth,True,TRAPPIST-1e,37.0,False,0.0,8.0,70.0,360.0,258.0,696.0,0,2295,2,0,F,466.0,P,15,696.0
2139,2139,2296_01,Earth,True,TRAPPIST-1e,22.0,False,0.0,0.0,0.0,0.0,0.0,0.0,1,2296,1,1,G,369.0,P,9,0.0
2140,2140,2298_01,Earth,True,PSO J318.5-22,33.0,False,270.0,412.0,1.0,209.5,5.0,688.0,0,2298,1,1,F,467.0,P,6,897.5
2141,2141,2299_01,Mars,True,TRAPPIST-1e,35.0,False,174.0,0.0,381.0,0.0,62.0,617.0,0,2299,1,1,F,448.0,S,9,617.0
2142,2142,2300_01,Europa,True,55 Cancri e,19.0,False,0.0,555.6190476190476,0.0,0.0,8195.0,8195.0,0,2300,2,0,C,81.0,P,5,8750.619047619048
2143,2143,2300_02,Europa,True,55 Cancri e,34.0,False,0.0,22.0,122.97826086956522,3028.0,3768.0,6818.0,0,2300,2,0,C,81.0,P,5,6940.978260869565
2144,2144,2301_01,Earth,True,TRAPPIST-1e,23.0,False,1010.0,0.0,33.0,10.0,0.0,1053.0,0,2301,3,0,F,449.0,S,4,1053.0
2145,2145,2301_02,Earth,True,55 Cancri e,37.0,False,1508.0,116.03703703703704,0.0,1.0,0.0,1509.0,0,2301,3,0,G,367.0,S,4,1625.037037037037
2146,2146,2301_03,Earth,True,55 Cancri e,24.0,False,1367.0,0.0,1.0,0.0,0.0,1368.0,0,2301,3,0,F,449.0,S,4,1368.0
2147,2147,2302_01,Europa,True,TRAPPIST-1e,54.0,True,0.0,3381.0,0.0,4463.0,34.0,7878.0,0,2302,1,1,A,18.0,P,8,7878.0
2148,2148,2303_01,Mars,True,55 Cancri e,52.0,False,1377.0,0.0,32.0,22.0,0.0,1431.0,0,2303,1,1,F,468.0,P,4,1431.0
2149,2149,2305_01,Earth,True,TRAPPIST-1e,60.0,False,0.0,0.0,0.0,0.0,0.0,0.0,1,2305,1,1,G,368.0,S,0,0.0
2150,2150,2306_01,Europa,True,TRAPPIST-1e,1.0,False,0.0,0.0,0.0,0.0,0.0,0.0,1,2306,6,0,C,82.0,P,5,0.0
2151,2151,2306_02,Europa,True,TRAPPIST-1e,27.5,False,0.0,0.0,0.0,0.0,0.0,0.0,1,2306,6,0,C,82.0,P,5,0.0
2152,2152,2306_03,Europa,True,TRAPPIST-1e,22.0,False,0.0,297.0,3.0,676.0,2924.0,3900.0,0,2306,6,0,C,82.0,P,5,3900.0
2153,2153,2306_04,Europa,True,55 Cancri e,27.0,False,0.0,12077.0,0.0,75.0,0.0,12152.0,0,2306,6,0,C,82.0,P,1,12152.0
2154,2154,2306_05,Europa,True,55 Cancri e,48.0,False,0.0,0.0,0.0,0.0,0.0,0.0,1,2306,6,0,C,82.0,P,5,0.0
2155,2155,2306_06,Europa,True,55 Cancri e,47.0,False,1320.0,428.0,4.0,24.0,0.0,1776.0,0,2306,6,0,C,82.0,P,5,1776.0
2156,2156,2308_01,Europa,True,TRAPPIST-1e,25.0,False,0.0,0.0,0.0,0.0,0.0,0.0,1,2308,4,0,D,77.0,S,6,0.0
2157,2157,2308_02,Europa,True,55 Cancri e,49.0,False,9.0,2426.0,95.0,1249.0,168.0,3947.0,0,2308,4,0,D,77.0,S,6,3947.0
2158,2158,2308_03,Europa,True,TRAPPIST-1e,33.0,False,0.0,2012.0,1.0,9124.0,4.0,11141.0,0,2308,4,0,D,77.0,S,6,11141.0
2159,2159,2308_04,Europa,True,TRAPPIST-1e,67.0,False,0.0,4715.0,0.0,599.0,6.0,5320.0,0,2308,4,0,D,77.0,S,6,5320.0
2160,2160,2309_01,Earth,True,PSO J318.5-22,5.0,False,0.0,0.0,0.0,0.0,0.0,0.0,1,2309,1,1,G,371.0,P,7,0.0
2161,2161,2310_01,Europa,True,55 Cancri e,60.0,False,0.0,0.0,0.0,0.0,0.0,0.0,1,2310,4,0,D,68.0,P,4,0.0
2162,2162,2310_02,Europa,True,TRAPPIST-1e,56.0,False,0.0,0.0,0.0,0.0,0.0,0.0,1,2310,4,0,D,68.0,P,4,0.0
2163,2163,2310_03,Europa,True,TRAPPIST-1e,59.0,False,0.0,2210.0,0.0,4085.0,11.0,6306.0,0,2310,4,0,D,68.0,P,4,6306.0
2164,2164,2310_04,Europa,True,TRAPPIST-1e,44.0,False,0.0,0.0,0.0,0.0,0.0,0.0,1,2310,4,0,D,68.0,P,4,0.0
2165,2165,2311_01,Earth,True,TRAPPIST-1e,33.0,False,0.0,763.0,1.0,66.0,84.0,914.0,0,2311,1,1,G,372.0,P,3,914.0
2166,2166,2312_01,Earth,True,TRAPPIST-1e,28.0,False,0.0,0.0,0.0,0.0,0.0,0.0,1,2312,1,1,G,369.0,S,8,0.0
2167,2167,2313_01,Mars,True,TRAPPIST-1e,29.0,False,1365.0,0.0,791.0,210.0,0.0,2366.0,0,2313,1,1,F,469.0,P,6,2366.0
2168,2168,2314_01,Earth,True,TRAPPIST-1e,13.0,False,0.0,0.0,0.0,0.0,0.0,0.0,1,2314,1,1,G,370.0,S,6,0.0
2169,2169,2315_01,Europa,True,55 Cancri e,34.0,False,0.0,0.0,0.0,0.0,0.0,0.0,1,2315,1,1,B,67.0,P,3,0.0
2170,2170,2316_01,Earth,True,PSO J318.5-22,45.0,False,0.0,0.0,0.0,0.0,0.0,0.0,1,2316,1,1,G,371.0,S,8,0.0
2171,2171,2317_01,Earth,True,TRAPPIST-1e,39.0,False,0.0,454.0,0.0,454.0,0.0,908.0,0,2317,1,1,G,372.0,S,16,908.0
2172,2172,2318_01,Earth,True,TRAPPIST-1e,18.0,False,128.0,37.0,626.0,0.0,5.0,796.0,0,2318,1,1,F,470.0,P,7,796.0
2173,2173,2319_01,Earth,True,PSO J318.5-22,57.0,False,0.0,0.0,0.0,0.0,0.0,0.0,1,2319,1,1,G,373.0,P,6,0.0
2174,2174,2320_01,Earth,True,55 Cancri e,24.0,False,0.0,760.0,0.0,21.0,23.0,804.0,0,2320,1,1,F,450.0,S,6,804.0
2175,2175,2321_01,Earth,True,PSO J318.5-22,25.0,False,0.0,0.0,0.0,0.0,0.0,0.0,1,2321,1,1,G,373.0,S,3,0.0
2176,2176,2325_01,Earth,True,PSO J318.5-22,22.0,False,0.0,0.0,0.0,0.0,0.0,0.0,1,2325,1,1,G,374.0,S,10,0.0
2177,2177,2327_01,Europa,True,TRAPPIST-1e,32.0,False,0.0,4106.0,388.0,892.0,2.0,5388.0,0,2327,1,1,B,68.0,P,3,5388.0
2178,2178,2329_01,Mars,True,TRAPPIST-1e,29.0,False,0.0,0.0,0.0,0.0,0.0,0.0,1,2329,1,1,F,472.0,P,2,0.0
2179,2179,2332_01,Earth,True,TRAPPIST-1e,21.0,False,556.0,0.0,20.0,1589.0,0.0,2165.0,0,2332,1,1,F,453.0,S,7,2165.0
2180,2180,2333_01,Mars,True,TRAPPIST-1e,16.0,False,0.0,0.0,0.0,0.0,0.0,0.0,1,2333,1,1,E,137.0,P,6,0.0
2181,2181,2336_01,Europa,True,55 Cancri e,45.0,False,0.0,0.0,0.0,0.0,0.0,0.0,1,2336,2,0,A,30.0,S,6,0.0
2182,2182,2336_02,Europa,True,TRAPPIST-1e,44.0,True,1409.0,910.0,17.0,1452.0,3782.0,7570.0,0,2336,2,0,A,30.0,S,6,7570.0
2183,2183,2338_01,Earth,True,55 Cancri e,27.0,False,0.0,0.0,0.0,0.0,0.0,0.0,1,2338,2,0,G,376.0,P,14,0.0
2184,2184,2338_02,Earth,True,TRAPPIST-1e,26.0,False,14.0,0.0,0.0,857.0,0.0,871.0,0,2338,2,0,F,474.0,P,14,871.0
2185,2185,2339_01,Mars,True,TRAPPIST-1e,46.0,False,1290.0,0.0,57.0,0.0,0.0,1347.0,0,2339,1,1,F,475.0,P,5,1347.0
2186,2186,2340_01,Earth,True,PSO J318.5-22,24.0,False,0.0,0.0,648.0,0.0,0.0,648.0,0,2340,1,1,F,454.0,S,5,648.0
2187,2187,2341_01,Earth,True,TRAPPIST-1e,15.0,False,0.0,785.0,0.0,0.0,0.0,785.0,0,2341,1,1,F,455.0,S,4,785.0
2188,2188,2345_01,Earth,True,PSO J318.5-22,53.0,False,0.0,0.0,0.0,0.0,0.0,0.0,1,2345,1,1,G,378.0,S,10,0.0
2189,2189,2347_01,Earth,True,55 Cancri e,28.0,False,613.0,22.0,0.0,0.0,0.0,635.0,0,2347,7,0,F,477.0,P,8,635.0
2190,2190,2347_02,Earth,True,TRAPPIST-1e,11.0,False,0.0,0.0,0.0,0.0,0.0,0.0,1,2347,7,0,G,377.0,P,8,0.0
2191,2191,2347_03,Earth,True,TRAPPIST-1e,7.0,False,0.0,0.0,0.0,0.0,0.0,0.0,1,2347,7,0,G,377.0,P,8,0.0
2192,2192,2347_04,Earth,True,PSO J318.5-22,0.0,False,0.0,0.0,0.0,0.0,0.0,0.0,1,2347,7,0,G,377.0,P,8,0.0
2193,2193,2347_05,Earth,True,55 Cancri e,15.0,False,0.0,0.0,0.0,0.0,0.0,0.0,1,2347,7,0,G,377.0,P,8,0.0
2194,2194,2347_06,Earth,True,55 Cancri e,31.0,False,1.0,212.96875,2.0,605.0,0.0,608.0,0,2347,7,0,G,377.0,P,8,820.96875
2195,2195,2347_07,Earth,True,TRAPPIST-1e,9.0,False,0.0,0.0,0.0,0.0,0.0,0.0,1,2347,7,0,G,377.0,P,8,0.0
2196,2196,2348_01,Europa,True,55 Cancri e,44.0,True,0.0,1223.0,78.0,1418.0,1239.0,3958.0,0,2348,1,1,D,78.0,S,10,3958.0
2197,2197,2349_01,Earth,True,TRAPPIST-1e,35.0,False,0.0,722.0,0.0,0.0,185.0,907.0,0,2349,1,1,G,379.0,S,6,907.0
2198,2198,2353_01,Earth,True,TRAPPIST-1e,30.0,False,27.0,5412.0,86.0,210.23333333333332,0.0,5525.0,0,2353,2,0,G,380.0,S,8,5735.233333333334
2199,2199,2353_02,Earth,True,55 Cancri e,13.0,False,880.0,0.0,0.0,0.0,0.0,880.0,0,2353,2,0,F,457.0,S,8,880.0
2200,2200,2356_01,Mars,True,TRAPPIST-1e,45.0,True,773.0,82.0,0.0,6.0,0.0,861.0,0,2356,3,0,D,80.0,S,3,861.0
2201,2201,2356_02,Mars,True,TRAPPIST-1e,4.0,False,0.0,0.0,0.0,0.0,0.0,0.0,1,2356,3,0,D,80.0,S,3,0.0
2202,2202,2356_03,Mars,True,TRAPPIST-1e,21.0,False,0.0,0.0,0.0,0.0,0.0,0.0,1,2356,3,0,D,80.0,S,3,0.0
2203,2203,2357_01,Earth,True,TRAPPIST-1e,20.0,False,0.0,409.0,994.0,215.0,0.0,1618.0,0,2357,1,1,E,139.0,P,8,1618.0
2204,2204,2360_01,Earth,True,TRAPPIST-1e,24.0,False,0.0,0.0,0.0,0.0,0.0,0.0,1,2360,1,1,G,379.0,P,8,0.0
2205,2205,2361_01,Earth,True,PSO J318.5-22,3.0,False,0.0,0.0,0.0,0.0,0.0,0.0,1,2361,2,0,G,380.0,P,19,0.0
2206,2206,2361_02,Earth,True,TRAPPIST-1e,29.0,False,0.0,0.0,792.0,0.0,0.0,792.0,0,2361,2,0,F,481.0,P,19,792.0
2207,2207,2363_01,Europa,True,TRAPPIST-1e,28.0,False,2416.0,8926.0,41.0,1.0,462.0,11846.0,0,2363,1,1,C,85.0,S,6,11846.0
2208,2208,2364_01,Earth,True,TRAPPIST-1e,44.0,False,0.0,4.0,6.0,864.0,33.0,907.0,0,2364,1,1,G,381.0,P,6,907.0
2209,2209,2365_01,Europa,True,TRAPPIST-1e,50.0,False,0.0,0.0,0.0,0.0,0.0,0.0,1,2365,1,1,D,71.0,P,3,0.0
2210,2210,2366_01,Mars,True,TRAPPIST-1e,35.0,False,0.0,0.0,0.0,0.0,0.0,0.0,1,2366,1,1,F,482.0,P,7,0.0
2211,2211,2367_01,Earth,True,TRAPPIST-1e,19.0,False,0.0,0.0,1.0,644.0,0.0,645.0,0,2367,1,1,F,483.0,P,6,645.0
2212,2212,2368_01,Mars,True,TRAPPIST-1e,22.0,False,579.0,0.0,267.0,0.0,108.0,954.0,0,2368,1,1,E,141.0,P,8,954.0
2213,2213,2369_01,Earth,True,TRAPPIST-1e,30.0,False,3.0,0.0,880.0,0.0,40.0,923.0,0,2369,1,1,F,484.0,P,7,923.0
2214,2214,2373_01,Europa,True,TRAPPIST-1e,36.0,False,0.0,4756.0,0.0,7818.0,96.0,12670.0,0,2373,1,1,D,81.0,S,5,12670.0
2215,2215,2374_01,Mars,True,TRAPPIST-1e,20.0,False,464.0,0.0,1432.0,0.0,0.0,1896.0,0,2374,1,1,E,166.0,S,2,1896.0
2216,2216,2375_01,Earth,True,55 Cancri e,22.0,False,0.0,0.0,659.0,94.0,0.0,753.0,0,2375,1,1,G,383.0,P,5,753.0
2217,2217,2376_01,Earth,True,55 Cancri e,22.0,False,0.0,30.0,0.0,0.0,673.0,703.0,0,2376,1,1,F,459.0,S,4,703.0
2218,2218,2377_01,Europa,True,PSO J318.5-22,32.0,False,0.0,0.0,0.0,0.0,0.0,0.0,1,2377,1,1,C,83.0,P,2,0.0
2219,2219,2379_01,Earth,True,TRAPPIST-1e,35.0,False,194.0,0.0,678.0,0.0,0.0,872.0,0,2379,1,1,F,487.0,P,4,872.0
2220,2220,2382_01,Earth,True,55 Cancri e,41.0,False,0.0,33.0,0.0,1324.0,0.0,1357.0,0,2382,1,1,F,488.0,P,0,1357.0
2221,2221,2384_01,Earth,True,TRAPPIST-1e,57.0,False,0.0,0.0,0.0,0.0,0.0,0.0,1,2384,7,0,G,383.0,S,9,0.0
2222,2222,2384_02,Earth,True,PSO J318.5-22,3.0,False,0.0,0.0,0.0,0.0,0.0,0.0,1,2384,7,0,G,383.0,S,9,0.0
2223,2223,2384_03,Earth,True,55 Cancri e,11.0,False,0.0,0.0,0.0,0.0,0.0,0.0,1,2384,7,0,G,383.0,S,12,0.0
2224,2224,2384_04,Earth,True,TRAPPIST-1e,4.0,False,0.0,0.0,0.0,0.0,0.0,0.0,1,2384,7,0,G,383.0,S,9,0.0
2225,2225,2384_05,Earth,True,TRAPPIST-1e,17.0,False,0.0,0.0,0.0,0.0,0.0,0.0,1,2384,7,0,G,383.0,S,12,0.0
2226,2226,2384_06,Earth,False,TRAPPIST-1e,30.0,False,0.0,0.0,0.0,0.0,0.0,0.0,1,2384,7,0,G,383.0,S,9,0.0
2227,2227,2384_07,Earth,True,TRAPPIST-1e,11.0,False,0.0,0.0,0.0,0.0,0.0,0.0,1,2384,7,0,G,383.0,S,12,0.0
2228,2228,2385_01,Mars,True,TRAPPIST-1e,23.0,False,1773.0,0.0,78.0,0.0,3.0,1854.0,0,2385,1,1,F,461.0,S,3,1854.0
2229,2229,2387_01,Earth,True,TRAPPIST-1e,58.0,False,88.04545454545455,400.0,0.0,690.0,490.0,1580.0,0,2387,1,1,E,142.0,P,6,1668.0454545454545
2230,2230,2389_01,Earth,True,TRAPPIST-1e,22.0,False,0.0,46.0,0.0,676.0,0.0,722.0,0,2389,1,1,G,384.0,S,13,722.0
2231,2231,2390_01,Earth,True,TRAPPIST-1e,24.0,False,0.0,0.0,175.65845070422534,59.0,4120.0,4179.0,0,2390,1,1,G,385.0,P,2,4354.658450704225
2232,2232,2391_01,Earth,True,TRAPPIST-1e,20.0,False,768.0,19.0,0.0,1.0,0.0,788.0,0,2391,1,1,E,143.0,P,7,788.0
2233,2233,2392_01,Earth,True,TRAPPIST-1e,37.0,False,0.0,0.0,0.0,0.0,0.0,0.0,1,2392,1,1,G,386.0,P,2,0.0
2234,2234,2395_01,Earth,True,TRAPPIST-1e,49.0,False,712.0,1.0,0.0,0.0,178.4857142857143,713.0,0,2395,1,1,G,387.0,P,10,891.4857142857143
2235,2235,2396_01,Earth,True,TRAPPIST-1e,46.0,False,0.0,557.0,0.0,287.0,781.0,1625.0,0,2396,2,0,E,168.0,S,11,1625.0
2236,2236,2396_02,Earth,True,TRAPPIST-1e,30.0,False,854.0,0.0,30.0,0.0,0.0,884.0,0,2396,2,0,G,386.0,S,11,884.0
2237,2237,2397_01,Earth,True,55 Cancri e,36.0,False,0.0,810.0,0.0,0.0,0.0,810.0,0,2397,1,1,G,387.0,S,6,810.0
2238,2238,2398_01,Earth,True,TRAPPIST-1e,21.0,False,0.0,780.0,44.0,0.0,5.0,829.0,0,2398,1,1,F,490.0,P,8,829.0
2239,2239,2399_01,Mars,True,TRAPPIST-1e,25.0,True,854.0,0.0,319.0,0.0,0.0,1173.0,0,2399,1,1,E,169.0,S,7,1173.0
2240,2240,2401_01,Earth,True,PSO J318.5-22,42.0,False,0.0,0.0,0.0,0.0,0.0,0.0,1,2401,1,1,G,388.0,P,6,0.0
2241,2241,2402_01,Earth,True,TRAPPIST-1e,13.0,False,0.0,0.0,0.0,0.0,0.0,0.0,1,2402,1,1,G,389.0,P,11,0.0
2242,2242,2403_01,Earth,True,TRAPPIST-1e,25.0,False,7.0,0.0,0.0,877.0,0.0,884.0,0,2403,1,1,G,388.0,S,4,884.0
2243,2243,2404_01,Europa,True,TRAPPIST-1e,29.0,False,0.0,544.0,7.0,2650.0,1561.0,4762.0,0,2404,4,0,C,86.0,S,7,4762.0
2244,2244,2404_02,Europa,True,TRAPPIST-1e,17.0,False,0.0,0.0,0.0,0.0,0.0,0.0,1,2404,4,0,C,86.0,S,7,0.0
2245,2245,2404_03,Europa,True,55 Cancri e,36.0,False,828.0,5553.0,130.0,47.0,1171.0,7729.0,0,2404,4,0,C,86.0,S,2,7729.0
2246,2246,2404_04,Europa,True,TRAPPIST-1e,44.0,False,0.0,0.0,0.0,0.0,0.0,0.0,1,2404,4,0,C,86.0,S,7,0.0
2247,2247,2406_01,Mars,True,TRAPPIST-1e,18.0,False,0.0,0.0,0.0,0.0,0.0,0.0,1,2406,1,1,F,465.0,S,3,0.0
2248,2248,2409_01,Earth,True,55 Cancri e,22.0,False,292.0,395.0,0.0,0.0,3.0,690.0,0,2409,2,0,F,492.0,P,6,690.0
2249,2249,2409_02,Earth,True,TRAPPIST-1e,22.0,False,0.0,0.0,0.0,0.0,0.0,0.0,1,2409,2,0,G,390.0,P,6,0.0
2250,2250,2410_01,Earth,True,TRAPPIST-1e,43.0,False,0.0,0.0,0.0,0.0,0.0,0.0,1,2410,1,1,G,391.0,P,13,0.0
2251,2251,2411_01,Earth,True,TRAPPIST-1e,29.0,False,19.0,2115.0,17.0,186.6090909090909,0.0,2151.0,0,2411,1,1,F,493.0,P,6,2337.609090909091
2252,2252,2412_01,Earth,True,TRAPPIST-1e,24.0,False,0.0,0.0,0.0,0.0,0.0,0.0,1,2412,1,1,G,392.0,P,9,0.0
2253,2253,2413_01,Earth,True,PSO J318.5-22,18.0,False,0.0,0.0,0.0,0.0,0.0,0.0,1,2413,1,1,G,390.0,S,6,0.0
2254,2254,2414_01,Europa,True,TRAPPIST-1e,42.0,False,0.0,1829.0,2.0,3133.0,2447.0,7411.0,0,2414,1,1,T,1.0,P,3,7411.0
2255,2255,2416_01,Earth,True,TRAPPIST-1e,43.0,False,9.0,0.0,1079.0,0.0,729.0,1817.0,0,2416,1,1,G,391.0,S,12,1817.0
2256,2256,2417_01,Earth,True,TRAPPIST-1e,32.0,False,11.0,31.0,0.0,836.0,9.0,887.0,0,2417,1,1,G,393.0,P,11,887.0
2257,2257,2419_01,Earth,True,TRAPPIST-1e,15.0,False,0.0,0.0,0.0,0.0,0.0,0.0,1,2419,1,1,G,394.0,P,6,0.0
2258,2258,2421_01,Mars,True,TRAPPIST-1e,22.0,False,0.0,0.0,0.0,0.0,0.0,0.0,1,2421,1,1,E,145.0,P,4,0.0
2259,2259,2423_01,Earth,True,TRAPPIST-1e,20.0,False,0.0,0.0,0.0,0.0,0.0,0.0,1,2423,1,1,G,395.0,P,5,0.0
2260,2260,2424_01,Earth,True,TRAPPIST-1e,34.0,False,34.0,223.0,1559.0,0.0,0.0,1816.0,0,2424,1,1,G,393.0,S,7,1816.0
2261,2261,2426_01,Mars,True,TRAPPIST-1e,70.0,False,0.0,0.0,0.0,0.0,0.0,0.0,1,2426,2,0,F,466.0,S,11,0.0
2262,2262,2426_02,Mars,True,TRAPPIST-1e,18.0,False,0.0,0.0,0.0,0.0,0.0,0.0,1,2426,2,0,F,466.0,S,11,0.0
2263,2263,2427_01,Europa,True,TRAPPIST-1e,26.0,False,0.0,0.0,0.0,0.0,0.0,0.0,1,2427,1,1,B,94.0,S,4,0.0
2264,2264,2429_01,Earth,True,TRAPPIST-1e,17.0,False,112.0,56.0,332.0,0.0,606.0,1106.0,0,2429,1,1,F,497.0,P,9,1106.0
2265,2265,2431_01,Earth,True,TRAPPIST-1e,13.0,False,0.0,2.0,0.0,566.0,208.0,776.0,0,2431,1,1,F,498.0,P,6,776.0
2266,2266,2432_01,Earth,True,TRAPPIST-1e,19.0,False,0.0,0.0,79.0,181.83673469387756,0.0,79.0,0,2432,1,1,F,499.0,P,9,260.8367346938776
2267,2267,2433_01,Europa,True,TRAPPIST-1e,32.0,False,0.0,0.0,0.0,0.0,0.0,0.0,1,2433,1,1,C,84.0,P,12,0.0
2268,2268,2435_01,Earth,True,TRAPPIST-1e,33.0,False,4.0,0.0,28.0,0.0,2757.0,2789.0,0,2435,1,1,F,467.0,S,8,2789.0
2269,2269,2436_01,Earth,True,TRAPPIST-1e,21.0,False,759.0,0.0,0.0,156.9402390438247,40.0,799.0,0,2436,1,1,F,501.0,P,7,955.9402390438247
2270,2270,2438_01,Mars,True,TRAPPIST-1e,23.0,False,0.0,0.0,0.0,0.0,0.0,0.0,1,2438,1,1,F,503.0,P,2,0.0
2271,2271,2439_01,Earth,True,TRAPPIST-1e,24.0,False,227.0,537.0,13.0,0.0,0.0,777.0,0,2439,1,1,F,504.0,P,11,777.0
2272,2272,2441_01,Earth,True,55 Cancri e,17.0,False,0.0,11.0,493.0,0.0,372.0,876.0,0,2441,1,1,F,468.0,S,3,876.0
2273,2273,2442_01,Mars,True,TRAPPIST-1e,34.0,False,0.0,0.0,0.0,0.0,0.0,0.0,1,2442,1,1,F,505.0,P,10,0.0
2274,2274,2443_01,Mars,True,TRAPPIST-1e,31.0,False,1458.0,421.0,76.0,0.0,0.0,1955.0,0,2443,1,1,D,72.0,P,0,1955.0
2275,2275,2444_01,Earth,True,55 Cancri e,43.0,False,6.0,236.0,3.0,448.0,54.0,747.0,0,2444,1,1,F,506.0,P,10,747.0
2276,2276,2445_01,Earth,True,TRAPPIST-1e,43.0,False,602.0,3.0,27.0,89.0,69.0,790.0,0,2445,1,1,E,170.0,S,10,790.0
2277,2277,2446_01,Earth,True,TRAPPIST-1e,33.0,False,0.0,0.0,661.0,0.0,94.0,755.0,0,2446,1,1,F,507.0,P,10,755.0
2278,2278,2449_01,Mars,True,TRAPPIST-1e,28.0,False,0.0,0.0,0.0,0.0,0.0,0.0,1,2449,3,0,F,508.0,P,6,0.0
2279,2279,2449_02,Mars,True,TRAPPIST-1e,27.0,False,0.0,0.0,0.0,0.0,0.0,0.0,1,2449,3,0,E,146.0,P,6,0.0
2280,2280,2449_03,Mars,True,TRAPPIST-1e,7.0,False,0.0,0.0,0.0,0.0,0.0,0.0,1,2449,3,0,F,508.0,P,6,0.0
2281,2281,2451_01,Earth,True,PSO J318.5-22,16.0,False,0.0,0.0,0.0,0.0,0.0,0.0,1,2451,1,1,G,395.0,S,11,0.0
2282,2282,2452_01,Earth,True,55 Cancri e,42.0,False,526.0,2.0,28.0,161.0,138.59649122807016,717.0,0,2452,1,1,F,470.0,S,7,855.5964912280701
2283,2283,2453_01,Mars,True,TRAPPIST-1e,27.0,False,0.0,0.0,0.0,0.0,0.0,0.0,1,2453,1,1,E,147.0,P,6,0.0
2284,2284,2454_01,Earth,True,TRAPPIST-1e,19.0,False,0.0,0.0,0.0,157.0,644.0,801.0,0,2454,1,1,F,510.0,P,13,801.0
2285,2285,2455_01,Mars,True,TRAPPIST-1e,42.0,False,554.0,0.0,1168.0,0.0,275.0,1997.0,0,2455,1,1,F,471.0,S,2,1997.0
2286,2286,2456_01,Earth,True,PSO J318.5-22,13.0,False,0.0,0.0,0.0,0.0,0.0,0.0,1,2456,1,1,G,399.0,P,12,0.0
2287,2287,2457_01,Earth,True,TRAPPIST-1e,16.0,False,0.0,0.0,0.0,0.0,0.0,0.0,1,2457,1,1,G,400.0,P,6,0.0
2288,2288,2458_01,Earth,True,TRAPPIST-1e,21.0,False,31.0,93.0,578.0,0.0,0.0,702.0,0,2458,1,1,F,511.0,P,11,702.0
2289,2289,2460_01,Earth,True,PSO J318.5-22,28.0,False,0.0,0.0,0.0,0.0,0.0,0.0,1,2460,1,1,G,402.0,P,13,0.0
2290,2290,2461_01,Earth,True,TRAPPIST-1e,69.0,False,0.0,0.0,0.0,0.0,0.0,0.0,1,2461,1,1,G,396.0,S,9,0.0
2291,2291,2462_01,Earth,True,PSO J318.5-22,15.0,False,0.0,0.0,0.0,0.0,0.0,0.0,1,2462,1,1,G,397.0,S,10,0.0
2292,2292,2463_01,Earth,True,TRAPPIST-1e,48.0,False,58.0,0.0,12.0,232.44444444444446,0.0,70.0,0,2463,1,1,E,171.0,S,6,302.44444444444446
2293,2293,2466_01,Earth,True,TRAPPIST-1e,42.0,False,264.87931034482756,1.0,61.0,897.0,0.0,959.0,0,2466,1,1,F,472.0,S,6,1223.8793103448274
2294,2294,2467_01,Mars,True,TRAPPIST-1e,42.0,False,999.0,0.0,49.0,0.0,11.0,1059.0,0,2467,1,1,D,83.0,S,4,1059.0
2295,2295,2470_01,Earth,True,TRAPPIST-1e,23.0,False,139.0,0.0,0.0,567.0,0.0,706.0,0,2470,2,0,G,398.0,S,2,706.0
2296,2296,2470_02,Earth,True,TRAPPIST-1e,26.0,False,0.0,213.32608695652175,0.0,543.0,139.19565217391303,543.0,0,2470,2,0,G,398.0,S,2,895.5217391304348
2297,2297,2471_01,Earth,True,TRAPPIST-1e,45.0,False,0.0,0.0,450.0,94.0,364.0,908.0,0,2471,1,1,G,403.0,P,8,908.0
2298,2298,2472_01,Earth,True,TRAPPIST-1e,30.0,False,756.0,4.0,30.0,0.0,0.0,790.0,0,2472,1,1,E,173.0,S,7,790.0
2299,2299,2474_01,Mars,True,TRAPPIST-1e,36.0,False,0.0,0.0,0.0,0.0,0.0,0.0,1,2474,1,1,F,475.0,S,6,0.0
2300,2300,2475_01,Europa,True,TRAPPIST-1e,37.0,False,0.0,27.0,0.0,3573.0,3643.0,7243.0,0,2475,1,1,C,85.0,P,8,7243.0
2301,2301,2476_01,Earth,True,TRAPPIST-1e,35.0,False,0.0,0.0,1.0,0.0,1264.0,1265.0,0,2476,1,1,F,512.0,P,6,1265.0
2302,2302,2477_01,Europa,True,TRAPPIST-1e,21.0,False,0.0,0.0,0.0,0.0,0.0,0.0,1,2477,2,0,C,86.0,P,6,0.0
2303,2303,2477_02,Europa,True,55 Cancri e,50.0,False,0.0,0.0,0.0,0.0,0.0,0.0,1,2477,2,0,C,86.0,P,6,0.0
2304,2304,2478_01,Earth,True,TRAPPIST-1e,52.0,False,0.0,0.0,0.0,0.0,0.0,0.0,1,2478,1,1,G,404.0,P,5,0.0
2305,2305,2479_01,Earth,True,PSO J318.5-22,21.0,False,0.0,0.0,0.0,0.0,0.0,0.0,1,2479,1,1,G,398.0,S,12,0.0
2306,2306,2480_01,Earth,True,55 Cancri e,41.0,False,682.0,0.0,0.0,0.0,17.0,699.0,0,2480,1,1,F,476.0,S,5,699.0
2307,2307,2483_01,Earth,True,55 Cancri e,35.0,False,2594.0,195.0,0.0,0.0,0.0,2789.0,0,2483,1,1,F,477.0,S,11,2789.0
2308,2308,2486_01,Earth,True,TRAPPIST-1e,26.0,False,552.0,192.0,30.0,0.0,1.0,775.0,0,2486,2,0,F,513.0,P,10,775.0
2309,2309,2486_02,Earth,True,TRAPPIST-1e,17.0,False,584.0,738.0,54.0,0.0,621.0,1997.0,0,2486,2,0,F,513.0,P,10,1997.0
2310,2310,2488_01,Mars,True,TRAPPIST-1e,69.0,False,4483.0,0.0,525.0,0.0,500.0,5508.0,0,2488,1,1,D,85.0,S,9,5508.0
2311,2311,2489_01,Europa,True,TRAPPIST-1e,27.0,False,0.0,0.0,0.0,0.0,0.0,0.0,1,2489,1,1,B,72.0,P,4,0.0
2312,2312,2491_01,Earth,True,PSO J318.5-22,25.0,False,2.0,2762.0,552.0,0.0,1391.0,4707.0,0,2491,1,1,G,401.0,S,17,4707.0
2313,2313,2492_01,Mars,True,TRAPPIST-1e,27.0,False,0.0,0.0,0.0,0.0,0.0,0.0,1,2492,1,1,F,480.0,S,2,0.0
2314,2314,2496_01,Earth,True,TRAPPIST-1e,25.0,False,64.0,0.0,0.0,660.0,0.0,724.0,0,2496,1,1,F,481.0,S,2,724.0
2315,2315,2497_01,Earth,True,55 Cancri e,36.0,False,0.0,0.0,0.0,33.0,619.0,652.0,0,2497,1,1,F,494.0,S,12,652.0
2316,2316,2498_01,Earth,True,TRAPPIST-1e,14.0,False,148.0,0.0,34.0,808.0,0.0,990.0,0,2498,1,1,E,176.0,S,8,990.0
2317,2317,2499_01,Europa,True,55 Cancri e,27.0,False,0.0,0.0,0.0,0.0,0.0,0.0,1,2499,1,1,C,89.0,S,3,0.0
2318,2318,2500_01,Earth,True,TRAPPIST-1e,22.0,False,272.0,44.0,0.0,1064.0,418.0,1798.0,0,2500,1,1,G,403.0,S,10,1798.0
2319,2319,2502_01,Earth,True,TRAPPIST-1e,24.0,False,873.0,12.0,1.0,0.0,3.0,889.0,0,2502,1,1,G,404.0,S,7,889.0
2320,2320,2503_01,Mars,True,TRAPPIST-1e,28.0,False,311.0,0.0,745.0,232.0,0.0,1288.0,0,2503,2,0,F,516.0,P,5,1288.0
2321,2321,2503_02,Mars,True,TRAPPIST-1e,4.0,False,0.0,0.0,0.0,0.0,0.0,0.0,1,2503,2,0,F,516.0,P,5,0.0
2322,2322,2505_01,Earth,True,TRAPPIST-1e,19.0,False,0.0,13.0,291.0,481.0,2.0,787.0,0,2505,2,0,E,149.0,P,8,787.0
2323,2323,2505_02,Earth,True,TRAPPIST-1e,19.0,False,0.0,5.0,4.0,541.0,238.0,788.0,0,2505,2,0,E,149.0,P,8,788.0
2324,2324,2506_01,Europa,True,55 Cancri e,38.0,False,0.0,2506.0,46.0,11001.0,5.0,13558.0,0,2506,3,0,A,19.0,P,4,13558.0
2325,2325,2506_02,Europa,True,55 Cancri e,39.0,False,0.0,0.0,0.0,0.0,0.0,0.0,1,2506,3,0,A,19.0,P,4,0.0
2326,2326,2506_03,Europa,True,55 Cancri e,23.0,False,36.0,2467.0,0.0,381.0,803.0,3687.0,0,2506,3,0,A,19.0,P,4,3687.0
2327,2327,2508_01,Europa,True,55 Cancri e,57.0,False,0.0,0.0,0.0,0.0,0.0,0.0,1,2508,2,0,D,86.0,S,3,0.0
2328,2328,2508_02,Europa,True,TRAPPIST-1e,18.0,False,0.0,0.0,0.0,0.0,0.0,0.0,1,2508,2,0,D,86.0,S,3,0.0
2329,2329,2509_01,Earth,True,TRAPPIST-1e,43.0,False,0.0,9.0,1145.0,0.0,0.0,1154.0,0,2509,1,1,F,483.0,S,16,1154.0
2330,2330,2510_01,Mars,True,TRAPPIST-1e,28.0,False,34.0,0.0,1342.0,91.0,0.0,1467.0,0,2510,1,1,F,517.0,P,5,1467.0
2331,2331,2512_01,Europa,True,55 Cancri e,33.0,False,0.0,8759.0,0.0,2788.0,4513.0,16060.0,0,2512,2,0,C,91.0,S,4,16060.0
2332,2332,2512_02,Europa,True,55 Cancri e,37.0,False,0.0,0.0,0.0,0.0,0.0,0.0,1,2512,2,0,C,91.0,S,4,0.0
2333,2333,2513_01,Earth,True,TRAPPIST-1e,28.0,False,0.0,55.0,0.0,656.0,0.0,711.0,0,2513,1,1,G,404.0,Z,5,711.0
2334,2334,2515_01,Europa,True,55 Cancri e,28.0,True,2.0,2144.0,0.0,435.0,5872.0,8453.0,0,2515,2,0,B,96.0,S,4,8453.0
2335,2335,2515_02,Europa,True,55 Cancri e,18.0,False,0.0,0.0,0.0,0.0,0.0,0.0,1,2515,2,0,B,96.0,S,4,0.0
2336,2336,2516_01,Earth,True,55 Cancri e,29.0,False,75.0,17.0,0.0,211.0,506.0,809.0,0,2516,1,1,G,406.0,P,5,809.0
2337,2337,2518_01,Europa,True,TRAPPIST-1e,29.0,False,0.0,0.0,0.0,0.0,0.0,0.0,1,2518,2,0,C,87.0,P,2,0.0
2338,2338,2518_02,Europa,True,55 Cancri e,28.0,False,0.0,0.0,0.0,0.0,0.0,0.0,1,2518,2,0,C,87.0,P,2,0.0
2339,2339,2519_01,Earth,True,TRAPPIST-1e,24.0,False,172.0,775.0,344.0,0.0,0.0,1291.0,0,2519,1,1,F,485.0,S,8,1291.0
2340,2340,2520_01,Europa,True,TRAPPIST-1e,59.0,False,0.0,5407.0,0.0,285.0,1135.0,6827.0,0,2520,1,1,C,88.0,P,3,6827.0
2341,2341,2521_01,Mars,True,TRAPPIST-1e,43.0,False,0.0,0.0,0.0,0.0,0.0,0.0,1,2521,1,1,E,151.0,P,4,0.0
2342,2342,2522_01,Mars,True,TRAPPIST-1e,20.0,False,0.0,0.0,0.0,0.0,0.0,0.0,1,2522,1,1,F,520.0,P,12,0.0
2343,2343,2523_01,Europa,True,55 Cancri e,23.0,False,0.0,0.0,0.0,0.0,0.0,0.0,1,2523,1,1,B,73.0,P,2,0.0
2344,2344,2524_01,Europa,True,55 Cancri e,27.0,False,0.0,0.0,0.0,0.0,0.0,0.0,1,2524,1,1,D,74.0,P,6,0.0
2345,2345,2526_01,Europa,True,55 Cancri e,38.0,False,0.0,0.0,0.0,0.0,0.0,0.0,1,2526,1,1,B,74.0,P,4,0.0
2346,2346,2527_01,Earth,True,PSO J318.5-22,38.0,False,0.0,0.0,0.0,0.0,0.0,0.0,1,2527,1,1,G,405.0,S,8,0.0
2347,2347,2528_01,Mars,True,TRAPPIST-1e,48.0,False,639.0,412.0,110.0,0.0,0.0,1161.0,0,2528,1,1,F,487.0,S,8,1161.0
2348,2348,2530_01,Mars,True,TRAPPIST-1e,25.0,False,1734.0,1.0,189.0,1.0,0.0,1925.0,0,2530,1,1,F,488.0,S,7,1925.0
2349,2349,2531_01,Earth,True,PSO J318.5-22,25.0,False,0.0,0.0,0.0,0.0,0.0,0.0,1,2531,1,1,G,407.0,P,3,0.0
2350,2350,2532_01,Mars,True,TRAPPIST-1e,24.0,False,737.0,37.0,1682.0,0.0,0.0,2456.0,0,2532,2,0,F,489.0,S,7,2456.0
2351,2351,2532_02,Mars,True,TRAPPIST-1e,69.0,False,0.0,0.0,0.0,0.0,0.0,0.0,1,2532,2,0,F,489.0,S,7,0.0
2352,2352,2534_01,Europa,True,55 Cancri e,20.0,False,0.0,646.0,0.0,1160.111111111111,1425.0,2071.0,0,2534,2,0,B,75.0,P,6,3231.1111111111113
2353,2353,2534_02,Europa,True,55 Cancri e,18.0,False,0.0,0.0,0.0,0.0,0.0,0.0,1,2534,2,0,B,75.0,P,6,0.0
2354,2354,2535_01,Earth,True,TRAPPIST-1e,28.0,False,0.0,0.0,0.0,0.0,0.0,0.0,1,2535,1,1,G,409.0,P,10,0.0
2355,2355,2537_01,Earth,True,PSO J318.5-22,23.0,False,0.0,9.0,292.0,35.0,349.0,685.0,0,2537,1,1,E,152.0,P,4,685.0
2356,2356,2540_01,Mars,True,TRAPPIST-1e,24.0,False,345.0,0.0,451.0,0.0,582.0,1378.0,0,2540,1,1,E,177.0,S,4,1378.0
2357,2357,2541_01,Europa,True,TRAPPIST-1e,44.0,False,0.0,1482.0,127.0,1555.0,1257.0,4421.0,0,2541,1,1,B,77.0,P,5,4421.0
2358,2358,2542_01,Mars,True,TRAPPIST-1e,29.0,False,834.0,0.0,28.0,117.0,41.0,1020.0,0,2542,1,1,E,153.0,P,6,1020.0
2359,2359,2544_01,Europa,True,55 Cancri e,6.0,False,0.0,0.0,0.0,0.0,0.0,0.0,1,2544,2,0,B,97.0,S,2,0.0
2360,2360,2544_02,Europa,True,TRAPPIST-1e,42.0,False,41.0,1912.0,0.0,1899.0,43.0,3895.0,0,2544,2,0,B,97.0,S,2,3895.0
2361,2361,2545_01,Earth,True,55 Cancri e,78.0,False,0.0,0.0,0.0,0.0,0.0,0.0,1,2545,1,1,G,410.0,P,10,0.0
2362,2362,2546_01,Earth,True,TRAPPIST-1e,36.0,False,548.0,179.0,24.0,0.0,77.0,828.0,0,2546,1,1,F,491.0,S,2,828.0
2363,2363,2547_01,Europa,True,55 Cancri e,37.0,False,0.0,100.0,0.0,1402.0,1462.0,2964.0,0,2547,2,0,A,26.0,P,5,2964.0
2364,2364,2547_02,Europa,True,55 Cancri e,41.0,False,0.0,12809.0,2.0,2835.0,1514.0,17160.0,0,2547,2,0,A,20.0,P,5,17160.0
2365,2365,2548_01,Earth,True,TRAPPIST-1e,18.0,False,852.0,48.0,0.0,7.0,0.0,907.0,0,2548,1,1,G,407.0,S,15,907.0
2366,2366,2549_01,Mars,True,TRAPPIST-1e,62.0,False,1663.0,0.0,23.0,2.0,12.0,1700.0,0,2549,3,0,F,522.0,P,8,1700.0
2367,2367,2549_02,Mars,True,TRAPPIST-1e,0.0,False,0.0,0.0,0.0,0.0,0.0,0.0,1,2549,3,0,F,522.0,P,8,0.0
2368,2368,2549_03,Mars,True,TRAPPIST-1e,55.0,False,1281.0,0.0,7.0,1.0,0.0,1289.0,0,2549,3,0,F,522.0,P,8,1289.0
2369,2369,2550_01,Earth,True,TRAPPIST-1e,16.0,False,0.0,0.0,0.0,0.0,0.0,0.0,1,2550,1,1,G,411.0,P,4,0.0
2370,2370,2551_01,Earth,True,TRAPPIST-1e,32.0,False,238.0,156.0,3.0,2.0,324.0,723.0,0,2551,1,1,F,523.0,P,7,723.0
2371,2371,2552_01,Earth,True,TRAPPIST-1e,19.0,False,0.0,1124.0,4.0,0.0,0.0,1128.0,0,2552,3,0,F,492.0,S,15,1128.0
2372,2372,2552_02,Earth,True,55 Cancri e,7.0,False,0.0,0.0,0.0,0.0,0.0,0.0,1,2552,3,0,G,408.0,S,15,0.0
2373,2373,2552_03,Earth,True,55 Cancri e,4.0,False,0.0,0.0,0.0,0.0,0.0,0.0,1,2552,3,0,G,408.0,S,15,0.0
2374,2374,2553_01,Europa,True,TRAPPIST-1e,30.0,False,0.0,0.0,0.0,0.0,0.0,0.0,1,2553,1,1,D,87.0,S,7,0.0
2375,2375,2555_01,Europa,True,55 Cancri e,24.0,False,0.0,0.0,0.0,0.0,0.0,0.0,1,2555,2,0,B,78.0,P,2,0.0
2376,2376,2555_02,Europa,True,TRAPPIST-1e,34.0,False,0.0,0.0,0.0,0.0,0.0,0.0,1,2555,2,0,B,78.0,P,2,0.0
2377,2377,2557_01,Europa,True,TRAPPIST-1e,30.0,False,0.0,0.0,0.0,0.0,0.0,0.0,1,2557,1,1,C,92.0,S,2,0.0
2378,2378,2558_01,Mars,True,TRAPPIST-1e,3.0,False,0.0,0.0,0.0,0.0,0.0,0.0,1,2558,4,0,F,525.0,P,7,0.0
2379,2379,2558_02,Mars,False,TRAPPIST-1e,32.0,False,0.0,0.0,0.0,0.0,0.0,0.0,1,2558,4,0,F,525.0,P,7,0.0
2380,2380,2558_03,Mars,True,TRAPPIST-1e,55.0,False,403.0,0.0,922.0,0.0,0.0,1325.0,0,2558,4,0,F,525.0,P,7,1325.0
2381,2381,2558_04,Mars,True,TRAPPIST-1e,0.0,False,0.0,0.0,0.0,0.0,0.0,0.0,1,2558,4,0,F,525.0,P,7,0.0
2382,2382,2559_01,Europa,True,TRAPPIST-1e,51.0,False,0.0,1949.0,0.0,2549.0,39.0,4537.0,0,2559,1,1,C,90.0,Z,2,4537.0
2383,2383,2560_01,Earth,True,PSO J318.5-22,0.0,False,0.0,0.0,0.0,0.0,0.0,0.0,1,2560,3,0,G,412.0,P,13,0.0
2384,2384,2560_02,Earth,True,TRAPPIST-1e,21.0,False,882.0,0.0,0.0,193.7,0.0,882.0,0,2560,3,0,G,412.0,P,13,1075.7
2385,2385,2560_03,Earth,True,TRAPPIST-1e,2.0,False,0.0,0.0,0.0,0.0,0.0,0.0,1,2560,3,0,G,412.0,P,13,0.0
2386,2386,2561_01,Earth,True,TRAPPIST-1e,19.0,False,194.0,44.0,0.0,549.0,1.0,788.0,0,2561,1,1,E,178.0,S,18,788.0
2387,2387,2562_01,Mars,True,TRAPPIST-1e,24.0,False,0.0,0.0,0.0,0.0,0.0,0.0,1,2562,2,0,F,526.0,P,7,0.0
2388,2388,2562_02,Mars,True,TRAPPIST-1e,20.0,False,2502.0,0.0,96.0,0.0,0.0,2598.0,0,2562,2,0,F,526.0,P,7,2598.0
2389,2389,2564_01,Europa,True,TRAPPIST-1e,42.0,False,2.0,3024.0,0.0,89.0,10.0,3125.0,0,2564,1,1,E,179.0,S,4,3125.0
2390,2390,2565_01,Mars,True,TRAPPIST-1e,17.0,False,0.0,0.0,0.0,0.0,0.0,0.0,1,2565,2,0,F,527.0,P,2,0.0
2391,2391,2565_02,Mars,True,TRAPPIST-1e,32.0,False,598.0,0.0,138.0,0.0,624.0,1360.0,0,2565,2,0,E,155.0,P,2,1360.0
2392,2392,2571_01,Earth,True,TRAPPIST-1e,28.0,False,145.0,8.0,557.0,0.0,74.0,784.0,0,2571,1,1,G,414.0,P,4,784.0
2393,2393,2572_01,Europa,True,55 Cancri e,21.0,False,0.0,0.0,0.0,0.0,0.0,0.0,1,2572,2,0,C,93.0,S,6,0.0
2394,2394,2572_02,Europa,True,55 Cancri e,56.0,True,0.0,0.0,0.0,0.0,0.0,0.0,1,2572,2,0,C,93.0,S,6,0.0
2395,2395,2573_01,Europa,True,55 Cancri e,28.0,False,0.0,0.0,0.0,0.0,0.0,0.0,1,2573,1,1,C,90.0,P,2,0.0
2396,2396,2574_01,Earth,True,TRAPPIST-1e,42.0,False,10.0,303.0,12.0,0.0,478.0,803.0,0,2574,1,1,F,496.0,S,4,803.0
2397,2397,2578_01,Earth,True,TRAPPIST-1e,18.0,False,1153.0,0.0,0.0,1409.0,195.0,2757.0,0,2578,1,1,F,498.0,S,8,2757.0
2398,2398,2580_01,Earth,True,TRAPPIST-1e,24.0,False,19.0,676.0,0.0,26.0,0.0,721.0,0,2580,1,1,G,412.0,S,10,721.0
2399,2399,2581_01,Earth,True,TRAPPIST-1e,20.0,False,496.0,20.0,16.0,0.0,254.0,786.0,0,2581,2,0,E,156.0,P,7,786.0
2400,2400,2581_02,Earth,True,TRAPPIST-1e,22.0,False,26.0,0.0,0.0,0.0,733.0,759.0,0,2581,2,0,F,531.0,P,7,759.0
2401,2401,2582_01,Earth,True,TRAPPIST-1e,22.0,False,98.0,0.0,46.0,641.0,0.0,785.0,0,2582,1,1,G,415.0,P,5,785.0
2402,2402,2584_01,Earth,False,PSO J318.5-22,21.0,False,0.0,0.0,156.3125,0.0,0.0,0.0,0,2584,1,1,G,417.0,P,8,156.3125
2403,2403,2588_01,Earth,True,TRAPPIST-1e,28.0,False,4.0,166.0,743.0,0.0,0.0,913.0,0,2588,1,1,G,419.0,P,11,913.0
2404,2404,2589_01,Europa,True,TRAPPIST-1e,26.0,False,0.0,0.0,0.0,0.0,0.0,0.0,1,2589,5,0,C,91.0,P,7,0.0
2405,2405,2589_02,Europa,True,55 Cancri e,50.0,False,0.0,0.0,0.0,0.0,0.0,0.0,1,2589,5,0,C,91.0,P,7,0.0
2406,2406,2589_03,Europa,True,TRAPPIST-1e,26.0,False,0.0,8150.0,0.0,3508.0,99.0,11757.0,0,2589,5,0,C,91.0,P,7,11757.0
2407,2407,2589_04,Europa,True,TRAPPIST-1e,30.0,True,0.0,632.0,0.0,673.0,2272.0,3577.0,0,2589,5,0,C,91.0,P,7,3577.0
2408,2408,2589_05,Europa,True,TRAPPIST-1e,29.0,False,0.0,0.0,0.0,0.0,0.0,0.0,1,2589,5,0,C,91.0,P,7,0.0
2409,2409,2590_01,Earth,True,TRAPPIST-1e,8.0,False,0.0,0.0,0.0,0.0,0.0,0.0,1,2590,3,0,G,420.0,P,15,0.0
2410,2410,2590_02,Earth,True,TRAPPIST-1e,45.0,False,406.0,148.0,285.0,0.0,0.0,839.0,0,2590,3,0,G,420.0,P,15,839.0
2411,2411,2590_03,Earth,True,PSO J318.5-22,35.0,False,0.0,0.0,0.0,0.0,0.0,0.0,1,2590,3,0,G,420.0,P,15,0.0
2412,2412,2591_01,Earth,True,PSO J318.5-22,18.0,False,9.0,419.0,0.0,201.0,7.0,636.0,0,2591,2,0,F,499.0,S,11,636.0
2413,2413,2591_02,Earth,True,TRAPPIST-1e,23.0,False,0.0,121.0,0.0,568.0,128.0,817.0,0,2591,2,0,G,413.0,S,11,817.0
2414,2414,2592_01,Mars,True,TRAPPIST-1e,29.0,True,803.0,0.0,0.0,58.0,0.0,861.0,0,2592,2,0,D,75.0,P,8,861.0
2415,2415,2592_02,Mars,True,TRAPPIST-1e,18.0,False,1102.0,9.0,2628.0,0.0,0.0,3739.0,0,2592,2,0,D,75.0,P,8,3739.0
2416,2416,2593_01,Earth,True,TRAPPIST-1e,28.0,False,804.0,2.0,13.0,0.0,62.0,881.0,0,2593,1,1,G,421.0,P,11,881.0
2417,2417,2594_01,Europa,True,TRAPPIST-1e,34.0,False,0.0,0.0,0.0,0.0,0.0,0.0,1,2594,1,1,B,98.0,S,3,0.0
2418,2418,2595_01,Mars,True,55 Cancri e,0.0,False,0.0,0.0,0.0,0.0,0.0,0.0,1,2595,4,0,F,533.0,P,3,0.0
2419,2419,2595_02,Mars,False,TRAPPIST-1e,4.0,False,0.0,0.0,0.0,0.0,0.0,0.0,1,2595,4,0,F,533.0,P,3,0.0
2420,2420,2595_03,Mars,True,TRAPPIST-1e,28.0,False,938.0,61.0,0.0,53.0,4.0,1056.0,0,2595,4,0,D,76.0,P,4,1056.0
2421,2421,2595_04,Mars,True,TRAPPIST-1e,8.0,False,0.0,0.0,0.0,0.0,0.0,0.0,1,2595,4,0,F,533.0,P,4,0.0
2422,2422,2596_01,Mars,True,TRAPPIST-1e,20.0,False,59.0,0.0,1646.0,1657.0,0.0,3362.0,0,2596,2,0,D,77.0,P,7,3362.0
2423,2423,2596_02,Mars,True,TRAPPIST-1e,20.0,False,0.0,0.0,0.0,0.0,0.0,0.0,1,2596,2,0,F,534.0,P,3,0.0
2424,2424,2597_01,Mars,True,TRAPPIST-1e,25.0,False,0.0,0.0,0.0,0.0,0.0,0.0,1,2597,2,0,F,500.0,S,8,0.0
2425,2425,2597_02,Mars,True,55 Cancri e,31.0,False,995.0,7.0,1213.0,0.0,687.0,2902.0,0,2597,2,0,F,500.0,S,8,2902.0
2426,2426,2598_01,Mars,True,TRAPPIST-1e,37.0,False,27.0,0.0,1131.0,0.0,1318.0,2476.0,0,2598,1,1,F,535.0,P,5,2476.0
2427,2427,2599_01,Earth,True,TRAPPIST-1e,21.0,False,0.0,0.0,0.0,0.0,0.0,0.0,1,2599,1,1,G,417.0,S,11,0.0
2428,2428,2601_01,Mars,True,TRAPPIST-1e,24.0,False,0.0,0.0,0.0,0.0,0.0,0.0,1,2601,1,1,F,536.0,P,8,0.0
2429,2429,2602_01,Mars,True,TRAPPIST-1e,34.0,False,0.0,0.0,0.0,0.0,0.0,0.0,1,2602,3,0,E,158.0,P,4,0.0
2430,2430,2602_02,Mars,True,55 Cancri e,0.0,False,0.0,0.0,0.0,0.0,0.0,0.0,1,2602,3,0,E,158.0,P,2,0.0
2431,2431,2602_03,Mars,True,TRAPPIST-1e,25.0,False,0.0,0.0,0.0,0.0,0.0,0.0,1,2602,3,0,E,158.0,P,4,0.0
2432,2432,2605_01,Mars,True,55 Cancri e,43.0,False,0.0,0.0,0.0,0.0,0.0,0.0,1,2605,1,1,D,88.0,S,9,0.0
2433,2433,2606_01,Earth,True,TRAPPIST-1e,25.0,False,900.0,0.0,0.0,0.0,1.0,901.0,0,2606,2,0,F,537.0,P,4,901.0
2434,2434,2606_02,Earth,True,TRAPPIST-1e,45.0,False,10.0,16.0,801.0,73.0,128.33333333333334,900.0,0,2606,2,0,F,537.0,P,4,1028.3333333333333
2435,2435,2607_01,Europa,True,TRAPPIST-1e,63.0,False,0.0,0.0,0.0,0.0,0.0,0.0,1,2607,4,0,B,99.0,S,4,0.0
2436,2436,2607_02,Europa,True,TRAPPIST-1e,17.0,False,0.0,0.0,0.0,0.0,0.0,0.0,1,2607,4,0,B,99.0,S,4,0.0
2437,2437,2607_03,Europa,True,55 Cancri e,35.0,False,0.0,1471.0,2.0,445.0,533.0,2451.0,0,2607,4,0,B,99.0,S,4,2451.0
2438,2438,2607_04,Europa,True,TRAPPIST-1e,12.0,False,0.0,0.0,0.0,0.0,0.0,0.0,1,2607,4,0,B,99.0,S,5,0.0
2439,2439,2609_01,Earth,True,PSO J318.5-22,23.0,False,0.0,0.0,0.0,0.0,0.0,0.0,1,2609,1,1,G,416.0,S,8,0.0
2440,2440,2616_01,Earth,True,TRAPPIST-1e,17.0,False,0.0,604.0,0.0,0.0,218.0,822.0,0,2616,1,1,F,541.0,P,10,822.0
2441,2441,2617_01,Earth,True,PSO J318.5-22,32.0,False,59.0,0.0,469.0,0.0,0.0,528.0,0,2617,1,1,G,424.0,P,6,528.0
2442,2442,2618_01,Europa,True,TRAPPIST-1e,23.0,False,0.0,0.0,0.0,0.0,0.0,0.0,1,2618,1,1,E,159.0,P,5,0.0
2443,2443,2619_01,Earth,True,55 Cancri e,17.0,False,2000.0,0.0,0.0,0.0,0.0,2000.0,0,2619,1,1,F,504.0,S,11,2000.0
2444,2444,2622_01,Earth,True,55 Cancri e,34.0,False,492.0,0.0,13.0,55.0,0.0,560.0,0,2622,1,1,F,505.0,S,5,560.0
2445,2445,2624_01,Earth,True,TRAPPIST-1e,15.0,False,0.0,0.0,875.0,3.0,172.6535433070866,878.0,0,2624,1,1,F,542.0,P,7,1050.6535433070867
2446,2446,2625_01,Earth,True,TRAPPIST-1e,14.0,False,0.0,0.0,0.0,0.0,0.0,0.0,1,2625,2,0,G,426.0,P,5,0.0
2447,2447,2625_02,Earth,True,TRAPPIST-1e,22.0,False,0.0,1.0,271.0,0.0,1348.0,1620.0,0,2625,2,0,E,160.0,P,5,1620.0
2448,2448,2626_01,Earth,True,TRAPPIST-1e,19.0,False,232.0,0.0,479.0,0.0,5.0,716.0,0,2626,1,1,F,543.0,P,7,716.0
2449,2449,2627_01,Earth,True,PSO J318.5-22,40.0,False,0.0,228.0,5.0,454.0,1.0,688.0,0,2627,1,1,F,544.0,P,8,688.0
2450,2450,2628_01,Europa,True,55 Cancri e,25.0,False,0.0,0.0,0.0,0.0,0.0,0.0,1,2628,2,0,A,21.0,P,4,0.0
2451,2451,2628_02,Europa,True,55 Cancri e,51.0,False,0.0,6.0,0.0,2085.0,67.0,2158.0,0,2628,2,0,A,21.0,P,4,2158.0
2452,2452,2629_01,Earth,True,TRAPPIST-1e,22.0,False,91.0,6.0,0.0,17.0,693.0,807.0,0,2629,1,1,G,427.0,P,5,807.0
2453,2453,2631_01,Mars,True,55 Cancri e,50.0,False,0.0,0.0,0.0,0.0,0.0,0.0,1,2631,1,1,F,545.0,P,6,0.0
2454,2454,2633_01,Earth,True,55 Cancri e,26.0,False,0.0,0.0,0.0,0.0,168.00757575757575,0.0,0,2633,1,1,G,428.0,P,5,168.00757575757575
2455,2455,2634_01,Mars,True,TRAPPIST-1e,39.0,False,0.0,0.0,0.0,0.0,0.0,0.0,1,2634,1,1,F,508.0,S,9,0.0
2456,2456,2635_01,Mars,True,TRAPPIST-1e,18.0,False,1867.0,0.0,29.0,72.0,63.61702127659574,1968.0,0,2635,1,1,D,78.0,P,2,2031.6170212765958
2457,2457,2636_01,Earth,True,TRAPPIST-1e,22.0,False,134.20576131687244,0.0,137.0,671.0,187.62704918032787,808.0,0,2636,1,1,G,419.0,S,7,1129.8328104972004
2458,2458,2638_01,Earth,True,TRAPPIST-1e,26.0,False,0.0,29.0,0.0,759.0,0.0,788.0,0,2638,1,1,E,181.0,S,5,788.0
2459,2459,2640_01,Earth,True,TRAPPIST-1e,19.0,False,0.0,0.0,0.0,0.0,1051.0,1051.0,0,2640,1,1,F,510.0,S,13,1051.0
2460,2460,2641_01,Earth,True,PSO J318.5-22,16.0,False,0.0,0.0,0.0,0.0,0.0,0.0,1,2641,1,1,G,420.0,S,8,0.0
2461,2461,2642_01,Earth,True,TRAPPIST-1e,24.0,False,0.0,0.0,17.0,0.0,793.0,810.0,0,2642,1,1,G,430.0,P,5,810.0
2462,2462,2643_01,Earth,True,PSO J318.5-22,34.0,False,122.0,0.0,6.0,739.0,0.0,867.0,0,2643,1,1,F,511.0,S,2,867.0
2463,2463,2645_01,Europa,True,TRAPPIST-1e,55.0,False,0.0,815.0,1558.0,3.0,1334.0,3710.0,0,2645,5,0,C,95.0,S,6,3710.0
2464,2464,2645_02,Europa,True,TRAPPIST-1e,42.0,False,3.0,2174.0,0.0,10860.0,2564.0,15601.0,0,2645,5,0,C,95.0,S,6,15601.0
2465,2465,2645_03,Europa,True,TRAPPIST-1e,14.0,False,0.0,0.0,0.0,0.0,0.0,0.0,1,2645,5,0,C,95.0,S,6,0.0
2466,2466,2645_04,Europa,True,55 Cancri e,28.0,False,0.0,3053.0,0.0,839.0,2153.0,6045.0,0,2645,5,0,C,95.0,S,6,6045.0
2467,2467,2645_05,Europa,True,55 Cancri e,26.0,False,0.0,0.0,0.0,0.0,0.0,0.0,1,2645,5,0,C,95.0,S,6,0.0
2468,2468,2646_01,Europa,True,55 Cancri e,33.0,False,0.0,286.0,1795.0,712.0,7041.0,9834.0,0,2646,1,1,B,80.0,P,2,9834.0
2469,2469,2647_01,Earth,True,TRAPPIST-1e,24.0,False,0.0,0.0,0.0,636.0,68.0,704.0,0,2647,1,1,F,547.0,P,8,704.0
2470,2470,2648_01,Earth,True,TRAPPIST-1e,23.0,False,490.0,313.0,0.0,6.0,0.0,809.0,0,2648,1,1,G,421.0,S,10,809.0
2471,2471,2649_01,Mars,True,TRAPPIST-1e,16.0,False,46.0,0.0,1994.0,0.0,677.0,2717.0,0,2649,1,1,D,79.0,P,4,2717.0
2472,2472,2650_01,Earth,True,TRAPPIST-1e,36.0,False,0.0,0.0,0.0,0.0,0.0,0.0,1,2650,1,1,G,431.0,P,18,0.0
2473,2473,2651_01,Europa,True,55 Cancri e,44.0,False,0.0,0.0,0.0,0.0,0.0,0.0,1,2651,1,1,B,100.0,S,4,0.0
2474,2474,2652_01,Earth,True,TRAPPIST-1e,22.0,False,0.0,0.0,670.0,0.0,32.0,702.0,0,2652,1,1,F,513.0,S,2,702.0
2475,2475,2655_01,Earth,True,TRAPPIST-1e,30.0,False,0.0,0.0,0.0,0.0,0.0,0.0,1,2655,1,1,G,422.0,S,9,0.0
2476,2476,2657_01,Earth,True,TRAPPIST-1e,20.0,False,0.0,27.0,1.0,686.0,1.0,715.0,0,2657,1,1,F,514.0,S,13,715.0
2477,2477,2658_01,Earth,True,TRAPPIST-1e,21.0,False,366.0,1136.0,795.0,132.0,0.0,2429.0,0,2658,1,1,F,549.0,P,7,2429.0
2478,2478,2659_01,Mars,True,TRAPPIST-1e,14.0,False,187.15384615384616,0.0,0.0,0.0,0.0,0.0,0,2659,1,1,E,182.0,S,1,187.15384615384616
2479,2479,2660_01,Earth,True,TRAPPIST-1e,27.0,False,0.0,0.0,163.71559633027522,2.0,1215.0,1217.0,0,2660,1,1,F,550.0,P,5,1380.7155963302753
2480,2480,2661_01,Earth,True,TRAPPIST-1e,19.0,False,1.0,4.0,0.0,750.0,3.0,758.0,0,2661,2,0,F,515.0,S,12,758.0
2481,2481,2661_02,Earth,True,TRAPPIST-1e,21.0,False,0.0,0.0,0.0,0.0,0.0,0.0,1,2661,2,0,G,423.0,S,12,0.0
2482,2482,2662_01,Mars,True,55 Cancri e,27.0,False,1722.0,4.0,937.0,0.0,0.0,2663.0,0,2662,1,1,F,551.0,P,4,2663.0
2483,2483,2663_01,Earth,True,55 Cancri e,13.0,False,0.0,0.0,0.0,4.0,811.0,815.0,0,2663,1,1,F,552.0,P,8,815.0
2484,2484,2664_01,Mars,True,PSO J318.5-22,71.0,False,0.0,0.0,0.0,0.0,0.0,0.0,1,2664,1,1,E,183.0,S,6,0.0
2485,2485,2666_01,Mars,True,TRAPPIST-1e,28.0,False,0.0,0.0,0.0,0.0,0.0,0.0,1,2666,2,0,E,184.0,S,10,0.0
2486,2486,2666_02,Mars,True,55 Cancri e,18.0,False,1874.0,0.0,260.0,0.0,0.0,2134.0,0,2666,2,0,E,184.0,S,10,2134.0
2487,2487,2668_01,Earth,True,55 Cancri e,23.0,False,29.0,34.0,1.0,2838.0,0.0,2902.0,0,2668,2,0,F,516.0,S,12,2902.0
2488,2488,2668_02,Earth,True,55 Cancri e,34.0,False,0.0,382.0,0.0,87.0,236.0,705.0,0,2668,2,0,G,424.0,S,12,705.0
2489,2489,2670_01,Earth,True,TRAPPIST-1e,20.0,False,4.0,790.0,0.0,15.0,0.0,809.0,0,2670,1,1,G,432.0,P,6,809.0
2490,2490,2671_01,Earth,True,55 Cancri e,17.0,False,0.0,33.0,0.0,56.0,708.0,797.0,0,2671,1,1,F,554.0,P,9,797.0
2491,2491,2672_01,Earth,True,PSO J318.5-22,21.0,False,970.0,0.0,213.0,8.0,86.0,1277.0,0,2672,1,1,F,555.0,P,4,1277.0
2492,2492,2675_01,Europa,True,TRAPPIST-1e,33.0,False,0.0,1554.0,3813.0,0.0,1435.0,6802.0,0,2675,1,1,C,97.0,S,4,6802.0
2493,2493,2676_01,Europa,True,55 Cancri e,34.0,False,3551.0,1284.0,1865.0,90.0,0.0,6790.0,0,2676,1,1,B,81.0,P,2,6790.0
2494,2494,2677_01,Europa,True,TRAPPIST-1e,51.0,False,0.0,302.0,0.0,1367.0,669.0,2338.0,0,2677,1,1,D,90.0,S,8,2338.0
2495,2495,2678_01,Earth,True,TRAPPIST-1e,21.0,False,0.0,680.0,0.0,10.0,0.0,690.0,0,2678,1,1,F,517.0,S,6,690.0
2496,2496,2679_01,Earth,True,TRAPPIST-1e,24.0,False,0.0,0.0,0.0,0.0,0.0,0.0,1,2679,1,1,G,426.0,S,5,0.0
2497,2497,2682_01,Earth,True,TRAPPIST-1e,31.0,False,880.0,0.0,0.0,8.0,0.0,888.0,0,2682,1,1,G,434.0,P,10,888.0
2498,2498,2683_01,Europa,True,TRAPPIST-1e,36.0,False,2.0,1297.0,0.0,4.0,0.0,1303.0,0,2683,1,1,A,32.0,S,4,1303.0
2499,2499,2684_01,Europa,True,TRAPPIST-1e,39.0,False,0.0,7116.0,0.0,13208.0,1515.0,21839.0,0,2684,1,1,B,83.0,P,3,21839.0
2500,2500,2685_01,Earth,True,TRAPPIST-1e,26.0,False,886.0,0.0,0.0,0.0,21.0,907.0,0,2685,1,1,G,435.0,P,10,907.0
2501,2501,2687_01,Earth,True,TRAPPIST-1e,51.0,False,0.0,1347.0,0.0,43.0,0.0,1390.0,0,2687,1,1,F,556.0,P,10,1390.0
2502,2502,2688_01,Earth,True,TRAPPIST-1e,24.0,False,13.0,193.0,0.0,0.0,591.0,797.0,0,2688,1,1,F,557.0,P,13,797.0
2503,2503,2690_01,Earth,True,55 Cancri e,27.0,False,339.0,104.0,116.0,160.0,0.0,719.0,0,2690,1,1,E,185.0,S,10,719.0
2504,2504,2691_01,Earth,True,TRAPPIST-1e,31.0,False,0.0,243.0,1.0,559.0,0.0,803.0,0,2691,1,1,F,558.0,P,10,803.0
2505,2505,2692_01,Earth,True,TRAPPIST-1e,24.0,False,0.0,0.0,21.0,0.0,695.0,716.0,0,2692,1,1,G,433.0,Z,3,716.0
2506,2506,2693_01,Europa,True,TRAPPIST-1e,57.0,False,0.0,1514.0,0.0,72.0,1393.0,2979.0,0,2693,4,0,A,22.0,P,3,2979.0
2507,2507,2693_02,Europa,True,55 Cancri e,36.0,True,11.0,79.0,0.0,210.0,1895.0,2195.0,0,2693,4,0,A,22.0,P,3,2195.0
2508,2508,2693_03,Europa,True,TRAPPIST-1e,55.0,False,0.0,846.0,0.0,263.0,2024.0,3133.0,0,2693,4,0,A,22.0,P,3,3133.0
2509,2509,2693_04,Europa,True,55 Cancri e,38.5,False,0.0,0.0,0.0,0.0,0.0,0.0,1,2693,4,0,A,22.0,P,3,0.0
2510,2510,2695_01,Mars,True,TRAPPIST-1e,18.0,False,947.0,0.0,4.0,4.0,0.0,955.0,0,2695,1,1,E,186.0,S,6,955.0
2511,2511,2697_01,Mars,True,TRAPPIST-1e,27.0,False,1893.0,487.0,4.0,0.0,0.0,2384.0,0,2697,1,1,D,91.0,S,11,2384.0
2512,2512,2698_01,Europa,True,TRAPPIST-1e,50.0,False,0.0,2684.0,0.0,153.0,1751.0,4588.0,0,2698,1,1,C,94.0,P,7,4588.0
2513,2513,2700_01,Earth,True,TRAPPIST-1e,24.0,False,45.0,138.0,1.0,0.0,530.0,714.0,0,2700,1,1,F,520.0,S,3,714.0
2514,2514,2701_01,Earth,True,PSO J318.5-22,20.0,False,0.0,0.0,0.0,0.0,0.0,0.0,1,2701,1,1,G,428.0,S,12,0.0
2515,2515,2702_01,Earth,True,TRAPPIST-1e,24.0,False,0.0,0.0,0.0,0.0,0.0,0.0,1,2702,1,1,G,437.0,P,9,0.0
2516,2516,2703_01,Earth,True,TRAPPIST-1e,18.0,False,0.0,617.0,0.0,0.0,10.0,627.0,0,2703,1,1,G,429.0,S,4,627.0
2517,2517,2704_01,Earth,True,TRAPPIST-1e,44.0,False,1178.0,1.0,348.0,0.0,0.0,1527.0,0,2704,1,1,F,521.0,S,11,1527.0
2518,2518,2706_01,Europa,True,55 Cancri e,27.0,False,0.0,0.0,0.0,0.0,0.0,0.0,1,2706,1,1,B,102.0,S,2,0.0
2519,2519,2707_01,Europa,True,TRAPPIST-1e,58.0,False,1113.0,1650.0,0.0,194.0,510.0,3467.0,0,2707,2,0,B,103.0,S,8,3467.0
2520,2520,2707_02,Europa,True,PSO J318.5-22,29.0,False,0.0,0.0,0.0,0.0,0.0,0.0,1,2707,2,0,B,103.0,S,8,0.0
2521,2521,2708_01,Earth,True,PSO J318.5-22,23.0,False,3.0,548.0,37.0,0.0,12.0,600.0,0,2708,1,1,F,522.0,S,11,600.0
2522,2522,2709_01,Mars,True,TRAPPIST-1e,3.0,False,0.0,0.0,0.0,0.0,0.0,0.0,1,2709,4,0,F,523.0,S,4,0.0
2523,2523,2709_02,Mars,True,TRAPPIST-1e,0.0,False,0.0,0.0,0.0,0.0,0.0,0.0,1,2709,4,0,F,523.0,S,4,0.0
2524,2524,2709_03,Mars,True,TRAPPIST-1e,33.0,False,361.0,0.0,381.0,1622.0,0.0,2364.0,0,2709,4,0,F,523.0,S,4,2364.0
2525,2525,2709_04,Mars,True,TRAPPIST-1e,12.0,False,0.0,0.0,0.0,0.0,0.0,0.0,1,2709,4,0,F,523.0,S,9,0.0
2526,2526,2712_01,Europa,True,TRAPPIST-1e,44.0,False,0.0,0.0,0.0,0.0,0.0,0.0,1,2712,1,1,B,105.0,S,1,0.0
2527,2527,2713_01,Earth,True,TRAPPIST-1e,20.0,False,0.0,0.0,0.0,0.0,0.0,0.0,1,2713,1,1,G,438.0,P,9,0.0
2528,2528,2714_01,Earth,True,55 Cancri e,59.0,False,269.0,1776.0,0.0,0.0,12.0,2057.0,0,2714,1,1,F,561.0,P,5,2057.0
2529,2529,2717_01,Earth,True,TRAPPIST-1e,18.0,False,130.0,0.0,13.0,191.0,554.0,888.0,0,2717,1,1,G,431.0,S,6,888.0
2530,2530,2718_01,Europa,True,TRAPPIST-1e,72.0,False,0.0,0.0,0.0,0.0,0.0,0.0,1,2718,1,1,B,106.0,S,6,0.0
2531,2531,2720_01,Earth,True,PSO J318.5-22,23.0,False,171.0,2373.0,1.0,30.0,985.0,3560.0,0,2720,3,0,G,439.0,P,12,3560.0
2532,2532,2720_02,Earth,True,TRAPPIST-1e,11.0,False,0.0,0.0,0.0,0.0,0.0,0.0,1,2720,3,0,G,439.0,P,12,0.0
2533,2533,2720_03,Earth,True,TRAPPIST-1e,1.0,False,0.0,0.0,0.0,0.0,0.0,0.0,1,2720,3,0,G,439.0,P,12,0.0
2534,2534,2721_01,Earth,True,PSO J318.5-22,25.0,False,21.0,746.0,55.0,0.0,4.0,826.0,0,2721,1,1,F,563.0,P,2,826.0
2535,2535,2722_01,Mars,True,55 Cancri e,25.0,False,0.0,0.0,0.0,0.0,0.0,0.0,1,2722,1,1,D,93.0,S,5,0.0
2536,2536,2723_01,Europa,True,TRAPPIST-1e,24.0,False,0.0,0.0,0.0,0.0,0.0,0.0,1,2723,2,0,C,99.0,S,5,0.0
2537,2537,2723_02,Europa,True,TRAPPIST-1e,54.0,False,0.0,5876.0,0.0,0.0,914.0,6790.0,0,2723,2,0,C,99.0,S,5,6790.0
2538,2538,2724_01,Mars,True,55 Cancri e,17.0,False,0.0,0.0,0.0,0.0,0.0,0.0,1,2724,2,0,F,564.0,P,6,0.0
2539,2539,2724_02,Mars,True,TRAPPIST-1e,48.0,False,1200.0,0.0,38.0,48.0,0.0,1286.0,0,2724,2,0,F,564.0,P,6,1286.0
2540,2540,2725_01,Earth,True,TRAPPIST-1e,40.0,False,0.0,0.0,362.0,272.0,0.0,634.0,0,2725,1,1,F,565.0,P,6,634.0
2541,2541,2726_01,Earth,True,TRAPPIST-1e,2.0,False,0.0,0.0,0.0,0.0,0.0,0.0,1,2726,1,1,G,440.0,P,4,0.0
2542,2542,2727_01,Earth,True,TRAPPIST-1e,32.0,False,0.0,9.0,11.0,784.0,63.0,867.0,0,2727,1,1,F,525.0,S,9,867.0
2543,2543,2729_01,Earth,True,TRAPPIST-1e,15.0,False,0.0,0.0,0.0,0.0,0.0,0.0,1,2729,1,1,G,432.0,S,10,0.0
2544,2544,2730_01,Earth,True,TRAPPIST-1e,52.0,False,0.0,0.0,0.0,0.0,0.0,0.0,1,2730,3,0,G,433.0,S,8,0.0
2545,2545,2730_02,Earth,True,TRAPPIST-1e,16.0,False,0.0,1115.0,0.0,1674.0,132.0,2921.0,0,2730,3,0,F,527.0,S,8,2921.0
2546,2546,2730_03,Earth,True,TRAPPIST-1e,16.0,False,0.0,0.0,0.0,0.0,0.0,0.0,1,2730,3,0,G,433.0,S,8,0.0
2547,2547,2732_01,Earth,True,55 Cancri e,16.0,False,0.0,0.0,0.0,0.0,0.0,0.0,1,2732,2,0,G,435.0,S,7,0.0
2548,2548,2732_02,Earth,True,55 Cancri e,6.0,False,0.0,0.0,0.0,0.0,0.0,0.0,1,2732,2,0,G,435.0,S,7,0.0
2549,2549,2734_01,Mars,True,TRAPPIST-1e,10.0,False,0.0,0.0,0.0,0.0,0.0,0.0,1,2734,1,1,F,567.0,P,9,0.0
2550,2550,2736_01,Mars,True,TRAPPIST-1e,27.0,True,1709.0,4.0,24.0,0.0,0.0,1737.0,0,2736,1,1,D,81.0,P,7,1737.0
2551,2551,2737_01,Europa,True,55 Cancri e,45.0,False,0.0,726.0,0.0,281.0,1257.0,2264.0,0,2737,2,0,C,100.0,S,4,2264.0
2552,2552,2737_02,Europa,True,TRAPPIST-1e,26.0,False,2381.0,1772.0,0.0,0.0,2618.0,6771.0,0,2737,2,0,C,100.0,S,1,6771.0
2553,2553,2738_01,Mars,True,TRAPPIST-1e,29.0,False,1049.0,0.0,0.0,0.0,0.0,1049.0,0,2738,1,1,E,187.0,S,6,1049.0
2554,2554,2739_01,Earth,True,PSO J318.5-22,38.0,False,0.0,0.0,0.0,0.0,0.0,0.0,1,2739,1,1,G,442.0,P,12,0.0
2555,2555,2740_01,Earth,True,TRAPPIST-1e,19.0,False,1.0,143.0,0.0,254.0,107.0,505.0,0,2740,1,1,E,163.0,P,3,505.0
2556,2556,2741_01,Mars,True,TRAPPIST-1e,43.0,False,471.0,0.0,133.0,2.0,692.0,1298.0,0,2741,1,1,E,164.0,P,1,1298.0
2557,2557,2743_01,Earth,True,TRAPPIST-1e,15.0,False,746.0,0.0,2.0,0.0,11.0,759.0,0,2743,1,1,F,528.0,S,6,759.0
2558,2558,2745_01,Mars,True,TRAPPIST-1e,31.0,False,1511.0,0.0,310.0,0.0,0.0,1821.0,0,2745,1,1,F,568.0,P,9,1821.0
2559,2559,2746_01,Mars,True,TRAPPIST-1e,52.0,False,758.0,0.0,356.0,5.0,0.0,1119.0,0,2746,1,1,F,569.0,P,11,1119.0
2560,2560,2747_01,Mars,False,TRAPPIST-1e,49.0,False,0.0,0.0,0.0,0.0,0.0,0.0,1,2747,1,1,F,570.0,P,3,0.0
2561,2561,2748_01,Earth,True,55 Cancri e,29.0,False,143.0,548.0,0.0,0.0,0.0,691.0,0,2748,1,1,F,529.0,S,4,691.0
2562,2562,2750_01,Earth,True,TRAPPIST-1e,18.0,False,600.0,0.0,0.0,179.0,11.0,790.0,0,2750,1,1,F,571.0,P,6,790.0
2563,2563,2751_01,Mars,True,TRAPPIST-1e,41.0,False,0.0,0.0,0.0,0.0,0.0,0.0,1,2751,1,1,F,530.0,S,6,0.0
2564,2564,2752_01,Earth,True,TRAPPIST-1e,9.0,False,0.0,0.0,0.0,0.0,0.0,0.0,1,2752,3,0,G,444.0,P,9,0.0
2565,2565,2752_02,Earth,True,PSO J318.5-22,17.5,False,0.0,0.0,0.0,0.0,0.0,0.0,1,2752,3,0,G,444.0,P,9,0.0
2566,2566,2752_03,Earth,True,TRAPPIST-1e,58.0,False,0.0,82.0,0.0,758.0,0.0,840.0,0,2752,3,0,E,165.0,P,9,840.0
2567,2567,2753_01,Earth,True,PSO J318.5-22,39.0,False,0.0,0.0,0.0,0.0,907.0,907.0,0,2753,1,1,E,188.0,S,10,907.0
2568,2568,2754_01,Earth,True,TRAPPIST-1e,13.0,False,911.0,1.0,0.0,74.0,0.0,986.0,0,2754,1,1,E,166.0,P,11,986.0
2569,2569,2755_01,Europa,True,55 Cancri e,36.0,False,0.0,0.0,0.0,0.0,0.0,0.0,1,2755,1,1,B,85.0,P,2,0.0
2570,2570,2756_01,Mars,True,55 Cancri e,23.0,False,253.0,0.0,0.0,888.0,0.0,1141.0,0,2756,1,1,F,572.0,P,2,1141.0
2571,2571,2758_01,Earth,True,PSO J318.5-22,24.0,False,0.0,0.0,0.0,0.0,0.0,0.0,1,2758,1,1,G,446.0,P,9,0.0
2572,2572,2759_01,Earth,True,TRAPPIST-1e,33.0,False,0.0,0.0,170.0,14.0,810.0,994.0,0,2759,1,1,E,167.0,P,10,994.0
2573,2573,2760_01,Earth,False,TRAPPIST-1e,18.0,False,0.0,0.0,0.0,0.0,0.0,0.0,1,2760,3,0,G,438.0,S,12,0.0
2574,2574,2760_02,Earth,True,TRAPPIST-1e,2.0,False,0.0,0.0,0.0,0.0,0.0,0.0,1,2760,3,0,G,438.0,S,12,0.0
2575,2575,2760_03,Earth,True,TRAPPIST-1e,0.0,False,0.0,0.0,0.0,0.0,0.0,0.0,1,2760,3,0,G,438.0,S,12,0.0
2576,2576,2762_01,Earth,True,TRAPPIST-1e,36.0,False,625.0,0.0,260.0,0.0,0.0,885.0,0,2762,2,0,G,439.0,S,9,885.0
2577,2577,2762_02,Earth,True,55 Cancri e,15.0,False,254.0,0.0,10.0,180.0,0.0,444.0,0,2762,2,0,G,439.0,S,9,444.0
2578,2578,2763_01,Earth,True,TRAPPIST-1e,31.0,False,91.0,756.0,0.0,0.0,12.0,859.0,0,2763,1,1,E,168.0,P,8,859.0
2579,2579,2764_01,Earth,True,TRAPPIST-1e,42.0,False,0.0,0.0,213.0,166.0,1209.0,1588.0,0,2764,1,1,E,189.0,S,4,1588.0
2580,2580,2765_01,Mars,True,TRAPPIST-1e,27.0,False,1502.0,1.0,0.0,0.0,0.0,1503.0,0,2765,1,1,F,532.0,S,4,1503.0
2581,2581,2768_01,Earth,True,TRAPPIST-1e,36.0,False,123.0,3.0,129.75,7.0,0.0,133.0,0,2768,3,0,F,533.0,S,11,262.75
2582,2582,2768_02,Earth,True,TRAPPIST-1e,0.0,False,0.0,0.0,0.0,0.0,0.0,0.0,1,2768,3,0,G,442.0,S,11,0.0
2583,2583,2768_03,Earth,True,TRAPPIST-1e,3.0,False,0.0,0.0,0.0,0.0,0.0,0.0,1,2768,3,0,G,442.0,S,11,0.0
2584,2584,2769_01,Earth,True,PSO J318.5-22,22.0,False,0.0,837.0,192.0,0.0,187.62704918032787,1029.0,0,2769,1,1,F,573.0,P,7,1216.627049180328
2585,2585,2770_01,Earth,True,TRAPPIST-1e,56.0,False,0.0,1721.0,0.0,96.0,0.0,1817.0,0,2770,1,1,G,443.0,S,16,1817.0
2586,2586,2772_01,Earth,True,TRAPPIST-1e,23.0,False,0.0,0.0,0.0,757.0,0.0,757.0,0,2772,1,1,G,444.0,S,9,757.0
2587,2587,2773_01,Mars,True,TRAPPIST-1e,25.0,False,314.0,2.0,648.0,92.0,0.0,1056.0,0,2773,1,1,D,94.0,S,6,1056.0
2588,2588,2774_01,Earth,True,TRAPPIST-1e,29.0,False,3.0,0.0,3.0,0.0,697.0,703.0,0,2774,3,0,F,575.0,P,7,703.0
2589,2589,2774_02,Earth,True,TRAPPIST-1e,17.0,False,0.0,1195.0,31.0,0.0,0.0,1226.0,0,2774,3,0,F,575.0,P,10,1226.0
2590,2590,2774_03,Earth,True,TRAPPIST-1e,13.0,False,412.0,4.0,0.0,0.0,551.0,967.0,0,2774,3,0,F,575.0,P,7,967.0
2591,2591,2778_01,Mars,True,TRAPPIST-1e,35.0,False,2301.0,0.0,414.0,80.5,0.0,2715.0,0,2778,2,0,D,82.0,P,7,2795.5
2592,2592,2778_02,Mars,True,55 Cancri e,53.0,False,0.0,0.0,0.0,0.0,0.0,0.0,1,2778,2,0,F,576.0,P,7,0.0
2593,2593,2780_01,Earth,True,TRAPPIST-1e,24.0,False,14.0,702.0,0.0,0.0,0.0,716.0,0,2780,1,1,F,578.0,P,11,716.0
2594,2594,2781_01,Earth,True,TRAPPIST-1e,38.0,False,0.0,0.0,0.0,0.0,0.0,0.0,1,2781,1,1,G,447.0,P,6,0.0
2595,2595,2783_01,Europa,True,55 Cancri e,21.0,False,0.0,0.0,0.0,0.0,0.0,0.0,1,2783,2,0,D,83.0,P,7,0.0
2596,2596,2783_02,Europa,True,55 Cancri e,29.0,False,2.0,8.0,0.0,2864.0,155.0,3029.0,0,2783,2,0,D,83.0,P,7,3029.0
2597,2597,2784_01,Earth,True,TRAPPIST-1e,46.0,False,0.0,0.0,1661.0,52.0,8.0,1721.0,0,2784,1,1,G,448.0,P,6,1721.0
2598,2598,2785_01,Europa,True,TRAPPIST-1e,58.0,False,0.0,0.0,0.0,0.0,0.0,0.0,1,2785,1,1,C,102.0,S,5,0.0
2599,2599,2786_01,Earth,True,PSO J318.5-22,53.0,False,0.0,1.0,0.0,195.0,493.0,689.0,0,2786,1,1,E,190.0,S,5,689.0
2600,2600,2787_01,Earth,True,55 Cancri e,21.0,False,13.0,182.398406374502,1098.0,64.0,1.0,1176.0,0,2787,1,1,F,535.0,S,5,1358.398406374502
2601,2601,2788_01,Earth,True,PSO J318.5-22,27.0,False,0.0,0.0,0.0,0.0,0.0,0.0,1,2788,1,1,G,449.0,P,7,0.0
2602,2602,2789_01,Earth,True,TRAPPIST-1e,31.0,False,0.0,0.0,0.0,0.0,0.0,0.0,1,2789,1,1,G,450.0,P,4,0.0
2603,2603,2790_01,Europa,True,55 Cancri e,23.0,False,0.0,0.0,0.0,0.0,0.0,0.0,1,2790,5,0,B,86.0,P,5,0.0
2604,2604,2790_02,Europa,True,55 Cancri e,41.0,False,0.0,320.0,4333.0,1313.0,51.0,6017.0,0,2790,5,0,B,86.0,P,5,6017.0
2605,2605,2790_03,Europa,True,TRAPPIST-1e,29.0,False,3.0,933.0,0.0,674.0,731.0,2341.0,0,2790,5,0,B,86.0,P,5,2341.0
2606,2606,2790_04,Europa,True,55 Cancri e,54.0,False,0.0,37.0,0.0,4689.0,0.0,4726.0,0,2790,5,0,B,86.0,P,5,4726.0
2607,2607,2790_05,Europa,True,55 Cancri e,43.0,False,0.0,9923.0,660.0,10.0,266.0,10859.0,0,2790,5,0,B,86.0,P,5,10859.0
2608,2608,2792_01,Earth,True,PSO J318.5-22,36.0,False,0.0,0.0,0.0,0.0,0.0,0.0,1,2792,1,1,G,446.0,S,7,0.0
2609,2609,2793_01,Earth,True,TRAPPIST-1e,48.0,False,784.0,87.0,0.0,0.0,1.0,872.0,0,2793,1,1,E,169.0,P,9,872.0
2610,2610,2795_01,Europa,True,TRAPPIST-1e,34.0,False,10.0,5659.0,15.0,3.0,0.0,5687.0,0,2795,2,0,C,103.0,S,4,5687.0
2611,2611,2795_02,Europa,True,TRAPPIST-1e,42.0,False,0.0,802.0,0.0,2622.0,671.0,4095.0,0,2795,2,0,C,103.0,S,4,4095.0
2612,2612,2796_01,Earth,True,55 Cancri e,17.0,False,0.0,0.0,0.0,863.0,0.0,863.0,0,2796,1,1,F,536.0,S,0,863.0
2613,2613,2797_01,Earth,True,TRAPPIST-1e,22.0,False,0.0,0.0,0.0,0.0,1345.0,1345.0,0,2797,1,1,F,580.0,P,6,1345.0
2614,2614,2798_01,Europa,True,TRAPPIST-1e,37.0,False,6.0,437.0,16.79245283018868,54.0,3030.0,3527.0,0,2798,2,0,A,23.0,P,2,3543.7924528301887
2615,2615,2798_02,Europa,True,55 Cancri e,38.0,False,0.0,0.0,0.0,0.0,0.0,0.0,1,2798,2,0,A,23.0,P,2,0.0
2616,2616,2799_01,Earth,True,TRAPPIST-1e,21.0,False,3.0,0.0,0.0,881.0,0.0,884.0,0,2799,2,0,G,447.0,S,4,884.0
2617,2617,2799_02,Earth,True,PSO J318.5-22,23.0,False,0.0,0.0,0.0,0.0,0.0,0.0,1,2799,2,0,G,447.0,S,4,0.0
2618,2618,2801_01,Europa,True,TRAPPIST-1e,27.0,False,1.0,767.0,0.0,13104.0,3657.0,17529.0,0,2801,1,1,B,87.0,P,2,17529.0
2619,2619,2802_01,Earth,True,TRAPPIST-1e,23.0,False,18.0,2595.0,0.0,0.0,122.0,2735.0,0,2802,1,1,F,581.0,P,9,2735.0
2620,2620,2805_01,Earth,True,TRAPPIST-1e,19.0,False,0.0,0.0,366.0,268.0,0.0,634.0,0,2805,1,1,F,582.0,P,14,634.0
2621,2621,2806_01,Mars,True,TRAPPIST-1e,28.0,False,948.0,0.0,64.0,170.0,0.0,1182.0,0,2806,1,1,D,95.0,S,9,1182.0
2622,2622,2807_01,Earth,True,TRAPPIST-1e,33.0,False,0.0,0.0,154.0,22.0,820.0,996.0,0,2807,3,0,E,171.0,P,15,996.0
2623,2623,2807_02,Earth,True,PSO J318.5-22,24.0,False,0.0,0.0,0.0,0.0,0.0,0.0,1,2807,3,0,G,452.0,P,15,0.0
2624,2624,2807_03,Earth,True,TRAPPIST-1e,0.0,False,0.0,0.0,0.0,0.0,0.0,0.0,1,2807,3,0,G,452.0,P,1,0.0
2625,2625,2809_01,Earth,True,TRAPPIST-1e,41.0,False,0.0,0.0,0.0,0.0,0.0,0.0,1,2809,1,1,G,453.0,P,15,0.0
2626,2626,2810_01,Earth,True,TRAPPIST-1e,19.0,False,0.0,0.0,0.0,0.0,0.0,0.0,1,2810,1,1,G,454.0,P,9,0.0
2627,2627,2811_01,Earth,True,TRAPPIST-1e,44.0,False,0.0,0.0,0.0,0.0,871.0,871.0,0,2811,1,1,F,537.0,S,8,871.0
2628,2628,2812_01,Mars,True,55 Cancri e,43.0,False,803.0,0.0,384.0,120.0,0.0,1307.0,0,2812,1,1,F,538.0,S,7,1307.0
2629,2629,2813_01,Earth,True,TRAPPIST-1e,14.0,False,0.0,0.0,0.0,0.0,0.0,0.0,1,2813,1,1,G,449.0,S,6,0.0
2630,2630,2814_01,Earth,True,PSO J318.5-22,18.0,False,0.0,0.0,0.0,0.0,0.0,0.0,1,2814,1,1,G,455.0,P,3,0.0
2631,2631,2817_01,Earth,True,TRAPPIST-1e,25.0,False,237.0,0.0,910.0,0.0,12.0,1159.0,0,2817,1,1,F,584.0,P,1,1159.0
2632,2632,2818_01,Mars,True,TRAPPIST-1e,0.0,False,0.0,0.0,0.0,0.0,0.0,0.0,1,2818,3,0,F,585.0,P,5,0.0
2633,2633,2818_02,Mars,True,55 Cancri e,4.0,False,0.0,0.0,0.0,0.0,0.0,0.0,1,2818,3,0,F,585.0,P,5,0.0
2634,2634,2818_03,Mars,True,TRAPPIST-1e,24.0,False,165.0,0.0,981.0,2.0,0.0,1148.0,0,2818,3,0,F,585.0,P,5,1148.0
2635,2635,2819_01,Earth,True,TRAPPIST-1e,38.0,False,77.0,169.0,0.0,0.0,470.0,716.0,0,2819,1,1,F,586.0,P,7,716.0
2636,2636,2820_01,Earth,True,TRAPPIST-1e,44.0,False,0.0,0.0,0.0,0.0,0.0,0.0,1,2820,1,1,G,457.0,P,10,0.0
2637,2637,2821_01,Earth,True,55 Cancri e,57.0,False,0.0,0.0,0.0,0.0,0.0,0.0,1,2821,1,1,G,458.0,P,4,0.0
2638,2638,2822_01,Earth,True,55 Cancri e,3.0,False,0.0,0.0,0.0,0.0,0.0,0.0,1,2822,5,0,G,450.0,S,9,0.0
2639,2639,2822_02,Earth,False,TRAPPIST-1e,5.0,False,0.0,0.0,0.0,0.0,0.0,0.0,1,2822,5,0,G,450.0,S,9,0.0
2640,2640,2822_03,Earth,True,55 Cancri e,3.0,False,0.0,0.0,0.0,0.0,0.0,0.0,1,2822,5,0,G,450.0,S,9,0.0
2641,2641,2822_04,Earth,True,TRAPPIST-1e,18.0,False,0.0,0.0,0.0,0.0,0.0,0.0,1,2822,5,0,G,450.0,S,9,0.0
2642,2642,2822_05,Earth,True,TRAPPIST-1e,8.0,False,0.0,0.0,0.0,0.0,0.0,0.0,1,2822,5,0,G,450.0,S,9,0.0
2643,2643,2823_01,Mars,True,TRAPPIST-1e,21.0,False,0.0,0.0,0.0,0.0,0.0,0.0,1,2823,1,1,F,587.0,P,4,0.0
2644,2644,2824_01,Europa,True,55 Cancri e,35.0,False,0.0,0.0,0.0,0.0,0.0,0.0,1,2824,1,1,C,104.0,S,4,0.0
2645,2645,2825_01,Mars,False,TRAPPIST-1e,47.0,False,0.0,0.0,0.0,0.0,0.0,0.0,1,2825,1,1,F,539.0,S,3,0.0
2646,2646,2826_01,Europa,True,55 Cancri e,28.0,False,1581.0,213.0,0.0,18.0,3051.0,4863.0,0,2826,2,0,C,96.0,P,8,4863.0
2647,2647,2826_02,Europa,True,TRAPPIST-1e,49.0,False,20.0,6807.0,174.0,3538.0,2473.0,13012.0,0,2826,2,0,C,96.0,P,8,13012.0
2648,2648,2831_01,Europa,True,TRAPPIST-1e,23.0,False,0.0,824.0,0.0,495.0,1479.0,2798.0,0,2831,2,0,D,86.0,P,1,2798.0
2649,2649,2831_02,Europa,True,TRAPPIST-1e,19.0,False,0.0,1.0,0.0,2085.0,55.0,2141.0,0,2831,2,0,D,86.0,P,4,2141.0
2650,2650,2832_01,Earth,True,TRAPPIST-1e,34.0,False,0.0,250.0,23.0,0.0,514.0,787.0,0,2832,1,1,E,173.0,P,0,787.0
2651,2651,2834_01,Europa,True,TRAPPIST-1e,40.0,True,0.0,11.0,0.0,2205.0,1295.0,3511.0,0,2834,1,1,C,105.0,S,4,3511.0
2652,2652,2835_01,Europa,True,55 Cancri e,26.0,True,0.0,186.0,0.0,548.0,5058.0,5792.0,0,2835,1,1,A,24.0,P,3,5792.0
2653,2653,2837_01,Earth,True,PSO J318.5-22,23.0,False,0.0,0.0,173.739837398374,3.0,1919.0,1922.0,0,2837,1,1,F,588.0,P,9,2095.739837398374
2654,2654,2838_01,Mars,True,TRAPPIST-1e,22.0,False,0.0,0.0,0.0,0.0,0.0,0.0,1,2838,1,1,E,174.0,P,6,0.0
2655,2655,2839_01,Europa,True,TRAPPIST-1e,51.0,False,1.0,3935.0,0.0,146.0,0.0,4082.0,0,2839,1,1,C,107.0,S,3,4082.0
2656,2656,2840_01,Earth,True,55 Cancri e,44.0,False,672.0,0.0,0.0,0.0,20.0,692.0,0,2840,1,1,F,540.0,S,9,692.0
2657,2657,2843_01,Mars,True,TRAPPIST-1e,50.0,False,357.0,0.0,657.0,0.0,0.0,1014.0,0,2843,1,1,E,175.0,P,6,1014.0
2658,2658,2846_01,Earth,True,TRAPPIST-1e,28.0,False,0.0,0.0,0.0,0.0,0.0,0.0,1,2846,1,1,G,452.0,S,5,0.0
2659,2659,2847_01,Earth,True,TRAPPIST-1e,13.0,False,0.0,0.0,0.0,0.0,0.0,0.0,1,2847,1,1,G,464.0,P,6,0.0
2660,2660,2852_01,Earth,True,TRAPPIST-1e,21.0,False,33.0,126.0,0.0,461.0,0.0,620.0,0,2852,1,1,G,465.0,P,6,620.0
2661,2661,2853_01,Earth,True,TRAPPIST-1e,20.0,False,56.0,757.0,111.0,0.0,0.0,924.0,0,2853,1,1,F,544.0,S,15,924.0
2662,2662,2854_01,Earth,True,55 Cancri e,14.0,False,0.0,140.41836734693877,14.0,692.0,809.0,1515.0,0,2854,1,1,F,591.0,P,19,1655.4183673469388
2663,2663,2856_01,Europa,True,55 Cancri e,38.0,False,0.0,896.0,0.0,1422.7096774193549,4168.0,5064.0,0,2856,1,1,C,108.0,S,2,6486.709677419355
2664,2664,2857_01,Earth,True,PSO J318.5-22,29.0,False,631.0,102.28828828828829,0.0,40.0,0.0,671.0,0,2857,1,1,F,545.0,S,4,773.2882882882883
2665,2665,2858_01,Europa,True,TRAPPIST-1e,36.0,False,0.0,0.0,0.0,0.0,0.0,0.0,1,2858,3,0,C,109.0,S,5,0.0
2666,2666,2858_02,Europa,True,TRAPPIST-1e,16.0,False,0.0,0.0,0.0,0.0,0.0,0.0,1,2858,3,0,C,109.0,S,5,0.0
2667,2667,2858_03,Europa,True,TRAPPIST-1e,40.0,False,0.0,0.0,0.0,0.0,0.0,0.0,1,2858,3,0,C,109.0,S,5,0.0
2668,2668,2859_01,Europa,True,55 Cancri e,36.0,False,0.0,0.0,0.0,0.0,0.0,0.0,1,2859,1,1,C,98.0,P,9,0.0
2669,2669,2860_01,Earth,True,PSO J318.5-22,18.0,False,154.0,22.0,77.0,1053.0,0.0,1306.0,0,2860,1,1,F,546.0,S,7,1306.0
2670,2670,2861_01,Earth,True,TRAPPIST-1e,17.0,False,5.0,756.0,0.0,0.0,0.0,761.0,0,2861,1,1,F,547.0,S,5,761.0
2671,2671,2862_01,Mars,True,TRAPPIST-1e,32.0,False,0.0,0.0,0.0,0.0,0.0,0.0,1,2862,1,1,E,193.0,S,5,0.0
2672,2672,2863_01,Earth,True,TRAPPIST-1e,27.0,False,0.0,2.0,49.0,0.0,801.0,852.0,0,2863,1,1,G,466.0,P,10,852.0
2673,2673,2865_01,Mars,True,TRAPPIST-1e,34.0,False,2904.0,23.0,7.0,0.0,81.0,3015.0,0,2865,2,0,D,88.0,P,4,3015.0
2674,2674,2865_02,Mars,True,TRAPPIST-1e,53.0,False,520.0,0.0,442.0,0.0,0.0,962.0,0,2865,2,0,D,88.0,P,4,962.0
2675,2675,2866_01,Europa,True,TRAPPIST-1e,36.0,True,0.0,0.0,0.0,0.0,0.0,0.0,1,2866,1,1,C,110.0,S,2,0.0
2676,2676,2867_01,Mars,True,TRAPPIST-1e,41.0,False,71.0,0.0,1617.0,31.0,0.0,1719.0,0,2867,2,0,D,89.0,P,8,1719.0
2677,2677,2867_02,Mars,True,TRAPPIST-1e,51.0,False,819.0,4.0,92.0,38.0,0.0,953.0,0,2867,2,0,E,176.0,P,8,953.0
2678,2678,2869_01,Earth,True,PSO J318.5-22,61.0,False,0.0,0.0,0.0,0.0,0.0,0.0,1,2869,1,1,G,467.0,P,10,0.0
2679,2679,2870_01,Earth,True,TRAPPIST-1e,59.0,False,0.0,0.0,1.0,920.0,1.0,922.0,0,2870,1,1,G,454.0,S,8,922.0
2680,2680,2871_01,Europa,True,TRAPPIST-1e,17.0,False,0.0,0.0,0.0,0.0,0.0,0.0,1,2871,2,0,B,88.0,P,6,0.0
2681,2681,2871_02,Europa,True,TRAPPIST-1e,27.0,False,0.0,0.0,0.0,0.0,0.0,0.0,1,2871,2,0,B,88.0,P,6,0.0
2682,2682,2872_01,Earth,True,PSO J318.5-22,57.0,False,0.0,1431.0,0.0,30.0,337.0,1798.0,0,2872,1,1,G,455.0,S,8,1798.0
2683,2683,2873_01,Mars,True,55 Cancri e,39.0,False,2127.0,1.2758620689655173,23.0,0.0,0.0,2150.0,0,2873,1,1,E,194.0,S,4,2151.2758620689656
2684,2684,2875_01,Europa,True,55 Cancri e,55.0,False,0.0,0.0,0.0,0.0,0.0,0.0,1,2875,1,1,B,107.0,S,5,0.0
2685,2685,2876_01,Earth,True,TRAPPIST-1e,42.0,False,173.0,656.0,0.0,0.0,23.0,852.0,0,2876,1,1,G,456.0,S,15,852.0
2686,2686,2877_01,Earth,True,TRAPPIST-1e,36.0,False,418.0,40.0,7.0,338.0,0.0,803.0,0,2877,1,1,F,592.0,P,9,803.0
2687,2687,2878_01,Mars,True,TRAPPIST-1e,42.0,False,44.0,0.0,3648.0,0.0,9.0,3701.0,0,2878,1,1,F,593.0,P,6,3701.0
2688,2688,2880_01,Earth,True,PSO J318.5-22,32.0,False,0.0,0.0,0.0,0.0,0.0,0.0,1,2880,1,1,G,468.0,P,5,0.0
2689,2689,2881_01,Earth,True,55 Cancri e,6.0,False,0.0,0.0,0.0,0.0,0.0,0.0,1,2881,1,1,G,457.0,S,10,0.0
2690,2690,2882_01,Earth,True,TRAPPIST-1e,15.0,False,0.0,0.0,0.0,0.0,0.0,0.0,1,2882,1,1,G,458.0,S,10,0.0
2691,2691,2883_01,Earth,True,TRAPPIST-1e,28.0,False,0.0,93.0,1282.0,0.0,0.0,1375.0,0,2883,1,1,F,595.0,P,13,1375.0
2692,2692,2884_01,Mars,True,TRAPPIST-1e,37.0,False,912.0,0.0,0.0,164.36363636363637,0.0,912.0,0,2884,1,1,D,90.0,P,9,1076.3636363636365
2693,2693,2887_01,Earth,True,TRAPPIST-1e,44.0,False,0.0,0.0,744.0,62.0,3.0,809.0,0,2887,1,1,G,459.0,S,11,809.0
2694,2694,2888_01,Mars,True,TRAPPIST-1e,71.0,True,901.0,0.0,1698.0,0.0,0.0,2599.0,0,2888,1,1,F,597.0,P,8,2599.0
2695,2695,2890_01,Europa,True,TRAPPIST-1e,44.0,False,0.0,351.0,0.0,3.0,3447.0,3801.0,0,2890,2,0,B,89.0,P,7,3801.0
2696,2696,2890_02,Europa,True,TRAPPIST-1e,36.0,False,0.0,0.0,0.0,0.0,0.0,0.0,1,2890,2,0,B,89.0,P,7,0.0
2697,2697,2891_01,Earth,True,TRAPPIST-1e,18.0,False,4.0,904.0,0.0,0.0,1.0,909.0,0,2891,1,1,G,460.0,S,2,909.0
2698,2698,2892_01,Earth,True,PSO J318.5-22,3.0,False,0.0,0.0,0.0,0.0,0.0,0.0,1,2892,5,0,G,469.0,P,11,0.0
2699,2699,2892_02,Earth,True,55 Cancri e,12.0,False,0.0,0.0,0.0,0.0,0.0,0.0,1,2892,5,0,G,469.0,P,11,0.0
2700,2700,2892_03,Earth,True,55 Cancri e,0.0,False,0.0,0.0,0.0,0.0,0.0,0.0,1,2892,5,0,G,469.0,P,11,0.0
2701,2701,2892_04,Earth,True,TRAPPIST-1e,29.0,False,0.0,1311.0,0.0,0.0,0.0,1311.0,0,2892,5,0,F,598.0,P,11,1311.0
2702,2702,2892_05,Earth,True,TRAPPIST-1e,9.0,False,0.0,0.0,0.0,0.0,0.0,0.0,1,2892,5,0,G,469.0,P,11,0.0
2703,2703,2893_01,Earth,True,55 Cancri e,27.0,False,688.0,307.0,779.0,0.0,19.0,1793.0,0,2893,1,1,G,470.0,P,6,1793.0
2704,2704,2894_01,Earth,True,PSO J318.5-22,24.0,False,0.0,0.0,443.0,244.0,1.0,688.0,0,2894,1,1,F,599.0,P,7,688.0
2705,2705,2897_01,Earth,True,TRAPPIST-1e,38.0,False,1.0,0.0,288.0,0.0,556.0,845.0,0,2897,1,1,G,461.0,S,4,845.0
2706,2706,2899_01,Mars,True,TRAPPIST-1e,28.0,False,523.0,0.0,0.0,970.0,0.0,1493.0,0,2899,1,1,F,600.0,P,6,1493.0
2707,2707,2900_01,Mars,True,TRAPPIST-1e,26.0,False,0.0,0.0,0.0,0.0,0.0,0.0,1,2900,1,1,F,574.0,S,8,0.0
2708,2708,2901_01,Earth,True,TRAPPIST-1e,16.0,False,0.0,20.0,0.0,300.0,681.0,1001.0,0,2901,2,0,F,601.0,P,6,1001.0
2709,2709,2901_02,Earth,True,PSO J318.5-22,24.0,False,171.36486486486487,2.0,25.0,187.10256410256412,707.0,734.0,0,2901,2,0,F,601.0,P,6,1092.467428967429
2710,2710,2902_01,Earth,True,TRAPPIST-1e,33.0,False,123.0,760.0,0.0,0.0,0.0,883.0,0,2902,1,1,G,471.0,P,8,883.0
2711,2711,2905_01,Earth,True,55 Cancri e,24.0,False,489.0,0.0,175.65845070422534,0.0,0.0,489.0,0,2905,1,1,G,462.0,S,9,664.6584507042253
2712,2712,2906_01,Earth,True,TRAPPIST-1e,29.0,False,1.0,0.0,133.0,104.0,574.0,812.0,0,2906,1,1,G,463.0,S,16,812.0
2713,2713,2907_01,Earth,True,TRAPPIST-1e,25.0,False,0.0,9.0,2005.0,0.0,5.0,2019.0,0,2907,1,1,F,552.0,S,9,2019.0
2714,2714,2908_01,Earth,True,TRAPPIST-1e,0.0,False,0.0,0.0,0.0,0.0,0.0,0.0,1,2908,2,0,G,464.0,S,6,0.0
2715,2715,2908_02,Earth,True,TRAPPIST-1e,13.0,False,649.0,2.0,0.0,124.0,143.0,918.0,0,2908,2,0,F,553.0,S,6,918.0
2716,2716,2909_01,Earth,True,55 Cancri e,7.0,False,0.0,0.0,0.0,0.0,0.0,0.0,1,2909,1,1,G,473.0,P,3,0.0
2717,2717,2910_01,Earth,True,PSO J318.5-22,32.0,False,0.0,0.0,736.0,0.0,0.0,736.0,0,2910,1,1,F,602.0,P,6,736.0
2718,2718,2912_01,Mars,True,TRAPPIST-1e,34.0,False,0.0,0.0,0.0,0.0,0.0,0.0,1,2912,1,1,E,178.0,P,3,0.0
2719,2719,2913_01,Mars,True,TRAPPIST-1e,49.0,False,21.0,25.0,1509.0,0.0,1042.0,2597.0,0,2913,1,1,F,603.0,P,4,2597.0
2720,2720,2919_01,Mars,True,TRAPPIST-1e,43.0,False,13.0,2119.0,315.0,0.0,261.0,2708.0,0,2919,3,0,D,96.0,S,7,2708.0
2721,2721,2919_02,Mars,True,TRAPPIST-1e,0.0,False,0.0,0.0,0.0,0.0,0.0,0.0,1,2919,3,0,F,555.0,S,7,0.0
2722,2722,2919_03,Mars,True,TRAPPIST-1e,6.0,False,0.0,0.0,0.0,0.0,0.0,0.0,1,2919,3,0,F,555.0,S,7,0.0
2723,2723,2920_01,Earth,True,TRAPPIST-1e,23.0,False,0.0,179.0,569.0,0.0,0.0,748.0,0,2920,1,1,F,606.0,P,10,748.0
2724,2724,2925_01,Mars,True,TRAPPIST-1e,43.0,False,336.0,11.0,796.0,15.0,0.0,1158.0,0,2925,2,0,F,609.0,P,14,1158.0
2725,2725,2925_02,Mars,True,55 Cancri e,23.0,False,0.0,0.0,0.0,0.0,0.0,0.0,1,2925,2,0,F,609.0,P,14,0.0
2726,2726,2926_01,Mars,True,TRAPPIST-1e,43.0,False,828.0,25.0,545.0,107.0,0.0,1505.0,0,2926,1,1,F,580.0,P,10,1505.0
2727,2727,2927_01,Mars,True,55 Cancri e,41.0,False,0.0,0.0,0.0,0.0,0.0,0.0,1,2927,1,1,F,611.0,P,4,0.0
2728,2728,2928_01,Europa,True,55 Cancri e,54.0,True,0.0,2062.0,2.0,19.0,1618.0,3701.0,0,2928,3,0,B,92.0,P,5,3701.0
2729,2729,2928_02,Europa,True,TRAPPIST-1e,51.0,False,0.0,0.0,0.0,0.0,0.0,0.0,1,2928,3,0,B,92.0,P,2,0.0
2730,2730,2928_03,Europa,True,TRAPPIST-1e,44.0,False,0.0,0.0,0.0,0.0,0.0,0.0,1,2928,3,0,B,92.0,P,5,0.0
2731,2731,2929_01,Earth,True,PSO J318.5-22,48.0,False,0.0,0.0,0.0,0.0,0.0,0.0,1,2929,1,1,G,467.0,S,5,0.0
2732,2732,2930_01,Earth,True,TRAPPIST-1e,45.0,False,214.28571428571428,9.0,0.0,857.0,16.0,882.0,0,2930,1,1,G,474.0,P,9,1096.2857142857142
2733,2733,2934_01,Earth,True,PSO J318.5-22,20.0,False,0.0,689.0,0.0,0.0,0.0,689.0,0,2934,1,1,F,557.0,S,14,689.0
2734,2734,2935_01,Europa,True,TRAPPIST-1e,33.0,False,0.0,28.0,0.0,6841.0,543.0,7412.0,0,2935,1,1,T,2.0,P,0,7412.0
2735,2735,2936_01,Earth,True,TRAPPIST-1e,21.0,False,15.0,30.0,11.0,2.0,388.0,446.0,0,2936,1,1,G,468.0,S,6,446.0
2736,2736,2938_01,Europa,True,TRAPPIST-1e,68.0,False,0.0,0.0,0.0,0.0,0.0,0.0,1,2938,1,1,C,100.0,P,6,0.0
2737,2737,2940_01,Earth,True,PSO J318.5-22,23.0,False,5.0,308.0,363.0,7.0,0.0,683.0,0,2940,1,1,F,615.0,P,18,683.0
2738,2738,2941_01,Earth,True,TRAPPIST-1e,16.0,False,24.0,0.0,13.0,717.0,0.0,754.0,0,2941,1,1,G,477.0,P,6,754.0
2739,2739,2942_01,Earth,True,TRAPPIST-1e,35.0,False,198.0,44.0,97.0,30.0,510.0,879.0,0,2942,1,1,F,558.0,S,5,879.0
2740,2740,2943_01,Earth,True,TRAPPIST-1e,22.0,False,0.0,0.0,0.0,0.0,0.0,0.0,1,2943,1,1,G,478.0,P,19,0.0
2741,2741,2944_01,Earth,True,TRAPPIST-1e,51.0,False,214.0,3.0,16.0,569.0,0.0,802.0,0,2944,4,0,F,559.0,S,10,802.0
2742,2742,2944_02,Earth,True,PSO J318.5-22,2.0,False,0.0,0.0,0.0,0.0,0.0,0.0,1,2944,4,0,G,469.0,S,10,0.0
2743,2743,2944_03,Earth,True,55 Cancri e,29.0,False,0.0,0.0,0.0,0.0,0.0,0.0,1,2944,4,0,G,469.0,S,10,0.0
2744,2744,2944_04,Earth,True,TRAPPIST-1e,0.0,False,0.0,0.0,0.0,0.0,0.0,0.0,1,2944,4,0,G,469.0,S,10,0.0
2745,2745,2945_01,Earth,True,55 Cancri e,39.0,False,0.0,0.0,0.0,0.0,0.0,0.0,1,2945,1,1,G,479.0,P,11,0.0
2746,2746,2948_01,Europa,True,TRAPPIST-1e,55.0,False,0.0,1971.0,77.0,577.0,1050.0,3675.0,0,2948,1,1,C,112.0,S,5,3675.0
2747,2747,2949_01,Earth,True,TRAPPIST-1e,22.0,False,0.0,0.0,0.0,0.0,0.0,0.0,1,2949,1,1,G,482.0,P,2,0.0
2748,2748,2950_01,Earth,True,TRAPPIST-1e,20.0,False,310.0,0.0,374.0,0.0,5.0,689.0,0,2950,1,1,F,617.0,P,8,689.0
2749,2749,2953_01,Earth,True,55 Cancri e,25.0,False,0.0,641.0,0.0,2.0,0.0,643.0,0,2953,1,1,E,179.0,P,7,643.0
2750,2750,2954_01,Earth,True,55 Cancri e,18.0,False,235.0,0.0,101.0,0.0,316.0,652.0,0,2954,1,1,F,619.0,P,12,652.0
2751,2751,2956_01,Earth,True,PSO J318.5-22,28.0,False,3.0,141.0,0.0,0.0,1689.0,1833.0,0,2956,1,1,G,470.0,S,4,1833.0
2752,2752,2958_01,Earth,True,TRAPPIST-1e,26.0,False,1822.0,0.0,4.0,107.0,1204.0,3137.0,0,2958,1,1,F,561.0,S,7,3137.0
2753,2753,2959_01,Earth,True,PSO J318.5-22,28.0,False,1.0,0.0,933.0,614.0,0.0,1548.0,0,2959,1,1,F,620.0,P,0,1548.0
2754,2754,2960_01,Earth,True,TRAPPIST-1e,54.0,False,186.3684210526316,191.73684210526315,0.0,0.0,0.0,0.0,0,2960,1,1,F,562.0,S,6,378.10526315789474
2755,2755,2961_01,Earth,True,TRAPPIST-1e,56.0,False,0.0,54.0,0.0,724.0,0.0,778.0,0,2961,1,1,F,621.0,P,10,778.0
2756,2756,2962_01,Mars,True,TRAPPIST-1e,25.0,False,1228.0,0.0,132.0,0.0,0.0,1360.0,0,2962,1,1,E,180.0,P,6,1360.0
2757,2757,2964_01,Europa,True,TRAPPIST-1e,26.0,False,2050.0,8525.0,0.0,270.0,636.0,11481.0,0,2964,1,1,A,35.0,S,4,11481.0
2758,2758,2965_01,Earth,True,TRAPPIST-1e,14.0,False,0.0,0.0,709.0,258.0,3.0,970.0,0,2965,1,1,F,622.0,P,7,970.0
2759,2759,2966_01,Earth,True,TRAPPIST-1e,21.0,False,2.0,417.0,323.0,0.0,84.0,826.0,0,2966,1,1,E,181.0,P,2,826.0
2760,2760,2968_01,Earth,True,TRAPPIST-1e,43.0,False,0.0,0.0,0.0,0.0,0.0,0.0,1,2968,1,1,G,485.0,P,7,0.0
2761,2761,2969_01,Earth,True,TRAPPIST-1e,37.0,False,221.0,0.0,32.0,38.0,516.0,807.0,0,2969,1,1,G,486.0,P,5,807.0
2762,2762,2970_01,Earth,True,TRAPPIST-1e,24.5,False,740.0,82.0,6.0,0.0,1.0,829.0,0,2970,1,1,G,478.0,Z,4,829.0
2763,2763,2971_01,Europa,True,TRAPPIST-1e,38.0,False,0.0,3135.0,0.0,26.0,3.0,3164.0,0,2971,1,1,T,3.0,P,1,3164.0
2764,2764,2972_01,Earth,True,TRAPPIST-1e,14.0,False,0.0,1.0,1441.0,0.0,190.0,1632.0,0,2972,1,1,E,182.0,P,13,1632.0
2765,2765,2975_01,Earth,True,PSO J318.5-22,20.0,False,0.0,0.0,585.0,0.0,10.0,595.0,0,2975,1,1,F,564.0,S,8,595.0
2766,2766,2979_01,Europa,True,TRAPPIST-1e,33.0,False,0.0,0.0,0.0,0.0,0.0,0.0,1,2979,1,1,B,93.0,P,2,0.0
2767,2767,2982_01,Europa,True,55 Cancri e,33.0,False,0.0,0.0,0.0,0.0,0.0,0.0,1,2982,1,1,B,111.0,S,1,0.0
2768,2768,2983_01,Earth,True,TRAPPIST-1e,13.0,False,0.0,0.0,31.0,0.0,810.0,841.0,0,2983,1,1,E,183.0,P,13,841.0
2769,2769,2984_01,Europa,True,TRAPPIST-1e,37.0,False,0.0,210.0,0.0,4114.0,0.0,4324.0,0,2984,1,1,D,97.0,S,10,4324.0
2770,2770,2986_01,Mars,True,TRAPPIST-1e,15.0,False,5711.0,0.0,2516.0,0.0,1370.0,9597.0,0,2986,1,1,E,197.0,S,3,9597.0
2771,2771,2988_01,Europa,True,55 Cancri e,33.0,False,396.0,1280.0,7.0,308.0,4941.0,6932.0,0,2988,1,1,A,36.0,S,5,6932.0
2772,2772,2990_01,Earth,True,PSO J318.5-22,24.0,False,0.0,0.0,0.0,0.0,0.0,0.0,1,2990,1,1,G,472.0,S,6,0.0
2773,2773,2992_01,Earth,True,PSO J318.5-22,49.0,False,0.0,76.22857142857143,0.0,160.0,528.0,688.0,0,2992,1,1,F,570.0,S,11,764.2285714285714
2774,2774,2993_01,Earth,True,TRAPPIST-1e,24.0,False,1252.0,6.0,175.65845070422534,123.0,706.0,2087.0,0,2993,1,1,F,571.0,S,12,2262.6584507042253
2775,2775,2994_01,Earth,True,TRAPPIST-1e,24.0,False,173.0,0.0,14.0,0.0,603.0,790.0,0,2994,1,1,E,198.0,S,7,790.0
2776,2776,2995_01,Europa,True,55 Cancri e,26.0,False,0.0,0.0,0.0,0.0,0.0,0.0,1,2995,2,0,B,94.0,P,4,0.0
2777,2777,2995_02,Europa,True,55 Cancri e,40.0,False,0.0,0.0,0.0,0.0,0.0,0.0,1,2995,2,0,B,94.0,P,4,0.0
2778,2778,2996_01,Earth,True,55 Cancri e,31.0,False,0.0,611.0,2.0,4.0,22.0,639.0,0,2996,1,1,F,626.0,P,0,639.0
2779,2779,2998_01,Europa,True,TRAPPIST-1e,47.0,False,0.0,5252.0,0.0,124.0,300.0,5676.0,0,2998,1,1,C,113.0,S,14,5676.0
2780,2780,3000_01,Earth,True,TRAPPIST-1e,19.0,False,736.0,0.0,0.0,0.0,1.0,737.0,0,3000,1,1,F,627.0,P,12,737.0
2781,2781,3001_01,Europa,True,55 Cancri e,38.0,True,0.0,1577.0,0.0,425.0,4359.0,6361.0,0,3001,2,0,C,101.0,P,4,6361.0
2782,2782,3001_02,Europa,True,55 Cancri e,33.0,False,0.0,1001.0,2280.0,1503.9636363636364,29.0,3310.0,0,3001,2,0,C,101.0,P,4,4813.963636363636
2783,2783,3003_01,Europa,True,TRAPPIST-1e,45.0,False,0.0,0.0,0.0,0.0,0.0,0.0,1,3003,1,1,C,114.0,S,4,0.0
2784,2784,3004_01,Earth,True,TRAPPIST-1e,1.0,False,0.0,0.0,0.0,0.0,0.0,0.0,1,3004,2,0,G,473.0,S,9,0.0
2785,2785,3004_02,Earth,True,TRAPPIST-1e,32.0,False,0.0,53.0,0.0,744.0,0.0,797.0,0,3004,2,0,F,572.0,S,9,797.0
2786,2786,3005_01,Mars,True,TRAPPIST-1e,70.0,False,0.0,0.0,0.0,0.0,0.0,0.0,1,3005,1,1,F,573.0,S,2,0.0
2787,2787,3006_01,Earth,True,PSO J318.5-22,19.0,False,23.0,0.0,0.0,0.0,732.0,755.0,0,3006,1,1,G,474.0,S,12,755.0
2788,2788,3009_01,Mars,True,PSO J318.5-22,55.0,False,0.0,0.0,0.0,0.0,0.0,0.0,1,3009,1,1,E,185.0,P,6,0.0
2789,2789,3010_01,Europa,True,TRAPPIST-1e,48.0,False,0.0,8403.0,0.0,7627.0,83.0,16113.0,0,3010,1,1,B,96.0,P,7,16113.0
2790,2790,3012_01,Earth,True,TRAPPIST-1e,66.0,False,1187.0,1.0,322.0,6.0,0.0,1194.0,0,3012,1,1,G,475.0,S,10,1516.0
2791,2791,3013_01,Earth,True,TRAPPIST-1e,13.0,False,147.59,256.0,0.0,207.0,409.0,872.0,0,3013,1,1,F,629.0,P,6,1019.59
2792,2792,3014_01,Europa,True,55 Cancri e,40.0,False,82.0,1390.0,0.0,347.0,6237.0,8056.0,0,3014,1,1,C,115.0,S,2,8056.0
2793,2793,3015_01,Earth,True,TRAPPIST-1e,35.0,False,0.0,1438.0,0.0,112.0,74.0,1624.0,0,3015,1,1,E,199.0,S,4,1624.0
2794,2794,3018_01,Earth,True,TRAPPIST-1e,32.0,False,0.0,49.0,2.0,639.0,0.0,690.0,0,3018,1,1,F,630.0,P,7,690.0
2795,2795,3019_01,Mars,True,TRAPPIST-1e,51.0,False,1644.0,0.0,234.0,157.0,64.0,2099.0,0,3019,1,1,E,187.0,P,6,2099.0
2796,2796,3020_01,Europa,True,TRAPPIST-1e,37.0,False,0.0,216.0,0.0,5391.0,3372.0,8979.0,0,3020,1,1,B,112.0,S,2,8979.0
2797,2797,3021_01,Earth,True,TRAPPIST-1e,31.0,False,517.0,1.0,301.0,60.0,4.0,883.0,0,3021,2,0,G,476.0,S,12,883.0
2798,2798,3021_02,Earth,True,TRAPPIST-1e,37.0,False,608.0,0.0,6.0,0.0,1637.0,2251.0,0,3021,2,0,F,574.0,S,12,2251.0
2799,2799,3022_01,Europa,True,TRAPPIST-1e,38.0,False,0.0,3331.0,270.0,2.0,3510.0,7113.0,0,3022,2,0,C,102.0,P,2,7113.0
2800,2800,3022_02,Europa,True,55 Cancri e,19.0,False,0.0,329.0,0.0,3154.0,312.0,3795.0,0,3022,2,0,C,102.0,P,2,3795.0
2801,2801,3023_01,Mars,True,TRAPPIST-1e,33.0,False,0.0,0.0,0.0,0.0,0.0,0.0,1,3023,1,1,F,631.0,P,11,0.0
2802,2802,3024_01,Earth,True,TRAPPIST-1e,19.0,False,0.0,0.0,1752.0,187.0,0.0,1939.0,0,3024,1,1,F,632.0,P,5,1939.0
2803,2803,3025_01,Earth,True,TRAPPIST-1e,31.0,False,2.0,788.0,0.0,128.0,9.0,927.0,0,3025,2,0,G,477.0,S,7,927.0
2804,2804,3025_02,Earth,True,TRAPPIST-1e,43.0,False,45.0,8.0,0.0,607.0,44.0,704.0,0,3025,2,0,G,477.0,S,7,704.0
2805,2805,3026_01,Earth,True,TRAPPIST-1e,22.0,False,0.0,0.0,0.0,0.0,0.0,0.0,1,3026,1,1,G,492.0,P,6,0.0
2806,2806,3027_01,Earth,True,TRAPPIST-1e,24.0,False,0.0,0.0,0.0,0.0,0.0,0.0,1,3027,1,1,G,493.0,P,8,0.0
2807,2807,3029_01,Europa,True,55 Cancri e,21.0,False,0.0,878.0,82.0,360.0,1784.0,3104.0,0,3029,2,0,C,103.0,P,5,3104.0
2808,2808,3029_02,Europa,False,TRAPPIST-1e,14.0,False,0.0,0.0,0.0,0.0,0.0,0.0,1,3029,2,0,C,103.0,P,5,0.0
2809,2809,3030_01,Europa,True,55 Cancri e,30.0,False,728.0,2551.0,0.0,48.0,1804.0,5131.0,0,3030,2,0,B,97.0,P,10,5131.0
2810,2810,3030_02,Europa,True,TRAPPIST-1e,22.0,False,0.0,0.0,0.0,0.0,0.0,0.0,1,3030,2,0,B,97.0,P,10,0.0
2811,2811,3032_01,Earth,True,TRAPPIST-1e,11.0,False,0.0,0.0,0.0,0.0,0.0,0.0,1,3032,4,0,G,478.0,S,12,0.0
2812,2812,3032_02,Earth,True,TRAPPIST-1e,4.0,False,0.0,0.0,0.0,0.0,0.0,0.0,1,3032,4,0,G,478.0,S,12,0.0
2813,2813,3032_03,Earth,True,TRAPPIST-1e,0.0,False,0.0,0.0,0.0,0.0,0.0,0.0,1,3032,4,0,G,478.0,S,12,0.0
2814,2814,3032_04,Earth,True,TRAPPIST-1e,30.0,False,479.0,12.0,25.0,643.0,283.0,1442.0,0,3032,4,0,F,575.0,S,12,1442.0
2815,2815,3033_01,Earth,True,PSO J318.5-22,21.0,False,0.0,27.0,1181.0,0.0,513.0,1721.0,0,3033,1,1,G,479.0,S,13,1721.0
2816,2816,3034_01,Europa,True,TRAPPIST-1e,40.0,False,0.0,0.0,0.0,0.0,0.0,0.0,1,3034,1,1,C,106.0,Z,3,0.0
2817,2817,3036_01,Earth,True,PSO J318.5-22,57.0,False,506.0,0.0,1.0,178.0,0.0,685.0,0,3036,1,1,F,634.0,P,11,685.0
2818,2818,3038_01,Mars,True,TRAPPIST-1e,35.0,False,1228.0,0.0,0.0,0.0,0.0,1228.0,0,3038,1,1,F,576.0,S,6,1228.0
2819,2819,3039_01,Europa,True,TRAPPIST-1e,32.0,False,0.0,0.0,0.0,0.0,0.0,0.0,1,3039,1,1,A,37.0,S,1,0.0
2820,2820,3040_01,Mars,True,TRAPPIST-1e,32.0,False,2616.0,0.0,2.0,5.0,0.0,2623.0,0,3040,1,1,F,577.0,S,7,2623.0
2821,2821,3042_01,Earth,True,TRAPPIST-1e,30.0,False,0.0,0.0,301.0,0.0,437.0,738.0,0,3042,1,1,F,578.0,S,9,738.0
2822,2822,3044_01,Earth,True,TRAPPIST-1e,69.0,False,577.0,139.0,0.0,0.0,0.0,716.0,0,3044,1,1,F,636.0,P,18,716.0
2823,2823,3045_01,Earth,True,TRAPPIST-1e,21.0,False,0.0,0.0,0.0,0.0,0.0,0.0,1,3045,1,1,G,480.0,S,9,0.0
2824,2824,3047_01,Mars,True,PSO J318.5-22,17.0,False,0.0,0.0,0.0,0.0,0.0,0.0,1,3047,2,0,E,190.0,P,9,0.0
2825,2825,3047_02,Mars,True,TRAPPIST-1e,16.0,False,995.0,0.0,6.0,48.0,0.0,1049.0,0,3047,2,0,E,190.0,P,9,1049.0
2826,2826,3048_01,Mars,True,TRAPPIST-1e,25.0,False,0.0,0.0,0.0,0.0,0.0,0.0,1,3048,1,1,E,200.0,S,3,0.0
2827,2827,3050_01,Europa,True,TRAPPIST-1e,25.0,False,1586.0,2342.0,947.0,1.0,276.0,5152.0,0,3050,1,1,E,191.0,P,6,5152.0
2828,2828,3053_01,Europa,True,55 Cancri e,52.0,False,0.0,2.0,0.0,10976.0,810.0,11788.0,0,3053,1,1,C,107.0,P,5,11788.0
2829,2829,3054_01,Earth,True,TRAPPIST-1e,13.0,False,578.0,77.0,0.0,306.0,5.0,966.0,0,3054,1,1,F,579.0,S,7,966.0
2830,2830,3055_01,Earth,True,TRAPPIST-1e,37.0,False,1086.0,0.0,0.0,41.0,0.0,1127.0,0,3055,1,1,F,637.0,P,5,1127.0
2831,2831,3060_01,Mars,True,TRAPPIST-1e,13.0,False,760.0,2.0,2.0,141.5,0.0,764.0,0,3060,3,0,F,581.0,S,6,905.5
2832,2832,3060_02,Mars,True,TRAPPIST-1e,45.0,False,3309.0,0.0,10.0,0.0,0.0,3319.0,0,3060,3,0,D,98.0,S,6,3319.0
2833,2833,3060_03,Mars,False,TRAPPIST-1e,55.0,False,0.0,0.0,0.0,0.0,0.0,0.0,1,3060,3,0,E,201.0,S,6,0.0
2834,2834,3061_01,Earth,True,TRAPPIST-1e,22.0,False,664.0,0.0,0.0,65.0,0.0,729.0,0,3061,2,0,F,638.0,P,9,729.0
2835,2835,3061_02,Earth,True,TRAPPIST-1e,39.0,False,0.0,0.0,0.0,1745.0,72.0,1817.0,0,3061,2,0,G,498.0,P,4,1817.0
2836,2836,3062_01,Mars,True,TRAPPIST-1e,35.0,False,741.0,0.0,31.0,0.0,36.0,808.0,0,3062,1,1,D,99.0,S,8,808.0
2837,2837,3063_01,Earth,True,PSO J318.5-22,19.0,False,0.0,0.0,0.0,0.0,0.0,0.0,1,3063,3,0,G,499.0,P,9,0.0
2838,2838,3063_02,Earth,True,TRAPPIST-1e,7.0,False,0.0,0.0,0.0,0.0,0.0,0.0,1,3063,3,0,G,499.0,P,9,0.0
2839,2839,3063_03,Earth,True,TRAPPIST-1e,19.0,False,1.0,0.0,0.0,450.0,254.0,705.0,0,3063,3,0,E,192.0,P,9,705.0
2840,2840,3064_01,Earth,True,TRAPPIST-1e,21.0,False,0.0,0.0,0.0,0.0,0.0,0.0,1,3064,1,1,G,482.0,S,12,0.0
2841,2841,3065_01,Europa,True,55 Cancri e,37.0,False,0.0,2065.0,1650.0,356.0,1.0,4072.0,0,3065,1,1,D,94.0,P,12,4072.0
2842,2842,3066_01,Earth,True,TRAPPIST-1e,35.0,False,1609.0,0.0,0.0,0.0,0.0,1609.0,0,3066,1,1,E,193.0,P,9,1609.0
2843,2843,3067_01,Earth,True,TRAPPIST-1e,22.0,False,0.0,0.0,0.0,0.0,0.0,0.0,1,3067,1,1,G,483.0,S,10,0.0
2844,2844,3068_01,Earth,True,TRAPPIST-1e,62.0,False,379.0,453.0,0.0,7.0,0.0,839.0,0,3068,1,1,G,500.0,P,7,839.0
2845,2845,3070_01,Earth,True,TRAPPIST-1e,41.0,False,0.0,0.0,0.0,0.0,0.0,0.0,1,3070,1,1,G,501.0,P,3,0.0
2846,2846,3071_01,Europa,True,TRAPPIST-1e,16.0,False,0.0,0.0,0.0,0.0,0.0,0.0,1,3071,2,0,B,113.0,S,4,0.0
2847,2847,3071_02,Europa,True,TRAPPIST-1e,26.0,False,0.0,1429.0108695652175,8.0,21.0,6023.0,6052.0,0,3071,2,0,B,113.0,S,4,7481.010869565218
2848,2848,3073_01,Mars,True,TRAPPIST-1e,36.0,False,0.0,0.0,0.0,0.0,0.0,0.0,1,3073,1,1,F,640.0,P,8,0.0
2849,2849,3076_01,Earth,True,PSO J318.5-22,23.5,False,0.0,0.0,0.0,0.0,0.0,0.0,1,3076,1,1,G,502.0,P,9,0.0
2850,2850,3079_01,Earth,True,55 Cancri e,22.0,False,35.0,0.0,36.0,581.0,0.0,652.0,0,3079,1,1,F,642.0,P,4,652.0
2851,2851,3080_01,Earth,True,TRAPPIST-1e,40.0,False,0.0,0.0,0.0,822.0,2.0,824.0,0,3080,1,1,F,584.0,S,14,824.0
2852,2852,3081_01,Europa,True,55 Cancri e,50.0,False,0.0,1547.0,0.0,1784.0,1.0,3332.0,0,3081,2,0,C,118.0,S,9,3332.0
2853,2853,3081_02,Europa,True,TRAPPIST-1e,57.0,False,0.0,0.0,0.0,0.0,0.0,0.0,1,3081,2,0,C,118.0,S,9,0.0
2854,2854,3082_01,Earth,True,PSO J318.5-22,15.0,False,1.0,30.0,1793.0,0.0,0.0,1824.0,0,3082,1,1,G,503.0,P,4,1824.0
2855,2855,3083_01,Europa,True,55 Cancri e,23.0,False,0.0,587.0,0.0,1497.0,1014.0,3098.0,0,3083,1,1,D,100.0,S,4,3098.0
2856,2856,3084_01,Mars,True,55 Cancri e,60.0,False,0.0,0.0,0.0,0.0,0.0,0.0,1,3084,1,1,D,101.0,S,10,0.0
2857,2857,3085_01,Earth,True,TRAPPIST-1e,73.0,False,0.0,0.0,0.0,153.0,556.0,709.0,0,3085,1,1,G,504.0,P,10,709.0
2858,2858,3087_01,Earth,False,TRAPPIST-1e,35.0,False,0.0,0.0,0.0,0.0,0.0,0.0,1,3087,1,1,G,505.0,P,2,0.0
2859,2859,3088_01,Europa,True,TRAPPIST-1e,28.0,False,0.0,0.0,0.0,0.0,0.0,0.0,1,3088,1,1,A,25.0,P,5,0.0
2860,2860,3090_01,Europa,True,TRAPPIST-1e,27.0,True,0.0,6013.0,0.0,820.0,31.0,6864.0,0,3090,1,1,B,115.0,S,9,6864.0
2861,2861,3091_01,Europa,True,TRAPPIST-1e,14.0,False,0.0,946.0,0.0,7860.0,384.0,9190.0,0,3091,2,0,D,98.0,S,4,9190.0
2862,2862,3091_02,Europa,True,TRAPPIST-1e,26.0,False,0.0,0.0,0.0,0.0,0.0,0.0,1,3091,2,0,D,102.0,S,4,0.0
2863,2863,3092_01,Earth,True,TRAPPIST-1e,22.0,False,134.20576131687244,0.0,102.0,43.0,700.0,845.0,0,3092,1,1,G,506.0,P,7,979.2057613168724
2864,2864,3093_01,Mars,True,55 Cancri e,22.0,False,2229.0,0.0,1349.0,121.0,0.0,3699.0,0,3093,1,1,E,194.0,P,6,3699.0
2865,2865,3095_01,Mars,True,PSO J318.5-22,71.0,False,924.0,1284.0,10.0,9.0,0.0,2227.0,0,3095,1,1,F,585.0,S,5,2227.0
2866,2866,3096_01,Mars,True,55 Cancri e,25.0,False,5.0,1.0,633.0,0.0,188.0,827.0,0,3096,1,1,D,103.0,S,6,827.0
2867,2867,3099_01,Mars,True,TRAPPIST-1e,27.0,False,0.0,0.0,0.0,0.0,0.0,0.0,1,3099,1,1,E,203.0,S,12,0.0
2868,2868,3100_01,Earth,True,TRAPPIST-1e,1.0,False,0.0,0.0,0.0,0.0,0.0,0.0,1,3100,3,0,G,485.0,S,8,0.0
2869,2869,3100_02,Earth,True,TRAPPIST-1e,52.0,False,809.0,0.0,0.0,0.0,0.0,809.0,0,3100,3,0,F,586.0,S,8,809.0
2870,2870,3100_03,Earth,True,TRAPPIST-1e,0.0,False,0.0,0.0,0.0,0.0,0.0,0.0,1,3100,3,0,G,485.0,S,8,0.0
2871,2871,3102_01,Europa,True,55 Cancri e,30.0,False,0.0,0.0,0.0,0.0,0.0,0.0,1,3102,1,1,B,101.0,P,5,0.0
2872,2872,3103_01,Europa,True,TRAPPIST-1e,52.0,True,0.0,7452.0,0.0,1158.0,7979.0,16589.0,0,3103,1,1,B,102.0,P,4,16589.0
2873,2873,3104_01,Earth,True,TRAPPIST-1e,12.0,False,0.0,0.0,0.0,0.0,0.0,0.0,1,3104,2,0,G,507.0,P,7,0.0
2874,2874,3104_02,Earth,True,TRAPPIST-1e,22.0,False,0.0,0.0,0.0,0.0,0.0,0.0,1,3104,2,0,G,507.0,P,7,0.0
2875,2875,3110_01,Earth,True,TRAPPIST-1e,24.0,False,520.0,0.0,0.0,195.0,0.0,715.0,0,3110,1,1,G,509.0,P,7,715.0
2876,2876,3111_01,Mars,True,TRAPPIST-1e,22.0,False,1173.0,0.0,0.0,9.0,0.0,1182.0,0,3111,1,1,D,95.0,P,9,1182.0
2877,2877,3112_01,Earth,True,PSO J318.5-22,15.0,False,0.0,0.0,0.0,0.0,0.0,0.0,1,3112,1,1,G,488.0,S,5,0.0
2878,2878,3113_01,Mars,True,TRAPPIST-1e,21.0,False,0.0,0.0,0.0,0.0,0.0,0.0,1,3113,2,0,D,96.0,P,11,0.0
2879,2879,3113_02,Mars,True,55 Cancri e,56.0,False,0.0,0.0,0.0,0.0,0.0,0.0,1,3113,2,0,D,96.0,P,11,0.0
2880,2880,3114_01,Mars,True,TRAPPIST-1e,50.0,False,1598.0,0.0,155.0,26.0,0.0,1779.0,0,3114,1,1,D,97.0,P,6,1779.0
2881,2881,3116_01,Earth,True,TRAPPIST-1e,20.0,False,127.0,0.0,656.0,0.0,21.0,804.0,0,3116,1,1,F,645.0,P,7,804.0
2882,2882,3117_01,Earth,True,TRAPPIST-1e,32.0,False,0.0,0.0,47.0,857.0,23.0,927.0,0,3117,1,1,F,646.0,P,0,927.0
2883,2883,3118_01,Earth,True,TRAPPIST-1e,28.0,False,0.0,0.0,0.0,0.0,0.0,0.0,1,3118,1,1,G,510.0,P,9,0.0
2884,2884,3119_01,Earth,True,TRAPPIST-1e,74.0,False,571.0,0.0,0.0,277.0,0.0,848.0,0,3119,1,1,G,490.0,S,11,848.0
2885,2885,3120_01,Mars,True,TRAPPIST-1e,25.0,False,0.0,0.0,0.0,0.0,0.0,0.0,1,3120,2,0,E,204.0,S,5,0.0
2886,2886,3120_02,Mars,True,TRAPPIST-1e,31.0,False,691.0,3.0,68.0,286.0,0.0,1048.0,0,3120,2,0,E,204.0,S,5,1048.0
2887,2887,3121_01,Earth,True,PSO J318.5-22,6.0,False,0.0,0.0,0.0,0.0,0.0,0.0,1,3121,1,1,G,491.0,S,6,0.0
2888,2888,3123_01,Earth,True,TRAPPIST-1e,17.0,False,0.0,0.0,0.0,0.0,0.0,0.0,1,3123,1,1,G,511.0,P,6,0.0
2889,2889,3124_01,Mars,True,TRAPPIST-1e,12.0,False,0.0,0.0,0.0,0.0,0.0,0.0,1,3124,3,0,F,648.0,P,9,0.0
2890,2890,3124_02,Mars,True,TRAPPIST-1e,47.0,False,1130.0,8.0,299.0,0.0,0.0,1437.0,0,3124,3,0,F,648.0,P,9,1437.0
2891,2891,3124_03,Mars,True,TRAPPIST-1e,46.0,False,0.0,0.0,0.0,0.0,0.0,0.0,1,3124,3,0,F,648.0,P,9,0.0
2892,2892,3126_01,Europa,True,55 Cancri e,31.0,False,139.0,4018.0,13.0,232.0,1140.0,5542.0,0,3126,2,0,B,116.0,S,9,5542.0
2893,2893,3126_02,Europa,True,TRAPPIST-1e,36.0,False,0.0,0.0,0.0,0.0,0.0,0.0,1,3126,2,0,B,116.0,S,9,0.0
2894,2894,3128_01,Earth,True,55 Cancri e,15.0,False,62.0,57.0,2646.0,1104.0,312.0,4181.0,0,3128,1,1,G,512.0,P,8,4181.0
2895,2895,3130_01,Mars,True,TRAPPIST-1e,38.0,False,886.0,0.0,618.0,0.0,0.0,1504.0,0,3130,1,1,F,588.0,S,8,1504.0
2896,2896,3131_01,Earth,True,55 Cancri e,48.0,False,0.0,0.0,0.0,0.0,0.0,0.0,1,3131,3,0,G,492.0,S,8,0.0
2897,2897,3131_02,Earth,True,TRAPPIST-1e,21.0,False,0.0,0.0,0.0,0.0,0.0,0.0,1,3131,3,0,G,492.0,S,4,0.0
2898,2898,3131_03,Earth,True,TRAPPIST-1e,4.0,False,0.0,0.0,0.0,0.0,0.0,0.0,1,3131,3,0,G,492.0,S,4,0.0
2899,2899,3132_01,Mars,True,TRAPPIST-1e,31.0,False,0.0,0.0,0.0,0.0,0.0,0.0,1,3132,1,1,F,649.0,P,11,0.0
2900,2900,3133_01,Earth,True,PSO J318.5-22,31.0,False,0.0,140.0,394.0,0.0,0.0,534.0,0,3133,1,1,G,513.0,P,5,534.0
2901,2901,3134_01,Europa,True,PSO J318.5-22,62.0,True,0.0,4513.0,0.0,85.0,1437.0,6035.0,0,3134,1,1,C,119.0,S,7,6035.0
2902,2902,3136_01,Earth,True,TRAPPIST-1e,29.0,False,0.0,0.0,0.0,0.0,0.0,0.0,1,3136,1,1,G,514.0,P,4,0.0
2903,2903,3138_01,Earth,True,TRAPPIST-1e,30.0,False,0.0,4.0,1604.0,678.0,1681.0,3967.0,0,3138,1,1,G,505.0,P,7,3967.0
2904,2904,3140_01,Mars,True,TRAPPIST-1e,26.0,False,912.0,0.0,43.0,0.0,0.0,955.0,0,3140,1,1,E,206.0,S,5,955.0
2905,2905,3142_01,Mars,True,TRAPPIST-1e,43.0,False,33.0,1117.0,59.0,0.0,16.0,1225.0,0,3142,2,0,F,591.0,S,6,1225.0
2906,2906,3142_02,Mars,True,TRAPPIST-1e,32.0,False,1087.0,0.0,71.0,0.0,0.0,1158.0,0,3142,2,0,F,591.0,S,6,1158.0
2907,2907,3143_01,Mars,True,55 Cancri e,24.0,False,0.0,0.0,0.0,0.0,0.0,0.0,1,3143,1,1,F,592.0,S,11,0.0
2908,2908,3145_01,Mars,True,TRAPPIST-1e,49.0,False,0.0,0.0,0.0,0.0,0.0,0.0,1,3145,1,1,F,652.0,P,2,0.0
2909,2909,3147_01,Earth,True,TRAPPIST-1e,21.0,False,17.0,427.0,31.0,257.0,0.0,732.0,0,3147,1,1,F,594.0,S,8,732.0
2910,2910,3149_01,Earth,True,TRAPPIST-1e,18.0,False,0.0,730.0,79.0,0.0,161.40298507462686,809.0,0,3149,2,0,G,494.0,S,7,970.4029850746268
2911,2911,3149_02,Earth,True,TRAPPIST-1e,18.0,False,0.0,0.0,0.0,0.0,0.0,0.0,1,3149,2,0,G,494.0,S,7,0.0
2912,2912,3152_01,Earth,True,TRAPPIST-1e,14.0,False,0.0,0.0,0.0,0.0,0.0,0.0,1,3152,1,1,G,496.0,S,8,0.0
2913,2913,3158_01,Mars,True,TRAPPIST-1e,21.0,False,1507.0,22.674418604651162,3.0,2.0,1196.0,2708.0,0,3158,1,1,D,100.0,P,7,2730.6744186046512
2914,2914,3159_01,Mars,True,55 Cancri e,25.0,False,0.0,0.0,0.0,0.0,0.0,0.0,1,3159,1,1,F,654.0,P,2,0.0
2915,2915,3161_01,Europa,True,55 Cancri e,56.0,False,0.0,323.0,971.0,58.0,4240.0,5592.0,0,3161,1,1,E,208.0,S,2,5592.0
2916,2916,3162_01,Earth,True,TRAPPIST-1e,0.0,False,0.0,0.0,0.0,0.0,0.0,0.0,1,3162,3,0,G,500.0,S,10,0.0
2917,2917,3162_02,Earth,True,TRAPPIST-1e,55.0,False,0.0,0.0,5.0,0.0,2409.0,2414.0,0,3162,3,0,F,596.0,S,3,2414.0
2918,2918,3162_03,Earth,True,TRAPPIST-1e,14.0,False,0.0,0.0,0.0,0.0,0.0,0.0,1,3162,3,0,G,500.0,S,3,0.0
2919,2919,3163_01,Mars,True,TRAPPIST-1e,13.0,False,1007.0,0.0,142.0,295.0,0.0,1444.0,0,3163,2,0,F,656.0,P,3,1444.0
2920,2920,3163_02,Mars,True,55 Cancri e,43.0,False,4.0,0.0,1834.0,1.0,66.0,1905.0,0,3163,2,0,F,656.0,P,3,1905.0
2921,2921,3164_01,Earth,True,TRAPPIST-1e,39.0,False,0.0,0.0,0.0,0.0,0.0,0.0,1,3164,1,1,G,516.0,P,11,0.0
2922,2922,3166_01,Mars,True,TRAPPIST-1e,29.0,False,0.0,0.0,0.0,0.0,0.0,0.0,1,3166,1,1,F,657.0,P,6,0.0
2923,2923,3168_01,Earth,True,TRAPPIST-1e,24.0,False,0.0,7.0,548.0,4.0,0.0,559.0,0,3168,1,1,F,658.0,P,6,559.0
2924,2924,3169_01,Earth,True,TRAPPIST-1e,26.0,False,207.0,350.0,74.0,0.0,3.0,634.0,0,3169,1,1,F,598.0,S,8,634.0
2925,2925,3171_01,Earth,True,55 Cancri e,22.0,False,0.0,0.0,0.0,0.0,0.0,0.0,1,3171,1,1,G,502.0,S,3,0.0
2926,2926,3172_01,Earth,True,TRAPPIST-1e,26.0,False,0.0,0.0,1352.0,5.0,0.0,1357.0,0,3172,1,1,F,659.0,P,10,1357.0
2927,2927,3174_01,Mars,True,TRAPPIST-1e,19.0,False,155.0,0.0,1632.0,3.0,0.0,1790.0,0,3174,2,0,D,101.0,P,10,1790.0
2928,2928,3174_02,Mars,True,TRAPPIST-1e,38.0,False,0.0,0.0,0.0,0.0,0.0,0.0,1,3174,2,0,F,660.0,P,10,0.0
2929,2929,3175_01,Europa,True,55 Cancri e,38.0,False,0.0,0.0,0.0,0.0,0.0,0.0,1,3175,1,1,B,104.0,P,14,0.0
2930,2930,3176_01,Europa,True,TRAPPIST-1e,77.0,False,0.0,9032.0,0.0,128.0,1464.0,10624.0,0,3176,1,1,E,196.0,P,4,10624.0
2931,2931,3179_01,Earth,True,55 Cancri e,28.0,False,2840.0,0.0,0.0,0.0,0.0,2840.0,0,3179,1,1,F,599.0,S,8,2840.0
2932,2932,3180_01,Earth,True,TRAPPIST-1e,22.0,False,134.20576131687244,1.0,379.0,0.0,336.0,716.0,0,3180,1,1,F,663.0,P,5,850.2057613168724
2933,2933,3181_01,Earth,True,TRAPPIST-1e,20.0,False,4.0,353.0,193.0,241.0,0.0,791.0,0,3181,1,1,E,197.0,P,6,791.0
2934,2934,3182_01,Earth,True,TRAPPIST-1e,18.0,False,0.0,0.0,699.0,0.0,0.0,699.0,0,3182,1,1,F,600.0,S,6,699.0
2935,2935,3184_01,Europa,True,55 Cancri e,10.0,False,0.0,0.0,0.0,0.0,0.0,0.0,1,3184,2,0,B,117.0,S,3,0.0
2936,2936,3184_02,Europa,True,55 Cancri e,34.0,False,0.0,0.0,0.0,0.0,0.0,0.0,1,3184,2,0,B,117.0,S,3,0.0
2937,2937,3185_01,Earth,True,TRAPPIST-1e,43.0,False,0.0,788.0,0.0,0.0,1191.0,1979.0,0,3185,1,1,F,601.0,S,9,1979.0
2938,2938,3188_01,Mars,True,55 Cancri e,31.0,False,0.0,0.0,0.0,0.0,0.0,0.0,1,3188,1,1,E,209.0,S,1,0.0
2939,2939,3189_01,Mars,True,55 Cancri e,40.0,False,0.0,0.0,0.0,0.0,0.0,0.0,1,3189,2,0,D,102.0,P,6,0.0
2940,2940,3189_02,Mars,True,TRAPPIST-1e,25.0,False,1299.0,0.0,0.0,0.0,0.0,1299.0,0,3189,2,0,D,102.0,P,6,1299.0
2941,2941,3191_01,Mars,True,TRAPPIST-1e,68.0,False,0.0,0.0,0.0,0.0,0.0,0.0,1,3191,1,1,F,603.0,S,7,0.0
2942,2942,3192_01,Earth,True,TRAPPIST-1e,20.0,False,0.0,0.0,147.0,183.44298245614036,0.0,147.0,0,3192,1,1,F,665.0,P,15,330.4429824561404
2943,2943,3193_01,Mars,True,TRAPPIST-1e,27.0,True,309.0,1.3333333333333333,849.0,0.0,0.0,1158.0,0,3193,1,1,F,666.0,P,4,1159.3333333333333
2944,2944,3195_01,Earth,True,TRAPPIST-1e,1.0,False,0.0,0.0,0.0,0.0,0.0,0.0,1,3195,6,0,G,505.0,S,17,0.0
2945,2945,3195_02,Earth,True,PSO J318.5-22,60.0,False,0.0,31.0,6.0,223.0,356.0,616.0,0,3195,6,0,G,505.0,S,17,616.0
2946,2946,3195_03,Earth,True,55 Cancri e,28.0,False,0.0,0.0,675.0,31.0,0.0,706.0,0,3195,6,0,G,505.0,S,17,706.0
2947,2947,3195_04,Earth,True,PSO J318.5-22,11.0,False,0.0,0.0,0.0,0.0,0.0,0.0,1,3195,6,0,G,505.0,S,17,0.0
2948,2948,3195_05,Earth,True,55 Cancri e,0.0,False,0.0,0.0,0.0,0.0,0.0,0.0,1,3195,6,0,G,514.0,S,17,0.0
2949,2949,3195_06,Earth,True,TRAPPIST-1e,9.0,False,0.0,0.0,0.0,0.0,0.0,0.0,1,3195,6,0,G,505.0,S,17,0.0
2950,2950,3196_01,Mars,True,TRAPPIST-1e,38.0,False,1046.0,0.0,1553.0,0.0,0.0,2599.0,0,3196,1,1,F,667.0,P,10,2599.0
2951,2951,3197_01,Earth,True,55 Cancri e,18.0,False,0.0,0.0,158.70992366412213,588.0,0.0,588.0,0,3197,1,1,F,668.0,P,8,746.7099236641221
2952,2952,3200_01,Earth,True,TRAPPIST-1e,40.0,False,4.0,11.0,669.0,0.0,773.0,1457.0,0,3200,1,1,F,669.0,P,7,1457.0
2953,2953,3201_01,Earth,True,TRAPPIST-1e,21.0,False,330.0,11.0,0.0,0.0,398.0,739.0,0,3201,1,1,F,670.0,P,8,739.0
2954,2954,3203_01,Earth,True,TRAPPIST-1e,24.0,False,0.0,0.0,0.0,0.0,0.0,0.0,1,3203,1,1,G,506.0,S,8,0.0
2955,2955,3204_01,Europa,True,TRAPPIST-1e,26.0,False,75.8695652173913,1653.0,7.0,227.0,1457.0,3344.0,0,3204,3,0,A,27.0,P,7,3419.869565217391
2956,2956,3204_02,Europa,True,TRAPPIST-1e,47.0,False,3865.0,3810.0,0.0,12.0,196.0,7883.0,0,3204,3,0,A,27.0,P,7,7883.0
2957,2957,3204_03,Europa,True,TRAPPIST-1e,46.0,False,0.0,131.0,38.392857142857146,8873.0,469.0,9473.0,0,3204,3,0,A,27.0,P,7,9511.392857142857
2958,2958,3205_01,Earth,True,55 Cancri e,55.0,False,0.0,0.0,0.0,0.0,0.0,0.0,1,3205,1,1,G,507.0,S,7,0.0
2959,2959,3206_01,Earth,True,TRAPPIST-1e,50.0,False,293.0,0.0,21.0,573.0,0.0,887.0,0,3206,1,1,G,520.0,P,16,887.0
2960,2960,3209_01,Mars,True,TRAPPIST-1e,10.0,False,0.0,0.0,0.0,0.0,0.0,0.0,1,3209,1,1,F,672.0,P,6,0.0
2961,2961,3210_01,Europa,True,55 Cancri e,17.0,False,454.0,19.0,0.0,355.55,3219.0,3692.0,0,3210,3,0,E,211.0,S,5,4047.55
2962,2962,3210_02,Europa,True,55 Cancri e,20.0,False,11.0,596.0,0.0,3583.0,266.0,4456.0,0,3210,3,0,E,211.0,S,2,4456.0
2963,2963,3210_03,Europa,True,TRAPPIST-1e,37.0,False,76.0,2804.0,0.0,1287.0,1229.0,5396.0,0,3210,3,0,E,211.0,S,5,5396.0
2964,2964,3211_01,Earth,True,TRAPPIST-1e,24.0,False,11.0,0.0,9.0,2645.0,2.0,2667.0,0,3211,3,0,F,673.0,P,9,2667.0
2965,2965,3211_02,Earth,True,55 Cancri e,43.0,False,511.0,233.0,250.8125,0.0,144.0,888.0,0,3211,3,0,G,521.0,P,9,1138.8125
2966,2966,3211_03,Earth,True,TRAPPIST-1e,0.0,False,0.0,0.0,0.0,0.0,0.0,0.0,1,3211,3,0,G,521.0,P,9,0.0
2967,2967,3212_01,Earth,True,TRAPPIST-1e,24.0,False,180.0,264.0,0.0,1225.0,0.0,1669.0,0,3212,1,1,E,212.0,S,10,1669.0
2968,2968,3213_01,Mars,True,TRAPPIST-1e,22.0,False,715.0,0.0,726.0,325.0,0.0,1766.0,0,3213,1,1,D,103.0,P,5,1766.0
2969,2969,3215_01,Earth,True,TRAPPIST-1e,14.0,False,0.0,0.0,0.0,0.0,0.0,0.0,1,3215,1,1,G,508.0,S,7,0.0
2970,2970,3216_01,Earth,True,TRAPPIST-1e,3.0,False,0.0,0.0,0.0,0.0,0.0,0.0,1,3216,3,0,G,509.0,S,17,0.0
2971,2971,3216_02,Earth,True,55 Cancri e,22.0,False,0.0,0.0,0.0,0.0,0.0,0.0,1,3216,3,0,G,509.0,S,17,0.0
2972,2972,3216_03,Earth,True,TRAPPIST-1e,23.0,False,0.0,1573.0,0.0,36.0,0.0,1609.0,0,3216,3,0,E,213.0,S,17,1609.0
2973,2973,3217_01,Mars,True,TRAPPIST-1e,56.0,False,324.0,574.0,116.0,0.0,0.0,1014.0,0,3217,1,1,E,198.0,P,5,1014.0
2974,2974,3218_01,Earth,True,TRAPPIST-1e,36.0,False,5.0,623.0,88.0,5.0,1.0,722.0,0,3218,3,0,F,606.0,S,11,722.0
2975,2975,3218_02,Earth,True,55 Cancri e,58.0,False,52.0,0.0,5.0,517.0,0.0,574.0,0,3218,3,0,F,606.0,S,11,574.0
2976,2976,3218_03,Earth,True,TRAPPIST-1e,1.0,False,0.0,0.0,0.0,0.0,0.0,0.0,1,3218,3,0,G,510.0,S,11,0.0
2977,2977,3219_01,Mars,True,TRAPPIST-1e,39.0,False,0.0,0.0,0.0,0.0,0.0,0.0,1,3219,1,1,E,214.0,S,6,0.0
2978,2978,3220_01,Earth,True,TRAPPIST-1e,33.0,False,0.0,0.0,75.0,709.0,0.0,784.0,0,3220,1,1,G,522.0,P,3,784.0
2979,2979,3221_01,Earth,True,PSO J318.5-22,19.0,False,0.0,0.0,616.0,0.0,0.0,616.0,0,3221,1,1,G,511.0,S,4,616.0
2980,2980,3223_01,Earth,True,TRAPPIST-1e,28.0,False,16.0,0.0,799.0,0.0,37.0,852.0,0,3223,1,1,G,523.0,P,9,852.0
2981,2981,3224_01,Earth,True,TRAPPIST-1e,33.0,False,0.0,950.0,0.0,102.0,0.0,1052.0,0,3224,1,1,F,607.0,S,6,1052.0
2982,2982,3225_01,Europa,True,55 Cancri e,17.0,False,0.0,0.0,0.0,0.0,0.0,0.0,1,3225,2,0,C,120.0,S,2,0.0
2983,2983,3225_02,Europa,True,TRAPPIST-1e,28.0,False,0.0,3281.0,0.0,68.0,341.0,3690.0,0,3225,2,0,C,120.0,S,2,3690.0
2984,2984,3227_01,Earth,True,TRAPPIST-1e,21.0,False,63.0,15.0,407.0,397.0,0.0,882.0,0,3227,1,1,G,513.0,S,4,882.0
2985,2985,3229_01,Europa,True,TRAPPIST-1e,45.0,False,3.0,2344.0,1100.0,498.0,0.0,3945.0,0,3229,1,1,B,118.0,S,1,3945.0
2986,2986,3230_01,Mars,True,TRAPPIST-1e,62.0,False,0.0,0.0,0.0,0.0,0.0,0.0,1,3230,1,1,F,674.0,P,9,0.0
2987,2987,3232_01,Mars,True,TRAPPIST-1e,43.0,False,0.0,0.0,0.0,0.0,0.0,0.0,1,3232,1,1,F,609.0,S,1,0.0
2988,2988,3235_01,Earth,True,TRAPPIST-1e,27.0,False,158.0,0.0,1271.0,0.0,71.0,1500.0,0,3235,1,1,F,610.0,S,11,1500.0
2989,2989,3236_01,Earth,True,55 Cancri e,1.0,False,0.0,0.0,0.0,0.0,0.0,0.0,1,3236,3,0,G,524.0,P,11,0.0
2990,2990,3236_02,Earth,True,TRAPPIST-1e,31.0,False,593.0,540.0,238.0,0.0,77.0,1448.0,0,3236,3,0,F,676.0,P,11,1448.0
2991,2991,3236_03,Earth,True,TRAPPIST-1e,18.0,False,0.0,30.0,0.0,756.0,5.0,791.0,0,3236,3,0,E,200.0,P,11,791.0
2992,2992,3237_01,Mars,True,TRAPPIST-1e,21.0,False,1097.0,0.0,80.0,589.0,0.0,1766.0,0,3237,3,0,D,104.0,P,4,1766.0
2993,2993,3237_02,Mars,True,TRAPPIST-1e,7.0,False,0.0,0.0,0.0,0.0,0.0,0.0,1,3237,3,0,F,677.0,P,4,0.0
2994,2994,3237_03,Mars,True,TRAPPIST-1e,22.0,False,2646.0,0.0,599.0,117.0,0.0,3362.0,0,3237,3,0,D,104.0,P,4,3362.0
2995,2995,3238_01,Mars,True,TRAPPIST-1e,26.0,False,0.0,0.0,0.0,0.0,0.0,0.0,1,3238,1,1,E,215.0,S,5,0.0
2996,2996,3239_01,Earth,True,TRAPPIST-1e,30.0,False,0.0,0.0,0.0,0.0,0.0,0.0,1,3239,1,1,G,515.0,S,8,0.0
2997,2997,3240_01,Earth,True,TRAPPIST-1e,17.0,False,0.0,382.0,402.0,0.0,7.0,791.0,0,3240,1,1,E,216.0,S,9,791.0
2998,2998,3241_01,Earth,True,TRAPPIST-1e,23.0,False,0.0,0.0,0.0,0.0,0.0,0.0,1,3241,1,1,G,525.0,P,4,0.0
2999,2999,3243_01,Earth,True,55 Cancri e,10.0,False,0.0,0.0,0.0,0.0,0.0,0.0,1,3243,1,1,G,516.0,S,8,0.0
3000,3000,3247_01,Earth,True,TRAPPIST-1e,25.0,False,764.0,16.0,0.0,8.0,0.0,788.0,0,3247,1,1,E,202.0,P,7,788.0
3001,3001,3248_01,Earth,True,TRAPPIST-1e,21.0,False,0.0,182.398406374502,0.0,0.0,0.0,0.0,0,3248,1,1,G,526.0,P,3,182.398406374502
3002,3002,3252_01,Earth,True,55 Cancri e,53.0,False,8.0,0.0,236.0,0.0,2049.0,2293.0,0,3252,1,1,F,613.0,S,6,2293.0
3003,3003,3253_01,Earth,True,TRAPPIST-1e,21.0,False,0.0,0.0,687.0,46.0,20.0,753.0,0,3253,1,1,G,528.0,P,12,753.0
3004,3004,3254_01,Europa,True,TRAPPIST-1e,28.0,False,0.0,3315.0,0.0,594.0,85.0,3994.0,0,3254,1,1,C,121.0,S,2,3994.0
3005,3005,3255_01,Earth,True,PSO J318.5-22,20.0,False,0.0,0.0,0.0,0.0,0.0,0.0,1,3255,1,1,G,517.0,S,3,0.0
3006,3006,3256_01,Europa,True,55 Cancri e,54.0,False,0.0,0.0,0.0,0.0,0.0,0.0,1,3256,1,1,E,217.0,S,9,0.0
3007,3007,3258_01,Earth,True,TRAPPIST-1e,9.0,False,0.0,0.0,0.0,0.0,0.0,0.0,1,3258,1,1,G,529.0,P,10,0.0
3008,3008,3259_01,Earth,True,TRAPPIST-1e,20.0,False,508.0,0.0,1.0,1372.0,0.0,1881.0,0,3259,1,1,G,530.0,P,12,1881.0
3009,3009,3260_01,Earth,True,TRAPPIST-1e,19.0,False,0.0,165.0,0.0,699.0,0.0,864.0,0,3260,1,1,F,615.0,S,5,864.0
3010,3010,3262_01,Earth,True,TRAPPIST-1e,32.0,False,0.0,632.0,0.0,0.0,0.0,632.0,0,3262,1,1,F,681.0,P,5,632.0
3011,3011,3268_01,Mars,True,TRAPPIST-1e,22.0,False,0.0,0.0,0.0,0.0,0.0,0.0,1,3268,1,1,E,219.0,S,6,0.0
3012,3012,3269_01,Europa,True,55 Cancri e,35.0,False,74.0,5082.0,0.0,893.0,1937.0,7986.0,0,3269,1,1,C,122.0,S,4,7986.0
3013,3013,3270_01,Earth,True,TRAPPIST-1e,26.0,False,0.0,56.0,322.0,6.0,243.0,627.0,0,3270,1,1,G,531.0,P,7,627.0
3014,3014,3271_01,Earth,True,TRAPPIST-1e,51.0,False,0.0,0.0,0.0,0.0,0.0,0.0,1,3271,2,0,G,532.0,P,6,0.0
3015,3015,3271_02,Earth,True,55 Cancri e,8.0,False,0.0,0.0,0.0,0.0,0.0,0.0,1,3271,2,0,G,532.0,P,6,0.0
3016,3016,3272_01,Earth,True,TRAPPIST-1e,40.0,False,0.0,0.0,895.0,0.0,0.0,895.0,0,3272,2,0,G,518.0,S,10,895.0
3017,3017,3272_02,Earth,True,55 Cancri e,2.0,False,0.0,0.0,0.0,0.0,0.0,0.0,1,3272,2,0,G,518.0,S,10,0.0
3018,3018,3273_01,Earth,True,PSO J318.5-22,19.0,False,0.0,0.0,0.0,0.0,0.0,0.0,1,3273,1,1,G,519.0,S,4,0.0
3019,3019,3274_01,Earth,True,TRAPPIST-1e,32.0,False,0.0,0.0,0.0,0.0,0.0,0.0,1,3274,3,0,G,533.0,P,9,0.0
3020,3020,3274_02,Earth,True,55 Cancri e,16.0,False,1612.0,4.0,0.0,184.0,0.0,1800.0,0,3274,3,0,G,533.0,P,9,1800.0
3021,3021,3274_03,Earth,True,TRAPPIST-1e,64.0,False,0.0,0.0,16.0,733.0,159.0,908.0,0,3274,3,0,G,533.0,P,9,908.0
3022,3022,3275_01,Earth,True,55 Cancri e,35.0,False,256.0,0.0,341.0,35.0,0.0,632.0,0,3275,1,1,F,617.0,S,17,632.0
3023,3023,3276_01,Europa,True,TRAPPIST-1e,33.0,False,20.0,653.0,0.0,121.0,483.0,1277.0,0,3276,1,1,A,29.0,P,7,1277.0
3024,3024,3279_01,Europa,True,55 Cancri e,9.0,False,0.0,0.0,0.0,0.0,0.0,0.0,1,3279,4,0,C,123.0,S,7,0.0
3025,3025,3279_02,Europa,True,TRAPPIST-1e,21.0,False,0.0,0.0,0.0,0.0,0.0,0.0,1,3279,4,0,C,123.0,S,7,0.0
3026,3026,3279_03,Europa,True,TRAPPIST-1e,28.0,False,0.0,0.0,0.0,0.0,0.0,0.0,1,3279,4,0,C,123.0,S,7,0.0
3027,3027,3279_04,Europa,True,TRAPPIST-1e,28.0,False,0.0,0.0,0.0,0.0,0.0,0.0,1,3279,4,0,C,123.0,S,7,0.0
3028,3028,3280_01,Earth,True,PSO J318.5-22,31.0,False,0.0,0.0,0.0,0.0,0.0,0.0,1,3280,2,0,G,534.0,P,9,0.0
3029,3029,3280_02,Earth,True,55 Cancri e,32.0,False,1150.0,201.0,0.0,0.0,8.0,1359.0,0,3280,2,0,F,684.0,P,9,1359.0
3030,3030,3282_01,Europa,True,55 Cancri e,43.0,False,0.0,0.0,0.0,0.0,0.0,0.0,1,3282,3,0,B,120.0,S,7,0.0
3031,3031,3282_02,Europa,True,TRAPPIST-1e,60.0,False,0.0,0.0,0.0,0.0,0.0,0.0,1,3282,3,0,B,120.0,S,7,0.0
3032,3032,3282_03,Europa,True,TRAPPIST-1e,43.0,False,0.0,1440.0,0.0,85.0,150.0,1675.0,0,3282,3,0,B,120.0,S,7,1675.0
3033,3033,3283_01,Earth,True,TRAPPIST-1e,43.0,False,0.0,16.0,34.0,753.0,1.0,804.0,0,3283,4,0,F,619.0,S,9,804.0
3034,3034,3283_02,Earth,True,TRAPPIST-1e,19.0,False,64.0,0.0,453.0,174.0,6.0,697.0,0,3283,4,0,F,619.0,S,4,697.0
3035,3035,3283_03,Earth,True,TRAPPIST-1e,21.0,False,0.0,0.0,0.0,646.0,138.0,784.0,0,3283,4,0,G,521.0,S,11,784.0
3036,3036,3283_04,Earth,True,TRAPPIST-1e,38.0,False,0.0,0.0,0.0,846.0,0.0,846.0,0,3283,4,0,G,521.0,S,9,846.0
3037,3037,3284_01,Earth,True,PSO J318.5-22,17.0,False,0.0,0.0,0.0,0.0,0.0,0.0,1,3284,2,0,G,535.0,P,3,0.0
3038,3038,3284_02,Earth,True,PSO J318.5-22,29.0,False,0.0,0.0,0.0,0.0,0.0,0.0,1,3284,2,0,G,535.0,P,3,0.0
3039,3039,3287_01,Earth,True,PSO J318.5-22,2.0,False,0.0,0.0,0.0,0.0,0.0,0.0,1,3287,3,0,G,522.0,S,6,0.0
3040,3040,3287_02,Earth,True,TRAPPIST-1e,22.0,False,718.0,2.0,50.0,0.0,0.0,770.0,0,3287,3,0,F,652.0,S,6,770.0
3041,3041,3287_03,Earth,True,55 Cancri e,18.0,False,0.0,99.19117647058823,14.0,625.0,0.0,639.0,0,3287,3,0,F,621.0,S,6,738.1911764705883
3042,3042,3289_01,Earth,True,TRAPPIST-1e,16.0,False,0.0,0.0,0.0,0.0,0.0,0.0,1,3289,1,1,G,536.0,P,8,0.0
3043,3043,3292_01,Europa,True,TRAPPIST-1e,52.0,False,0.0,0.0,0.0,0.0,0.0,0.0,1,3292,5,0,B,121.0,S,10,0.0
3044,3044,3292_02,Europa,True,55 Cancri e,52.0,False,13.0,6074.0,0.0,10385.0,299.0,16771.0,0,3292,5,0,B,118.0,S,10,16771.0
3045,3045,3292_03,Europa,True,55 Cancri e,14.0,False,0.0,0.0,0.0,0.0,0.0,0.0,1,3292,5,0,B,121.0,S,4,0.0
3046,3046,3292_04,Europa,True,TRAPPIST-1e,25.0,True,0.0,0.0,0.0,0.0,0.0,0.0,1,3292,5,0,B,121.0,S,2,0.0
3047,3047,3292_05,Europa,True,TRAPPIST-1e,34.0,False,0.0,0.0,0.0,0.0,0.0,0.0,1,3292,5,0,B,121.0,S,10,0.0
3048,3048,3293_01,Mars,True,TRAPPIST-1e,20.0,False,915.0,12.0,25.0,205.0,311.0,1468.0,0,3293,1,1,F,623.0,S,5,1468.0
3049,3049,3294_01,Earth,True,PSO J318.5-22,28.0,False,0.0,0.0,0.0,0.0,0.0,0.0,1,3294,2,0,G,537.0,P,16,0.0
3050,3050,3294_02,Earth,True,TRAPPIST-1e,9.0,False,0.0,0.0,0.0,0.0,0.0,0.0,1,3294,2,0,G,537.0,P,16,0.0
3051,3051,3295_01,Earth,True,55 Cancri e,20.0,False,2598.0,927.0,0.0,866.0,2.0,4393.0,0,3295,1,1,G,538.0,P,10,4393.0
3052,3052,3296_01,Earth,True,55 Cancri e,44.0,False,632.0,0.0,101.0,5.0,0.0,738.0,0,3296,1,1,F,624.0,S,11,738.0
3053,3053,3297_01,Earth,True,TRAPPIST-1e,64.0,False,313.0,782.0,8.0,0.0,0.0,1103.0,0,3297,1,1,F,686.0,P,6,1103.0
3054,3054,3298_01,Earth,True,TRAPPIST-1e,27.0,False,0.0,0.0,775.0,127.0,0.0,902.0,0,3298,1,1,F,687.0,P,7,902.0
3055,3055,3299_01,Earth,False,TRAPPIST-1e,24.0,False,0.0,0.0,0.0,0.0,0.0,0.0,1,3299,1,1,G,524.0,S,10,0.0
3056,3056,3300_01,Mars,True,TRAPPIST-1e,38.0,False,0.0,0.0,0.0,0.0,0.0,0.0,1,3300,2,0,F,688.0,P,11,0.0
3057,3057,3300_02,Mars,True,TRAPPIST-1e,47.0,False,378.0,0.0,117.0,1147.0,132.0,1774.0,0,3300,2,0,F,688.0,P,11,1774.0
3058,3058,3301_01,Earth,True,55 Cancri e,8.0,False,0.0,0.0,0.0,0.0,0.0,0.0,1,3301,4,0,G,525.0,S,17,0.0
3059,3059,3301_02,Earth,True,TRAPPIST-1e,1.0,False,0.0,0.0,0.0,0.0,0.0,0.0,1,3301,4,0,G,525.0,S,17,0.0
3060,3060,3301_03,Earth,True,55 Cancri e,0.0,False,0.0,0.0,0.0,0.0,0.0,0.0,1,3301,4,0,G,525.0,S,17,0.0
3061,3061,3301_04,Earth,False,TRAPPIST-1e,20.0,False,0.0,0.0,0.0,0.0,0.0,0.0,1,3301,4,0,G,525.0,S,17,0.0
3062,3062,3304_01,Europa,True,TRAPPIST-1e,41.0,False,0.0,0.0,0.0,0.0,0.0,0.0,1,3304,1,1,D,105.0,P,1,0.0
3063,3063,3305_01,Mars,True,TRAPPIST-1e,35.0,False,0.0,0.0,0.0,0.0,0.0,0.0,1,3305,2,0,D,106.0,P,7,0.0
3064,3064,3305_02,Mars,True,55 Cancri e,31.0,False,1065.0,13.0,150.0,36.0,0.0,1264.0,0,3305,2,0,D,106.0,P,7,1264.0
3065,3065,3308_01,Earth,True,PSO J318.5-22,14.0,False,0.0,43.0,504.0,125.0,0.0,672.0,0,3308,1,1,F,690.0,P,9,672.0
3066,3066,3309_01,Earth,True,TRAPPIST-1e,25.0,False,0.0,0.0,762.0,0.0,50.0,812.0,0,3309,1,1,G,539.0,P,3,812.0
3067,3067,3310_01,Europa,True,TRAPPIST-1e,26.0,False,0.0,0.0,0.0,0.0,0.0,0.0,1,3310,1,1,D,107.0,P,2,0.0
3068,3068,3311_01,Europa,True,TRAPPIST-1e,26.0,False,0.0,1638.0,0.0,476.0,226.0,2340.0,0,3311,1,1,E,221.0,S,6,2340.0
3069,3069,3312_01,Europa,True,TRAPPIST-1e,30.0,False,0.0,1076.0,0.0,3725.0,9.0,4810.0,0,3312,1,1,E,203.0,P,10,4810.0
3070,3070,3313_01,Europa,True,55 Cancri e,49.0,False,0.0,0.0,0.0,0.0,0.0,0.0,1,3313,1,1,B,122.0,S,1,0.0
3071,3071,3314_01,Earth,True,TRAPPIST-1e,19.0,False,260.0,0.0,238.0,139.0,8.0,645.0,0,3314,1,1,F,626.0,S,9,645.0
3072,3072,3315_01,Earth,True,TRAPPIST-1e,15.0,False,10.0,0.0,99.0,100.416,2031.0,2140.0,0,3315,1,1,F,627.0,S,0,2240.416
3073,3073,3317_01,Earth,True,TRAPPIST-1e,27.0,False,0.0,0.0,0.0,0.0,1765.0,1765.0,0,3317,1,1,G,540.0,P,6,1765.0
3074,3074,3318_01,Europa,True,TRAPPIST-1e,39.0,False,0.0,957.0,0.0,22.0,401.0,1380.0,0,3318,5,0,B,123.0,S,10,1380.0
3075,3075,3318_02,Europa,True,55 Cancri e,32.0,False,0.0,0.0,0.0,0.0,0.0,0.0,1,3318,5,0,B,123.0,S,10,0.0
3076,3076,3318_03,Europa,True,TRAPPIST-1e,11.0,False,0.0,0.0,0.0,0.0,0.0,0.0,1,3318,5,0,B,123.0,S,10,0.0
3077,3077,3318_04,Europa,True,TRAPPIST-1e,44.0,False,0.0,0.0,0.0,0.0,0.0,0.0,1,3318,5,0,B,123.0,S,10,0.0
3078,3078,3318_05,Europa,True,TRAPPIST-1e,36.0,False,0.0,0.0,0.0,0.0,0.0,0.0,1,3318,5,0,B,123.0,S,10,0.0
3079,3079,3319_01,Earth,True,TRAPPIST-1e,56.0,False,0.0,335.0,532.0,15.0,26.0,908.0,0,3319,1,1,G,541.0,P,11,908.0
3080,3080,3322_01,Earth,True,TRAPPIST-1e,42.0,False,0.0,0.0,0.0,0.0,0.0,0.0,1,3322,1,1,G,542.0,P,6,0.0
3081,3081,3323_01,Europa,True,55 Cancri e,40.0,False,0.0,0.0,0.0,0.0,0.0,0.0,1,3323,2,0,C,110.0,P,3,0.0
3082,3082,3323_02,Europa,True,55 Cancri e,53.0,False,0.0,0.0,0.0,0.0,0.0,0.0,1,3323,2,0,C,110.0,P,3,0.0
3083,3083,3324_01,Mars,True,TRAPPIST-1e,31.0,False,0.0,0.0,0.0,0.0,0.0,0.0,1,3324,2,0,F,630.0,S,11,0.0
3084,3084,3324_02,Mars,True,TRAPPIST-1e,14.0,False,0.0,0.0,0.0,0.0,0.0,0.0,1,3324,2,0,F,630.0,S,11,0.0
3085,3085,3325_01,Earth,True,PSO J318.5-22,31.0,False,0.0,0.0,0.0,0.0,0.0,0.0,1,3325,1,1,G,543.0,P,8,0.0
3086,3086,3326_01,Earth,True,TRAPPIST-1e,42.0,False,0.0,175.60714285714286,1519.0,0.0,4.0,1523.0,0,3326,1,1,E,222.0,S,9,1698.607142857143
3087,3087,3327_01,Earth,True,TRAPPIST-1e,32.0,False,0.0,0.0,0.0,0.0,772.0,772.0,0,3327,1,1,G,528.0,S,4,772.0
3088,3088,3328_01,Earth,True,TRAPPIST-1e,34.0,False,578.0,0.0,0.0,0.0,323.0,901.0,0,3328,1,1,F,691.0,P,13,901.0
3089,3089,3329_01,Earth,True,TRAPPIST-1e,55.0,False,0.0,0.0,0.0,0.0,0.0,0.0,1,3329,1,1,G,544.0,P,3,0.0
3090,3090,3330_01,Mars,True,TRAPPIST-1e,42.0,False,1633.0,0.0,29.0,4.0,102.0,1768.0,0,3330,1,1,F,692.0,P,7,1768.0
3091,3091,3331_01,Earth,True,TRAPPIST-1e,40.0,False,666.0,4.0,83.0,0.0,50.0,803.0,0,3331,1,1,F,631.0,S,0,803.0
3092,3092,3332_01,Mars,True,55 Cancri e,48.0,False,824.0,2.0,830.0,298.0,0.0,1954.0,0,3332,3,0,D,107.0,S,8,1954.0
3093,3093,3332_02,Mars,True,TRAPPIST-1e,37.0,False,0.0,0.0,0.0,0.0,0.0,0.0,1,3332,3,0,D,107.0,S,9,0.0
3094,3094,3332_03,Mars,True,55 Cancri e,17.0,False,0.0,0.0,0.0,0.0,0.0,0.0,1,3332,3,0,D,107.0,S,9,0.0
3095,3095,3336_01,Mars,True,TRAPPIST-1e,60.0,False,0.0,0.0,0.0,0.0,0.0,0.0,1,3336,1,1,F,693.0,P,6,0.0
3096,3096,3337_01,Europa,True,55 Cancri e,19.0,False,0.0,0.0,0.0,0.0,0.0,0.0,1,3337,3,0,B,125.0,S,9,0.0
3097,3097,3337_02,Europa,True,TRAPPIST-1e,30.0,False,0.0,180.0,90.0,7740.0,142.0,8152.0,0,3337,3,0,B,125.0,S,3,8152.0
3098,3098,3337_03,Europa,True,TRAPPIST-1e,32.0,False,0.0,0.0,7.0,3653.0,226.0,3886.0,0,3337,3,0,B,125.0,S,9,3886.0
3099,3099,3338_01,Earth,True,PSO J318.5-22,28.0,False,0.0,0.0,0.0,0.0,0.0,0.0,1,3338,1,1,G,546.0,P,10,0.0
3100,3100,3339_01,Earth,True,TRAPPIST-1e,26.0,False,0.0,0.0,0.0,0.0,0.0,0.0,1,3339,1,1,G,530.0,S,5,0.0
3101,3101,3342_01,Earth,True,TRAPPIST-1e,24.0,False,0.0,0.0,0.0,0.0,0.0,0.0,1,3342,1,1,G,531.0,S,10,0.0
3102,3102,3343_01,Earth,True,55 Cancri e,47.0,False,0.0,0.0,0.0,0.0,0.0,0.0,1,3343,1,1,G,532.0,S,9,0.0
3103,3103,3348_01,Earth,True,TRAPPIST-1e,32.0,False,180.0,25.0,584.0,0.0,0.0,789.0,0,3348,1,1,E,225.0,S,10,789.0
3104,3104,3349_01,Europa,True,TRAPPIST-1e,73.0,True,0.0,0.0,0.0,0.0,0.0,0.0,1,3349,1,1,C,111.0,P,4,0.0
3105,3105,3350_01,Earth,True,TRAPPIST-1e,17.0,False,3.0,2126.0,0.0,0.0,0.0,2129.0,0,3350,1,1,F,633.0,S,12,2129.0
3106,3106,3352_01,Earth,True,PSO J318.5-22,47.0,False,0.0,0.0,0.0,0.0,0.0,0.0,1,3352,1,1,G,547.0,P,7,0.0
3107,3107,3353_01,Europa,True,TRAPPIST-1e,33.0,False,0.0,216.0,191.0,12062.0,59.0,12528.0,0,3353,6,0,C,125.0,S,8,12528.0
3108,3108,3353_02,Europa,True,55 Cancri e,13.0,False,0.0,0.0,0.0,0.0,0.0,0.0,1,3353,6,0,C,125.0,S,8,0.0
3109,3109,3353_03,Europa,True,TRAPPIST-1e,22.0,False,0.0,5.0,0.0,12.0,6111.0,6128.0,0,3353,6,0,C,125.0,S,8,6128.0
3110,3110,3353_04,Europa,True,TRAPPIST-1e,61.0,False,0.0,4082.0,0.0,265.0,201.0,4548.0,0,3353,6,0,C,125.0,S,6,4548.0
3111,3111,3353_05,Europa,True,55 Cancri e,19.0,False,0.0,4494.0,0.0,11.0,3460.0,7965.0,0,3353,6,0,C,125.0,S,8,7965.0
3112,3112,3353_06,Europa,True,TRAPPIST-1e,45.0,False,0.0,1897.0,0.0,880.0,605.0,3382.0,0,3353,6,0,C,125.0,S,8,3382.0
3113,3113,3357_01,Earth,True,PSO J318.5-22,18.0,False,0.0,0.0,0.0,0.0,0.0,0.0,1,3357,1,1,G,535.0,S,12,0.0
3114,3114,3359_01,Earth,True,TRAPPIST-1e,32.0,False,0.0,810.0,0.0,0.0,2.0,812.0,0,3359,1,1,G,536.0,S,9,812.0
3115,3115,3360_01,Europa,True,TRAPPIST-1e,52.0,True,0.0,1429.0,0.0,1371.0,488.0,3288.0,0,3360,1,1,A,30.0,P,4,3288.0
3116,3116,3361_01,Mars,True,TRAPPIST-1e,25.0,False,0.0,0.0,0.0,0.0,0.0,0.0,1,3361,4,0,F,635.0,S,7,0.0
3117,3117,3361_02,Mars,True,TRAPPIST-1e,9.0,False,0.0,0.0,0.0,0.0,0.0,0.0,1,3361,4,0,F,635.0,S,7,0.0
3118,3118,3361_03,Mars,True,TRAPPIST-1e,18.0,False,0.0,0.0,0.0,0.0,0.0,0.0,1,3361,4,0,F,635.0,S,3,0.0
3119,3119,3361_04,Mars,True,PSO J318.5-22,26.0,False,717.0,0.0,84.0,0.0,0.0,801.0,0,3361,4,0,D,108.0,S,7,801.0
3120,3120,3363_01,Earth,True,TRAPPIST-1e,20.0,False,1.0,52.0,533.0,0.0,1022.0,1608.0,0,3363,3,0,E,205.0,P,9,1608.0
3121,3121,3363_02,Earth,True,TRAPPIST-1e,6.0,False,0.0,0.0,0.0,0.0,0.0,0.0,1,3363,3,0,G,550.0,P,3,0.0
3122,3122,3363_03,Earth,True,PSO J318.5-22,5.0,False,0.0,0.0,0.0,0.0,0.0,0.0,1,3363,3,0,G,550.0,P,9,0.0
3123,3123,3364_01,Europa,True,55 Cancri e,40.0,False,0.0,372.0,7.0,5.0,1467.0,1851.0,0,3364,1,1,A,31.0,P,6,1851.0
3124,3124,3365_01,Earth,True,PSO J318.5-22,20.0,False,0.0,0.0,0.0,0.0,0.0,0.0,1,3365,1,1,G,537.0,S,16,0.0
3125,3125,3370_01,Mars,True,TRAPPIST-1e,18.0,False,2532.0,0.0,46.0,0.0,0.0,2578.0,0,3370,1,1,D,109.0,S,2,2578.0
3126,3126,3371_01,Earth,True,TRAPPIST-1e,42.0,False,0.0,3.0,0.0,898.0,1.0,902.0,0,3371,1,1,F,694.0,P,3,902.0
3127,3127,3372_01,Earth,True,PSO J318.5-22,14.0,False,0.0,0.0,0.0,0.0,0.0,0.0,1,3372,1,1,G,551.0,P,9,0.0
3128,3128,3377_01,Mars,True,TRAPPIST-1e,33.0,False,0.0,0.0,0.0,0.0,0.0,0.0,1,3377,1,1,F,638.0,S,3,0.0
3129,3129,3380_01,Earth,True,55 Cancri e,23.0,False,664.0,17.0,0.0,0.0,171.25925925925927,681.0,0,3380,1,1,F,696.0,P,6,852.2592592592592
3130,3130,3381_01,Earth,True,TRAPPIST-1e,35.0,False,0.0,0.0,0.0,0.0,0.0,0.0,1,3381,1,1,G,539.0,S,5,0.0
3131,3131,3382_01,Earth,True,PSO J318.5-22,53.0,False,2.0,18.0,705.0,0.0,1.0,726.0,0,3382,2,0,F,697.0,P,6,726.0
3132,3132,3382_02,Earth,True,TRAPPIST-1e,56.0,False,0.0,0.0,0.0,0.0,0.0,0.0,1,3382,2,0,G,553.0,P,6,0.0
3133,3133,3383_01,Earth,True,55 Cancri e,35.0,False,1.0,0.0,37.0,719.0,0.0,757.0,0,3383,1,1,F,698.0,P,11,757.0
3134,3134,3384_01,Earth,True,TRAPPIST-1e,18.0,False,1.0,56.0,0.0,602.0,205.0,864.0,0,3384,3,0,F,699.0,P,6,864.0
3135,3135,3384_02,Earth,True,TRAPPIST-1e,25.0,False,106.0,46.0,183.37735849056602,0.0,843.0,995.0,0,3384,3,0,E,207.0,P,4,1178.3773584905662
3136,3136,3384_03,Earth,True,55 Cancri e,20.0,False,0.0,0.0,0.0,0.0,0.0,0.0,1,3384,3,0,G,554.0,P,4,0.0
3137,3137,3386_01,Mars,True,TRAPPIST-1e,44.0,False,0.0,0.0,0.0,0.0,0.0,0.0,1,3386,1,1,F,641.0,S,5,0.0
3138,3138,3387_01,Earth,True,TRAPPIST-1e,26.0,False,0.0,0.0,0.0,0.0,0.0,0.0,1,3387,1,1,G,540.0,S,6,0.0
3139,3139,3389_01,Mars,True,TRAPPIST-1e,23.0,False,24.0,1.0,1264.0,0.0,0.0,1289.0,0,3389,1,1,F,642.0,S,7,1289.0
3140,3140,3390_01,Mars,True,TRAPPIST-1e,39.0,False,0.0,0.0,0.0,0.0,0.0,0.0,1,3390,1,1,F,643.0,S,4,0.0
3141,3141,3391_01,Europa,True,TRAPPIST-1e,25.0,False,0.0,0.0,0.0,0.0,0.0,0.0,1,3391,2,0,B,105.0,P,7,0.0
3142,3142,3391_02,Europa,True,55 Cancri e,42.0,False,0.0,1209.0,0.0,1026.0,636.0,2871.0,0,3391,2,0,B,105.0,P,7,2871.0
3143,3143,3392_01,Earth,True,TRAPPIST-1e,20.0,False,0.0,39.0,830.0,17.0,0.0,886.0,0,3392,4,0,G,541.0,S,10,886.0
3144,3144,3392_02,Earth,True,TRAPPIST-1e,4.0,False,0.0,0.0,0.0,0.0,0.0,0.0,1,3392,4,0,G,541.0,S,10,0.0
3145,3145,3392_03,Earth,True,TRAPPIST-1e,64.0,False,0.0,0.0,0.0,0.0,0.0,0.0,1,3392,4,0,G,541.0,S,10,0.0
3146,3146,3392_04,Earth,True,TRAPPIST-1e,0.0,False,0.0,0.0,0.0,0.0,0.0,0.0,1,3392,4,0,G,541.0,S,10,0.0
3147,3147,3394_01,Earth,True,PSO J318.5-22,19.0,False,0.0,463.0,269.0,0.0,4.0,736.0,0,3394,1,1,F,700.0,P,4,736.0
3148,3148,3395_01,Earth,True,55 Cancri e,6.0,False,0.0,0.0,0.0,0.0,0.0,0.0,1,3395,1,1,G,542.0,S,11,0.0
3149,3149,3396_01,Europa,True,TRAPPIST-1e,23.0,False,0.0,0.0,0.0,0.0,0.0,0.0,1,3396,1,1,B,106.0,P,5,0.0
3150,3150,3397_01,Earth,True,TRAPPIST-1e,22.0,False,0.0,269.0,0.0,100.0,28.0,397.0,0,3397,1,1,G,543.0,S,5,397.0
3151,3151,3401_01,Earth,True,TRAPPIST-1e,18.0,False,0.0,0.0,1435.0,0.0,128.77777777777777,1435.0,0,3401,1,1,G,545.0,S,7,1563.7777777777778
3152,3152,3402_01,Mars,True,TRAPPIST-1e,21.0,False,2.0,0.0,898.0,148.0,0.0,1048.0,0,3402,1,1,E,231.0,S,4,1048.0
3153,3153,3403_01,Earth,True,PSO J318.5-22,37.0,False,308.0,35.0,415.0,10.0,0.0,768.0,0,3403,1,1,G,556.0,P,11,768.0
3154,3154,3404_01,Earth,True,55 Cancri e,24.0,False,0.0,0.0,0.0,0.0,0.0,0.0,1,3404,1,1,G,557.0,P,10,0.0
3155,3155,3405_01,Earth,True,TRAPPIST-1e,38.0,False,0.0,0.0,0.0,0.0,0.0,0.0,1,3405,3,0,G,546.0,S,10,0.0
3156,3156,3405_02,Earth,True,TRAPPIST-1e,11.0,False,0.0,0.0,0.0,0.0,0.0,0.0,1,3405,3,0,G,546.0,S,10,0.0
3157,3157,3405_03,Earth,True,55 Cancri e,6.0,False,0.0,0.0,0.0,0.0,0.0,0.0,1,3405,3,0,G,546.0,S,10,0.0
3158,3158,3406_01,Europa,True,TRAPPIST-1e,49.0,False,0.0,104.0,809.0,3668.0,7.0,4588.0,0,3406,2,0,C,112.0,P,3,4588.0
3159,3159,3406_02,Europa,True,TRAPPIST-1e,55.0,False,0.0,5971.0,158.0,4125.0,1984.0,12238.0,0,3406,2,0,C,112.0,P,3,12238.0
3160,3160,3408_01,Earth,True,TRAPPIST-1e,15.0,False,0.0,0.0,0.0,0.0,0.0,0.0,1,3408,1,1,G,547.0,S,8,0.0
3161,3161,3409_01,Earth,True,TRAPPIST-1e,19.0,False,90.0,0.0,0.0,74.0,595.0,759.0,0,3409,1,1,F,701.0,P,7,759.0
3162,3162,3410_01,Earth,True,TRAPPIST-1e,16.0,False,0.0,0.0,0.0,0.0,0.0,0.0,1,3410,1,1,G,558.0,P,6,0.0
3163,3163,3412_01,Europa,True,TRAPPIST-1e,48.0,False,0.0,12.0,0.0,7967.0,15.0,7994.0,0,3412,3,0,B,107.0,P,12,7994.0
3164,3164,3412_02,Europa,True,55 Cancri e,25.0,False,0.0,0.0,0.0,0.0,0.0,0.0,1,3412,3,0,B,107.0,P,12,0.0
3165,3165,3412_03,Europa,True,TRAPPIST-1e,23.0,False,2.0,6748.0,0.0,23.0,0.0,6773.0,0,3412,3,0,B,107.0,P,12,6773.0
3166,3166,3413_01,Earth,True,PSO J318.5-22,27.0,False,0.0,0.0,0.0,0.0,0.0,0.0,1,3413,1,1,G,559.0,P,9,0.0
3167,3167,3415_01,Earth,True,TRAPPIST-1e,39.0,False,505.0,178.0,181.0,0.0,0.0,864.0,0,3415,1,1,F,702.0,P,6,864.0
3168,3168,3417_01,Earth,True,TRAPPIST-1e,28.0,False,0.0,1376.0,4.0,0.0,0.0,1380.0,0,3417,1,1,F,703.0,P,7,1380.0
3169,3169,3418_01,Mars,True,TRAPPIST-1e,72.0,False,0.0,0.0,0.0,0.0,0.0,0.0,1,3418,1,1,F,646.0,S,11,0.0
3170,3170,3419_01,Mars,True,TRAPPIST-1e,47.0,False,2267.0,0.0,117.0,0.0,0.0,2384.0,0,3419,1,1,D,108.0,P,2,2384.0
3171,3171,3420_01,Earth,True,TRAPPIST-1e,65.0,False,0.0,0.0,0.0,0.0,0.0,0.0,1,3420,1,1,G,548.0,S,8,0.0
3172,3172,3421_01,Earth,True,PSO J318.5-22,40.0,False,15.0,0.0,0.0,670.0,211.0,685.0,0,3421,1,1,F,704.0,P,2,896.0
3173,3173,3422_01,Europa,False,55 Cancri e,18.0,False,0.0,0.0,0.0,0.0,0.0,0.0,1,3422,2,0,E,209.0,P,8,0.0
3174,3174,3422_02,Europa,True,TRAPPIST-1e,27.0,False,0.0,0.0,0.0,0.0,0.0,0.0,1,3422,2,0,E,209.0,P,8,0.0
3175,3175,3423_01,Earth,True,TRAPPIST-1e,21.0,False,0.0,0.0,0.0,0.0,0.0,0.0,1,3423,1,1,G,561.0,P,8,0.0
3176,3176,3424_01,Earth,True,TRAPPIST-1e,37.0,False,190.0,0.0,2.0,799.0,0.0,991.0,0,3424,1,1,E,233.0,S,7,991.0
3177,3177,3425_01,Europa,True,TRAPPIST-1e,31.0,False,0.0,1216.0,0.0,897.0,478.0,2591.0,0,3425,1,1,E,234.0,S,4,2591.0
3178,3178,3426_01,Earth,True,TRAPPIST-1e,33.0,False,22.0,37.0,415.0,0.0,333.0,807.0,0,3426,1,1,G,549.0,S,9,807.0
3179,3179,3428_01,Europa,True,55 Cancri e,53.0,False,0.0,0.0,0.0,0.0,0.0,0.0,1,3428,2,0,C,113.0,P,4,0.0
3180,3180,3428_02,Europa,True,TRAPPIST-1e,27.0,False,0.0,18481.0,0.0,2.0,3875.0,22358.0,0,3428,2,0,C,113.0,P,4,22358.0
3181,3181,3430_01,Earth,True,TRAPPIST-1e,74.0,False,0.0,193.0,581.0,0.0,0.0,774.0,0,3430,1,1,G,551.0,S,3,774.0
3182,3182,3431_01,Mars,True,TRAPPIST-1e,29.0,False,0.0,0.0,0.0,0.0,0.0,0.0,1,3431,1,1,F,705.0,P,7,0.0
3183,3183,3432_01,Earth,True,PSO J318.5-22,23.0,False,381.0,0.0,137.0,104.0,8.0,630.0,0,3432,1,1,F,706.0,P,8,630.0
3184,3184,3433_01,Europa,True,55 Cancri e,74.0,False,0.0,1026.0,0.0,6616.0,119.0,7761.0,0,3433,1,1,C,114.0,P,3,7761.0
3185,3185,3434_01,Earth,True,TRAPPIST-1e,23.0,False,0.0,0.0,0.0,0.0,0.0,0.0,1,3434,1,1,G,562.0,P,3,0.0
3186,3186,3437_01,Earth,True,PSO J318.5-22,26.0,False,6.0,0.0,400.0,2.0,373.0,781.0,0,3437,2,0,G,553.0,S,6,781.0
3187,3187,3437_02,Earth,True,TRAPPIST-1e,0.0,False,0.0,0.0,0.0,0.0,0.0,0.0,1,3437,2,0,G,553.0,S,6,0.0
3188,3188,3438_01,Earth,True,TRAPPIST-1e,0.0,False,0.0,0.0,0.0,0.0,0.0,0.0,1,3438,2,0,G,564.0,P,4,0.0
3189,3189,3438_02,Earth,True,55 Cancri e,24.0,False,95.0,35.0,1442.0,0.0,0.0,1572.0,0,3438,2,0,F,707.0,P,4,1572.0
3190,3190,3439_01,Europa,True,TRAPPIST-1e,28.0,False,0.0,0.0,0.0,0.0,0.0,0.0,1,3439,4,0,B,130.0,S,4,0.0
3191,3191,3439_02,Europa,False,TRAPPIST-1e,17.0,False,0.0,0.0,0.0,0.0,0.0,0.0,1,3439,4,0,B,130.0,S,4,0.0
3192,3192,3439_03,Europa,True,55 Cancri e,26.0,False,0.0,0.0,0.0,0.0,0.0,0.0,1,3439,4,0,B,130.0,S,4,0.0
3193,3193,3439_04,Europa,True,TRAPPIST-1e,39.0,False,0.0,2.0,0.0,909.0,3291.0,4202.0,0,3439,4,0,B,130.0,S,4,4202.0
3194,3194,3440_01,Earth,True,TRAPPIST-1e,17.0,False,0.0,83.0,0.0,0.0,943.0,1026.0,0,3440,1,1,G,565.0,P,2,1026.0
3195,3195,3441_01,Earth,True,55 Cancri e,15.0,False,350.0,0.0,91.0,198.0,0.0,639.0,0,3441,1,1,F,647.0,S,8,639.0
3196,3196,3442_01,Earth,True,TRAPPIST-1e,37.0,False,503.0,0.0,26.0,0.0,116.0,645.0,0,3442,1,1,F,708.0,P,9,645.0
3197,3197,3443_01,Earth,True,TRAPPIST-1e,38.0,False,792.0,0.0,83.82857142857142,1.0,29.0,822.0,0,3443,1,1,F,648.0,S,5,905.8285714285714
3198,3198,3444_01,Europa,True,55 Cancri e,33.0,False,0.0,27071.0,0.0,15.0,0.0,27086.0,0,3444,4,0,B,131.0,S,8,27086.0
3199,3199,3444_02,Europa,True,TRAPPIST-1e,16.0,False,0.0,0.0,0.0,0.0,0.0,0.0,1,3444,4,0,B,131.0,S,8,0.0
3200,3200,3444_03,Europa,True,TRAPPIST-1e,41.0,True,0.0,649.0,0.0,945.0,1851.75,1594.0,0,3444,4,0,B,131.0,S,8,3445.75
3201,3201,3444_04,Europa,True,TRAPPIST-1e,7.0,False,0.0,0.0,0.0,0.0,0.0,0.0,1,3444,4,0,B,131.0,S,8,0.0
3202,3202,3445_01,Earth,True,TRAPPIST-1e,20.0,False,1.0,760.0,186.76548672566372,21.0,0.0,782.0,0,3445,1,1,G,554.0,S,8,968.7654867256638
3203,3203,3446_01,Earth,True,PSO J318.5-22,44.0,False,0.0,0.0,0.0,0.0,0.0,0.0,1,3446,1,1,G,555.0,S,6,0.0
3204,3204,3447_01,Earth,True,TRAPPIST-1e,42.0,False,1196.0,0.0,0.0,68.0,1.0,1265.0,0,3447,1,1,F,649.0,S,6,1265.0
3205,3205,3449_01,Earth,True,TRAPPIST-1e,29.0,False,0.0,4.0,0.0,0.0,904.0,908.0,0,3449,1,1,G,556.0,S,5,908.0
3206,3206,3450_01,Europa,True,55 Cancri e,22.0,False,0.0,4209.0,26.0,2462.0,466.0,7163.0,0,3450,2,0,B,132.0,S,2,7163.0
3207,3207,3450_02,Europa,True,TRAPPIST-1e,21.0,False,0.0,2834.0,0.0,414.0,558.0,3806.0,0,3450,2,0,B,132.0,S,2,3806.0
3208,3208,3453_01,Earth,True,TRAPPIST-1e,21.0,False,0.0,0.0,0.0,0.0,0.0,0.0,1,3453,1,1,G,567.0,P,7,0.0
3209,3209,3454_01,Earth,True,TRAPPIST-1e,21.0,False,0.0,0.0,0.0,0.0,0.0,0.0,1,3454,1,1,G,568.0,P,4,0.0
3210,3210,3455_01,Mars,True,TRAPPIST-1e,13.0,False,0.0,0.0,0.0,0.0,0.0,0.0,1,3455,1,1,F,709.0,P,5,0.0
3211,3211,3456_01,Earth,True,PSO J318.5-22,16.0,False,0.0,0.0,0.0,0.0,0.0,0.0,1,3456,1,1,G,558.0,S,15,0.0
3212,3212,3458_01,Mars,True,55 Cancri e,36.0,False,0.0,0.0,0.0,0.0,0.0,0.0,1,3458,1,1,F,710.0,P,4,0.0
3213,3213,3459_01,Earth,True,TRAPPIST-1e,36.0,False,0.0,0.0,0.0,0.0,0.0,0.0,1,3459,1,1,G,560.0,S,6,0.0
3214,3214,3461_01,Earth,True,PSO J318.5-22,26.0,False,86.0,377.0,0.0,0.0,77.0,540.0,0,3461,1,1,G,569.0,P,11,540.0
3215,3215,3462_01,Europa,True,TRAPPIST-1e,28.0,False,0.0,0.0,0.0,0.0,0.0,0.0,1,3462,1,1,C,115.0,P,9,0.0
3216,3216,3464_01,Earth,True,TRAPPIST-1e,14.0,False,0.0,0.0,533.0,266.0,93.0,892.0,0,3464,2,0,G,561.0,S,4,892.0
3217,3217,3464_02,Earth,True,TRAPPIST-1e,29.0,False,0.0,0.0,0.0,0.0,0.0,0.0,1,3464,2,0,G,561.0,S,4,0.0
3218,3218,3465_01,Mars,True,TRAPPIST-1e,19.0,False,506.0,0.0,395.0,159.0,229.0,1289.0,0,3465,1,1,F,711.0,P,7,1289.0
3219,3219,3467_01,Earth,True,TRAPPIST-1e,51.0,False,90.0,0.0,0.0,881.0,0.0,971.0,0,3467,1,1,F,712.0,P,10,971.0
3220,3220,3468_01,Earth,True,TRAPPIST-1e,64.0,False,0.0,0.0,0.0,0.0,0.0,0.0,1,3468,1,1,G,562.0,S,5,0.0
3221,3221,3469_01,Europa,True,TRAPPIST-1e,41.0,False,0.0,0.0,0.0,0.0,0.0,0.0,1,3469,1,1,B,109.0,P,3,0.0
3222,3222,3470_01,Earth,True,TRAPPIST-1e,7.0,False,0.0,0.0,0.0,0.0,0.0,0.0,1,3470,2,0,G,563.0,S,7,0.0
3223,3223,3470_02,Earth,True,55 Cancri e,16.0,False,0.0,0.0,0.0,0.0,0.0,0.0,1,3470,2,0,G,563.0,S,7,0.0
3224,3224,3473_01,Earth,True,TRAPPIST-1e,20.0,False,0.0,880.0,5.0,25.0,490.0,1400.0,0,3473,1,1,F,654.0,S,7,1400.0
3225,3225,3474_01,Europa,True,TRAPPIST-1e,31.0,False,0.0,0.0,0.0,0.0,0.0,0.0,1,3474,4,0,B,110.0,P,4,0.0
3226,3226,3474_02,Europa,True,TRAPPIST-1e,38.0,False,0.0,952.0,0.0,0.0,1790.0,2742.0,0,3474,4,0,B,110.0,P,4,2742.0
3227,3227,3474_03,Europa,True,55 Cancri e,59.0,False,0.0,0.0,0.0,0.0,0.0,0.0,1,3474,4,0,B,110.0,P,4,0.0
3228,3228,3474_04,Europa,True,TRAPPIST-1e,18.0,False,0.0,0.0,0.0,0.0,0.0,0.0,1,3474,4,0,B,110.0,P,4,0.0
3229,3229,3475_01,Europa,True,TRAPPIST-1e,33.0,False,0.0,0.0,0.0,0.0,0.0,0.0,1,3475,3,0,C,126.0,S,4,0.0
3230,3230,3475_02,Europa,True,TRAPPIST-1e,33.0,False,0.0,590.0,166.09259259259258,3.0,6569.0,7162.0,0,3475,3,0,C,126.0,S,4,7328.092592592593
3231,3231,3475_03,Europa,True,55 Cancri e,49.0,False,0.0,8766.0,15.0,149.0,178.0,9108.0,0,3475,3,0,C,126.0,S,4,9108.0
3232,3232,3476_01,Earth,False,55 Cancri e,4.0,False,0.0,0.0,0.0,0.0,0.0,0.0,1,3476,4,0,G,571.0,P,10,0.0
3233,3233,3476_02,Earth,True,55 Cancri e,0.0,False,0.0,0.0,0.0,0.0,0.0,0.0,1,3476,4,0,G,571.0,P,7,0.0
3234,3234,3476_03,Earth,True,55 Cancri e,0.0,False,0.0,0.0,0.0,0.0,0.0,0.0,1,3476,4,0,G,571.0,P,7,0.0
3235,3235,3476_04,Earth,True,TRAPPIST-1e,24.0,False,1.0,467.0,4.0,0.0,341.0,813.0,0,3476,4,0,G,571.0,P,7,813.0
3236,3236,3478_01,Europa,True,TRAPPIST-1e,52.0,False,0.0,0.0,0.0,0.0,0.0,0.0,1,3478,1,1,B,111.0,P,1,0.0
3237,3237,3480_01,Earth,True,PSO J318.5-22,50.0,False,121.0,558.0,0.0,10.0,0.0,689.0,0,3480,1,1,F,655.0,S,10,689.0
3238,3238,3483_01,Earth,True,PSO J318.5-22,31.0,False,0.0,627.0,1.0,0.0,13.0,641.0,0,3483,1,1,F,717.0,P,9,641.0
3239,3239,3484_01,Earth,True,TRAPPIST-1e,25.0,False,0.0,0.0,0.0,0.0,0.0,0.0,1,3484,2,0,G,573.0,P,8,0.0
3240,3240,3484_02,Earth,True,PSO J318.5-22,62.0,False,3.0,0.0,2908.0,0.0,0.0,2911.0,0,3484,2,0,F,718.0,P,8,2911.0
3241,3241,3485_01,Europa,True,TRAPPIST-1e,49.0,False,0.0,1855.0,0.0,166.0,1655.0,3676.0,0,3485,3,0,E,237.0,S,3,3676.0
3242,3242,3485_02,Europa,True,TRAPPIST-1e,24.0,False,0.0,0.0,0.0,0.0,0.0,0.0,1,3485,3,0,E,237.0,S,1,0.0
3243,3243,3485_03,Europa,True,TRAPPIST-1e,33.0,False,0.0,3157.0,0.0,131.0,0.0,3288.0,0,3485,3,0,E,237.0,S,3,3288.0
3244,3244,3486_01,Earth,True,TRAPPIST-1e,20.0,False,0.0,559.0,21.0,0.0,5.0,585.0,0,3486,1,1,F,656.0,S,8,585.0
3245,3245,3487_01,Europa,True,55 Cancri e,46.0,False,0.0,0.0,0.0,1529.0,3069.0,4598.0,0,3487,1,1,A,39.0,S,3,4598.0
3246,3246,3488_01,Europa,True,TRAPPIST-1e,26.0,False,0.0,0.0,0.0,0.0,0.0,0.0,1,3488,2,0,D,110.0,P,3,0.0
3247,3247,3488_02,Europa,True,TRAPPIST-1e,52.0,False,6.0,2333.0,11.0,1149.0,1.0,3500.0,0,3488,2,0,D,110.0,P,3,3500.0
3248,3248,3489_01,Mars,True,TRAPPIST-1e,28.0,False,274.0,0.0,693.0,944.0,0.0,1911.0,0,3489,2,0,F,719.0,P,5,1911.0
3249,3249,3489_02,Mars,True,TRAPPIST-1e,39.0,False,0.0,0.0,0.0,0.0,0.0,0.0,1,3489,2,0,F,719.0,P,5,0.0
3250,3250,3490_01,Europa,True,TRAPPIST-1e,29.0,False,4.0,3439.0,0.0,0.0,0.0,3443.0,0,3490,2,0,D,111.0,P,7,3443.0
3251,3251,3490_02,Europa,True,55 Cancri e,19.0,False,0.0,1347.0,0.0,1756.0,37.0,3140.0,0,3490,2,0,D,111.0,P,7,3140.0
3252,3252,3491_01,Earth,True,TRAPPIST-1e,15.0,False,0.0,0.0,0.0,6.0,607.0,613.0,0,3491,1,1,F,720.0,P,7,613.0
3253,3253,3492_01,Earth,True,TRAPPIST-1e,33.0,False,44.0,630.0,18.0,96.0,0.0,788.0,0,3492,1,1,E,238.0,S,7,788.0
3254,3254,3495_01,Europa,True,TRAPPIST-1e,47.0,False,0.0,10679.0,0.0,273.0,80.0,11032.0,0,3495,4,0,C,127.0,S,4,11032.0
3255,3255,3495_02,Europa,True,TRAPPIST-1e,34.0,False,0.0,6229.0,0.0,2279.0,587.0,9095.0,0,3495,4,0,C,127.0,S,4,9095.0
3256,3256,3495_03,Europa,True,55 Cancri e,26.0,False,0.0,0.0,0.0,0.0,0.0,0.0,1,3495,4,0,C,127.0,S,4,0.0
3257,3257,3495_04,Europa,True,TRAPPIST-1e,15.0,False,0.0,0.0,0.0,0.0,0.0,0.0,1,3495,4,0,C,127.0,S,4,0.0
3258,3258,3496_01,Mars,True,TRAPPIST-1e,18.0,False,0.0,0.0,0.0,0.0,0.0,0.0,1,3496,2,0,F,722.0,P,9,0.0
3259,3259,3496_02,Mars,True,TRAPPIST-1e,27.0,False,542.0,0.0,1231.0,0.0,1.0,1774.0,0,3496,2,0,F,722.0,P,9,1774.0
3260,3260,3497_01,Mars,True,TRAPPIST-1e,38.0,True,66.0,0.0,991.0,0.0,0.0,1057.0,0,3497,1,1,D,113.0,P,3,1057.0
3261,3261,3499_01,Earth,True,TRAPPIST-1e,21.0,False,196.0,5.0,674.0,12.0,20.0,907.0,0,3499,4,0,G,574.0,P,14,907.0
3262,3262,3499_02,Earth,True,TRAPPIST-1e,1.0,False,0.0,0.0,0.0,0.0,0.0,0.0,1,3499,4,0,G,574.0,P,15,0.0
3263,3263,3499_03,Earth,True,TRAPPIST-1e,38.0,False,0.0,1025.0,23.0,0.0,0.0,1048.0,0,3499,4,0,F,723.0,P,15,1048.0
3264,3264,3499_04,Earth,True,TRAPPIST-1e,0.0,False,0.0,0.0,0.0,0.0,0.0,0.0,1,3499,4,0,G,574.0,P,14,0.0
3265,3265,3501_01,Mars,True,TRAPPIST-1e,32.0,False,1272.0,0.0,1103.0,9.0,0.0,2384.0,0,3501,1,1,F,694.0,Z,2,2384.0
3266,3266,3504_01,Earth,True,TRAPPIST-1e,27.0,False,0.0,0.0,0.0,0.0,0.0,0.0,1,3504,1,1,G,575.0,P,7,0.0
3267,3267,3506_01,Europa,True,55 Cancri e,48.0,False,0.0,0.0,0.0,0.0,0.0,0.0,1,3506,1,1,B,113.0,P,6,0.0
3268,3268,3511_01,Mars,True,55 Cancri e,22.0,False,124.0,0.0,1763.0,0.0,1014.0,2901.0,0,3511,1,1,F,661.0,S,7,2901.0
3269,3269,3512_01,Earth,True,55 Cancri e,28.0,False,1.0,0.0,857.0,0.0,0.0,858.0,0,3512,1,1,F,662.0,S,10,858.0
3270,3270,3514_01,Earth,True,TRAPPIST-1e,19.0,False,122.0,170.0,52.0,0.0,465.0,809.0,0,3514,1,1,G,576.0,P,9,809.0
3271,3271,3515_01,Mars,True,TRAPPIST-1e,37.0,False,0.0,0.0,0.0,0.0,0.0,0.0,1,3515,2,0,F,725.0,P,11,0.0
3272,3272,3515_02,Mars,True,TRAPPIST-1e,46.0,False,0.0,0.0,0.0,0.0,0.0,0.0,1,3515,2,0,F,725.0,P,11,0.0
3273,3273,3518_01,Earth,True,TRAPPIST-1e,26.0,False,0.0,0.0,0.0,0.0,0.0,0.0,1,3518,1,1,G,566.0,S,2,0.0
3274,3274,3519_01,Earth,True,TRAPPIST-1e,16.0,False,0.0,0.0,722.0,0.0,1.0,723.0,0,3519,3,0,G,577.0,P,9,723.0
3275,3275,3519_02,Earth,True,TRAPPIST-1e,0.0,False,0.0,0.0,0.0,0.0,0.0,0.0,1,3519,3,0,G,577.0,P,9,0.0
3276,3276,3519_03,Earth,True,TRAPPIST-1e,0.0,False,0.0,0.0,0.0,0.0,0.0,0.0,1,3519,3,0,G,577.0,P,9,0.0
3277,3277,3520_01,Earth,True,TRAPPIST-1e,26.0,False,0.0,597.0,0.0,0.0,212.0,809.0,0,3520,2,0,G,578.0,P,12,809.0
3278,3278,3520_02,Earth,True,PSO J318.5-22,13.0,False,0.0,0.0,0.0,0.0,0.0,0.0,1,3520,2,0,G,567.0,P,12,0.0
3279,3279,3521_01,Europa,True,55 Cancri e,23.0,False,0.0,0.0,0.0,0.0,0.0,0.0,1,3521,2,0,B,127.0,S,4,0.0
3280,3280,3521_02,Europa,True,TRAPPIST-1e,70.0,False,0.0,0.0,0.0,0.0,0.0,0.0,1,3521,2,0,B,135.0,S,4,0.0
3281,3281,3523_01,Mars,True,TRAPPIST-1e,21.0,False,0.0,0.0,0.0,0.0,0.0,0.0,1,3523,1,1,F,664.0,S,10,0.0
3282,3282,3525_01,Mars,True,TRAPPIST-1e,40.0,False,0.0,0.0,0.0,0.0,0.0,0.0,1,3525,1,1,F,727.0,P,5,0.0
3283,3283,3527_01,Mars,True,TRAPPIST-1e,18.0,True,733.0,0.0,688.0,1.0,0.0,1422.0,0,3527,1,1,F,729.0,P,6,1422.0
3284,3284,3528_01,Earth,True,TRAPPIST-1e,23.0,False,1.0,0.0,778.0,8.0,171.25925925925927,787.0,0,3528,1,1,F,666.0,S,10,958.2592592592592
3285,3285,3530_01,Earth,True,TRAPPIST-1e,15.0,False,0.0,0.0,0.0,0.0,0.0,0.0,1,3530,1,1,G,568.0,S,8,0.0
3286,3286,3531_01,Mars,True,55 Cancri e,28.0,False,809.0,0.0,31.0,733.0,0.0,1573.0,0,3531,2,0,F,731.0,P,3,1573.0
3287,3287,3531_02,Mars,True,TRAPPIST-1e,45.0,False,0.0,0.0,0.0,0.0,0.0,0.0,1,3531,2,0,F,731.0,P,3,0.0
3288,3288,3533_01,Mars,True,TRAPPIST-1e,18.0,False,1749.0,50.0,280.0,2.0,0.0,2081.0,0,3533,1,1,E,211.0,P,4,2081.0
3289,3289,3534_01,Earth,True,TRAPPIST-1e,23.0,False,0.0,30.0,0.0,106.0,566.0,702.0,0,3534,1,1,F,732.0,P,6,702.0
3290,3290,3535_01,Mars,True,TRAPPIST-1e,36.0,False,1304.0,0.0,7.0,18.0,0.0,1329.0,0,3535,2,0,F,701.0,S,5,1329.0
3291,3291,3535_02,Mars,True,TRAPPIST-1e,25.0,False,0.0,0.0,0.0,0.0,0.0,0.0,1,3535,2,0,F,668.0,S,5,0.0
3292,3292,3536_01,Europa,True,55 Cancri e,28.0,False,0.0,0.0,0.0,0.0,0.0,0.0,1,3536,1,1,A,40.0,S,9,0.0
3293,3293,3537_01,Earth,True,55 Cancri e,29.0,False,0.0,10.0,0.0,0.0,715.0,725.0,0,3537,1,1,F,733.0,P,9,725.0
3294,3294,3539_01,Earth,True,TRAPPIST-1e,31.0,False,1.0,110.0,274.0,27.0,376.0,788.0,0,3539,1,1,E,239.0,S,7,788.0
3295,3295,3540_01,Earth,True,PSO J318.5-22,14.0,False,0.0,0.0,0.0,0.0,0.0,0.0,1,3540,1,1,G,579.0,P,12,0.0
3296,3296,3542_01,Mars,True,TRAPPIST-1e,31.0,False,0.0,0.0,0.0,0.0,0.0,0.0,1,3542,1,1,F,669.0,S,6,0.0
3297,3297,3543_01,Europa,True,TRAPPIST-1e,39.0,False,0.0,2804.0,0.0,130.0,139.0,3073.0,0,3543,3,0,C,116.0,P,5,3073.0
3298,3298,3543_02,Europa,True,55 Cancri e,17.0,False,0.0,0.0,0.0,0.0,0.0,0.0,1,3543,3,0,C,116.0,P,5,0.0
3299,3299,3543_03,Europa,True,TRAPPIST-1e,56.0,False,0.0,0.0,0.0,0.0,0.0,0.0,1,3543,3,0,C,116.0,P,5,0.0
3300,3300,3546_01,Earth,True,TRAPPIST-1e,36.0,False,0.0,10.0,0.0,0.0,223.56626506024097,10.0,0,3546,1,1,F,672.0,S,9,233.56626506024097
3301,3301,3547_01,Mars,True,55 Cancri e,21.0,False,1099.0,22.674418604651162,1820.0,0.0,0.0,2919.0,0,3547,1,1,D,112.0,S,3,2941.6744186046512
3302,3302,3548_01,Earth,True,TRAPPIST-1e,48.0,False,0.0,1794.0,0.0,0.0,5.0,1799.0,0,3548,1,1,G,580.0,P,7,1799.0
3303,3303,3550_01,Earth,True,TRAPPIST-1e,53.0,False,0.0,0.0,0.0,0.0,0.0,0.0,1,3550,3,0,G,570.0,S,8,0.0
3304,3304,3550_02,Earth,True,PSO J318.5-22,5.0,False,0.0,0.0,0.0,0.0,0.0,0.0,1,3550,3,0,G,570.0,S,8,0.0
3305,3305,3550_03,Earth,True,TRAPPIST-1e,21.0,False,0.0,0.0,0.0,0.0,0.0,0.0,1,3550,3,0,G,570.0,S,8,0.0
3306,3306,3552_01,Europa,True,55 Cancri e,50.0,False,4.0,217.0,0.0,2581.0,436.0,3238.0,0,3552,2,0,B,136.0,S,4,3238.0
3307,3307,3552_02,Europa,True,TRAPPIST-1e,18.0,False,0.0,0.0,0.0,0.0,0.0,0.0,1,3552,2,0,B,136.0,S,4,0.0
3308,3308,3553_01,Mars,True,TRAPPIST-1e,28.0,False,3.0,0.0,0.0,327.0,2054.0,2384.0,0,3553,1,1,F,705.0,Z,1,2384.0
3309,3309,3555_01,Earth,True,TRAPPIST-1e,28.0,False,766.0,0.0,1.0,258.0,26.0,1051.0,0,3555,1,1,F,735.0,P,8,1051.0
3310,3310,3556_01,Earth,True,TRAPPIST-1e,18.0,False,0.0,0.0,0.0,0.0,0.0,0.0,1,3556,1,1,G,572.0,S,9,0.0
3311,3311,3558_01,Mars,True,TRAPPIST-1e,37.0,False,78.0,0.0,0.0,2948.0,0.0,3026.0,0,3558,2,0,D,115.0,P,5,3026.0
3312,3312,3558_02,Mars,True,TRAPPIST-1e,19.0,False,0.0,0.0,0.0,0.0,0.0,0.0,1,3558,2,0,F,737.0,P,5,0.0
3313,3313,3559_01,Mars,True,TRAPPIST-1e,27.0,False,249.0,0.0,65.0,812.0,55.0,1181.0,0,3559,1,1,D,116.0,P,3,1181.0
3314,3314,3560_01,Mars,True,PSO J318.5-22,37.0,False,3.0,0.0,800.0,76.0,0.0,879.0,0,3560,1,1,D,117.0,P,10,879.0
3315,3315,3561_01,Mars,True,TRAPPIST-1e,43.0,False,0.0,0.0,0.0,0.0,0.0,0.0,1,3561,2,0,F,738.0,P,2,0.0
3316,3316,3561_02,Mars,True,TRAPPIST-1e,17.0,False,1617.0,0.0,1777.0,0.0,0.0,3394.0,0,3561,2,0,D,118.0,P,7,3394.0
3317,3317,3562_01,Mars,True,55 Cancri e,21.0,False,2581.0,354.0,1158.0,139.0,548.0,4780.0,0,3562,2,0,E,212.0,P,3,4780.0
3318,3318,3562_02,Mars,True,55 Cancri e,55.0,False,14.0,0.0,0.0,3778.0,1.0,3793.0,0,3562,2,0,D,119.0,P,3,3793.0
3319,3319,3563_01,Earth,True,TRAPPIST-1e,14.0,False,0.0,0.0,0.0,0.0,0.0,0.0,1,3563,1,1,G,581.0,P,6,0.0
3320,3320,3564_01,Earth,True,TRAPPIST-1e,24.0,False,0.0,0.0,0.0,0.0,0.0,0.0,1,3564,1,1,G,582.0,P,3,0.0
3321,3321,3565_01,Earth,True,PSO J318.5-22,26.0,False,0.0,0.0,0.0,0.0,0.0,0.0,1,3565,1,1,G,583.0,P,12,0.0
3322,3322,3566_01,Earth,True,55 Cancri e,19.0,False,0.0,336.0,508.0,1.0,0.0,845.0,0,3566,1,1,G,573.0,S,8,845.0
3323,3323,3567_01,Earth,True,TRAPPIST-1e,20.0,False,0.0,0.0,2687.0,35.0,340.0,3062.0,0,3567,1,1,F,739.0,P,9,3062.0
3324,3324,3568_01,Earth,True,TRAPPIST-1e,14.0,False,30.0,59.0,0.0,572.0,0.0,661.0,0,3568,1,1,F,740.0,P,4,661.0
3325,3325,3569_01,Mars,True,TRAPPIST-1e,19.0,False,0.0,0.0,0.0,0.0,0.0,0.0,1,3569,1,1,F,741.0,P,12,0.0
3326,3326,3570_01,Earth,True,PSO J318.5-22,15.0,False,85.0,373.0,160.0,5.0,0.0,623.0,0,3570,1,1,G,574.0,S,7,623.0
3327,3327,3572_01,Earth,True,TRAPPIST-1e,25.0,False,19.0,0.0,0.0,1679.0,0.0,1698.0,0,3572,1,1,G,584.0,P,6,1698.0
3328,3328,3573_01,Earth,True,PSO J318.5-22,24.0,False,0.0,33.0,0.0,84.0,1062.0,1179.0,0,3573,1,1,F,673.0,S,9,1179.0
3329,3329,3576_01,Earth,True,TRAPPIST-1e,22.0,False,0.0,4.0,0.0,0.0,1267.0,1271.0,0,3576,1,1,F,742.0,P,15,1271.0
3330,3330,3577_01,Mars,True,TRAPPIST-1e,26.0,False,1178.0,7.0,0.0,7.0,0.0,1192.0,0,3577,1,1,F,743.0,P,11,1192.0
3331,3331,3578_01,Mars,True,55 Cancri e,23.0,False,0.0,0.0,0.0,0.0,0.0,0.0,1,3578,1,1,F,710.0,Z,6,0.0
3332,3332,3579_01,Earth,True,PSO J318.5-22,20.0,False,0.0,0.0,1.0,0.0,2260.0,2261.0,0,3579,1,1,F,675.0,S,14,2261.0
3333,3333,3582_01,Earth,True,TRAPPIST-1e,53.0,False,323.0,120.0,14.0,450.0,0.0,907.0,0,3582,1,1,G,585.0,P,9,907.0
3334,3334,3584_01,Earth,True,TRAPPIST-1e,55.0,False,42.0,4.0,1215.0,0.0,3.0,1264.0,0,3584,1,1,F,676.0,S,9,1264.0
3335,3335,3586_01,Earth,True,TRAPPIST-1e,22.0,False,0.0,0.0,0.0,739.0,29.0,768.0,0,3586,1,1,G,586.0,P,3,768.0
3336,3336,3588_01,Mars,True,TRAPPIST-1e,35.0,False,576.0,0.0,459.0,22.0,0.0,1057.0,0,3588,2,0,D,120.0,P,8,1057.0
3337,3337,3588_02,Mars,True,TRAPPIST-1e,40.0,False,787.0,0.0,88.0,0.0,0.0,875.0,0,3588,2,0,D,120.0,P,8,875.0
3338,3338,3591_01,Earth,True,TRAPPIST-1e,22.0,False,0.0,0.0,0.0,0.0,1609.0,1609.0,0,3591,1,1,E,214.0,P,3,1609.0
3339,3339,3592_01,Mars,True,PSO J318.5-22,22.0,False,193.0,1.0,640.0,15.0,30.0,879.0,0,3592,2,0,D,121.0,P,6,879.0
3340,3340,3592_02,Mars,True,TRAPPIST-1e,21.0,False,354.0,113.0,511.06976744186045,487.0,0.0,954.0,0,3592,2,0,E,215.0,P,4,1465.0697674418604
3341,3341,3594_01,Earth,True,PSO J318.5-22,64.0,False,0.0,0.0,0.0,0.0,0.0,0.0,1,3594,1,1,G,588.0,P,9,0.0
3342,3342,3595_01,Europa,True,TRAPPIST-1e,40.0,False,0.0,0.0,0.0,0.0,0.0,0.0,1,3595,1,1,B,139.0,S,2,0.0
3343,3343,3596_01,Mars,True,TRAPPIST-1e,8.0,False,0.0,0.0,0.0,0.0,0.0,0.0,1,3596,1,1,F,745.0,P,9,0.0
3344,3344,3597_01,Earth,True,TRAPPIST-1e,25.0,False,0.0,813.0,89.0,12.0,0.0,914.0,0,3597,1,1,G,589.0,P,7,914.0
3345,3345,3598_01,Earth,True,55 Cancri e,19.0,False,616.0,0.0,46.0,0.0,14.0,676.0,0,3598,1,1,F,714.0,S,7,676.0
3346,3346,3600_01,Earth,True,TRAPPIST-1e,24.0,False,0.0,0.0,0.0,0.0,0.0,0.0,1,3600,1,1,G,580.0,S,6,0.0
3347,3347,3602_01,Mars,False,TRAPPIST-1e,11.0,False,0.0,0.0,0.0,0.0,0.0,0.0,1,3602,1,1,F,678.0,S,2,0.0
3348,3348,3605_01,Earth,True,55 Cancri e,31.0,False,0.0,0.0,0.0,0.0,0.0,0.0,1,3605,1,1,G,592.0,P,14,0.0
3349,3349,3606_01,Earth,True,TRAPPIST-1e,46.0,False,0.0,0.0,0.0,0.0,0.0,0.0,1,3606,1,1,G,593.0,P,9,0.0
3350,3350,3607_01,Mars,True,TRAPPIST-1e,31.0,False,0.0,0.0,0.0,0.0,0.0,0.0,1,3607,1,1,F,747.0,P,11,0.0
3351,3351,3608_01,Europa,True,55 Cancri e,17.0,False,0.0,0.0,0.0,0.0,0.0,0.0,1,3608,3,0,D,122.0,P,6,0.0
3352,3352,3608_02,Europa,True,TRAPPIST-1e,16.0,False,0.0,0.0,0.0,0.0,0.0,0.0,1,3608,3,0,D,122.0,P,6,0.0
3353,3353,3608_03,Europa,False,TRAPPIST-1e,57.0,False,0.0,0.0,0.0,0.0,0.0,0.0,1,3608,3,0,D,122.0,P,6,0.0
3354,3354,3609_01,Europa,True,55 Cancri e,28.0,False,5.0,2052.0,0.0,3340.0,913.5,5397.0,0,3609,4,0,C,118.0,P,6,6310.5
3355,3355,3609_02,Europa,True,TRAPPIST-1e,27.0,False,0.0,325.0,0.0,8.0,1622.0,1955.0,0,3609,4,0,C,118.0,P,6,1955.0
3356,3356,3609_03,Europa,False,55 Cancri e,28.0,False,0.0,0.0,0.0,0.0,0.0,0.0,1,3609,4,0,C,118.0,P,6,0.0
3357,3357,3609_04,Europa,True,55 Cancri e,26.0,False,0.0,0.0,0.0,0.0,0.0,0.0,1,3609,4,0,C,118.0,P,6,0.0
3358,3358,3610_01,Earth,True,TRAPPIST-1e,17.0,False,0.0,0.0,0.0,0.0,0.0,0.0,1,3610,2,0,G,582.0,S,6,0.0
3359,3359,3610_02,Earth,True,TRAPPIST-1e,36.0,False,5.0,225.67857142857142,896.0,0.0,1.0,902.0,0,3610,2,0,F,680.0,S,6,1127.6785714285713
3360,3360,3612_01,Earth,True,TRAPPIST-1e,24.0,False,1.0,790.0,0.0,0.0,0.0,791.0,0,3612,1,1,E,241.0,S,6,791.0
3361,3361,3613_01,Earth,True,TRAPPIST-1e,18.0,False,0.0,733.0,0.0,0.0,0.0,733.0,0,3613,1,1,F,748.0,P,6,733.0
3362,3362,3614_01,Earth,True,TRAPPIST-1e,20.0,False,2.0,0.0,7.0,2.0,547.0,558.0,0,3614,1,1,F,749.0,P,6,558.0
3363,3363,3615_01,Earth,True,55 Cancri e,10.0,False,0.0,0.0,0.0,0.0,0.0,0.0,1,3615,2,0,G,583.0,S,8,0.0
3364,3364,3615_02,Earth,True,TRAPPIST-1e,28.0,False,2.0,753.0,5.0,0.0,0.0,760.0,0,3615,2,0,F,682.0,S,8,760.0
3365,3365,3616_01,Earth,True,55 Cancri e,23.0,False,0.0,0.0,0.0,0.0,0.0,0.0,1,3616,1,1,G,584.0,S,7,0.0
3366,3366,3619_01,Europa,True,TRAPPIST-1e,36.0,False,43.0,2.0,0.0,14.0,16337.0,16396.0,0,3619,1,1,B,114.0,P,2,16396.0
3367,3367,3620_01,Europa,True,55 Cancri e,27.0,False,0.0,0.0,0.0,0.0,0.0,0.0,1,3620,1,1,B,115.0,P,2,0.0
3368,3368,3622_01,Europa,True,55 Cancri e,54.0,False,0.0,0.0,0.0,0.0,0.0,0.0,1,3622,2,0,C,119.0,P,6,0.0
3369,3369,3622_02,Europa,True,55 Cancri e,38.0,False,146.94594594594594,3456.0,0.0,1486.0,1157.0,6099.0,0,3622,2,0,C,119.0,P,6,6245.945945945946
3370,3370,3624_01,Earth,True,TRAPPIST-1e,29.0,False,0.0,0.0,0.0,0.0,0.0,0.0,1,3624,1,1,G,594.0,P,15,0.0
3371,3371,3625_01,Earth,True,TRAPPIST-1e,37.0,False,0.0,559.0,366.0,0.0,62.0,987.0,0,3625,1,1,E,216.0,P,11,987.0
3372,3372,3626_01,Earth,True,TRAPPIST-1e,36.0,False,0.0,0.0,0.0,0.0,0.0,0.0,1,3626,1,1,G,586.0,S,9,0.0
3373,3373,3628_01,Earth,True,55 Cancri e,18.0,False,42.0,103.0,0.0,498.0,0.0,643.0,0,3628,1,1,F,752.0,P,9,643.0
3374,3374,3629_01,Mars,True,TRAPPIST-1e,28.0,False,0.0,0.0,0.0,0.0,0.0,0.0,1,3629,1,1,F,753.0,P,6,0.0
3375,3375,3630_01,Earth,True,PSO J318.5-22,61.0,False,0.0,1.0,276.0,410.0,54.0,741.0,0,3630,1,1,F,754.0,P,6,741.0
3376,3376,3631_01,Earth,True,TRAPPIST-1e,19.0,False,0.0,0.0,0.0,484.0,344.0,828.0,0,3631,1,1,F,755.0,P,7,828.0
3377,3377,3634_01,Earth,True,TRAPPIST-1e,29.0,False,25.0,692.0,0.0,0.0,1.0,718.0,0,3634,1,1,E,242.0,S,11,718.0
3378,3378,3636_01,Mars,True,TRAPPIST-1e,37.0,False,1280.0,0.0,1.0,111.0,408.0,1800.0,0,3636,1,1,D,123.0,P,3,1800.0
3379,3379,3639_01,Europa,True,TRAPPIST-1e,29.0,False,125.0,5151.0,9.0,1.0,1.0,5287.0,0,3639,1,1,B,140.0,S,5,5287.0
3380,3380,3640_01,Earth,True,55 Cancri e,38.0,False,0.0,695.0,0.0,49.0,876.0,1620.0,0,3640,2,0,E,244.0,S,10,1620.0
3381,3381,3640_02,Earth,True,TRAPPIST-1e,41.0,False,0.0,0.0,0.0,0.0,0.0,0.0,1,3640,2,0,G,589.0,S,10,0.0
3382,3382,3641_01,Earth,True,PSO J318.5-22,23.0,False,0.0,0.0,0.0,0.0,0.0,0.0,1,3641,3,0,G,595.0,P,8,0.0
3383,3383,3641_02,Earth,True,TRAPPIST-1e,48.0,False,62.6,0.0,1.0,0.0,0.0,1.0,0,3641,3,0,G,595.0,P,15,63.6
3384,3384,3641_03,Earth,True,TRAPPIST-1e,0.0,False,0.0,0.0,0.0,0.0,0.0,0.0,1,3641,3,0,G,587.0,P,15,0.0
3385,3385,3642_01,Earth,True,TRAPPIST-1e,46.0,False,105.0,335.0,0.0,72.0,388.0,900.0,0,3642,1,1,F,757.0,P,6,900.0
3386,3386,3644_01,Mars,True,TRAPPIST-1e,36.0,False,0.0,0.0,0.0,0.0,0.0,0.0,1,3644,1,1,F,686.0,S,7,0.0
3387,3387,3645_01,Mars,True,TRAPPIST-1e,42.0,False,0.0,0.0,0.0,0.0,0.0,0.0,1,3645,5,0,D,124.0,P,11,0.0
3388,3388,3645_02,Mars,True,TRAPPIST-1e,35.5,False,0.0,0.0,0.0,0.0,0.0,0.0,1,3645,5,0,D,124.0,P,11,0.0
3389,3389,3645_03,Mars,True,TRAPPIST-1e,16.0,False,0.0,0.0,0.0,0.0,0.0,0.0,1,3645,5,0,D,124.0,P,11,0.0
3390,3390,3645_04,Mars,True,TRAPPIST-1e,43.0,False,0.0,0.0,0.0,0.0,0.0,0.0,1,3645,5,0,D,124.0,P,11,0.0
3391,3391,3645_05,Mars,True,TRAPPIST-1e,40.0,False,0.0,0.0,0.0,0.0,0.0,0.0,1,3645,5,0,D,124.0,P,11,0.0
3392,3392,3647_01,Europa,True,55 Cancri e,22.0,False,0.0,0.0,0.0,0.0,0.0,0.0,1,3647,1,1,C,132.0,S,8,0.0
3393,3393,3648_01,Earth,True,PSO J318.5-22,39.0,False,0.0,0.0,0.0,1144.0,0.0,1144.0,0,3648,1,1,F,687.0,S,2,1144.0
3394,3394,3650_01,Earth,True,TRAPPIST-1e,37.0,False,0.0,0.0,0.0,0.0,0.0,0.0,1,3650,1,1,G,596.0,P,5,0.0
3395,3395,3652_01,Earth,True,TRAPPIST-1e,28.0,False,0.0,0.0,0.0,0.0,0.0,0.0,1,3652,1,1,G,591.0,S,4,0.0
3396,3396,3653_01,Earth,True,TRAPPIST-1e,29.0,False,97.0,0.0,444.0,366.0,0.0,907.0,0,3653,1,1,G,592.0,S,8,907.0
3397,3397,3654_01,Earth,True,55 Cancri e,14.0,False,1.0,0.0,827.0,0.0,3.0,831.0,0,3654,2,0,F,689.0,S,11,831.0
3398,3398,3654_02,Earth,True,TRAPPIST-1e,15.0,False,0.0,398.0,0.0,467.0,0.0,865.0,0,3654,2,0,F,689.0,S,11,865.0
3399,3399,3655_01,Earth,True,TRAPPIST-1e,17.0,False,0.0,432.0,0.0,3003.0,0.0,3435.0,0,3655,1,1,F,690.0,S,6,3435.0
3400,3400,3658_01,Earth,True,TRAPPIST-1e,4.0,False,0.0,0.0,0.0,0.0,0.0,0.0,1,3658,2,0,G,593.0,S,9,0.0
3401,3401,3658_02,Earth,True,TRAPPIST-1e,24.0,False,3.0,2053.0,335.0,0.0,4.0,2395.0,0,3658,2,0,E,245.0,S,9,2395.0
3402,3402,3660_01,Earth,True,TRAPPIST-1e,26.0,False,42.0,0.0,671.0,71.0,0.0,784.0,0,3660,1,1,G,594.0,S,3,784.0
3403,3403,3662_01,Europa,True,55 Cancri e,22.0,False,37.509803921568626,171.0,2233.0,1.0,800.0,3205.0,0,3662,2,0,B,142.0,S,6,3242.5098039215686
3404,3404,3662_02,Europa,True,55 Cancri e,38.0,False,0.0,0.0,0.0,0.0,0.0,0.0,1,3662,2,0,B,142.0,S,6,0.0
3405,3405,3664_01,Mars,True,TRAPPIST-1e,30.0,False,0.0,0.0,0.0,0.0,0.0,0.0,1,3664,1,1,F,691.0,S,4,0.0
3406,3406,3665_01,Earth,True,55 Cancri e,29.0,False,0.0,0.0,0.0,0.0,0.0,0.0,1,3665,1,1,G,595.0,S,9,0.0
3407,3407,3667_01,Europa,True,55 Cancri e,26.0,False,0.0,0.0,0.0,0.0,0.0,0.0,1,3667,1,1,A,42.0,S,3,0.0
3408,3408,3668_01,Europa,True,55 Cancri e,41.0,False,0.0,0.0,0.0,0.0,0.0,0.0,1,3668,1,1,C,120.0,P,3,0.0
3409,3409,3671_01,Earth,True,TRAPPIST-1e,50.0,False,43.0,661.0,1.0,85.0,0.0,790.0,0,3671,1,1,E,246.0,S,5,790.0
3410,3410,3674_01,Earth,True,55 Cancri e,34.0,False,232.0,457.0,1.0,218.0,0.0,908.0,0,3674,1,1,G,600.0,S,12,908.0
3411,3411,3677_01,Earth,True,PSO J318.5-22,24.0,False,105.0,0.0,37.0,518.0,0.0,660.0,0,3677,1,1,F,694.0,S,11,660.0
3412,3412,3678_01,Earth,True,TRAPPIST-1e,24.0,False,0.0,0.0,788.0,0.0,3.0,791.0,0,3678,1,1,E,247.0,S,10,791.0
3413,3413,3679_01,Europa,True,TRAPPIST-1e,45.0,False,0.0,0.0,0.0,0.0,0.0,0.0,1,3679,1,1,B,116.0,P,1,0.0
3414,3414,3680_01,Europa,True,55 Cancri e,35.0,False,0.0,388.0,0.0,1792.0,2891.0,5071.0,0,3680,2,0,C,121.0,P,13,5071.0
3415,3415,3680_02,Europa,True,55 Cancri e,23.0,False,0.0,0.0,0.0,0.0,0.0,0.0,1,3680,2,0,C,121.0,P,13,0.0
3416,3416,3681_01,Europa,True,55 Cancri e,23.0,False,0.0,0.0,0.0,0.0,0.0,0.0,1,3681,2,0,B,144.0,S,3,0.0
3417,3417,3681_02,Europa,True,TRAPPIST-1e,21.0,False,4.0,847.027027027027,137.0,1640.0,455.0,2236.0,0,3681,2,0,B,144.0,S,3,3083.027027027027
3418,3418,3682_01,Mars,True,TRAPPIST-1e,19.0,False,0.0,0.0,0.0,0.0,0.0,0.0,1,3682,1,1,F,761.0,P,3,0.0
3419,3419,3686_01,Earth,True,TRAPPIST-1e,24.0,False,25.0,284.0,0.0,330.0,64.0,703.0,0,3686,1,1,F,696.0,S,4,703.0
3420,3420,3688_01,Mars,True,55 Cancri e,2.0,False,0.0,0.0,0.0,0.0,0.0,0.0,1,3688,3,0,F,697.0,S,4,0.0
3421,3421,3688_02,Mars,True,TRAPPIST-1e,0.0,False,0.0,0.0,0.0,0.0,0.0,0.0,1,3688,3,0,F,697.0,S,4,0.0
3422,3422,3688_03,Mars,True,TRAPPIST-1e,20.0,False,0.0,0.0,0.0,0.0,0.0,0.0,1,3688,3,0,F,697.0,S,4,0.0
3423,3423,3690_01,Earth,True,TRAPPIST-1e,35.0,False,0.0,30.0,357.0,435.0,0.0,822.0,0,3690,1,1,F,762.0,P,18,822.0
3424,3424,3691_01,Mars,True,TRAPPIST-1e,34.0,False,1404.0,0.0,4.0,359.0,0.0,1767.0,0,3691,1,1,F,763.0,P,4,1767.0
3425,3425,3692_01,Earth,True,TRAPPIST-1e,26.0,False,808.0,60.0,0.0,16.0,3.0,887.0,0,3692,1,1,G,598.0,P,5,887.0
3426,3426,3693_01,Earth,True,TRAPPIST-1e,26.0,False,0.0,0.0,0.0,0.0,0.0,0.0,1,3693,1,1,G,603.0,S,4,0.0
3427,3427,3699_01,Europa,True,55 Cancri e,32.0,False,0.0,0.0,0.0,0.0,0.0,0.0,1,3699,4,0,C,123.0,P,5,0.0
3428,3428,3699_02,Europa,True,55 Cancri e,25.0,False,0.0,17432.0,0.0,241.0,2102.0,19775.0,0,3699,4,0,C,123.0,P,5,19775.0
3429,3429,3699_03,Europa,True,55 Cancri e,30.0,False,0.0,0.0,0.0,0.0,0.0,0.0,1,3699,4,0,C,123.0,P,5,0.0
3430,3430,3699_04,Europa,True,TRAPPIST-1e,57.0,False,0.0,3859.0,13.0,195.0,3874.0,7941.0,0,3699,4,0,C,123.0,P,5,7941.0
3431,3431,3700_01,Earth,True,TRAPPIST-1e,23.0,False,58.0,396.0,15.0,137.52083333333334,180.0,649.0,0,3700,1,1,F,767.0,P,6,786.5208333333334
3432,3432,3702_01,Mars,True,TRAPPIST-1e,32.0,False,0.0,0.0,0.0,0.0,0.0,0.0,1,3702,1,1,E,220.0,P,9,0.0
3433,3433,3703_01,Mars,True,TRAPPIST-1e,27.0,False,0.0,0.0,0.0,0.0,0.0,0.0,1,3703,2,0,F,768.0,P,5,0.0
3434,3434,3703_02,Mars,True,TRAPPIST-1e,20.0,False,1377.0,267.0,36.0,0.0,0.0,1680.0,0,3703,2,0,F,768.0,P,5,1680.0
3435,3435,3704_01,Earth,True,TRAPPIST-1e,21.0,False,120.0,235.0,0.0,156.9402390438247,0.0,355.0,0,3704,1,1,F,699.0,S,13,511.9402390438247
3436,3436,3705_01,Earth,True,TRAPPIST-1e,19.0,False,238.0,1.0,28.0,207.0,119.0,593.0,0,3705,1,1,F,769.0,P,2,593.0
3437,3437,3706_01,Mars,True,TRAPPIST-1e,16.0,False,424.0,0.0,246.0,370.0,0.0,1040.0,0,3706,2,0,F,770.0,P,4,1040.0
3438,3438,3706_02,Mars,True,TRAPPIST-1e,18.0,False,131.0,0.0,980.0,1.0,0.0,1112.0,0,3706,2,0,F,770.0,P,4,1112.0
3439,3439,3707_01,Earth,True,TRAPPIST-1e,18.0,False,622.0,53.0,8.0,47.0,39.0,769.0,0,3707,2,0,G,604.0,S,5,769.0
3440,3440,3707_02,Earth,True,TRAPPIST-1e,22.0,False,0.0,0.0,889.0,0.0,0.0,889.0,0,3707,2,0,G,604.0,S,5,889.0
3441,3441,3708_01,Earth,True,55 Cancri e,22.0,False,0.0,0.0,0.0,0.0,0.0,0.0,1,3708,1,1,G,600.0,P,8,0.0
3442,3442,3710_01,Earth,True,55 Cancri e,35.0,False,432.0,0.0,377.0,0.0,0.0,809.0,0,3710,3,0,G,601.0,P,9,809.0
3443,3443,3710_02,Earth,True,TRAPPIST-1e,8.0,False,0.0,0.0,0.0,0.0,0.0,0.0,1,3710,3,0,G,601.0,P,9,0.0
3444,3444,3710_03,Earth,True,55 Cancri e,5.0,False,0.0,0.0,0.0,0.0,0.0,0.0,1,3710,3,0,G,601.0,P,9,0.0
3445,3445,3711_01,Mars,True,TRAPPIST-1e,40.0,False,0.0,0.0,0.0,0.0,0.0,0.0,1,3711,3,0,F,700.0,S,9,0.0
3446,3446,3711_02,Mars,True,TRAPPIST-1e,31.0,False,3471.0,0.0,232.0,0.0,0.0,3703.0,0,3711,3,0,F,700.0,S,9,3703.0
3447,3447,3711_03,Mars,True,TRAPPIST-1e,9.0,False,0.0,0.0,0.0,0.0,0.0,0.0,1,3711,3,0,F,700.0,S,9,0.0
3448,3448,3713_01,Europa,True,TRAPPIST-1e,56.0,False,0.0,0.0,0.0,0.0,0.0,0.0,1,3713,3,0,C,133.0,S,4,0.0
3449,3449,3713_02,Europa,True,55 Cancri e,39.0,False,0.0,0.0,0.0,0.0,0.0,0.0,1,3713,3,0,C,133.0,S,4,0.0
3450,3450,3713_03,Europa,True,TRAPPIST-1e,18.0,False,0.0,0.0,0.0,0.0,0.0,0.0,1,3713,3,0,C,133.0,S,4,0.0
3451,3451,3714_01,Mars,True,TRAPPIST-1e,45.0,False,48.0,1652.0,761.0,138.0,0.0,2599.0,0,3714,2,0,F,702.0,S,7,2599.0
3452,3452,3714_02,Mars,True,PSO J318.5-22,33.0,False,33.0,397.0,354.0,81.92,0.0,784.0,0,3714,2,0,D,116.0,S,7,865.92
3453,3453,3715_01,Earth,True,PSO J318.5-22,2.0,False,0.0,0.0,0.0,0.0,0.0,0.0,1,3715,4,0,G,602.0,P,8,0.0
3454,3454,3715_02,Earth,True,TRAPPIST-1e,1.0,False,0.0,0.0,0.0,0.0,0.0,0.0,1,3715,4,0,G,602.0,P,8,0.0
3455,3455,3715_03,Earth,True,TRAPPIST-1e,2.0,False,0.0,0.0,0.0,0.0,0.0,0.0,1,3715,4,0,G,602.0,P,8,0.0
3456,3456,3715_04,Earth,True,TRAPPIST-1e,16.0,False,0.0,0.0,0.0,0.0,0.0,0.0,1,3715,4,0,G,602.0,P,8,0.0
3457,3457,3716_01,Earth,True,TRAPPIST-1e,18.0,False,18.0,2.0,1769.0,1.0,2.0,1792.0,0,3716,1,1,G,603.0,P,9,1792.0
3458,3458,3719_01,Mars,True,TRAPPIST-1e,28.0,True,1193.0,0.0,2509.0,0.0,0.0,3702.0,0,3719,2,0,F,738.0,S,4,3702.0
3459,3459,3719_02,Mars,True,TRAPPIST-1e,45.0,False,0.0,0.0,0.0,0.0,0.0,0.0,1,3719,2,0,F,704.0,S,4,0.0
3460,3460,3724_01,Earth,True,TRAPPIST-1e,24.0,False,0.0,0.0,0.0,0.0,0.0,0.0,1,3724,1,1,G,609.0,S,5,0.0
3461,3461,3726_01,Earth,True,TRAPPIST-1e,35.0,False,0.0,0.0,0.0,0.0,0.0,0.0,1,3726,1,1,G,604.0,P,5,0.0
3462,3462,3728_01,Earth,True,PSO J318.5-22,16.0,False,0.0,0.0,0.0,0.0,0.0,0.0,1,3728,1,1,G,612.0,S,7,0.0
3463,3463,3729_01,Earth,True,PSO J318.5-22,40.0,False,0.0,0.0,0.0,0.0,0.0,0.0,1,3729,1,1,G,605.0,P,0,0.0
3464,3464,3732_01,Europa,True,55 Cancri e,5.0,False,0.0,0.0,0.0,0.0,0.0,0.0,1,3732,4,0,A,43.0,S,9,0.0
3465,3465,3732_02,Europa,True,TRAPPIST-1e,29.0,False,0.0,8444.0,0.0,2989.0,8735.0,20168.0,0,3732,4,0,A,43.0,S,9,20168.0
3466,3466,3732_03,Europa,True,TRAPPIST-1e,31.0,False,0.0,0.0,0.0,0.0,0.0,0.0,1,3732,4,0,A,43.0,S,9,0.0
3467,3467,3732_04,Europa,True,55 Cancri e,27.0,False,3340.0,588.0,222.77333333333334,173.0,71.0,4172.0,0,3732,4,0,A,43.0,S,9,4394.7733333333335
3468,3468,3733_01,Europa,True,TRAPPIST-1e,34.0,True,0.0,4.0,0.0,685.0,1779.0,2468.0,0,3733,1,1,D,118.0,S,5,2468.0
3469,3469,3734_01,Earth,True,PSO J318.5-22,15.0,False,0.0,0.0,0.0,0.0,0.0,0.0,1,3734,1,1,G,606.0,P,4,0.0
3470,3470,3735_01,Europa,True,TRAPPIST-1e,43.0,False,2.0,3846.0,0.0,3.0,346.0,4197.0,0,3735,2,0,D,119.0,S,11,4197.0
3471,3471,3735_02,Europa,True,55 Cancri e,30.0,False,0.0,787.0,116.0,1924.0,2.0,2829.0,0,3735,2,0,D,119.0,S,11,2829.0
3472,3472,3736_01,Europa,True,TRAPPIST-1e,61.0,False,328.0,5193.0,0.0,20.0,533.0,6074.0,0,3736,1,1,B,145.0,S,5,6074.0
3473,3473,3737_01,Earth,True,TRAPPIST-1e,48.0,False,0.0,0.0,632.0,250.0,0.0,882.0,0,3737,2,0,G,614.0,S,12,882.0
3474,3474,3737_02,Earth,True,55 Cancri e,17.0,False,0.0,0.0,0.0,0.0,0.0,0.0,1,3737,2,0,G,614.0,S,12,0.0
3475,3475,3739_01,Earth,True,TRAPPIST-1e,19.0,False,0.0,312.0,2.0,76.0,418.0,808.0,0,3739,1,1,G,615.0,S,8,808.0
3476,3476,3741_01,Europa,True,TRAPPIST-1e,29.0,False,0.0,0.0,0.0,0.0,0.0,0.0,1,3741,1,1,B,117.0,P,5,0.0
3477,3477,3742_01,Earth,True,55 Cancri e,2.0,False,0.0,0.0,0.0,0.0,0.0,0.0,1,3742,2,0,G,607.0,P,10,0.0
3478,3478,3742_02,Earth,True,TRAPPIST-1e,24.0,False,0.0,0.0,0.0,0.0,0.0,0.0,1,3742,2,0,G,607.0,P,10,0.0
3479,3479,3743_01,Earth,True,TRAPPIST-1e,19.0,False,0.0,827.0,5.0,55.0,0.0,887.0,0,3743,1,1,G,616.0,S,2,887.0
3480,3480,3744_01,Mars,True,PSO J318.5-22,34.0,True,0.0,490.0,869.0,0.0,0.0,1359.0,0,3744,1,1,E,249.0,S,8,1359.0
3481,3481,3745_01,Earth,True,TRAPPIST-1e,19.0,False,135.90983606557376,2.0,14.0,755.0,0.0,771.0,0,3745,1,1,G,608.0,P,13,906.9098360655737
3482,3482,3747_01,Europa,True,TRAPPIST-1e,39.0,False,0.0,2576.0,0.0,234.0,237.0,3047.0,0,3747,4,0,B,118.0,P,3,3047.0
3483,3483,3747_02,Europa,True,TRAPPIST-1e,26.0,False,0.0,0.0,0.0,0.0,0.0,0.0,1,3747,4,0,B,118.0,P,2,0.0
3484,3484,3747_03,Europa,True,TRAPPIST-1e,53.0,False,0.0,3377.0,0.0,193.0,5563.0,9133.0,0,3747,4,0,B,118.0,P,2,9133.0
3485,3485,3747_04,Europa,True,55 Cancri e,18.0,False,0.0,0.0,0.0,0.0,0.0,0.0,1,3747,4,0,B,118.0,P,8,0.0
3486,3486,3748_01,Mars,True,TRAPPIST-1e,29.0,False,0.0,0.0,0.0,0.0,0.0,0.0,1,3748,1,1,F,774.0,P,5,0.0
3487,3487,3749_01,Europa,True,55 Cancri e,45.0,False,0.0,0.0,0.0,0.0,0.0,0.0,1,3749,2,0,B,119.0,P,6,0.0
3488,3488,3749_02,Europa,True,TRAPPIST-1e,32.0,False,0.0,0.0,0.0,0.0,0.0,0.0,1,3749,2,0,B,119.0,P,6,0.0
3489,3489,3750_01,Earth,True,TRAPPIST-1e,18.0,False,64.0,0.0,3.0,3440.0,5.0,3512.0,0,3750,2,0,F,775.0,P,15,3512.0
3490,3490,3750_02,Earth,True,TRAPPIST-1e,48.0,False,396.0,0.0,274.26666666666665,0.0,297.0,693.0,0,3750,2,0,G,610.0,P,15,967.2666666666667
3491,3491,3751_01,Earth,True,TRAPPIST-1e,24.0,False,0.0,274.0,594.0,35.0,658.0,1561.0,0,3751,1,1,G,605.0,P,6,1561.0
3492,3492,3752_01,Europa,True,TRAPPIST-1e,52.0,False,0.0,5.0,0.0,108.0,1788.0,1901.0,0,3752,1,1,D,120.0,S,4,1901.0
3493,3493,3753_01,Earth,True,55 Cancri e,55.0,False,0.0,519.0,131.0,63.0,3.0,716.0,0,3753,1,1,F,776.0,P,0,716.0
3494,3494,3754_01,Earth,True,TRAPPIST-1e,43.0,False,0.0,0.0,0.0,0.0,0.0,0.0,1,3754,1,1,G,611.0,P,7,0.0
3495,3495,3755_01,Earth,True,TRAPPIST-1e,24.0,False,0.0,0.0,0.0,0.0,0.0,0.0,1,3755,2,0,G,605.0,P,8,0.0
3496,3496,3755_02,Earth,True,PSO J318.5-22,8.0,False,0.0,0.0,0.0,0.0,0.0,0.0,1,3755,2,0,G,612.0,P,8,0.0
3497,3497,3756_01,Mars,True,TRAPPIST-1e,18.0,False,0.0,0.0,0.0,0.0,0.0,0.0,1,3756,1,1,F,707.0,S,3,0.0
3498,3498,3757_01,Earth,True,TRAPPIST-1e,38.0,False,0.0,0.0,0.0,0.0,0.0,0.0,1,3757,1,1,G,617.0,S,9,0.0
3499,3499,3758_01,Earth,True,TRAPPIST-1e,18.0,False,381.0,4.0,0.0,0.0,368.0,753.0,0,3758,2,0,G,618.0,S,17,753.0
3500,3500,3758_02,Earth,True,PSO J318.5-22,23.0,False,0.0,0.0,0.0,0.0,0.0,0.0,1,3758,2,0,G,618.0,S,17,0.0
3501,3501,3759_01,Earth,True,TRAPPIST-1e,26.0,False,0.0,0.0,0.0,0.0,0.0,0.0,1,3759,1,1,G,619.0,S,7,0.0
3502,3502,3760_01,Earth,True,PSO J318.5-22,21.0,False,0.0,0.0,0.0,0.0,0.0,0.0,1,3760,1,1,G,613.0,P,8,0.0
3503,3503,3761_01,Europa,True,55 Cancri e,45.0,False,824.0,2196.0,385.0,19.0,1113.0,4537.0,0,3761,1,1,E,222.0,P,5,4537.0
3504,3504,3765_01,Mars,True,TRAPPIST-1e,24.0,False,0.0,0.0,0.0,0.0,0.0,0.0,1,3765,1,1,F,709.0,S,3,0.0
3505,3505,3767_01,Europa,True,55 Cancri e,44.0,False,0.0,280.0,112.0,0.0,9244.0,9636.0,0,3767,1,1,B,146.0,S,3,9636.0
3506,3506,3768_01,Earth,True,TRAPPIST-1e,20.0,False,0.0,0.0,717.0,0.0,0.0,717.0,0,3768,1,1,F,710.0,S,6,717.0
3507,3507,3769_01,Mars,True,TRAPPIST-1e,47.0,False,1037.0,0.0,258.0,4.0,0.0,1299.0,0,3769,1,1,E,251.0,S,2,1299.0
3508,3508,3770_01,Earth,True,TRAPPIST-1e,16.0,False,0.0,0.0,0.0,0.0,0.0,0.0,1,3770,1,1,G,615.0,P,9,0.0
3509,3509,3771_01,Europa,True,TRAPPIST-1e,28.0,False,80.0,828.0,0.0,4494.0,4269.0,9671.0,0,3771,1,1,B,120.0,P,7,9671.0
3510,3510,3772_01,Earth,True,55 Cancri e,8.0,False,0.0,0.0,0.0,0.0,0.0,0.0,1,3772,2,0,G,616.0,P,7,0.0
3511,3511,3772_02,Earth,True,TRAPPIST-1e,20.0,False,0.0,144.81690140845072,422.0,0.0,0.0,422.0,0,3772,2,0,F,777.0,P,7,566.8169014084507
3512,3512,3773_01,Earth,True,PSO J318.5-22,22.0,False,2.0,257.0,348.0,2.0,0.0,609.0,0,3773,3,0,F,711.0,S,8,609.0
3513,3513,3773_02,Earth,True,TRAPPIST-1e,42.0,False,55.0,0.0,1503.0,0.0,0.0,1558.0,0,3773,3,0,F,711.0,S,8,1558.0
3514,3514,3773_03,Earth,True,PSO J318.5-22,23.0,False,0.0,552.0,44.0,0.0,661.0,1257.0,0,3773,3,0,F,711.0,S,8,1257.0
3515,3515,3774_01,Earth,True,TRAPPIST-1e,30.0,False,513.0,0.0,0.0,0.0,317.0,830.0,0,3774,3,0,F,778.0,P,13,830.0
3516,3516,3774_02,Earth,True,TRAPPIST-1e,18.0,False,0.0,0.0,0.0,0.0,0.0,0.0,1,3774,3,0,G,617.0,P,13,0.0
3517,3517,3774_03,Earth,True,TRAPPIST-1e,35.0,False,227.0,117.0,394.0,9.0,56.0,803.0,0,3774,3,0,F,778.0,P,13,803.0
3518,3518,3775_01,Mars,True,TRAPPIST-1e,42.0,False,0.0,0.0,0.0,0.0,0.0,0.0,1,3775,2,0,F,712.0,S,11,0.0
3519,3519,3775_02,Mars,True,TRAPPIST-1e,46.0,False,0.0,0.0,0.0,0.0,0.0,0.0,1,3775,2,0,F,712.0,S,4,0.0
3520,3520,3776_01,Europa,True,TRAPPIST-1e,29.0,False,2.0,407.0,4509.0,1433.0,9.0,6360.0,0,3776,1,1,C,134.0,S,2,6360.0
3521,3521,3777_01,Europa,True,55 Cancri e,35.0,False,0.0,0.0,0.0,0.0,0.0,0.0,1,3777,1,1,B,147.0,S,3,0.0
3522,3522,3778_01,Earth,True,TRAPPIST-1e,48.0,False,0.0,21.0,0.0,0.0,786.0,807.0,0,3778,1,1,F,713.0,S,8,807.0
3523,3523,3779_01,Earth,True,TRAPPIST-1e,24.0,False,1.0,677.0,13.0,10.0,0.0,701.0,0,3779,1,1,F,714.0,S,12,701.0
3524,3524,3781_01,Europa,True,TRAPPIST-1e,38.0,False,821.0,960.0,0.0,27.0,321.0,2129.0,0,3781,1,1,A,44.0,S,3,2129.0
3525,3525,3783_01,Earth,True,55 Cancri e,51.0,False,183.0,0.0,1.0,0.0,1103.0,1287.0,0,3783,1,1,F,780.0,P,11,1287.0
3526,3526,3784_01,Earth,True,TRAPPIST-1e,77.0,False,0.0,0.0,131.0,3981.0,108.0,4220.0,0,3784,1,1,G,618.0,P,8,4220.0
3527,3527,3785_01,Earth,True,TRAPPIST-1e,22.0,False,0.0,0.0,0.0,0.0,0.0,0.0,1,3785,1,1,G,619.0,P,13,0.0
3528,3528,3786_01,Mars,True,TRAPPIST-1e,38.0,True,936.0,0.0,1355.0,0.0,0.0,1355.0,0,3786,2,0,E,252.0,S,11,2291.0
3529,3529,3786_02,Mars,True,TRAPPIST-1e,42.0,False,913.0,4.0,1.0,1465.0,0.0,2383.0,0,3786,2,0,D,121.0,S,11,2383.0
3530,3530,3787_01,Mars,True,TRAPPIST-1e,55.0,False,0.0,0.0,0.0,0.0,0.0,0.0,1,3787,3,0,F,716.0,S,10,0.0
3531,3531,3787_02,Mars,True,TRAPPIST-1e,7.0,False,0.0,0.0,0.0,0.0,0.0,0.0,1,3787,3,0,F,716.0,S,10,0.0
3532,3532,3787_03,Mars,True,TRAPPIST-1e,30.0,False,132.0,75.0,849.0,0.0,0.0,1056.0,0,3787,3,0,D,122.0,S,10,1056.0
3533,3533,3788_01,Mars,True,TRAPPIST-1e,25.0,False,519.0,0.0,284.0,0.0,0.0,803.0,0,3788,1,1,D,127.0,P,5,803.0
3534,3534,3789_01,Earth,True,TRAPPIST-1e,15.0,False,0.0,0.0,0.0,0.0,0.0,0.0,1,3789,1,1,G,620.0,S,5,0.0
3535,3535,3790_01,Earth,True,TRAPPIST-1e,13.0,False,0.0,0.0,0.0,0.0,0.0,0.0,1,3790,1,1,G,620.0,P,9,0.0
3536,3536,3793_01,Earth,True,55 Cancri e,23.0,False,0.0,0.0,0.0,0.0,0.0,0.0,1,3793,1,1,G,622.0,S,11,0.0
3537,3537,3795_01,Europa,True,55 Cancri e,35.0,False,0.0,0.0,0.0,0.0,0.0,0.0,1,3795,1,1,C,136.0,S,6,0.0
3538,3538,3796_01,Europa,True,55 Cancri e,33.0,False,90.0,26830.0,0.0,27.0,703.0,27650.0,0,3796,1,1,B,121.0,P,4,27650.0
3539,3539,3797_01,Europa,True,TRAPPIST-1e,26.0,False,0.0,0.0,0.0,0.0,0.0,0.0,1,3797,1,1,B,122.0,P,5,0.0
3540,3540,3798_01,Europa,True,TRAPPIST-1e,67.0,False,0.0,0.0,0.0,0.0,0.0,0.0,1,3798,1,1,E,253.0,S,4,0.0
3541,3541,3801_01,Earth,True,55 Cancri e,27.0,False,0.0,0.0,0.0,36.0,437.0,473.0,0,3801,1,1,G,622.0,P,8,473.0
3542,3542,3803_01,Mars,True,TRAPPIST-1e,33.0,False,25.0,0.0,1376.0,604.0,0.0,2005.0,0,3803,1,1,F,782.0,P,11,2005.0
3543,3543,3804_01,Earth,True,TRAPPIST-1e,18.0,False,0.0,17.0,0.0,0.0,784.0,801.0,0,3804,1,1,F,783.0,P,7,801.0
3544,3544,3805_01,Earth,True,TRAPPIST-1e,36.0,False,357.0,0.0,114.0,0.0,223.56626506024097,471.0,0,3805,1,1,F,784.0,P,8,694.566265060241
3545,3545,3807_01,Earth,True,TRAPPIST-1e,18.0,False,0.0,0.0,0.0,0.0,0.0,0.0,1,3807,1,1,G,623.0,S,8,0.0
3546,3546,3810_01,Earth,True,TRAPPIST-1e,51.0,False,406.0,0.0,53.0,0.0,350.0,809.0,0,3810,1,1,G,624.0,S,8,809.0
3547,3547,3811_01,Mars,True,TRAPPIST-1e,54.0,False,0.0,0.0,0.0,0.0,0.0,0.0,1,3811,2,0,F,786.0,P,8,0.0
3548,3548,3811_02,Mars,True,TRAPPIST-1e,33.0,False,3361.0,0.0,13.0,15.0,0.0,3389.0,0,3811,2,0,D,128.0,P,8,3389.0
3549,3549,3812_01,Earth,True,TRAPPIST-1e,18.0,False,14.0,651.0,11.0,17.0,128.77777777777777,693.0,0,3812,1,1,F,717.0,S,7,821.7777777777778
3550,3550,3814_01,Europa,True,TRAPPIST-1e,57.0,False,0.0,0.0,0.0,0.0,0.0,0.0,1,3814,1,1,D,129.0,P,6,0.0
3551,3551,3815_01,Earth,True,TRAPPIST-1e,23.0,False,0.0,0.0,0.0,724.0,80.0,804.0,0,3815,1,1,F,787.0,P,9,804.0
3552,3552,3816_01,Earth,True,TRAPPIST-1e,24.0,False,58.0,0.0,4.0,789.0,54.0,905.0,0,3816,1,1,E,225.0,P,6,905.0
3553,3553,3817_01,Mars,True,TRAPPIST-1e,20.0,False,984.0,1.0,921.0,0.0,50.333333333333336,1906.0,0,3817,1,1,E,226.0,P,5,1956.3333333333333
3554,3554,3818_01,Earth,True,TRAPPIST-1e,32.0,False,0.0,600.0,80.0,0.0,18.0,698.0,0,3818,1,1,G,616.0,Z,8,698.0
3555,3555,3820_01,Mars,True,TRAPPIST-1e,21.0,False,0.0,0.0,0.0,0.0,0.0,0.0,1,3820,1,1,F,790.0,P,3,0.0
3556,3556,3821_01,Earth,True,PSO J318.5-22,25.5,False,0.0,2.0,0.0,0.0,867.0,869.0,0,3821,1,1,G,616.0,S,11,869.0
3557,3557,3822_01,Earth,True,PSO J318.5-22,41.0,False,0.0,122.0,0.0,104.0,486.0,712.0,0,3822,1,1,F,718.0,S,9,712.0
3558,3558,3823_01,Mars,True,TRAPPIST-1e,27.0,False,1192.0,0.0,0.0,0.0,0.0,1192.0,0,3823,1,1,F,719.0,S,3,1192.0
3559,3559,3824_01,Earth,True,PSO J318.5-22,49.0,False,0.0,51.0,101.0,50.0,178.4857142857143,202.0,0,3824,1,1,G,625.0,S,19,380.48571428571427
3560,3560,3826_01,Earth,True,TRAPPIST-1e,18.0,False,0.0,0.0,0.0,1565.0,224.0,1789.0,0,3826,1,1,G,626.0,S,12,1789.0
3561,3561,3830_01,Earth,True,55 Cancri e,34.0,False,71.0,0.0,242.0,393.0,0.0,706.0,0,3830,1,1,G,627.0,S,15,706.0
3562,3562,3831_01,Mars,True,TRAPPIST-1e,73.0,False,799.0,0.0,190.0,68.0,0.0,1057.0,0,3831,1,1,D,123.0,S,8,1057.0
3563,3563,3832_01,Earth,True,TRAPPIST-1e,40.0,False,1387.0,614.0,1564.0,5.0,0.0,3570.0,0,3832,1,1,G,627.0,P,17,3570.0
3564,3564,3835_01,Earth,True,PSO J318.5-22,63.0,False,1.0,897.0,0.0,0.0,8.0,906.0,0,3835,1,1,E,255.0,S,5,906.0
3565,3565,3836_01,Mars,True,TRAPPIST-1e,21.0,False,1060.0,0.0,91.0,0.0,0.0,1151.0,0,3836,1,1,F,723.0,S,0,1151.0
3566,3566,3838_01,Earth,True,TRAPPIST-1e,21.0,False,28.0,580.0,0.0,0.0,236.0,844.0,0,3838,1,1,E,227.0,P,6,844.0
3567,3567,3839_01,Mars,True,TRAPPIST-1e,23.0,False,418.0,4.0,627.0,0.0,0.0,1049.0,0,3839,1,1,E,228.0,P,3,1049.0
3568,3568,3841_01,Mars,True,TRAPPIST-1e,31.0,False,1049.0,31.0,227.0,2.0,0.0,1309.0,0,3841,1,1,F,793.0,P,8,1309.0
3569,3569,3842_01,Earth,True,55 Cancri e,41.0,False,312.0,89.0,44.0,0.0,252.0,697.0,0,3842,1,1,F,794.0,P,6,697.0
3570,3570,3846_01,Earth,True,TRAPPIST-1e,15.0,False,0.0,0.0,0.0,0.0,0.0,0.0,1,3846,1,1,G,630.0,P,8,0.0
3571,3571,3847_01,Europa,True,TRAPPIST-1e,36.0,False,90.0,2050.0,0.0,15.0,1244.0,3399.0,0,3847,1,1,C,126.0,P,2,3399.0
3572,3572,3848_01,Earth,True,TRAPPIST-1e,24.0,False,4.0,314.0,0.0,0.0,428.0,746.0,0,3848,1,1,F,795.0,P,10,746.0
3573,3573,3849_01,Earth,True,TRAPPIST-1e,27.0,False,0.0,253.0,0.0,79.0,421.0,753.0,0,3849,1,1,G,631.0,P,11,753.0
3574,3574,3850_01,Europa,True,55 Cancri e,24.0,False,38.0,257.0,0.0,54.0,4184.0,4533.0,0,3850,7,0,C,137.0,S,8,4533.0
3575,3575,3850_02,Europa,True,55 Cancri e,19.0,False,0.0,0.0,0.0,0.0,0.0,0.0,1,3850,7,0,C,137.0,S,8,0.0
3576,3576,3850_03,Europa,True,TRAPPIST-1e,25.0,False,0.0,6130.0,0.0,36.0,1.0,6167.0,0,3850,7,0,C,137.0,S,8,6167.0
3577,3577,3850_04,Europa,True,55 Cancri e,39.0,False,0.0,0.0,0.0,0.0,0.0,0.0,1,3850,7,0,C,137.0,S,8,0.0
3578,3578,3850_05,Europa,True,TRAPPIST-1e,15.0,False,0.0,0.0,0.0,0.0,0.0,0.0,1,3850,7,0,C,137.0,S,8,0.0
3579,3579,3850_06,Europa,True,TRAPPIST-1e,31.0,False,0.0,1565.0,0.0,97.0,1678.0,3340.0,0,3850,7,0,C,137.0,S,8,3340.0
3580,3580,3850_07,Europa,True,55 Cancri e,25.0,False,0.0,0.0,0.0,0.0,0.0,0.0,1,3850,7,0,C,137.0,S,5,0.0
3581,3581,3851_01,Europa,True,TRAPPIST-1e,57.0,False,205.0,4415.0,0.0,1589.0,305.0,6514.0,0,3851,1,1,C,127.0,P,4,6514.0
3582,3582,3852_01,Mars,True,TRAPPIST-1e,29.0,False,0.0,0.0,0.0,0.0,0.0,0.0,1,3852,1,1,F,796.0,P,7,0.0
3583,3583,3853_01,Earth,True,PSO J318.5-22,18.0,False,16.0,6.0,735.0,0.0,0.0,757.0,0,3853,1,1,F,725.0,S,10,757.0
3584,3584,3854_01,Earth,True,TRAPPIST-1e,33.0,False,0.0,0.0,0.0,0.0,0.0,0.0,1,3854,1,1,G,632.0,P,8,0.0
3585,3585,3856_01,Earth,True,TRAPPIST-1e,23.0,False,339.0,754.0,7.0,0.0,0.0,1100.0,0,3856,1,1,F,726.0,S,8,1100.0
3586,3586,3857_01,Europa,True,55 Cancri e,34.0,False,0.0,0.0,0.0,0.0,0.0,0.0,1,3857,1,1,E,230.0,P,2,0.0
3587,3587,3862_01,Mars,True,55 Cancri e,38.0,False,0.0,0.0,0.0,0.0,0.0,0.0,1,3862,7,0,F,729.0,S,7,0.0
3588,3588,3862_02,Mars,True,TRAPPIST-1e,21.0,False,2627.0,0.0,597.0,0.0,0.0,3224.0,0,3862,7,0,E,256.0,S,4,3224.0
3589,3589,3862_03,Mars,True,TRAPPIST-1e,31.0,False,0.0,0.0,0.0,0.0,0.0,0.0,1,3862,7,0,E,256.0,S,8,0.0
3590,3590,3862_04,Mars,True,TRAPPIST-1e,13.0,False,974.0,0.0,1883.0,0.0,505.0,3362.0,0,3862,7,0,D,124.0,S,8,3362.0
3591,3591,3862_05,Mars,True,TRAPPIST-1e,54.0,False,149.0,981.0,215.0,0.0,0.0,1345.0,0,3862,7,0,F,729.0,S,7,1345.0
3592,3592,3862_06,Mars,True,TRAPPIST-1e,13.0,False,1008.0,667.0,8.0,0.0,27.125,1683.0,0,3862,7,0,F,729.0,S,8,1710.125
3593,3593,3862_07,Mars,True,TRAPPIST-1e,18.0,False,12.0,60.76271186440678,1105.0,658.0,16.0,1791.0,0,3862,7,0,D,124.0,S,4,1851.7627118644068
3594,3594,3864_01,Europa,True,TRAPPIST-1e,32.0,False,0.0,0.0,0.0,0.0,0.0,0.0,1,3864,1,1,D,125.0,S,1,0.0
3595,3595,3866_01,Earth,True,TRAPPIST-1e,43.0,False,0.0,0.0,7.0,0.0,963.0,970.0,0,3866,1,1,F,797.0,P,7,970.0
3596,3596,3867_01,Earth,True,TRAPPIST-1e,56.0,False,3.0,199.17391304347825,768.0,0.0,98.72727272727273,771.0,0,3867,1,1,F,798.0,P,15,1068.901185770751
3597,3597,3868_01,Earth,True,TRAPPIST-1e,63.0,False,1540.0,721.0,0.0,0.0,1.0,1541.0,0,3868,7,0,F,731.0,S,14,2262.0
3598,3598,3868_02,Earth,True,TRAPPIST-1e,9.0,False,0.0,0.0,0.0,0.0,0.0,0.0,1,3868,7,0,G,630.0,S,14,0.0
3599,3599,3868_03,Earth,True,TRAPPIST-1e,9.0,False,0.0,0.0,0.0,0.0,0.0,0.0,1,3868,7,0,G,630.0,S,14,0.0
3600,3600,3868_04,Earth,True,TRAPPIST-1e,0.0,False,0.0,0.0,0.0,0.0,0.0,0.0,1,3868,7,0,G,630.0,S,14,0.0
3601,3601,3868_05,Earth,True,55 Cancri e,16.0,False,0.0,0.0,623.0,40.0,209.0,872.0,0,3868,7,0,F,731.0,S,14,872.0
3602,3602,3868_06,Earth,True,TRAPPIST-1e,42.0,False,0.0,0.0,0.0,0.0,0.0,0.0,1,3868,7,0,G,630.0,S,14,0.0
3603,3603,3868_07,Earth,True,TRAPPIST-1e,9.0,False,0.0,0.0,0.0,0.0,0.0,0.0,1,3868,7,0,G,630.0,S,14,0.0
3604,3604,3870_01,Europa,True,55 Cancri e,22.0,False,0.0,0.0,0.0,0.0,0.0,0.0,1,3870,1,1,B,148.0,S,1,0.0
3605,3605,3871_01,Europa,True,55 Cancri e,47.0,False,0.0,0.0,0.0,0.0,0.0,0.0,1,3871,1,1,B,149.0,S,4,0.0
3606,3606,3872_01,Mars,True,TRAPPIST-1e,30.0,False,0.0,0.0,0.0,0.0,0.0,0.0,1,3872,1,1,F,799.0,P,9,0.0
3607,3607,3873_01,Earth,True,TRAPPIST-1e,29.0,False,2478.0,0.0,31.0,4.0,11.0,2524.0,0,3873,1,1,F,800.0,P,5,2524.0
3608,3608,3874_01,Earth,True,TRAPPIST-1e,28.5,False,86.0,218.0,0.0,0.0,479.0,783.0,0,3874,2,0,G,631.0,S,7,783.0
3609,3609,3874_02,Earth,True,TRAPPIST-1e,22.0,False,158.0,1556.0,1189.0,845.0,96.0,3844.0,0,3874,2,0,E,258.0,S,7,3844.0
3610,3610,3875_01,Earth,True,TRAPPIST-1e,19.0,False,0.0,0.0,3.0,785.0,0.0,788.0,0,3875,1,1,E,232.0,P,8,788.0
3611,3611,3879_01,Mars,True,55 Cancri e,31.0,False,796.0,0.0,70.0,595.0,0.0,1461.0,0,3879,1,1,F,801.0,P,2,1461.0
3612,3612,3883_01,Europa,True,55 Cancri e,17.0,False,0.0,0.0,0.0,0.0,0.0,0.0,1,3883,3,0,B,150.0,S,6,0.0
3613,3613,3883_02,Europa,True,TRAPPIST-1e,38.0,False,0.0,3060.0,0.0,4.0,2325.0,5389.0,0,3883,3,0,B,150.0,S,6,5389.0
3614,3614,3883_03,Europa,True,55 Cancri e,13.0,False,0.0,0.0,0.0,0.0,0.0,0.0,1,3883,3,0,B,150.0,S,6,0.0
3615,3615,3886_01,Earth,True,PSO J318.5-22,36.0,False,0.0,0.0,0.0,0.0,0.0,0.0,1,3886,1,1,G,633.0,P,6,0.0
3616,3616,3888_01,Earth,True,TRAPPIST-1e,0.0,False,0.0,0.0,0.0,0.0,0.0,0.0,1,3888,1,1,G,633.0,S,0,0.0
3617,3617,3890_01,Earth,True,TRAPPIST-1e,21.0,False,0.0,0.0,0.0,0.0,0.0,0.0,1,3890,1,1,G,634.0,S,7,0.0
3618,3618,3894_01,Earth,True,PSO J318.5-22,18.0,False,0.0,525.0,0.0,0.0,84.0,609.0,0,3894,1,1,F,735.0,S,9,609.0
3619,3619,3895_01,Mars,True,TRAPPIST-1e,36.0,False,0.0,0.0,0.0,0.0,0.0,0.0,1,3895,3,0,E,233.0,P,6,0.0
3620,3620,3895_02,Mars,True,TRAPPIST-1e,27.0,False,847.0,26.232558139534884,4.0,0.0,1.0,852.0,0,3895,3,0,E,233.0,P,6,878.2325581395348
3621,3621,3895_03,Mars,True,TRAPPIST-1e,5.0,False,0.0,0.0,0.0,0.0,0.0,0.0,1,3895,3,0,E,233.0,P,6,0.0
3622,3622,3896_01,Europa,True,55 Cancri e,18.0,False,0.0,4387.0,0.0,2241.0,0.0,6628.0,0,3896,1,1,C,140.0,S,12,6628.0
3623,3623,3897_01,Earth,True,TRAPPIST-1e,25.0,False,0.0,0.0,0.0,0.0,0.0,0.0,1,3897,1,1,G,635.0,P,4,0.0
3624,3624,3898_01,Earth,True,TRAPPIST-1e,14.0,False,0.0,0.0,0.0,0.0,0.0,0.0,1,3898,1,1,G,636.0,S,6,0.0
3625,3625,3899_01,Europa,True,TRAPPIST-1e,23.0,False,0.0,0.0,0.0,0.0,0.0,0.0,1,3899,1,1,E,234.0,P,5,0.0
3626,3626,3903_01,Earth,True,55 Cancri e,2.0,False,0.0,0.0,0.0,0.0,0.0,0.0,1,3903,6,0,G,636.0,P,7,0.0
3627,3627,3903_02,Earth,True,TRAPPIST-1e,1.0,False,0.0,0.0,0.0,0.0,0.0,0.0,1,3903,6,0,G,636.0,P,7,0.0
3628,3628,3903_03,Earth,True,55 Cancri e,7.0,False,0.0,0.0,0.0,0.0,0.0,0.0,1,3903,6,0,G,636.0,P,7,0.0
3629,3629,3903_04,Earth,True,PSO J318.5-22,6.0,False,0.0,0.0,0.0,0.0,0.0,0.0,1,3903,6,0,G,636.0,P,15,0.0
3630,3630,3903_05,Earth,True,TRAPPIST-1e,56.0,False,967.0,0.0,0.0,3.0,0.0,970.0,0,3903,6,0,F,804.0,P,7,970.0
3631,3631,3903_06,Earth,True,55 Cancri e,4.0,False,0.0,0.0,0.0,0.0,0.0,0.0,1,3903,6,0,G,636.0,P,7,0.0
3632,3632,3904_01,Earth,True,TRAPPIST-1e,65.0,False,0.0,0.0,0.0,0.0,909.0,909.0,0,3904,1,1,G,637.0,S,8,909.0
3633,3633,3907_01,Earth,True,TRAPPIST-1e,36.0,False,0.0,0.0,0.0,0.0,0.0,0.0,1,3907,1,1,G,639.0,S,9,0.0
3634,3634,3909_01,Europa,True,TRAPPIST-1e,25.0,False,0.0,0.0,0.0,0.0,0.0,0.0,1,3909,1,1,C,141.0,S,9,0.0
3635,3635,3911_01,Earth,True,TRAPPIST-1e,41.0,False,6.0,1.0,11.0,1046.0,0.0,1064.0,0,3911,3,0,F,736.0,S,3,1064.0
3636,3636,3911_02,Earth,True,TRAPPIST-1e,20.0,False,9.0,0.0,1462.0,94.0,54.0,1619.0,0,3911,3,0,E,260.0,S,10,1619.0
3637,3637,3911_03,Earth,True,PSO J318.5-22,18.0,False,0.0,0.0,0.0,0.0,0.0,0.0,1,3911,3,0,G,640.0,S,10,0.0
3638,3638,3912_01,Earth,True,TRAPPIST-1e,15.0,False,309.0,28.0,496.0,20.0,49.0,902.0,0,3912,1,1,F,737.0,S,9,902.0
3639,3639,3913_01,Earth,True,TRAPPIST-1e,23.0,False,0.0,93.0,1.0,0.0,542.0,636.0,0,3913,2,0,F,738.0,S,7,636.0
3640,3640,3913_02,Earth,True,PSO J318.5-22,29.0,False,0.0,2.0,553.0,44.0,0.0,599.0,0,3913,2,0,F,738.0,S,7,599.0
3641,3641,3915_01,Earth,True,TRAPPIST-1e,33.0,False,0.0,0.0,0.0,0.0,0.0,0.0,1,3915,1,1,G,641.0,S,15,0.0
3642,3642,3916_01,Europa,True,TRAPPIST-1e,14.0,False,2.0,881.0,0.0,578.0,214.0,1675.0,0,3916,2,0,D,128.0,S,4,1675.0
3643,3643,3916_02,Europa,True,55 Cancri e,55.0,False,0.0,0.0,0.0,0.0,0.0,0.0,1,3916,2,0,D,128.0,S,4,0.0
3644,3644,3917_01,Europa,True,TRAPPIST-1e,30.0,False,0.0,690.0,0.0,49.0,2264.0,3003.0,0,3917,1,1,B,124.0,P,2,3003.0
3645,3645,3919_01,Earth,True,TRAPPIST-1e,21.0,False,0.0,0.0,156.3125,65.0,480.0,545.0,0,3919,1,1,F,806.0,P,8,701.3125
3646,3646,3921_01,Earth,True,TRAPPIST-1e,26.0,False,35.0,42.0,711.0,0.0,0.0,788.0,0,3921,1,1,E,262.0,S,10,788.0
3647,3647,3922_01,Earth,True,PSO J318.5-22,33.0,False,0.0,0.0,0.0,0.0,0.0,0.0,1,3922,1,1,G,641.0,P,7,0.0
3648,3648,3923_01,Earth,True,TRAPPIST-1e,18.0,False,95.0,0.0,0.0,13.0,622.0,730.0,0,3923,3,0,F,808.0,P,13,730.0
3649,3649,3923_02,Earth,True,TRAPPIST-1e,9.0,False,0.0,0.0,0.0,0.0,0.0,0.0,1,3923,3,0,G,642.0,P,13,0.0
3650,3650,3923_03,Earth,True,55 Cancri e,0.0,False,0.0,0.0,0.0,0.0,0.0,0.0,1,3923,3,0,G,642.0,P,13,0.0
3651,3651,3924_01,Earth,True,55 Cancri e,19.0,False,0.0,47.0,0.0,263.0,384.0,694.0,0,3924,1,1,E,263.0,S,7,694.0
3652,3652,3926_01,Earth,True,TRAPPIST-1e,18.0,False,716.0,130.73180076628353,0.0,0.0,0.0,716.0,0,3926,1,1,F,810.0,P,18,846.7318007662835
3653,3653,3927_01,Europa,True,55 Cancri e,38.0,False,55.0,1258.0,0.0,650.0,10786.0,12749.0,0,3927,2,0,C,142.0,S,5,12749.0
3654,3654,3927_02,Europa,True,55 Cancri e,42.0,False,0.0,1249.0,0.0,1313.0,1148.0,3710.0,0,3927,2,0,C,142.0,S,5,3710.0
3655,3655,3928_01,Europa,True,TRAPPIST-1e,28.0,False,3.0,1300.0,0.0,1250.0,1148.0,3701.0,0,3928,2,0,E,264.0,S,6,3701.0
3656,3656,3928_02,Europa,True,55 Cancri e,37.0,False,0.0,0.0,0.0,0.0,0.0,0.0,1,3928,2,0,E,264.0,S,6,0.0
3657,3657,3930_01,Earth,True,55 Cancri e,29.0,False,0.0,0.0,0.0,1819.0,1.0,1820.0,0,3930,1,1,F,740.0,S,7,1820.0
3658,3658,3931_01,Earth,True,55 Cancri e,42.0,False,0.0,218.0,0.0,481.0,2.0,701.0,0,3931,1,1,F,811.0,P,4,701.0
3659,3659,3932_01,Mars,True,TRAPPIST-1e,18.0,False,659.0,0.0,2316.0,0.0,23.0,2998.0,0,3932,2,0,E,265.0,S,4,2998.0
3660,3660,3932_02,Mars,True,55 Cancri e,34.0,False,2.0,0.0,805.0,29.0,0.0,836.0,0,3932,2,0,D,129.0,S,4,836.0
3661,3661,3933_01,Earth,True,55 Cancri e,34.0,False,0.0,0.0,0.0,0.0,0.0,0.0,1,3933,1,1,G,642.0,S,5,0.0
3662,3662,3935_01,Earth,True,PSO J318.5-22,18.0,False,0.0,0.0,0.0,0.0,0.0,0.0,1,3935,1,1,G,643.0,S,14,0.0
3663,3663,3936_01,Earth,True,TRAPPIST-1e,24.0,False,3537.0,0.0,0.0,0.0,0.0,3537.0,0,3936,1,1,G,644.0,S,15,3537.0
3664,3664,3937_01,Earth,True,TRAPPIST-1e,24.0,False,45.0,588.0,5.0,7.0,0.0,645.0,0,3937,1,1,F,742.0,S,6,645.0
3665,3665,3938_01,Mars,True,TRAPPIST-1e,56.0,False,0.0,0.0,0.0,0.0,0.0,0.0,1,3938,3,0,F,743.0,S,8,0.0
3666,3666,3938_02,Mars,True,TRAPPIST-1e,2.0,False,0.0,0.0,0.0,0.0,0.0,0.0,1,3938,3,0,F,743.0,S,8,0.0
3667,3667,3938_03,Mars,True,TRAPPIST-1e,12.0,False,0.0,0.0,0.0,0.0,0.0,0.0,1,3938,3,0,F,743.0,S,8,0.0
3668,3668,3939_01,Earth,True,TRAPPIST-1e,37.0,False,772.0,0.0,840.0,1.0,5.0,1618.0,0,3939,1,1,E,237.0,P,7,1618.0
3669,3669,3940_01,Mars,True,TRAPPIST-1e,60.0,True,2739.0,0.0,0.0,0.0,0.0,2739.0,0,3940,1,1,D,132.0,P,11,2739.0
3670,3670,3941_01,Earth,True,TRAPPIST-1e,55.0,False,0.0,0.0,0.0,0.0,0.0,0.0,1,3941,1,1,G,643.0,P,9,0.0
3671,3671,3942_01,Earth,True,PSO J318.5-22,20.0,False,0.0,0.0,0.0,0.0,0.0,0.0,1,3942,1,1,G,645.0,S,5,0.0
3672,3672,3944_01,Mars,True,TRAPPIST-1e,28.0,False,629.0,0.0,659.0,607.0,0.0,1895.0,0,3944,1,1,F,745.0,S,6,1895.0
3673,3673,3945_01,Earth,True,TRAPPIST-1e,28.0,False,0.0,0.0,0.0,0.0,0.0,0.0,1,3945,1,1,G,644.0,P,8,0.0
3674,3674,3946_01,Mars,True,TRAPPIST-1e,37.0,False,14.0,0.0,91.0,1203.0,0.0,1308.0,0,3946,1,1,F,812.0,P,5,1308.0
3675,3675,3948_01,Earth,True,TRAPPIST-1e,18.0,False,325.0,0.0,477.0,50.0,5.0,857.0,0,3948,1,1,F,814.0,P,7,857.0
3676,3676,3949_01,Earth,True,TRAPPIST-1e,14.0,False,781.0,0.0,1.0,4.0,1.0,787.0,0,3949,1,1,E,238.0,P,6,787.0
3677,3677,3950_01,Europa,True,TRAPPIST-1e,29.0,False,3478.0,11153.0,15.0,203.0,15.0,14864.0,0,3950,1,1,C,143.0,S,3,14864.0
3678,3678,3952_01,Earth,True,TRAPPIST-1e,51.0,False,0.0,0.0,0.0,544.0,12.0,556.0,0,3952,1,1,F,746.0,S,6,556.0
3679,3679,3954_01,Earth,True,TRAPPIST-1e,45.0,False,0.0,0.0,0.0,0.0,0.0,0.0,1,3954,1,1,G,647.0,S,14,0.0
3680,3680,3955_01,Earth,True,TRAPPIST-1e,45.0,False,0.0,0.0,0.0,0.0,0.0,0.0,1,3955,1,1,G,648.0,S,7,0.0
3681,3681,3958_01,Mars,True,TRAPPIST-1e,41.0,False,1144.0,12.0,14.0,22.0,0.0,1192.0,0,3958,1,1,F,747.0,S,4,1192.0
3682,3682,3959_01,Earth,True,TRAPPIST-1e,21.0,False,0.0,80.0,255.0,0.0,5190.0,5525.0,0,3959,3,0,G,646.0,P,10,5525.0
3683,3683,3959_02,Earth,True,TRAPPIST-1e,28.0,False,653.0,0.0,0.0,0.0,20.0,673.0,0,3959,3,0,F,817.0,P,10,673.0
3684,3684,3959_03,Earth,True,55 Cancri e,0.0,False,0.0,0.0,0.0,0.0,0.0,0.0,1,3959,3,0,G,646.0,P,10,0.0
3685,3685,3960_01,Earth,True,TRAPPIST-1e,46.0,False,0.0,0.0,0.0,0.0,880.0,880.0,0,3960,1,1,F,748.0,S,10,880.0
3686,3686,3961_01,Mars,True,TRAPPIST-1e,41.0,False,0.0,0.0,0.0,0.0,0.0,0.0,1,3961,1,1,F,749.0,S,6,0.0
3687,3687,3962_01,Earth,False,55 Cancri e,13.0,False,0.0,0.0,0.0,0.0,0.0,0.0,1,3962,2,0,G,647.0,P,15,0.0
3688,3688,3962_02,Earth,True,PSO J318.5-22,55.0,False,0.0,1203.0,0.0,0.0,446.0,1649.0,0,3962,2,0,E,239.0,P,15,1649.0
3689,3689,3963_01,Earth,False,PSO J318.5-22,20.0,False,0.0,0.0,0.0,0.0,0.0,0.0,1,3963,1,1,G,648.0,P,10,0.0
3690,3690,3964_01,Earth,True,TRAPPIST-1e,21.0,False,0.0,0.0,0.0,0.0,0.0,0.0,1,3964,1,1,G,650.0,S,11,0.0
3691,3691,3966_01,Earth,True,TRAPPIST-1e,49.0,False,324.0,275.0,0.0,0.0,0.0,599.0,0,3966,3,0,F,818.0,P,8,599.0
3692,3692,3966_02,Earth,True,TRAPPIST-1e,27.0,False,0.0,0.0,1020.0,0.0,190.3404255319149,1020.0,0,3966,3,0,G,649.0,P,8,1210.340425531915
3693,3693,3966_03,Earth,True,TRAPPIST-1e,0.0,False,0.0,0.0,0.0,0.0,0.0,0.0,1,3966,3,0,G,649.0,P,8,0.0
3694,3694,3967_01,Mars,True,TRAPPIST-1e,22.0,False,886.0,55.0,0.0,0.0,31.8,941.0,0,3967,1,1,F,819.0,P,8,972.8
3695,3695,3968_01,Earth,True,TRAPPIST-1e,17.0,False,0.0,0.0,0.0,0.0,0.0,0.0,1,3968,1,1,G,650.0,P,10,0.0
3696,3696,3970_01,Mars,True,TRAPPIST-1e,23.0,False,355.0,0.0,764.0,0.0,0.0,1119.0,0,3970,1,1,F,751.0,S,3,1119.0
3697,3697,3971_01,Earth,True,TRAPPIST-1e,44.0,False,39.0,821.0,0.0,7.0,41.0,908.0,0,3971,1,1,G,651.0,P,8,908.0
3698,3698,3973_01,Europa,True,TRAPPIST-1e,29.0,False,0.0,0.0,0.0,0.0,0.0,0.0,1,3973,1,1,E,240.0,P,2,0.0
3699,3699,3974_01,Earth,True,TRAPPIST-1e,19.0,False,0.0,0.0,5.0,756.0,0.0,761.0,0,3974,2,0,F,752.0,S,10,761.0
3700,3700,3974_02,Earth,True,TRAPPIST-1e,3.0,False,0.0,0.0,0.0,0.0,0.0,0.0,1,3974,2,0,G,652.0,S,10,0.0
3701,3701,3976_01,Europa,True,TRAPPIST-1e,29.0,False,0.0,7164.0,0.0,58.0,1.0,7223.0,0,3976,1,1,C,139.0,S,4,7223.0
3702,3702,3977_01,Earth,True,TRAPPIST-1e,19.0,False,46.0,0.0,675.0,0.0,0.0,721.0,0,3977,1,1,E,241.0,P,5,721.0
3703,3703,3980_01,Earth,True,TRAPPIST-1e,22.0,False,0.0,0.0,0.0,0.0,0.0,0.0,1,3980,1,1,G,653.0,P,6,0.0
3704,3704,3981_01,Earth,True,PSO J318.5-22,33.0,False,400.0,270.0,33.0,0.0,0.0,703.0,0,3981,1,1,G,642.0,S,8,703.0
3705,3705,3984_01,Earth,True,PSO J318.5-22,23.0,False,0.0,0.0,0.0,0.0,0.0,0.0,1,3984,1,1,G,654.0,S,12,0.0
3706,3706,3985_01,Earth,True,TRAPPIST-1e,50.0,False,667.0,0.0,0.0,11.0,170.0,848.0,0,3985,1,1,G,654.0,P,9,848.0
3707,3707,3986_01,Mars,True,TRAPPIST-1e,54.0,False,1217.0,0.0,1.0,4.0,0.0,1222.0,0,3986,2,0,F,755.0,S,9,1222.0
3708,3708,3986_02,Mars,True,TRAPPIST-1e,43.0,False,1448.0,0.0,150.0,0.0,0.0,1598.0,0,3986,2,0,F,755.0,S,9,1598.0
3709,3709,3987_01,Earth,True,TRAPPIST-1e,17.0,False,103.0,2183.0,0.0,16.0,0.0,2302.0,0,3987,1,1,F,822.0,P,18,2302.0
3710,3710,3988_01,Mars,True,TRAPPIST-1e,26.0,False,1632.0,0.0,80.0,7.0,0.0,1719.0,0,3988,1,1,D,134.0,P,6,1719.0
3711,3711,3991_01,Earth,True,TRAPPIST-1e,44.0,False,1258.0,3.0,0.0,1.0,0.0,1262.0,0,3991,1,1,F,823.0,P,10,1262.0
3712,3712,3992_01,Earth,True,PSO J318.5-22,51.0,False,0.0,0.0,10.0,1098.0,0.0,1108.0,0,3992,1,1,F,756.0,S,5,1108.0
3713,3713,3994_01,Europa,True,TRAPPIST-1e,29.0,False,0.0,0.0,0.0,0.0,0.0,0.0,1,3994,1,1,B,152.0,S,1,0.0
3714,3714,3995_01,Earth,True,TRAPPIST-1e,4.0,False,0.0,0.0,0.0,0.0,0.0,0.0,1,3995,6,0,G,655.0,P,18,0.0
3715,3715,3995_02,Earth,True,PSO J318.5-22,40.0,False,0.0,0.0,310.0,1.0,421.0,732.0,0,3995,6,0,F,825.0,P,18,732.0
3716,3716,3995_03,Earth,True,55 Cancri e,27.0,False,0.0,0.0,2.0,0.0,808.0,810.0,0,3995,6,0,G,655.0,P,18,810.0
3717,3717,3995_04,Earth,True,TRAPPIST-1e,8.0,False,0.0,0.0,0.0,0.0,0.0,0.0,1,3995,6,0,G,655.0,P,18,0.0
3718,3718,3995_05,Earth,True,TRAPPIST-1e,3.0,False,0.0,0.0,0.0,0.0,0.0,0.0,1,3995,6,0,G,655.0,P,18,0.0
3719,3719,3995_06,Earth,True,55 Cancri e,11.0,False,0.0,0.0,0.0,0.0,0.0,0.0,1,3995,6,0,G,655.0,P,18,0.0
3720,3720,3996_01,Earth,True,PSO J318.5-22,24.0,False,16.0,0.0,1136.0,0.0,40.0,1192.0,0,3996,1,1,F,826.0,P,9,1192.0
3721,3721,3997_01,Earth,True,55 Cancri e,25.0,False,0.0,83.0,0.0,439.0,0.0,522.0,0,3997,1,1,G,657.0,S,8,522.0
3722,3722,3998_01,Europa,True,55 Cancri e,28.0,False,89.0,4826.0,0.0,2.0,1598.0,6515.0,0,3998,1,1,C,129.0,P,4,6515.0
3723,3723,3999_01,Earth,True,TRAPPIST-1e,25.0,False,0.0,1017.0,0.0,0.0,0.0,1017.0,0,3999,1,1,G,656.0,P,7,1017.0
3724,3724,4000_01,Earth,True,TRAPPIST-1e,27.0,False,0.0,0.0,0.0,0.0,0.0,0.0,1,4000,3,0,G,658.0,S,6,0.0
3725,3725,4000_02,Earth,True,TRAPPIST-1e,25.0,False,20.0,0.0,424.0,0.0,359.0,803.0,0,4000,3,0,F,757.0,S,6,803.0
3726,3726,4000_03,Earth,True,TRAPPIST-1e,0.0,False,0.0,0.0,0.0,0.0,0.0,0.0,1,4000,3,0,G,658.0,S,6,0.0
3727,3727,4001_01,Earth,True,TRAPPIST-1e,58.0,False,0.0,0.0,970.0,0.0,0.0,970.0,0,4001,7,0,F,758.0,S,12,970.0
3728,3728,4001_02,Earth,True,TRAPPIST-1e,3.0,False,0.0,0.0,0.0,0.0,0.0,0.0,1,4001,7,0,G,659.0,S,12,0.0
3729,3729,4001_03,Earth,True,PSO J318.5-22,4.0,False,0.0,0.0,0.0,0.0,0.0,0.0,1,4001,7,0,G,659.0,S,12,0.0
3730,3730,4001_04,Earth,True,55 Cancri e,2.0,False,0.0,0.0,0.0,0.0,0.0,0.0,1,4001,7,0,G,659.0,S,12,0.0
3731,3731,4001_05,Earth,True,TRAPPIST-1e,34.0,False,0.0,847.0,14.0,0.0,0.0,861.0,0,4001,7,0,F,758.0,S,12,861.0
3732,3732,4001_06,Earth,True,55 Cancri e,5.0,False,0.0,0.0,0.0,0.0,0.0,0.0,1,4001,7,0,G,659.0,S,10,0.0
3733,3733,4001_07,Earth,True,TRAPPIST-1e,3.0,False,0.0,0.0,0.0,0.0,0.0,0.0,1,4001,7,0,G,659.0,S,12,0.0
3734,3734,4002_01,Mars,True,TRAPPIST-1e,46.0,False,0.0,0.0,0.0,0.0,0.0,0.0,1,4002,1,1,E,242.0,P,6,0.0
3735,3735,4003_01,Earth,True,TRAPPIST-1e,22.0,False,1417.0,0.0,0.0,0.0,0.0,1417.0,0,4003,1,1,F,827.0,P,0,1417.0
3736,3736,4005_01,Earth,True,TRAPPIST-1e,8.0,False,0.0,0.0,0.0,0.0,0.0,0.0,1,4005,8,0,G,657.0,P,16,0.0
3737,3737,4005_02,Earth,True,TRAPPIST-1e,17.0,False,3.0,83.0,927.0,0.0,1.0,1014.0,0,4005,8,0,G,657.0,P,16,1014.0
3738,3738,4005_03,Earth,True,TRAPPIST-1e,4.0,False,0.0,0.0,0.0,0.0,0.0,0.0,1,4005,8,0,G,657.0,P,16,0.0
3739,3739,4005_04,Earth,True,TRAPPIST-1e,12.0,False,0.0,0.0,0.0,0.0,0.0,0.0,1,4005,8,0,G,646.0,P,6,0.0
3740,3740,4005_05,Earth,True,PSO J318.5-22,40.0,False,0.0,0.0,0.0,0.0,0.0,0.0,1,4005,8,0,G,657.0,P,15,0.0
3741,3741,4005_06,Earth,True,PSO J318.5-22,16.0,False,4.0,0.0,2278.0,2.0,0.0,2284.0,0,4005,8,0,F,829.0,P,15,2284.0
3742,3742,4005_07,Earth,True,TRAPPIST-1e,41.0,False,0.0,0.0,0.0,0.0,0.0,0.0,1,4005,8,0,G,657.0,P,16,0.0
3743,3743,4005_08,Earth,True,TRAPPIST-1e,8.0,False,0.0,0.0,0.0,0.0,0.0,0.0,1,4005,8,0,G,657.0,P,16,0.0
3744,3744,4006_01,Earth,True,55 Cancri e,14.0,False,0.0,0.0,0.0,0.0,0.0,0.0,1,4006,5,0,G,660.0,S,11,0.0
3745,3745,4006_02,Earth,True,TRAPPIST-1e,2.0,False,0.0,0.0,0.0,0.0,0.0,0.0,1,4006,5,0,G,660.0,S,11,0.0
3746,3746,4006_03,Earth,True,PSO J318.5-22,59.0,False,400.0,0.0,126.0,0.0,158.0,684.0,0,4006,5,0,F,759.0,S,11,684.0
3747,3747,4006_04,Earth,True,TRAPPIST-1e,45.0,False,1796.0,0.0,4.0,0.0,5.0,1805.0,0,4006,5,0,G,660.0,S,11,1805.0
3748,3748,4006_05,Earth,True,55 Cancri e,52.0,False,0.0,704.0,0.0,0.0,198.375,704.0,0,4006,5,0,F,759.0,S,11,902.375
3749,3749,4008_01,Mars,True,TRAPPIST-1e,33.0,False,0.0,0.0,0.0,0.0,0.0,0.0,1,4008,1,1,F,760.0,S,4,0.0
3750,3750,4009_01,Earth,True,55 Cancri e,51.0,False,8.0,0.0,206.0,1247.0,14.0,1475.0,0,4009,1,1,F,796.0,P,19,1475.0
3751,3751,4010_01,Earth,True,TRAPPIST-1e,38.0,False,0.0,0.0,0.0,0.0,0.0,0.0,1,4010,1,1,G,658.0,P,4,0.0
3752,3752,4013_01,Mars,True,TRAPPIST-1e,14.0,False,460.0,0.0,0.0,315.0,172.0,947.0,0,4013,1,1,E,243.0,P,9,947.0
3753,3753,4014_01,Europa,True,TRAPPIST-1e,42.0,False,0.0,456.0,1.0,1193.0,3039.0,4689.0,0,4014,2,0,B,125.0,P,2,4689.0
3754,3754,4014_02,Europa,True,55 Cancri e,28.0,False,0.0,3238.0,0.0,750.0,2368.0,6356.0,0,4014,2,0,B,125.0,P,2,6356.0
3755,3755,4016_01,Earth,True,55 Cancri e,34.0,False,309.0,542.0,0.0,0.0,55.0,906.0,0,4016,1,1,E,268.0,S,6,906.0
3756,3756,4017_01,Mars,True,TRAPPIST-1e,21.0,False,0.0,0.0,0.0,0.0,0.0,0.0,1,4017,5,0,E,269.0,S,7,0.0
3757,3757,4017_02,Mars,True,TRAPPIST-1e,30.0,False,0.0,0.0,0.0,0.0,0.0,0.0,1,4017,5,0,F,761.0,S,7,0.0
3758,3758,4017_03,Mars,True,TRAPPIST-1e,19.0,False,0.0,0.0,0.0,0.0,0.0,0.0,1,4017,5,0,F,761.0,S,7,0.0
3759,3759,4017_04,Mars,True,TRAPPIST-1e,26.0,False,0.0,0.0,0.0,0.0,0.0,0.0,1,4017,5,0,E,269.0,S,7,0.0
3760,3760,4017_05,Mars,True,TRAPPIST-1e,23.0,False,931.0,0.0,134.0,0.0,421.0,1486.0,0,4017,5,0,F,761.0,S,9,1486.0
3761,3761,4018_01,Earth,True,TRAPPIST-1e,20.0,False,189.30973451327435,1.0,0.0,20.0,42.0,63.0,0,4018,1,1,F,762.0,S,4,252.30973451327435
3762,3762,4019_01,Earth,True,55 Cancri e,59.0,False,258.0,377.0,5.0,0.0,0.0,640.0,0,4019,1,1,E,245.0,P,10,640.0
3763,3763,4020_01,Europa,True,55 Cancri e,37.0,False,6498.0,1470.0,0.0,416.0,4174.0,12558.0,0,4020,1,1,B,126.0,P,0,12558.0
3764,3764,4021_01,Mars,True,TRAPPIST-1e,32.0,False,1843.0,0.0,662.0,0.0,0.0,2505.0,0,4021,1,1,F,832.0,P,6,2505.0
3765,3765,4022_01,Earth,True,PSO J318.5-22,37.0,False,4.0,0.0,223.0,512.0,1.0,740.0,0,4022,1,1,F,833.0,P,9,740.0
3766,3766,4023_01,Earth,True,TRAPPIST-1e,27.0,False,1.0,355.0,757.0,0.0,231.88181818181818,1113.0,0,4023,1,1,E,246.0,P,14,1344.8818181818183
3767,3767,4026_01,Europa,True,55 Cancri e,42.0,False,0.0,0.0,0.0,0.0,0.0,0.0,1,4026,1,1,B,154.0,S,5,0.0
3768,3768,4027_01,Earth,True,PSO J318.5-22,29.0,False,0.0,0.0,0.0,0.0,0.0,0.0,1,4027,1,1,G,659.0,P,9,0.0
3769,3769,4030_01,Earth,True,TRAPPIST-1e,2.0,False,0.0,0.0,0.0,0.0,0.0,0.0,1,4030,5,0,G,661.0,S,10,0.0
3770,3770,4030_02,Earth,True,TRAPPIST-1e,10.0,False,0.0,0.0,0.0,0.0,0.0,0.0,1,4030,5,0,G,650.0,S,9,0.0
3771,3771,4030_03,Earth,True,TRAPPIST-1e,0.0,False,0.0,0.0,0.0,0.0,0.0,0.0,1,4030,5,0,G,661.0,S,9,0.0
3772,3772,4030_04,Earth,True,TRAPPIST-1e,21.0,False,0.0,0.0,0.0,0.0,0.0,0.0,1,4030,5,0,G,661.0,S,9,0.0
3773,3773,4030_05,Earth,True,TRAPPIST-1e,8.0,False,0.0,0.0,0.0,0.0,0.0,0.0,1,4030,5,0,G,661.0,S,9,0.0
3774,3774,4031_01,Europa,True,55 Cancri e,28.0,False,0.0,0.0,0.0,0.0,0.0,0.0,1,4031,2,0,C,131.0,P,8,0.0
3775,3775,4031_02,Europa,True,TRAPPIST-1e,27.0,False,0.0,0.0,0.0,0.0,0.0,0.0,1,4031,2,0,C,131.0,P,8,0.0
3776,3776,4032_01,Earth,False,PSO J318.5-22,13.0,False,0.0,0.0,0.0,0.0,0.0,0.0,1,4032,1,1,G,661.0,P,10,0.0
3777,3777,4033_01,Europa,True,55 Cancri e,49.0,False,2025.0,7167.0,0.0,2456.0,47.0,11695.0,0,4033,1,1,C,144.0,S,3,11695.0
3778,3778,4034_01,Mars,True,TRAPPIST-1e,38.0,False,0.0,0.0,0.0,0.0,0.0,0.0,1,4034,1,1,E,247.0,P,4,0.0
3779,3779,4035_01,Earth,True,55 Cancri e,21.0,False,0.0,0.0,0.0,0.0,0.0,0.0,1,4035,1,1,G,662.0,P,6,0.0
3780,3780,4036_01,Earth,True,TRAPPIST-1e,22.0,False,7.0,61.0,110.0,708.0,0.0,886.0,0,4036,1,1,G,662.0,S,4,886.0
3781,3781,4037_01,Earth,True,PSO J318.5-22,14.0,False,0.0,0.0,0.0,0.0,0.0,0.0,1,4037,1,1,G,663.0,S,7,0.0
3782,3782,4038_01,Earth,True,PSO J318.5-22,24.0,False,0.0,0.0,0.0,0.0,0.0,0.0,1,4038,1,1,G,664.0,S,11,0.0
3783,3783,4039_01,Earth,True,TRAPPIST-1e,24.0,False,714.0,0.0,4.0,49.0,11.0,778.0,0,4039,1,1,F,764.0,S,9,778.0
3784,3784,4040_01,Earth,True,TRAPPIST-1e,34.0,False,0.0,0.0,0.0,0.0,0.0,0.0,1,4040,1,1,G,663.0,P,6,0.0
3785,3785,4042_01,Europa,True,TRAPPIST-1e,1.0,False,0.0,0.0,0.0,0.0,0.0,0.0,1,4042,3,0,A,46.0,S,4,0.0
3786,3786,4042_02,Europa,True,55 Cancri e,27.5,False,0.0,0.0,0.0,0.0,0.0,0.0,1,4042,3,0,A,46.0,S,4,0.0
3787,3787,4042_03,Europa,True,55 Cancri e,26.0,False,0.0,0.0,0.0,0.0,0.0,0.0,1,4042,3,0,A,46.0,S,4,0.0
3788,3788,4043_01,Earth,True,TRAPPIST-1e,24.0,False,0.0,0.0,0.0,32.0,1577.0,1609.0,0,4043,1,1,E,248.0,P,6,1609.0
3789,3789,4044_01,Mars,True,TRAPPIST-1e,32.0,False,536.0,0.0,736.0,118.0,0.0,1390.0,0,4044,3,0,F,765.0,S,3,1390.0
3790,3790,4044_02,Mars,True,TRAPPIST-1e,2.0,False,0.0,0.0,0.0,0.0,0.0,0.0,1,4044,3,0,F,765.0,S,3,0.0
3791,3791,4044_03,Mars,True,TRAPPIST-1e,10.0,False,0.0,0.0,0.0,0.0,0.0,0.0,1,4044,3,0,F,765.0,S,3,0.0
3792,3792,4045_01,Mars,True,TRAPPIST-1e,49.0,False,1417.0,0.0,531.0,1348.0,192.0,3488.0,0,4045,1,1,D,135.0,P,5,3488.0
3793,3793,4046_01,Earth,True,PSO J318.5-22,14.0,False,0.0,0.0,0.0,0.0,0.0,0.0,1,4046,1,1,G,664.0,P,9,0.0
3794,3794,4047_01,Earth,True,TRAPPIST-1e,29.0,False,0.0,0.0,0.0,0.0,0.0,0.0,1,4047,1,1,G,666.0,S,5,0.0
3795,3795,4049_01,Europa,True,55 Cancri e,25.0,False,0.0,0.0,0.0,0.0,0.0,0.0,1,4049,1,1,A,47.0,S,5,0.0
3796,3796,4050_01,Europa,True,55 Cancri e,36.0,False,0.0,1302.0,0.0,2067.0,10173.0,13542.0,0,4050,1,1,A,35.0,P,4,13542.0
3797,3797,4053_01,Earth,True,TRAPPIST-1e,22.0,False,0.0,0.0,0.0,0.0,0.0,0.0,1,4053,1,1,G,668.0,S,6,0.0
3798,3798,4055_01,Earth,True,TRAPPIST-1e,21.0,False,3.0,34.0,600.0,0.0,8.0,645.0,0,4055,1,1,F,836.0,P,6,645.0
3799,3799,4058_01,Earth,True,TRAPPIST-1e,36.0,False,437.0,442.0,0.0,2.0,1.0,882.0,0,4058,1,1,G,669.0,S,7,882.0
3800,3800,4060_01,Earth,True,TRAPPIST-1e,54.0,False,880.0,2.0,531.0,2.0,0.0,1415.0,0,4060,1,1,F,838.0,P,5,1415.0
3801,3801,4061_01,Mars,True,TRAPPIST-1e,30.0,False,1851.0,0.0,378.0,0.0,155.0,2384.0,0,4061,3,0,D,130.0,S,8,2384.0
3802,3802,4061_02,Mars,True,TRAPPIST-1e,0.0,False,0.0,0.0,0.0,0.0,0.0,0.0,1,4061,3,0,F,766.0,S,8,0.0
3803,3803,4061_03,Mars,True,TRAPPIST-1e,1.0,False,0.0,0.0,0.0,0.0,0.0,0.0,1,4061,3,0,F,766.0,S,8,0.0
3804,3804,4063_01,Earth,True,TRAPPIST-1e,42.0,False,0.0,0.0,0.0,0.0,0.0,0.0,1,4063,1,1,G,670.0,S,7,0.0
3805,3805,4064_01,Earth,True,TRAPPIST-1e,47.0,False,939.0,1477.0,142.0,0.0,0.0,2416.0,0,4064,1,1,F,767.0,S,10,2558.0
3806,3806,4065_01,Earth,True,TRAPPIST-1e,25.0,False,1339.0,1.0,360.0,0.0,0.0,1700.0,0,4065,1,1,G,665.0,P,4,1700.0
3807,3807,4066_01,Europa,True,55 Cancri e,18.0,False,0.0,30.0,0.0,67.0,2790.0,2887.0,0,4066,2,0,B,155.0,S,6,2887.0
3808,3808,4066_02,Europa,True,TRAPPIST-1e,22.0,False,0.0,0.0,0.0,0.0,0.0,0.0,1,4066,2,0,B,155.0,S,6,0.0
3809,3809,4068_01,Europa,True,TRAPPIST-1e,27.0,False,272.5,1381.0,0.0,148.0,2181.0,3710.0,0,4068,1,1,D,131.0,S,11,3982.5
3810,3810,4069_01,Earth,True,55 Cancri e,24.0,False,0.0,0.0,2433.0,0.0,53.0,2486.0,0,4069,1,1,F,768.0,S,2,2486.0
3811,3811,4071_01,Europa,True,TRAPPIST-1e,28.0,False,0.0,0.0,0.0,0.0,0.0,0.0,1,4071,2,0,B,127.0,P,5,0.0
3812,3812,4071_02,Europa,True,55 Cancri e,22.0,False,0.0,0.0,0.0,0.0,0.0,0.0,1,4071,2,0,B,127.0,P,5,0.0
3813,3813,4072_01,Earth,True,TRAPPIST-1e,60.0,False,0.0,0.0,0.0,0.0,0.0,0.0,1,4072,1,1,G,671.0,S,2,0.0
3814,3814,4075_01,Europa,True,TRAPPIST-1e,38.0,False,1901.0,1276.0,0.0,7561.0,12.0,10750.0,0,4075,1,1,C,145.0,S,4,10750.0
3815,3815,4076_01,Earth,True,TRAPPIST-1e,23.0,False,1616.0,0.0,1.0,0.0,2.0,1619.0,0,4076,1,1,E,250.0,P,6,1619.0
3816,3816,4078_01,Earth,True,TRAPPIST-1e,21.0,False,0.0,0.0,0.0,0.0,0.0,0.0,1,4078,1,1,G,667.0,P,5,0.0
3817,3817,4079_01,Mars,True,55 Cancri e,55.0,False,1680.0,0.0,1.0,0.0,6.0,1687.0,0,4079,1,1,F,771.0,S,7,1687.0
3818,3818,4080_01,Earth,True,55 Cancri e,20.0,False,719.0,0.0,10.0,0.0,0.0,729.0,0,4080,1,1,F,839.0,P,15,729.0
3819,3819,4081_01,Earth,True,55 Cancri e,50.0,False,451.0,132.0,195.0,31.0,0.0,809.0,0,4081,1,1,G,668.0,P,2,809.0
3820,3820,4082_01,Mars,True,TRAPPIST-1e,22.0,False,0.0,0.0,0.0,0.0,0.0,0.0,1,4082,1,1,E,252.0,P,5,0.0
3821,3821,4083_01,Europa,True,TRAPPIST-1e,21.0,False,0.0,6190.0,1828.0,7.0,35.0,8060.0,0,4083,1,1,C,146.0,S,2,8060.0
3822,3822,4084_01,Europa,True,TRAPPIST-1e,26.0,False,0.0,1549.0,0.0,0.0,766.0,2315.0,0,4084,1,1,D,132.0,S,1,2315.0
3823,3823,4089_01,Europa,True,TRAPPIST-1e,36.0,False,0.0,2177.0,0.0,1097.0,144.0,3418.0,0,4089,1,1,A,48.0,S,3,3418.0
3824,3824,4090_01,Mars,True,TRAPPIST-1e,46.0,False,227.0,0.0,1546.0,3.0,2.0,1778.0,0,4090,1,1,D,133.0,S,3,1778.0
3825,3825,4091_01,Earth,True,TRAPPIST-1e,26.0,False,0.0,586.0,1.0,0.0,58.0,645.0,0,4091,1,1,F,772.0,S,5,645.0
3826,3826,4093_01,Earth,True,TRAPPIST-1e,24.0,False,0.0,20.0,0.0,14.0,659.0,693.0,0,4093,1,1,F,841.0,P,8,693.0
3827,3827,4095_01,Earth,True,55 Cancri e,14.0,False,834.0,1080.0,3.0,183.0,208.0,2308.0,0,4095,1,1,G,671.0,P,5,2308.0
3828,3828,4096_01,Mars,True,TRAPPIST-1e,46.0,False,949.0,0.0,128.0,3.0,41.0,1121.0,0,4096,1,1,F,842.0,P,2,1121.0
3829,3829,4097_01,Earth,True,TRAPPIST-1e,15.0,False,0.0,840.0,123.0,0.0,20.0,983.0,0,4097,1,1,E,253.0,P,9,983.0
3830,3830,4098_01,Earth,True,TRAPPIST-1e,30.0,False,0.0,0.0,0.0,0.0,0.0,0.0,1,4098,1,1,G,672.0,P,5,0.0
3831,3831,4099_01,Earth,True,TRAPPIST-1e,23.0,False,0.0,0.0,0.0,0.0,0.0,0.0,1,4099,1,1,G,673.0,P,15,0.0
3832,3832,4101_01,Mars,True,TRAPPIST-1e,38.0,False,1100.0,43.0,163.0,3.0,0.0,1309.0,0,4101,1,1,F,773.0,S,8,1309.0
3833,3833,4102_01,Europa,True,TRAPPIST-1e,48.0,False,0.0,0.0,0.0,0.0,0.0,0.0,1,4102,1,1,B,128.0,P,2,0.0
3834,3834,4103_01,Earth,True,TRAPPIST-1e,31.0,False,0.0,0.0,0.0,0.0,0.0,0.0,1,4103,1,1,G,674.0,P,11,0.0
3835,3835,4104_01,Earth,True,TRAPPIST-1e,41.0,False,1025.0,0.0,0.0,0.0,0.0,1025.0,0,4104,1,1,G,675.0,P,10,1025.0
3836,3836,4106_01,Earth,True,TRAPPIST-1e,43.0,False,0.0,831.0,78.0,0.0,0.0,909.0,0,4106,1,1,G,675.0,S,6,909.0
3837,3837,4107_01,Earth,True,TRAPPIST-1e,23.0,False,0.0,0.0,489.0,5.0,276.0,770.0,0,4107,1,1,G,676.0,S,6,770.0
3838,3838,4108_01,Europa,True,55 Cancri e,48.0,False,0.0,0.0,0.0,0.0,0.0,0.0,1,4108,2,0,B,158.0,S,6,0.0
3839,3839,4108_02,Europa,True,TRAPPIST-1e,47.0,False,27.0,2651.0,538.0,18.0,0.0,3234.0,0,4108,2,0,B,158.0,S,6,3234.0
3840,3840,4109_01,Earth,True,TRAPPIST-1e,19.0,False,169.0,399.0,182.25925925925927,97.0,0.0,665.0,0,4109,1,1,F,843.0,P,5,847.2592592592592
3841,3841,4110_01,Earth,True,TRAPPIST-1e,25.0,False,0.0,38.0,0.0,847.0,112.0,997.0,0,4110,1,1,E,255.0,P,1,997.0
3842,3842,4112_01,Earth,True,TRAPPIST-1e,28.0,False,0.0,0.0,0.0,0.0,0.0,0.0,1,4112,1,1,G,678.0,S,5,0.0
3843,3843,4113_01,Europa,True,55 Cancri e,16.0,False,0.0,0.0,0.0,0.0,0.0,0.0,1,4113,2,0,B,129.0,P,5,0.0
3844,3844,4113_02,Europa,True,TRAPPIST-1e,45.0,False,0.0,2524.0,0.0,166.0,1.0,2691.0,0,4113,2,0,B,129.0,P,5,2691.0
3845,3845,4114_01,Mars,True,TRAPPIST-1e,31.0,False,0.0,0.0,0.0,0.0,0.0,0.0,1,4114,1,1,E,270.0,S,6,0.0
3846,3846,4115_01,Earth,True,PSO J318.5-22,19.0,False,0.0,0.0,0.0,0.0,0.0,0.0,1,4115,1,1,G,679.0,S,13,0.0
3847,3847,4116_01,Earth,True,TRAPPIST-1e,21.0,False,40.0,0.0,736.0,0.0,0.0,776.0,0,4116,1,1,F,774.0,S,14,776.0
3848,3848,4120_01,Earth,True,PSO J318.5-22,23.0,False,0.0,0.0,0.0,0.0,0.0,0.0,1,4120,1,1,G,680.0,S,10,0.0
3849,3849,4125_01,Earth,True,PSO J318.5-22,22.0,False,0.0,0.0,0.0,0.0,0.0,0.0,1,4125,1,1,G,677.0,P,5,0.0
3850,3850,4127_01,Europa,False,TRAPPIST-1e,23.0,False,0.0,0.0,0.0,0.0,310.1875,0.0,0,4127,1,1,B,130.0,P,12,310.1875
3851,3851,4128_01,Mars,True,TRAPPIST-1e,54.0,True,111.0,0.0,1144.0,8.0,23.0,1286.0,0,4128,3,0,F,846.0,P,5,1286.0
3852,3852,4128_02,Mars,True,TRAPPIST-1e,0.0,False,0.0,0.0,0.0,0.0,0.0,0.0,1,4128,3,0,F,846.0,P,5,0.0
3853,3853,4128_03,Mars,True,TRAPPIST-1e,4.0,False,0.0,0.0,0.0,0.0,0.0,0.0,1,4128,3,0,F,846.0,P,5,0.0
3854,3854,4129_01,Earth,True,TRAPPIST-1e,23.0,False,15.0,1.0,777.0,3.0,3.0,799.0,0,4129,1,1,F,847.0,P,11,799.0
3855,3855,4130_01,Mars,True,TRAPPIST-1e,19.0,False,0.0,0.0,0.0,0.0,0.0,0.0,1,4130,1,1,F,820.0,P,6,0.0
3856,3856,4131_01,Europa,True,TRAPPIST-1e,34.0,False,0.0,0.0,0.0,0.0,0.0,0.0,1,4131,1,1,C,147.0,S,5,0.0
3857,3857,4132_01,Earth,True,55 Cancri e,18.0,False,0.0,0.0,0.0,0.0,0.0,0.0,1,4132,1,1,G,678.0,P,3,0.0
3858,3858,4134_01,Mars,True,TRAPPIST-1e,40.0,False,0.0,0.0,0.0,0.0,0.0,0.0,1,4134,1,1,F,821.0,S,4,0.0
3859,3859,4135_01,Mars,True,TRAPPIST-1e,58.0,False,850.0,0.0,22.0,1493.0,0.0,2365.0,0,4135,1,1,F,777.0,S,6,2365.0
3860,3860,4137_01,Earth,True,55 Cancri e,39.0,False,664.0,0.0,0.0,40.0,0.0,704.0,0,4137,1,1,F,778.0,S,10,704.0
3861,3861,4140_01,Earth,True,PSO J318.5-22,23.0,False,40.0,15.0,30.0,0.0,637.0,722.0,0,4140,1,1,F,851.0,P,8,722.0
3862,3862,4141_01,Earth,True,TRAPPIST-1e,11.0,False,0.0,0.0,0.0,0.0,0.0,0.0,1,4141,1,1,G,679.0,P,6,0.0
3863,3863,4142_01,Europa,True,TRAPPIST-1e,43.0,False,0.0,0.0,0.0,0.0,0.0,0.0,1,4142,1,1,C,148.0,S,1,0.0
3864,3864,4143_01,Mars,True,TRAPPIST-1e,29.0,False,0.0,0.0,0.0,0.0,0.0,0.0,1,4143,1,1,E,258.0,P,4,0.0
3865,3865,4144_01,Earth,True,TRAPPIST-1e,36.0,False,19.0,476.0,0.0,5.0,290.0,790.0,0,4144,1,1,E,259.0,P,15,790.0
3866,3866,4145_01,Earth,True,PSO J318.5-22,13.0,False,16.0,0.0,87.0,544.0,0.0,647.0,0,4145,1,1,F,852.0,P,3,647.0
3867,3867,4147_01,Europa,True,TRAPPIST-1e,54.0,False,0.0,1049.125,0.0,3200.0,0.0,3200.0,0,4147,2,0,C,149.0,S,4,4249.125
3868,3868,4147_02,Europa,True,TRAPPIST-1e,45.0,False,0.0,0.0,0.0,0.0,0.0,0.0,1,4147,2,0,C,149.0,S,4,0.0
3869,3869,4149_01,Earth,True,55 Cancri e,33.0,False,222.7391304347826,0.0,589.0,2.0,255.0,846.0,0,4149,1,1,G,682.0,P,4,1068.7391304347825
3870,3870,4150_01,Earth,True,TRAPPIST-1e,46.0,False,0.0,1029.0,0.0,0.0,0.0,1029.0,0,4150,1,1,F,780.0,S,9,1029.0
3871,3871,4151_01,Earth,True,55 Cancri e,15.0,False,0.0,0.0,0.0,0.0,0.0,0.0,1,4151,1,1,G,683.0,P,9,0.0
3872,3872,4152_01,Earth,True,TRAPPIST-1e,35.0,False,89.0,0.0,0.0,545.0,0.0,634.0,0,4152,1,1,F,853.0,P,4,634.0
3873,3873,4154_01,Mars,True,TRAPPIST-1e,23.0,False,0.0,0.0,0.0,0.0,0.0,0.0,1,4154,1,1,F,781.0,S,5,0.0
3874,3874,4156_01,Earth,True,55 Cancri e,15.0,False,0.0,0.0,0.0,0.0,0.0,0.0,1,4156,1,1,G,684.0,P,5,0.0
3875,3875,4158_01,Earth,True,TRAPPIST-1e,27.0,False,0.0,0.0,580.0,211.0,0.0,791.0,0,4158,1,1,E,273.0,S,5,791.0
3876,3876,4159_01,Earth,True,TRAPPIST-1e,15.0,False,139.488,2.0,15.0,5.0,842.0,864.0,0,4159,1,1,F,782.0,S,5,1003.488
3877,3877,4160_01,Mars,True,TRAPPIST-1e,27.0,True,661.0,1.3333333333333333,991.0,46.0,0.0,1698.0,0,4160,1,1,F,783.0,S,0,1699.3333333333335
3878,3878,4163_01,Earth,True,55 Cancri e,16.0,False,0.0,0.0,0.0,0.0,0.0,0.0,1,4163,1,1,G,683.0,S,4,0.0
3879,3879,4165_01,Earth,True,TRAPPIST-1e,37.0,False,246.0,0.0,703.0,5.0,0.0,954.0,0,4165,1,1,G,685.0,P,14,954.0
3880,3880,4166_01,Europa,True,55 Cancri e,45.0,False,0.0,0.0,0.0,0.0,0.0,0.0,1,4166,2,0,B,132.0,P,2,0.0
3881,3881,4166_02,Europa,True,55 Cancri e,58.0,True,0.0,279.0,3627.0,122.0,30.0,4058.0,0,4166,2,0,B,132.0,P,2,4058.0
3882,3882,4167_01,Earth,True,PSO J318.5-22,28.0,False,0.0,440.0,0.0,0.0,334.0,774.0,0,4167,1,1,G,672.0,P,7,774.0
3883,3883,4168_01,Earth,True,TRAPPIST-1e,38.0,False,0.0,18.0,30.0,0.0,832.0,880.0,0,4168,2,0,F,855.0,P,7,880.0
3884,3884,4168_02,Earth,True,TRAPPIST-1e,28.0,False,0.0,241.0,6.0,0.0,542.0,789.0,0,4168,2,0,E,260.0,P,7,789.0
3885,3885,4169_01,Europa,True,TRAPPIST-1e,47.0,False,0.0,0.0,0.0,0.0,0.0,0.0,1,4169,2,0,D,140.0,P,7,0.0
3886,3886,4169_02,Europa,True,TRAPPIST-1e,41.0,False,0.0,1562.0,0.0,2.0,16.0,1580.0,0,4169,2,0,D,140.0,P,7,1580.0
3887,3887,4170_01,Europa,True,TRAPPIST-1e,28.0,False,0.0,0.0,0.0,0.0,0.0,0.0,1,4170,1,1,B,133.0,P,11,0.0
3888,3888,4171_01,Earth,True,TRAPPIST-1e,23.0,False,0.0,0.0,0.0,0.0,0.0,0.0,1,4171,1,1,G,686.0,P,19,0.0
3889,3889,4172_01,Mars,True,TRAPPIST-1e,24.0,False,0.0,0.0,0.0,0.0,0.0,0.0,1,4172,7,0,F,856.0,P,10,0.0
3890,3890,4172_02,Mars,True,TRAPPIST-1e,58.0,False,12.0,0.0,186.0,2436.0,4.0,2638.0,0,4172,7,0,F,856.0,P,10,2638.0
3891,3891,4172_03,Mars,True,TRAPPIST-1e,36.0,False,0.0,0.0,0.0,0.0,0.0,0.0,1,4172,7,0,F,856.0,P,10,0.0
3892,3892,4172_04,Mars,True,55 Cancri e,24.0,False,1363.0,0.0,50.0,0.0,0.0,1413.0,0,4172,7,0,F,856.0,P,3,1413.0
3893,3893,4172_05,Mars,True,TRAPPIST-1e,56.0,False,128.0,0.0,959.0,0.0,42.0,1129.0,0,4172,7,0,F,856.0,P,10,1129.0
3894,3894,4172_06,Mars,True,TRAPPIST-1e,15.0,False,0.0,0.0,0.0,0.0,0.0,0.0,1,4172,7,0,F,856.0,P,10,0.0
3895,3895,4172_07,Mars,True,TRAPPIST-1e,19.0,False,154.0,170.0,2074.0,0.0,0.0,2398.0,0,4172,7,0,D,141.0,P,10,2398.0
3896,3896,4173_01,Earth,True,TRAPPIST-1e,27.0,False,0.0,0.0,0.0,658.0,133.0,791.0,0,4173,1,1,E,261.0,P,6,791.0
3897,3897,4174_01,Earth,True,TRAPPIST-1e,47.0,False,59.0,1.0,327.0,557.0,0.0,944.0,0,4174,1,1,F,857.0,P,7,944.0
3898,3898,4175_01,Earth,True,55 Cancri e,37.0,False,0.0,89.0,15.0,20.0,592.0,716.0,0,4175,1,1,F,858.0,P,9,716.0
3899,3899,4176_01,Mars,True,TRAPPIST-1e,39.0,False,0.0,0.0,0.0,0.0,0.0,0.0,1,4176,7,0,F,859.0,P,11,0.0
3900,3900,4176_02,Mars,True,TRAPPIST-1e,20.0,False,0.0,0.0,0.0,0.0,0.0,0.0,1,4176,7,0,F,859.0,P,6,0.0
3901,3901,4176_03,Mars,True,TRAPPIST-1e,20.0,False,760.0,0.0,742.0,352.0,0.0,1854.0,0,4176,7,0,F,859.0,P,6,1854.0
3902,3902,4176_04,Mars,True,TRAPPIST-1e,38.0,False,490.0,663.0,358.0,855.0,0.0,2366.0,0,4176,7,0,F,859.0,P,11,2366.0
3903,3903,4176_05,Mars,True,TRAPPIST-1e,46.0,False,247.0,0.0,418.0,480.0,36.0,1181.0,0,4176,7,0,D,142.0,P,11,1181.0
3904,3904,4176_06,Mars,True,TRAPPIST-1e,13.0,False,0.0,0.0,0.0,0.0,0.0,0.0,1,4176,7,0,F,859.0,P,11,0.0
3905,3905,4176_07,Mars,True,55 Cancri e,24.0,False,612.0,326.0,46.0,87.0,0.0,1071.0,0,4176,7,0,F,859.0,P,11,1071.0
3906,3906,4177_01,Europa,True,TRAPPIST-1e,32.0,False,0.0,0.0,0.0,0.0,0.0,0.0,1,4177,3,0,B,161.0,S,4,0.0
3907,3907,4177_02,Europa,True,55 Cancri e,29.0,False,0.0,0.0,0.0,0.0,0.0,0.0,1,4177,3,0,B,161.0,S,9,0.0
3908,3908,4177_03,Europa,True,55 Cancri e,44.0,False,36.0,588.0,0.0,1675.0,3597.0,5896.0,0,4177,3,0,B,161.0,S,9,5896.0
3909,3909,4178_01,Earth,True,TRAPPIST-1e,19.0,False,0.0,0.0,4.0,6.0,773.0,783.0,0,4178,1,1,G,687.0,P,6,783.0
3910,3910,4179_01,Europa,True,TRAPPIST-1e,30.0,True,0.0,1172.0,183.0,91.0,0.0,1446.0,0,4179,2,0,A,50.0,S,4,1446.0
3911,3911,4179_02,Europa,True,TRAPPIST-1e,23.0,False,0.0,0.0,0.0,0.0,0.0,0.0,1,4179,2,0,A,50.0,S,4,0.0
3912,3912,4181_01,Europa,True,TRAPPIST-1e,4.0,False,0.0,0.0,0.0,0.0,0.0,0.0,1,4181,6,0,C,133.0,P,6,0.0
3913,3913,4181_02,Europa,True,TRAPPIST-1e,0.0,False,0.0,0.0,0.0,0.0,0.0,0.0,1,4181,6,0,C,133.0,P,6,0.0
3914,3914,4181_03,Europa,True,TRAPPIST-1e,17.0,False,0.0,0.0,0.0,0.0,0.0,0.0,1,4181,6,0,C,146.0,P,6,0.0
3915,3915,4181_04,Europa,True,TRAPPIST-1e,44.0,False,0.0,0.0,0.0,0.0,0.0,0.0,1,4181,6,0,C,133.0,P,6,0.0
3916,3916,4181_05,Europa,True,55 Cancri e,31.0,False,2.0,8747.0,0.0,4840.0,14485.0,28074.0,0,4181,6,0,C,133.0,P,6,28074.0
3917,3917,4181_06,Europa,True,55 Cancri e,41.0,True,0.0,9463.0,0.0,1022.0,1562.0,12047.0,0,4181,6,0,C,133.0,P,6,12047.0
3918,3918,4182_01,Europa,True,55 Cancri e,33.0,False,0.0,2020.0,0.0,1817.0,182.0,4019.0,0,4182,3,0,A,51.0,S,8,4019.0
3919,3919,4182_02,Europa,True,TRAPPIST-1e,43.0,False,0.0,124.0,0.0,3975.0,186.0,4285.0,0,4182,3,0,A,51.0,S,8,4285.0
3920,3920,4182_03,Europa,True,55 Cancri e,43.0,True,0.0,3172.0,0.0,26.0,4376.0,7574.0,0,4182,3,0,A,51.0,S,8,7574.0
3921,3921,4183_01,Earth,True,TRAPPIST-1e,36.0,False,1367.0,108.0,148.89156626506025,0.0,77.0,1552.0,0,4183,1,1,F,784.0,S,7,1700.8915662650602
3922,3922,4184_01,Earth,True,55 Cancri e,19.0,False,558.0,0.0,353.0,0.0,8.0,919.0,0,4184,1,1,F,860.0,P,12,919.0
3923,3923,4185_01,Earth,True,TRAPPIST-1e,24.0,False,0.0,1725.0,0.0,0.0,0.0,1725.0,0,4185,1,1,G,688.0,P,9,1725.0
3924,3924,4186_01,Earth,True,55 Cancri e,17.0,False,0.0,0.0,0.0,0.0,0.0,0.0,1,4186,1,1,G,685.0,S,16,0.0
3925,3925,4188_01,Earth,True,TRAPPIST-1e,23.0,False,1277.0,84.0,0.0,240.0,598.0,2199.0,0,4188,1,1,F,861.0,P,18,2199.0
3926,3926,4189_01,Earth,True,55 Cancri e,17.0,False,558.0,0.0,3.0,0.0,1226.0,1787.0,0,4189,1,1,G,686.0,S,3,1787.0
3927,3927,4191_01,Mars,True,TRAPPIST-1e,18.0,False,950.0,1.0,236.0,754.0,0.0,1941.0,0,4191,1,1,D,135.0,S,5,1941.0
3928,3928,4194_01,Mars,True,55 Cancri e,34.0,False,0.0,0.0,0.0,0.0,0.0,0.0,1,4194,1,1,F,862.0,P,4,0.0
3929,3929,4196_01,Earth,True,TRAPPIST-1e,13.0,False,0.0,0.0,0.0,0.0,0.0,0.0,1,4196,1,1,G,688.0,S,10,0.0
3930,3930,4197_01,Earth,True,TRAPPIST-1e,66.0,False,610.0,2549.0,0.0,17.0,0.0,3176.0,0,4197,3,0,F,786.0,S,7,3176.0
3931,3931,4197_02,Earth,True,TRAPPIST-1e,27.0,False,0.0,867.0,0.0,128.0,363.0,1358.0,0,4197,3,0,F,786.0,S,7,1358.0
3932,3932,4197_03,Earth,True,TRAPPIST-1e,19.0,False,1620.0,0.0,4.0,0.0,82.0,1706.0,0,4197,3,0,G,689.0,S,7,1706.0
3933,3933,4199_01,Earth,True,TRAPPIST-1e,55.0,False,0.0,198.0,703.0,1.0,0.0,902.0,0,4199,1,1,F,787.0,S,6,902.0
3934,3934,4203_01,Mars,True,TRAPPIST-1e,40.0,False,0.0,0.0,1.0,293.0,667.0,961.0,0,4203,1,1,D,143.0,P,8,961.0
3935,3935,4204_01,Earth,True,PSO J318.5-22,23.0,False,0.0,0.0,0.0,0.0,0.0,0.0,1,4204,3,0,G,691.0,P,7,0.0
3936,3936,4204_02,Earth,True,TRAPPIST-1e,7.0,False,0.0,0.0,0.0,0.0,0.0,0.0,1,4204,3,0,G,691.0,P,7,0.0
3937,3937,4204_03,Earth,True,TRAPPIST-1e,12.0,False,0.0,0.0,0.0,0.0,0.0,0.0,1,4204,3,0,G,691.0,P,7,0.0
3938,3938,4205_01,Earth,True,TRAPPIST-1e,37.0,False,0.0,886.0,0.0,58.0,441.0,1385.0,0,4205,1,1,F,789.0,S,10,1385.0
3939,3939,4206_01,Earth,True,TRAPPIST-1e,22.0,False,0.0,13.0,524.0,7.0,0.0,544.0,0,4206,1,1,F,865.0,P,6,544.0
3940,3940,4207_01,Europa,True,TRAPPIST-1e,25.0,False,0.0,0.0,0.0,0.0,0.0,0.0,1,4207,2,0,B,163.0,S,4,0.0
3941,3941,4207_02,Europa,True,55 Cancri e,46.0,False,0.0,0.0,0.0,0.0,0.0,0.0,1,4207,2,0,B,163.0,S,4,0.0
3942,3942,4208_01,Mars,True,55 Cancri e,37.0,False,326.0,0.0,455.0,2.0,0.0,783.0,0,4208,1,1,D,144.0,P,7,783.0
3943,3943,4210_01,Europa,True,55 Cancri e,50.0,False,0.0,0.0,0.0,0.0,0.0,0.0,1,4210,2,0,C,151.0,S,5,0.0
3944,3944,4210_02,Europa,True,55 Cancri e,28.0,False,0.0,0.0,0.0,0.0,0.0,0.0,1,4210,2,0,C,151.0,S,5,0.0
3945,3945,4211_01,Europa,True,TRAPPIST-1e,26.0,False,0.0,0.0,0.0,0.0,0.0,0.0,1,4211,1,1,C,134.0,P,2,0.0
3946,3946,4212_01,Earth,True,TRAPPIST-1e,28.0,False,0.0,0.0,0.0,0.0,0.0,0.0,1,4212,1,1,G,690.0,S,8,0.0
3947,3947,4213_01,Earth,True,PSO J318.5-22,23.0,False,4.0,157.0,142.0,137.52083333333334,196.0,499.0,0,4213,1,1,G,691.0,S,7,636.5208333333334
3948,3948,4214_01,Europa,True,TRAPPIST-1e,23.0,False,3.0,343.0,0.0,4280.0,0.0,4626.0,0,4214,1,1,E,262.0,P,1,4626.0
3949,3949,4215_01,Mars,True,TRAPPIST-1e,34.0,True,992.0,0.0,14.0,0.0,0.0,1006.0,0,4215,1,1,D,145.0,P,8,1006.0
3950,3950,4216_01,Europa,True,TRAPPIST-1e,65.0,False,0.0,0.0,0.0,0.0,0.0,0.0,1,4216,2,0,B,134.0,P,9,0.0
3951,3951,4216_02,Europa,True,TRAPPIST-1e,20.0,False,0.0,0.0,0.0,0.0,0.0,0.0,1,4216,2,0,B,134.0,P,9,0.0
3952,3952,4218_01,Mars,True,TRAPPIST-1e,29.0,False,0.0,0.0,0.0,0.0,0.0,0.0,1,4218,2,0,F,867.0,P,3,0.0
3953,3953,4218_02,Mars,True,TRAPPIST-1e,30.0,False,176.0,0.0,2310.0,0.0,78.5,2486.0,0,4218,2,0,F,867.0,P,3,2564.5
3954,3954,4219_01,Mars,True,TRAPPIST-1e,3.0,False,0.0,0.0,0.0,0.0,0.0,0.0,1,4219,3,0,F,868.0,P,7,0.0
3955,3955,4219_02,Mars,True,TRAPPIST-1e,40.0,False,1268.0,0.0,0.0,0.0,0.0,1268.0,0,4219,3,0,F,868.0,P,7,1268.0
3956,3956,4219_03,Mars,True,TRAPPIST-1e,32.0,False,1331.0,416.0,0.0,665.0,64.0,2476.0,0,4219,3,0,F,868.0,P,7,2476.0
3957,3957,4220_01,Earth,True,TRAPPIST-1e,31.0,False,553.0,224.0,9.0,1.0,0.0,787.0,0,4220,1,1,E,263.0,P,5,787.0
3958,3958,4221_01,Earth,True,TRAPPIST-1e,13.0,False,27.0,81.0,1080.0,0.0,0.0,1188.0,0,4221,1,1,F,869.0,P,8,1188.0
3959,3959,4222_01,Earth,True,TRAPPIST-1e,29.0,False,37.0,0.0,167.0,608.0,0.0,812.0,0,4222,2,0,G,692.0,P,5,812.0
3960,3960,4222_02,Earth,True,TRAPPIST-1e,28.0,False,0.0,53.0,0.0,732.0,6.0,791.0,0,4222,2,0,E,264.0,P,5,791.0
3961,3961,4223_01,Mars,True,55 Cancri e,19.0,False,1184.0,88.0,0.0,0.0,334.0,1606.0,0,4223,2,0,F,790.0,S,7,1606.0
3962,3962,4223_02,Mars,True,55 Cancri e,24.0,False,469.0,0.0,366.51162790697674,196.0,0.0,665.0,0,4223,2,0,E,275.0,S,7,1031.5116279069766
3963,3963,4225_01,Mars,True,TRAPPIST-1e,22.0,False,0.0,0.0,0.0,0.0,0.0,0.0,1,4225,1,1,E,266.0,P,3,0.0
3964,3964,4229_01,Earth,True,55 Cancri e,13.0,False,406.0,0.0,1670.0,0.0,427.0,2503.0,0,4229,1,1,F,872.0,P,0,2503.0
3965,3965,4230_01,Earth,True,TRAPPIST-1e,21.0,False,0.0,0.0,23.0,820.0,22.0,865.0,0,4230,1,1,F,873.0,P,4,865.0
3966,3966,4231_01,Earth,True,55 Cancri e,24.0,False,0.0,0.0,1435.0,10.0,0.0,1445.0,0,4231,1,1,F,791.0,S,7,1445.0
3967,3967,4232_01,Europa,True,TRAPPIST-1e,47.0,False,0.0,4983.0,0.0,173.0,43.0,5199.0,0,4232,1,1,B,164.0,S,3,5199.0
3968,3968,4233_01,Europa,True,TRAPPIST-1e,27.0,False,0.0,144.0,76.0,184.0,3932.0,4336.0,0,4233,1,1,B,135.0,P,4,4336.0
3969,3969,4237_01,Earth,True,TRAPPIST-1e,18.0,False,0.0,0.0,774.0,0.0,13.0,787.0,0,4237,1,1,E,277.0,S,14,787.0
3970,3970,4238_01,Europa,True,55 Cancri e,36.0,False,0.0,0.0,0.0,0.0,0.0,0.0,1,4238,1,1,B,165.0,S,3,0.0
3971,3971,4239_01,Earth,True,TRAPPIST-1e,68.0,False,0.0,1.0,223.0,580.0,0.0,804.0,0,4239,1,1,F,875.0,P,6,804.0
3972,3972,4240_01,Europa,False,TRAPPIST-1e,31.0,False,0.0,0.0,0.0,0.0,0.0,0.0,1,4240,1,1,C,152.0,S,2,0.0
3973,3973,4242_01,Mars,True,TRAPPIST-1e,28.0,False,0.0,0.0,0.0,0.0,0.0,0.0,1,4242,1,1,F,877.0,P,3,0.0
3974,3974,4243_01,Mars,True,TRAPPIST-1e,36.0,False,3002.0,21.0,150.0,0.0,0.0,3173.0,0,4243,1,1,D,136.0,S,8,3173.0
3975,3975,4244_01,Earth,True,TRAPPIST-1e,17.0,False,0.0,628.0,0.0,66.0,449.0,1143.0,0,4244,1,1,F,794.0,S,8,1143.0
3976,3976,4245_01,Earth,True,TRAPPIST-1e,13.0,False,0.0,0.0,0.0,0.0,0.0,0.0,1,4245,1,1,G,695.0,S,12,0.0
3977,3977,4246_01,Earth,True,TRAPPIST-1e,30.0,False,0.0,10.0,0.0,3840.0,329.0,4179.0,0,4246,1,1,G,693.0,P,11,4179.0
3978,3978,4249_01,Europa,True,TRAPPIST-1e,58.0,False,0.0,2946.0,0.0,101.0,387.0,3434.0,0,4249,3,0,B,166.0,S,4,3434.0
3979,3979,4249_02,Europa,True,TRAPPIST-1e,43.0,False,0.0,0.0,0.0,0.0,0.0,0.0,1,4249,3,0,B,166.0,S,4,0.0
3980,3980,4249_03,Europa,True,55 Cancri e,20.0,False,354.0,1546.0,323.0,284.0,315.0,2822.0,0,4249,3,0,B,166.0,S,4,2822.0
3981,3981,4251_01,Earth,True,TRAPPIST-1e,29.0,False,715.0,0.0,145.18691588785046,698.0,106.0,1519.0,0,4251,1,1,F,879.0,P,4,1664.1869158878503
3982,3982,4252_01,Earth,True,TRAPPIST-1e,15.0,False,156.0,1.0,1132.0,192.0,33.0,1514.0,0,4252,1,1,F,795.0,S,6,1514.0
3983,3983,4253_01,Earth,True,TRAPPIST-1e,30.0,False,488.0,0.0,242.0,0.0,79.0,809.0,0,4253,1,1,G,696.0,P,6,809.0
3984,3984,4254_01,Europa,True,55 Cancri e,33.0,False,5493.0,9401.0,23.0,3013.0,303.0,18233.0,0,4254,3,0,B,136.0,P,5,18233.0
3985,3985,4254_02,Europa,True,TRAPPIST-1e,25.0,False,0.0,0.0,0.0,0.0,0.0,0.0,1,4254,3,0,B,136.0,P,5,0.0
3986,3986,4254_03,Europa,True,TRAPPIST-1e,62.0,False,0.0,22.0,0.0,3314.0,22.0,3358.0,0,4254,3,0,B,136.0,P,5,3358.0
3987,3987,4255_01,Earth,True,PSO J318.5-22,41.0,False,0.0,0.0,0.0,0.0,0.0,0.0,1,4255,1,1,G,697.0,P,9,0.0
3988,3988,4256_01,Earth,True,TRAPPIST-1e,27.0,False,6.0,0.0,0.0,768.0,1141.0,1915.0,0,4256,8,0,F,880.0,P,15,1915.0
3989,3989,4256_02,Earth,True,TRAPPIST-1e,18.0,False,0.0,0.0,0.0,0.0,0.0,0.0,1,4256,8,0,G,698.0,P,15,0.0
3990,3990,4256_03,Earth,True,TRAPPIST-1e,27.0,False,0.0,0.0,0.0,0.0,0.0,0.0,1,4256,8,0,G,698.0,P,15,0.0
3991,3991,4256_04,Earth,True,TRAPPIST-1e,19.0,False,571.0,0.0,0.0,97.0,813.0,1481.0,0,4256,8,0,F,880.0,P,15,1481.0
3992,3992,4256_05,Earth,True,TRAPPIST-1e,37.0,False,0.0,0.0,115.0,671.0,0.0,786.0,0,4256,8,0,G,698.0,P,5,786.0
3993,3993,4256_06,Earth,True,TRAPPIST-1e,24.0,False,0.0,0.0,0.0,0.0,0.0,0.0,1,4256,8,0,G,698.0,P,15,0.0
3994,3994,4256_07,Earth,True,TRAPPIST-1e,29.0,False,13.0,0.0,664.0,74.0,101.0,852.0,0,4256,8,0,G,698.0,P,15,852.0
3995,3995,4256_08,Earth,True,55 Cancri e,44.0,False,0.0,0.0,608.0,0.0,91.0,699.0,0,4256,8,0,F,880.0,P,15,699.0
3996,3996,4257_01,Earth,True,TRAPPIST-1e,19.0,False,0.0,265.0,882.0,2.0,293.0,1442.0,0,4257,1,1,F,881.0,P,3,1442.0
3997,3997,4258_01,Europa,True,TRAPPIST-1e,39.0,False,0.0,266.0,0.0,1254.0,197.0,1717.0,0,4258,3,0,A,37.0,P,3,1717.0
3998,3998,4258_02,Europa,True,TRAPPIST-1e,63.0,False,0.0,490.0,1.0,2882.0,18.0,3391.0,0,4258,3,0,A,37.0,P,3,3391.0
3999,3999,4258_03,Europa,True,TRAPPIST-1e,39.0,False,9.0,1525.0,0.0,0.0,146.0,1680.0,0,4258,3,0,A,37.0,P,3,1680.0
4000,4000,4259_01,Mars,True,TRAPPIST-1e,41.0,False,0.0,0.0,0.0,0.0,0.0,0.0,1,4259,1,1,F,796.0,S,7,0.0
4001,4001,4260_01,Earth,True,TRAPPIST-1e,27.0,False,0.0,0.0,0.0,0.0,0.0,0.0,1,4260,1,1,G,696.0,S,5,0.0
4002,4002,4261_01,Mars,True,55 Cancri e,56.0,False,412.0,492.0,9.0,117.0,33.0,1063.0,0,4261,1,1,D,137.0,S,4,1063.0
4003,4003,4262_01,Europa,True,TRAPPIST-1e,22.0,False,0.0,0.0,0.0,0.0,0.0,0.0,1,4262,2,0,C,135.0,P,5,0.0
4004,4004,4262_02,Europa,True,55 Cancri e,26.0,False,1.0,1269.0,4790.0,270.0,5116.0,11446.0,0,4262,2,0,C,135.0,P,5,11446.0
4005,4005,4264_01,Earth,True,TRAPPIST-1e,24.0,False,0.0,0.0,0.0,0.0,1300.0,1300.0,0,4264,1,1,F,797.0,S,4,1300.0
4006,4006,4266_01,Earth,True,PSO J318.5-22,18.0,False,0.0,0.0,0.0,0.0,0.0,0.0,1,4266,1,1,G,697.0,S,5,0.0
4007,4007,4267_01,Earth,True,TRAPPIST-1e,13.0,False,0.0,0.0,0.0,0.0,0.0,0.0,1,4267,2,0,G,700.0,P,6,0.0
4008,4008,4267_02,Earth,True,TRAPPIST-1e,32.0,False,0.0,0.0,1020.0,0.0,0.0,1020.0,0,4267,2,0,F,883.0,P,6,1020.0
4009,4009,4270_01,Europa,True,55 Cancri e,30.0,False,24.0,2558.0,98.0,0.0,5361.0,8041.0,0,4270,1,1,C,149.0,S,3,8041.0
4010,4010,4271_01,Europa,True,TRAPPIST-1e,25.0,False,0.0,0.0,0.0,0.0,0.0,0.0,1,4271,1,1,A,38.0,P,4,0.0
4011,4011,4272_01,Earth,True,TRAPPIST-1e,55.0,False,0.0,252.0,1.0,0.0,553.0,806.0,0,4272,1,1,F,799.0,S,4,806.0
4012,4012,4273_01,Earth,True,PSO J318.5-22,19.0,False,0.0,2.0,0.0,669.0,0.0,671.0,0,4273,1,1,F,884.0,P,7,671.0
4013,4013,4274_01,Earth,True,TRAPPIST-1e,24.0,False,0.0,717.0,222.0,8.0,1.0,948.0,0,4274,1,1,G,698.0,S,10,948.0
4014,4014,4278_01,Europa,True,TRAPPIST-1e,32.0,False,401.0,3724.0,5.0,422.0,62.0,4614.0,0,4278,1,1,C,154.0,S,5,4614.0
4015,4015,4280_01,Mars,True,TRAPPIST-1e,24.0,False,0.0,0.0,0.0,0.0,0.0,0.0,1,4280,1,1,E,267.0,P,2,0.0
4016,4016,4289_01,Mars,True,TRAPPIST-1e,32.0,False,0.0,0.0,0.0,0.0,0.0,0.0,1,4289,1,1,F,890.0,P,6,0.0
4017,4017,4291_01,Earth,True,TRAPPIST-1e,36.0,False,0.0,0.0,0.0,0.0,0.0,0.0,1,4291,1,1,G,701.0,S,10,0.0
4018,4018,4292_01,Europa,True,55 Cancri e,28.0,False,0.0,31.0,0.0,1283.0,871.0,2185.0,0,4292,1,1,A,52.0,S,2,2185.0
4019,4019,4293_01,Earth,True,TRAPPIST-1e,52.0,False,0.0,559.0,0.0,0.0,0.0,559.0,0,4293,1,1,F,801.0,S,8,559.0
4020,4020,4294_01,Earth,True,TRAPPIST-1e,29.0,False,646.0,91.0,13.0,0.0,0.0,750.0,0,4294,1,1,G,702.0,S,8,750.0
4021,4021,4295_01,Mars,True,55 Cancri e,23.0,False,49.0,0.0,2716.0,0.0,0.0,2765.0,0,4295,2,0,D,147.0,P,3,2765.0
4022,4022,4295_02,Mars,True,TRAPPIST-1e,32.0,False,0.0,0.0,0.0,0.0,0.0,0.0,1,4295,2,0,D,134.0,P,3,0.0
4023,4023,4296_01,Earth,True,TRAPPIST-1e,35.0,False,0.0,0.0,0.0,0.0,0.0,0.0,1,4296,1,1,G,703.0,S,8,0.0
4024,4024,4297_01,Europa,True,55 Cancri e,41.0,False,14.0,6777.0,81.0,604.0,2936.0,10412.0,0,4297,1,1,B,138.0,P,2,10412.0
4025,4025,4300_01,Earth,True,PSO J318.5-22,16.0,False,0.0,0.0,0.0,0.0,0.0,0.0,1,4300,1,1,G,704.0,S,13,0.0
4026,4026,4301_01,Europa,True,55 Cancri e,33.0,False,0.0,0.0,0.0,0.0,0.0,0.0,1,4301,1,1,E,269.0,P,3,0.0
4027,4027,4302_01,Earth,True,55 Cancri e,6.0,False,0.0,0.0,0.0,0.0,0.0,0.0,1,4302,1,1,G,706.0,P,7,0.0
4028,4028,4303_01,Earth,True,55 Cancri e,15.0,False,36.0,841.0,0.0,0.0,0.0,877.0,0,4303,2,0,F,803.0,S,6,877.0
4029,4029,4303_02,Earth,True,TRAPPIST-1e,38.0,False,0.0,668.0,84.0,267.0,0.0,1019.0,0,4303,2,0,G,705.0,S,3,1019.0
4030,4030,4305_01,Earth,True,TRAPPIST-1e,56.0,False,0.0,779.0,12.0,3.0,35.0,829.0,0,4305,3,0,F,893.0,P,7,829.0
4031,4031,4305_02,Earth,True,PSO J318.5-22,4.0,False,0.0,0.0,0.0,0.0,0.0,0.0,1,4305,3,0,G,707.0,P,7,0.0
4032,4032,4305_03,Earth,True,PSO J318.5-22,21.0,False,0.0,0.0,0.0,0.0,0.0,0.0,1,4305,3,0,G,707.0,P,6,0.0
4033,4033,4306_01,Mars,True,55 Cancri e,22.0,False,1371.0,0.0,235.0,0.0,0.0,1606.0,0,4306,1,1,F,805.0,S,10,1606.0
4034,4034,4309_01,Earth,True,TRAPPIST-1e,37.0,False,0.0,0.0,785.0,3.0,0.0,788.0,0,4309,2,0,E,270.0,P,7,788.0
4035,4035,4309_02,Earth,True,TRAPPIST-1e,6.0,False,0.0,0.0,0.0,0.0,0.0,0.0,1,4309,2,0,G,709.0,P,7,0.0
4036,4036,4311_01,Earth,True,TRAPPIST-1e,22.0,False,563.0,521.0,364.0,0.0,0.0,1448.0,0,4311,1,1,F,807.0,S,10,1448.0
4037,4037,4312_01,Europa,True,TRAPPIST-1e,26.0,False,0.0,137.0,0.0,0.0,7629.0,7766.0,0,4312,1,1,B,139.0,P,2,7766.0
4038,4038,4315_01,Earth,True,TRAPPIST-1e,22.0,False,0.0,3.0,486.0,0.0,228.0,717.0,0,4315,2,0,E,272.0,P,9,717.0
4039,4039,4315_02,Earth,False,TRAPPIST-1e,20.0,False,0.0,0.0,0.0,0.0,0.0,0.0,1,4315,2,0,G,710.0,P,9,0.0
4040,4040,4316_01,Earth,True,PSO J318.5-22,24.0,False,0.0,22.0,0.0,1156.0,0.0,1178.0,0,4316,1,1,F,894.0,P,8,1178.0
4041,4041,4317_01,Mars,True,TRAPPIST-1e,24.0,False,439.0,0.0,2140.0,0.0,0.0,2579.0,0,4317,1,1,D,139.0,S,4,2579.0
4042,4042,4318_01,Mars,True,TRAPPIST-1e,25.0,False,0.0,0.0,0.0,0.0,0.0,0.0,1,4318,1,1,F,808.0,S,9,0.0
4043,4043,4319_01,Earth,True,TRAPPIST-1e,48.0,False,2.0,0.0,83.0,589.0,233.0,907.0,0,4319,1,1,G,711.0,P,1,907.0
4044,4044,4320_01,Earth,True,TRAPPIST-1e,24.0,False,786.0,0.0,0.0,7.0,0.0,793.0,0,4320,1,1,E,273.0,P,10,793.0
4045,4045,4324_01,Mars,True,55 Cancri e,3.0,False,0.0,0.0,0.0,0.0,0.0,0.0,1,4324,4,0,F,810.0,S,4,0.0
4046,4046,4324_02,Mars,True,TRAPPIST-1e,24.0,False,0.0,0.0,0.0,0.0,0.0,0.0,1,4324,4,0,F,810.0,S,4,0.0
4047,4047,4324_03,Mars,True,TRAPPIST-1e,25.0,False,412.0,0.0,567.0,775.0,0.0,1754.0,0,4324,4,0,F,810.0,S,4,1754.0
4048,4048,4324_04,Mars,True,55 Cancri e,1.0,False,0.0,0.0,0.0,0.0,0.0,0.0,1,4324,4,0,F,810.0,S,10,0.0
4049,4049,4327_01,Earth,True,TRAPPIST-1e,20.0,False,0.0,187.0,712.0,0.0,0.0,899.0,0,4327,1,1,F,811.0,S,8,899.0
4050,4050,4329_01,Earth,True,TRAPPIST-1e,22.0,False,39.0,0.0,63.0,3.0,654.0,759.0,0,4329,1,1,F,812.0,S,5,759.0
4051,4051,4330_01,Mars,True,55 Cancri e,28.0,False,427.0,0.0,754.0,0.0,0.0,1181.0,0,4330,1,1,D,140.0,S,9,1181.0
4052,4052,4332_01,Earth,True,55 Cancri e,17.0,False,0.0,0.0,0.0,0.0,0.0,0.0,1,4332,1,1,G,707.0,S,7,0.0
4053,4053,4333_01,Europa,True,55 Cancri e,28.0,False,0.0,3345.0,0.0,2143.0,27.0,5515.0,0,4333,1,1,B,141.0,P,1,5515.0
4054,4054,4334_01,Europa,True,TRAPPIST-1e,47.0,False,0.0,0.0,0.0,0.0,0.0,0.0,1,4334,1,1,A,53.0,S,4,0.0
4055,4055,4335_01,Mars,True,TRAPPIST-1e,34.0,False,0.0,0.0,0.0,0.0,0.0,0.0,1,4335,1,1,E,281.0,S,6,0.0
4056,4056,4336_01,Europa,True,TRAPPIST-1e,29.0,True,267.0,1418.0,257.0,843.0,0.0,2785.0,0,4336,4,0,C,155.0,S,5,2785.0
4057,4057,4336_02,Europa,True,TRAPPIST-1e,14.0,False,0.0,0.0,0.0,0.0,0.0,0.0,1,4336,4,0,C,155.0,S,5,0.0
4058,4058,4336_03,Europa,True,TRAPPIST-1e,36.0,False,0.0,563.0,0.0,1301.0,830.0,2694.0,0,4336,4,0,C,151.0,S,5,2694.0
4059,4059,4336_04,Europa,True,55 Cancri e,40.0,False,2320.0,0.0,4874.0,3131.0,498.0,10823.0,0,4336,4,0,C,155.0,S,5,10823.0
4060,4060,4337_01,Mars,True,TRAPPIST-1e,49.0,False,22.0,0.0,1129.0,0.0,77.0,1228.0,0,4337,1,1,F,813.0,S,8,1228.0
4061,4061,4338_01,Europa,True,TRAPPIST-1e,51.0,False,0.0,0.0,0.0,0.0,0.0,0.0,1,4338,3,0,C,156.0,S,5,0.0
4062,4062,4338_02,Europa,True,TRAPPIST-1e,41.0,False,0.0,545.0,0.0,2740.0,293.0,3578.0,0,4338,3,0,C,156.0,S,6,3578.0
4063,4063,4338_03,Europa,True,55 Cancri e,44.0,False,0.0,14201.0,0.0,22.0,584.0,14807.0,0,4338,3,0,C,156.0,S,5,14807.0
4064,4064,4339_01,Mars,True,TRAPPIST-1e,47.0,False,2044.0,0.0,95.0,0.0,120.0,2259.0,0,4339,1,1,F,814.0,S,5,2259.0
4065,4065,4340_01,Earth,True,TRAPPIST-1e,22.0,False,0.0,0.0,945.0,0.0,4.0,949.0,0,4340,1,1,F,815.0,S,16,949.0
4066,4066,4343_01,Earth,True,PSO J318.5-22,13.0,False,0.0,0.0,0.0,0.0,0.0,0.0,1,4343,1,1,G,708.0,S,0,0.0
4067,4067,4344_01,Earth,True,TRAPPIST-1e,18.0,False,0.0,35.0,661.0,0.0,63.0,759.0,0,4344,1,1,F,816.0,S,9,759.0
4068,4068,4345_01,Earth,True,TRAPPIST-1e,28.0,False,0.0,1125.0,3.0,562.0,7.0,1697.0,0,4345,1,1,G,717.0,P,4,1697.0
4069,4069,4346_01,Earth,True,55 Cancri e,22.0,False,429.0,2.0,232.0,0.0,59.0,722.0,0,4346,1,1,E,274.0,P,6,722.0
4070,4070,4347_01,Earth,True,TRAPPIST-1e,50.0,False,444.0,0.0,408.0,0.0,0.0,852.0,0,4347,1,1,G,718.0,P,4,852.0
4071,4071,4348_01,Europa,True,TRAPPIST-1e,47.0,True,0.0,0.0,0.0,0.0,0.0,0.0,1,4348,1,1,B,142.0,P,2,0.0
4072,4072,4349_01,Mars,True,TRAPPIST-1e,55.0,False,802.0,0.0,155.0,4.0,337.0,1298.0,0,4349,1,1,E,275.0,P,8,1298.0
4073,4073,4350_01,Earth,True,TRAPPIST-1e,21.0,False,0.0,0.0,0.0,0.0,0.0,0.0,1,4350,2,0,G,709.0,S,4,0.0
4074,4074,4350_02,Earth,True,PSO J318.5-22,39.0,False,0.0,0.0,1.0,0.0,2330.0,2331.0,0,4350,2,0,G,709.0,S,11,2331.0
4075,4075,4351_01,Earth,True,TRAPPIST-1e,21.0,False,641.0,0.0,409.0,0.0,0.0,1050.0,0,4351,1,1,F,895.0,P,6,1050.0
4076,4076,4352_01,Europa,True,TRAPPIST-1e,37.0,False,33.0,3484.0,17.0,4.0,1384.0,4922.0,0,4352,2,0,C,157.0,S,4,4922.0
4077,4077,4352_02,Europa,True,TRAPPIST-1e,31.0,False,22.0,10025.0,2.0,124.0,1.0,10174.0,0,4352,2,0,C,157.0,S,4,10174.0
4078,4078,4354_01,Earth,True,TRAPPIST-1e,23.0,False,115.0,1.0,0.0,137.52083333333334,249.0,365.0,0,4354,1,1,E,276.0,P,8,502.52083333333337
4079,4079,4356_01,Europa,True,55 Cancri e,28.0,False,0.0,0.0,0.0,0.0,0.0,0.0,1,4356,1,1,B,167.0,S,4,0.0
4080,4080,4357_01,Mars,True,TRAPPIST-1e,23.0,False,118.0,0.0,949.0,206.0,2071.0,3344.0,0,4357,1,1,D,148.0,P,6,3344.0
4081,4081,4358_01,Earth,True,PSO J318.5-22,20.0,False,0.0,272.0,108.0,183.44298245614036,230.0,610.0,0,4358,1,1,F,818.0,S,10,793.4429824561404
4082,4082,4359_01,Europa,True,TRAPPIST-1e,28.0,False,3.0,2127.0,0.0,696.0,10.0,2836.0,0,4359,3,0,C,137.0,P,3,2836.0
4083,4083,4359_02,Europa,True,55 Cancri e,40.0,False,0.0,17687.0,0.0,425.0,155.0,18267.0,0,4359,3,0,C,137.0,P,3,18267.0
4084,4084,4359_03,Europa,True,55 Cancri e,54.0,False,0.0,1832.0,0.0,0.0,1768.0,3600.0,0,4359,3,0,C,137.0,P,3,3600.0
4085,4085,4360_01,Mars,True,TRAPPIST-1e,18.0,False,0.0,0.0,0.0,0.0,0.0,0.0,1,4360,1,1,F,896.0,P,2,0.0
4086,4086,4361_01,Earth,True,55 Cancri e,27.0,False,0.0,14.0,0.0,734.0,331.0,1079.0,0,4361,1,1,F,819.0,S,6,1079.0
4087,4087,4362_01,Europa,True,TRAPPIST-1e,43.0,False,0.0,1947.0,0.0,0.0,1651.0,3598.0,0,4362,1,1,B,168.0,S,5,3598.0
4088,4088,4364_01,Earth,True,PSO J318.5-22,25.0,False,0.0,0.0,0.0,0.0,0.0,0.0,1,4364,1,1,G,720.0,P,4,0.0
4089,4089,4365_01,Earth,True,TRAPPIST-1e,13.0,False,552.0,247.0,0.0,4.0,0.0,803.0,0,4365,1,1,F,898.0,P,8,803.0
4090,4090,4366_01,Earth,True,PSO J318.5-22,15.0,False,0.0,0.0,873.0,0.0,5.0,878.0,0,4366,1,1,F,899.0,P,9,878.0
4091,4091,4367_01,Earth,True,55 Cancri e,37.0,False,0.0,0.0,0.0,0.0,0.0,0.0,1,4367,1,1,G,710.0,S,9,0.0
4092,4092,4368_01,Mars,True,55 Cancri e,32.0,False,0.0,0.0,0.0,0.0,0.0,0.0,1,4368,1,1,F,900.0,P,9,0.0
4093,4093,4369_01,Earth,True,TRAPPIST-1e,19.0,False,857.0,0.0,0.0,0.0,0.0,857.0,0,4369,1,1,F,820.0,S,5,857.0
4094,4094,4370_01,Earth,True,TRAPPIST-1e,21.0,False,3.0,1.0,0.0,1494.0,110.0,1608.0,0,4370,1,1,G,705.0,S,12,1608.0
4095,4095,4371_01,Europa,True,TRAPPIST-1e,27.0,False,0.0,2717.0,0.0,0.0,986.0,3703.0,0,4371,5,0,C,158.0,S,7,3703.0
4096,4096,4371_02,Europa,True,55 Cancri e,39.0,False,106.0,243.0,126.0,7.0,4967.0,5449.0,0,4371,5,0,C,158.0,S,7,5449.0
4097,4097,4371_03,Europa,True,TRAPPIST-1e,22.0,False,0.0,0.0,0.0,0.0,0.0,0.0,1,4371,5,0,C,158.0,S,7,0.0
4098,4098,4371_04,Europa,True,TRAPPIST-1e,25.0,False,0.0,4384.0,4285.0,812.0,360.0,9841.0,0,4371,5,0,C,158.0,S,7,9841.0
4099,4099,4371_05,Europa,True,55 Cancri e,34.0,False,71.51063829787235,7221.0,0.0,288.0,2275.0,9784.0,0,4371,5,0,C,158.0,S,5,9855.510638297872
4100,4100,4372_01,Mars,True,TRAPPIST-1e,54.0,False,0.0,0.0,0.0,0.0,0.0,0.0,1,4372,2,0,F,821.0,S,11,0.0
4101,4101,4372_02,Mars,True,TRAPPIST-1e,42.0,False,954.0,0.0,1.0,0.0,0.0,955.0,0,4372,2,0,E,283.0,S,9,955.0
4102,4102,4373_01,Earth,True,PSO J318.5-22,36.0,False,735.0,0.0,2.0,0.0,0.0,737.0,0,4373,1,1,F,822.0,S,6,737.0
4103,4103,4376_01,Earth,True,PSO J318.5-22,43.0,False,0.0,168.0,3.0,0.0,452.0,623.0,0,4376,1,1,E,284.0,S,2,623.0
4104,4104,4382_01,Earth,True,PSO J318.5-22,23.0,False,65.0,94.0,0.0,0.0,445.0,604.0,0,4382,1,1,F,901.0,P,6,604.0
4105,4105,4383_01,Europa,True,TRAPPIST-1e,57.0,False,0.0,0.0,0.0,0.0,0.0,0.0,1,4383,1,1,B,169.0,S,2,0.0
4106,4106,4386_01,Europa,True,TRAPPIST-1e,54.0,False,0.0,0.0,0.0,0.0,0.0,0.0,1,4386,2,0,B,170.0,S,4,0.0
4107,4107,4386_02,Europa,True,TRAPPIST-1e,51.0,False,0.0,16455.0,885.0,0.0,363.0,17703.0,0,4386,2,0,B,170.0,S,4,17703.0
4108,4108,4387_01,Mars,True,PSO J318.5-22,32.0,False,192.0,0.0,441.0,18.0,0.0,651.0,0,4387,1,1,F,902.0,P,11,651.0
4109,4109,4388_01,Europa,True,TRAPPIST-1e,33.0,False,0.0,0.0,0.0,0.0,0.0,0.0,1,4388,1,1,B,171.0,S,0,0.0
4110,4110,4390_01,Mars,True,TRAPPIST-1e,8.0,False,0.0,0.0,0.0,0.0,0.0,0.0,1,4390,3,0,F,903.0,P,16,0.0
4111,4111,4390_02,Mars,True,TRAPPIST-1e,44.0,False,0.0,0.0,0.0,0.0,0.0,0.0,1,4390,3,0,F,903.0,P,16,0.0
4112,4112,4390_03,Mars,True,TRAPPIST-1e,27.0,False,875.0,0.0,61.0,289.0,0.0,1225.0,0,4390,3,0,F,903.0,P,16,1225.0
4113,4113,4391_01,Earth,True,TRAPPIST-1e,48.0,False,383.0,0.0,0.0,393.0,10.0,786.0,0,4391,1,1,F,904.0,P,5,786.0
4114,4114,4392_01,Earth,True,55 Cancri e,13.0,False,38.0,0.0,0.0,733.0,0.0,771.0,0,4392,1,1,G,714.0,S,7,771.0
4115,4115,4393_01,Earth,True,TRAPPIST-1e,5.0,False,0.0,0.0,0.0,0.0,0.0,0.0,1,4393,2,0,G,722.0,P,8,0.0
4116,4116,4393_02,Earth,True,TRAPPIST-1e,18.0,False,754.0,0.0,34.0,0.0,0.0,788.0,0,4393,2,0,E,278.0,P,8,788.0
4117,4117,4395_01,Earth,True,TRAPPIST-1e,23.0,False,0.0,0.0,206.0,681.0,31.0,918.0,0,4395,1,1,F,905.0,P,7,918.0
4118,4118,4396_01,Earth,True,TRAPPIST-1e,23.0,False,0.0,153.0,11.0,646.0,0.0,810.0,0,4396,1,1,G,715.0,S,5,810.0
4119,4119,4397_01,Earth,True,PSO J318.5-22,35.0,False,0.0,0.0,0.0,0.0,0.0,0.0,1,4397,1,1,G,710.0,S,12,0.0
4120,4120,4399_01,Earth,True,TRAPPIST-1e,25.0,False,141.0,3.0,640.0,0.0,100.0,884.0,0,4399,1,1,G,724.0,P,7,884.0
4121,4121,4400_01,Mars,True,TRAPPIST-1e,32.0,False,689.0,0.0,610.0,0.0,0.0,1299.0,0,4400,3,0,E,285.0,S,4,1299.0
4122,4122,4400_02,Mars,True,55 Cancri e,0.0,False,0.0,0.0,0.0,0.0,0.0,0.0,1,4400,3,0,F,830.0,S,4,0.0
4123,4123,4400_03,Mars,True,TRAPPIST-1e,5.0,False,0.0,0.0,0.0,0.0,0.0,0.0,1,4400,3,0,F,830.0,S,4,0.0
4124,4124,4401_01,Earth,False,55 Cancri e,16.0,False,0.0,0.0,0.0,0.0,0.0,0.0,1,4401,2,0,G,716.0,S,6,0.0
4125,4125,4401_02,Earth,True,PSO J318.5-22,18.0,False,0.0,0.0,0.0,0.0,0.0,0.0,1,4401,2,0,G,716.0,S,6,0.0
4126,4126,4402_01,Earth,True,PSO J318.5-22,29.0,False,0.0,0.0,0.0,0.0,0.0,0.0,1,4402,1,1,G,725.0,P,9,0.0
4127,4127,4403_01,Earth,True,TRAPPIST-1e,55.0,False,134.0,935.0,0.0,6.0,394.0,1469.0,0,4403,2,0,F,831.0,S,10,1469.0
4128,4128,4403_02,Earth,True,TRAPPIST-1e,41.0,False,7.0,0.0,297.0,108.0,361.0,773.0,0,4403,2,0,G,717.0,S,10,773.0
4129,4129,4404_01,Earth,True,TRAPPIST-1e,38.0,False,174.67142857142858,2.0,404.0,121.0,0.0,527.0,0,4404,1,1,G,726.0,P,6,701.6714285714286
4130,4130,4405_01,Europa,True,TRAPPIST-1e,27.0,False,0.0,0.0,0.0,0.0,0.0,0.0,1,4405,1,1,C,159.0,S,1,0.0
4131,4131,4407_01,Earth,True,TRAPPIST-1e,55.0,False,0.0,0.0,0.0,0.0,0.0,0.0,1,4407,1,1,G,719.0,S,6,0.0
4132,4132,4408_01,Mars,True,TRAPPIST-1e,75.0,False,0.0,0.0,0.0,0.0,0.0,0.0,1,4408,1,1,F,906.0,P,10,0.0
4133,4133,4409_01,Europa,True,TRAPPIST-1e,50.0,False,0.0,817.0,388.0,78.0,693.0,1976.0,0,4409,1,1,C,160.0,S,3,1976.0
4134,4134,4410_01,Earth,True,TRAPPIST-1e,23.0,False,27.0,0.0,32.0,725.0,0.0,784.0,0,4410,1,1,G,720.0,S,11,784.0
4135,4135,4411_01,Earth,True,PSO J318.5-22,37.0,False,715.0,0.0,54.0,0.0,0.0,769.0,0,4411,1,1,G,721.0,S,9,769.0
4136,4136,4413_01,Earth,True,TRAPPIST-1e,33.0,False,0.0,0.0,232.0,0.0,622.0,854.0,0,4413,1,1,G,722.0,S,8,854.0
4137,4137,4415_01,Mars,True,TRAPPIST-1e,45.0,False,941.0,281.0,36.0,12.0,39.0,1309.0,0,4415,1,1,F,833.0,S,5,1309.0
4138,4138,4416_01,Europa,True,55 Cancri e,47.0,False,0.0,0.0,0.0,0.0,0.0,0.0,1,4416,1,1,B,143.0,P,5,0.0
4139,4139,4422_01,Europa,True,TRAPPIST-1e,13.0,False,0.0,0.0,0.0,0.0,0.0,0.0,1,4422,2,0,B,172.0,S,5,0.0
4140,4140,4422_02,Europa,True,TRAPPIST-1e,29.0,False,0.0,6338.0,0.0,1366.0,89.0,7793.0,0,4422,2,0,B,172.0,S,5,7793.0
4141,4141,4424_01,Mars,True,TRAPPIST-1e,19.0,False,30.0,0.0,42.0,3565.0,7.0,3644.0,0,4424,1,1,E,287.0,S,3,3644.0
4142,4142,4426_01,Mars,True,TRAPPIST-1e,30.0,False,0.0,0.0,0.0,0.0,0.0,0.0,1,4426,1,1,F,835.0,S,5,0.0
4143,4143,4427_01,Europa,True,55 Cancri e,39.0,False,3.0,83.0,0.0,805.0,2983.0,3874.0,0,4427,2,0,D,141.0,S,9,3874.0
4144,4144,4427_02,Europa,True,TRAPPIST-1e,31.0,False,0.0,46.0,0.0,209.0,2908.0,3163.0,0,4427,2,0,D,141.0,S,9,3163.0
4145,4145,4428_01,Europa,True,55 Cancri e,29.0,False,0.0,11417.0,12.0,795.0,402.0,12626.0,0,4428,1,1,C,162.0,S,5,12626.0
4146,4146,4429_01,Mars,True,TRAPPIST-1e,16.0,False,546.0,90.0,23.0,513.0,0.0,1172.0,0,4429,1,1,E,288.0,S,5,1172.0
4147,4147,4430_01,Earth,True,PSO J318.5-22,18.0,False,0.0,2.0,1513.0,0.0,0.0,1515.0,0,4430,1,1,F,836.0,S,5,1515.0
4148,4148,4431_01,Earth,True,55 Cancri e,38.0,False,8.0,0.0,1414.0,10.0,3.0,1435.0,0,4431,1,1,G,727.0,P,6,1435.0
4149,4149,4432_01,Earth,True,TRAPPIST-1e,50.0,False,0.0,0.0,0.0,0.0,0.0,0.0,1,4432,1,1,G,728.0,P,13,0.0
4150,4150,4433_01,Earth,True,PSO J318.5-22,21.0,False,0.0,0.0,0.0,0.0,0.0,0.0,1,4433,1,1,G,729.0,P,15,0.0
4151,4151,4436_01,Earth,True,PSO J318.5-22,22.0,False,0.0,0.0,0.0,0.0,0.0,0.0,1,4436,1,1,G,730.0,P,9,0.0
4152,4152,4437_01,Earth,True,TRAPPIST-1e,20.0,False,0.0,0.0,0.0,0.0,0.0,0.0,1,4437,1,1,G,725.0,S,11,0.0
4153,4153,4438_01,Mars,True,TRAPPIST-1e,36.0,False,721.0,0.0,471.0,0.0,0.0,1192.0,0,4438,1,1,F,910.0,P,9,1192.0
4154,4154,4440_01,Earth,True,TRAPPIST-1e,23.0,False,119.35918367346939,282.0,0.0,0.0,71.0,353.0,0,4440,1,1,F,911.0,P,13,472.3591836734694
4155,4155,4441_01,Europa,True,55 Cancri e,31.0,True,0.0,0.0,0.0,0.0,0.0,0.0,1,4441,3,0,B,144.0,P,6,0.0
4156,4156,4441_02,Europa,True,TRAPPIST-1e,39.0,False,0.0,0.0,0.0,0.0,0.0,0.0,1,4441,3,0,B,144.0,P,6,0.0
4157,4157,4441_03,Europa,True,55 Cancri e,50.0,False,0.0,4558.0,0.0,1.0,267.0,4826.0,0,4441,3,0,B,144.0,P,6,4826.0
4158,4158,4444_01,Earth,True,TRAPPIST-1e,40.0,False,0.0,901.0,0.0,0.0,89.0,990.0,0,4444,1,1,E,291.0,S,5,990.0
4159,4159,4445_01,Earth,True,TRAPPIST-1e,28.0,False,8.0,0.0,77.0,560.0,0.0,645.0,0,4445,1,1,F,912.0,P,5,645.0
4160,4160,4446_01,Europa,True,TRAPPIST-1e,38.0,False,2.0,114.0,771.0,3094.0,448.0,4429.0,0,4446,5,0,B,175.0,S,6,4429.0
4161,4161,4446_02,Europa,True,TRAPPIST-1e,37.0,False,0.0,3603.0,33.0,7113.0,1.0,10750.0,0,4446,5,0,B,175.0,S,6,10750.0
4162,4162,4446_03,Europa,True,55 Cancri e,59.0,False,0.0,0.0,0.0,0.0,0.0,0.0,1,4446,5,0,B,175.0,S,6,0.0
4163,4163,4446_04,Europa,True,55 Cancri e,41.0,False,35.0,6103.0,0.0,180.0,160.0,6478.0,0,4446,5,0,B,175.0,S,6,6478.0
4164,4164,4446_05,Europa,True,TRAPPIST-1e,33.0,False,0.0,4017.0,166.09259259259258,1503.9636363636364,2260.0,6277.0,0,4446,5,0,B,175.0,S,6,7947.056228956229
4165,4165,4447_01,Earth,True,TRAPPIST-1e,54.0,False,0.0,0.0,0.0,0.0,0.0,0.0,1,4447,1,1,G,718.0,Z,10,0.0
4166,4166,4448_01,Earth,True,TRAPPIST-1e,40.0,False,0.0,0.0,2414.0,0.0,0.0,2414.0,0,4448,1,1,F,913.0,P,10,2414.0
4167,4167,4449_01,Mars,True,TRAPPIST-1e,43.0,False,130.0,0.0,870.0,31.0,26.0,1057.0,0,4449,1,1,D,142.0,S,6,1057.0
4168,4168,4450_01,Europa,True,55 Cancri e,26.0,False,0.0,0.0,0.0,0.0,0.0,0.0,1,4450,4,0,C,140.0,P,13,0.0
4169,4169,4450_02,Europa,True,55 Cancri e,65.0,False,0.0,7194.0,0.0,6.0,83.0,7200.0,0,4450,4,0,C,140.0,P,13,7283.0
4170,4170,4450_03,Europa,True,55 Cancri e,22.0,False,0.0,0.0,0.0,0.0,0.0,0.0,1,4450,4,0,C,140.0,P,13,0.0
4171,4171,4450_04,Europa,True,TRAPPIST-1e,28.0,False,0.0,3627.0,0.0,31.0,3263.0,6921.0,0,4450,4,0,C,140.0,P,13,6921.0
4172,4172,4451_01,Mars,True,TRAPPIST-1e,35.0,False,0.0,0.0,0.0,0.0,0.0,0.0,1,4451,1,1,F,914.0,P,4,0.0
4173,4173,4452_01,Earth,True,TRAPPIST-1e,30.0,False,0.0,0.0,0.0,0.0,0.0,0.0,1,4452,1,1,G,727.0,S,8,0.0
4174,4174,4453_01,Europa,True,TRAPPIST-1e,28.0,False,0.0,2560.0,0.0,134.0,307.0,3001.0,0,4453,1,1,D,149.0,P,1,3001.0
4175,4175,4456_01,Earth,True,TRAPPIST-1e,23.0,False,0.0,10.0,159.0,137.52083333333334,125.0,294.0,0,4456,1,1,F,916.0,P,13,431.52083333333337
4176,4176,4457_01,Earth,True,TRAPPIST-1e,24.0,False,698.0,0.0,51.0,2.0,4.0,755.0,0,4457,1,1,F,917.0,P,4,755.0
4177,4177,4459_01,Earth,True,PSO J318.5-22,16.0,False,0.0,0.0,0.0,0.0,0.0,0.0,1,4459,1,1,G,733.0,P,9,0.0
4178,4178,4461_01,Mars,True,TRAPPIST-1e,18.0,False,0.0,0.0,0.0,0.0,0.0,0.0,1,4461,1,1,F,838.0,S,6,0.0
4179,4179,4462_01,Earth,True,TRAPPIST-1e,20.0,False,399.0,77.0,311.0,0.0,16.0,803.0,0,4462,1,1,F,918.0,P,1,803.0
4180,4180,4463_01,Europa,True,TRAPPIST-1e,29.0,False,0.0,0.0,0.0,0.0,0.0,0.0,1,4463,2,0,B,145.0,P,9,0.0
4181,4181,4463_02,Europa,True,TRAPPIST-1e,29.0,False,0.0,0.0,0.0,0.0,0.0,0.0,1,4463,2,0,B,145.0,P,9,0.0
4182,4182,4464_01,Earth,True,TRAPPIST-1e,21.0,False,0.0,0.0,0.0,0.0,0.0,0.0,1,4464,1,1,G,728.0,S,7,0.0
4183,4183,4465_01,Europa,True,TRAPPIST-1e,2.0,False,0.0,0.0,0.0,0.0,0.0,0.0,1,4465,3,0,A,54.0,S,4,0.0
4184,4184,4465_02,Europa,True,TRAPPIST-1e,43.0,False,31.0,76.0,0.0,1353.0,1713.0,3173.0,0,4465,3,0,A,54.0,S,4,3173.0
4185,4185,4465_03,Europa,True,TRAPPIST-1e,28.0,False,0.0,1883.0,0.0,1.0,4560.0,6444.0,0,4465,3,0,A,54.0,S,4,6444.0
4186,4186,4466_01,Europa,True,55 Cancri e,31.0,True,0.0,2461.0,0.0,51.0,2141.0,4653.0,0,4466,1,1,A,40.0,P,8,4653.0
4187,4187,4467_01,Earth,True,TRAPPIST-1e,23.0,False,36.0,18.0,670.0,0.0,32.0,756.0,0,4467,1,1,F,919.0,P,14,756.0
4188,4188,4469_01,Europa,True,TRAPPIST-1e,26.0,False,0.0,0.0,0.0,0.0,0.0,0.0,1,4469,2,0,B,146.0,P,3,0.0
4189,4189,4469_02,Europa,True,55 Cancri e,43.0,False,0.0,39.0,327.0,4643.0,85.0,5094.0,0,4469,2,0,B,146.0,P,3,5094.0
4190,4190,4470_01,Earth,True,TRAPPIST-1e,28.0,False,1549.0,0.0,5.0,0.0,0.0,1554.0,0,4470,1,1,F,839.0,S,6,1554.0
4191,4191,4472_01,Earth,True,PSO J318.5-22,24.0,False,0.0,266.0,1455.0,59.0,0.0,1780.0,0,4472,2,0,G,734.0,P,8,1780.0
4192,4192,4472_02,Earth,True,TRAPPIST-1e,27.0,False,110.0,0.0,638.0,0.0,0.0,748.0,0,4472,2,0,F,920.0,P,8,748.0
4193,4193,4473_01,Mars,True,55 Cancri e,13.0,False,2244.0,31.0,507.0,0.0,142.0,2924.0,0,4473,2,0,F,841.0,S,11,2924.0
4194,4194,4473_02,Mars,True,TRAPPIST-1e,27.0,False,994.0,0.0,26.0,1.0,0.0,1021.0,0,4473,2,0,E,292.0,S,11,1021.0
4195,4195,4474_01,Earth,True,TRAPPIST-1e,2.0,False,0.0,0.0,0.0,0.0,0.0,0.0,1,4474,3,0,G,730.0,S,9,0.0
4196,4196,4474_02,Earth,True,TRAPPIST-1e,24.0,False,0.0,0.0,0.0,0.0,0.0,0.0,1,4474,3,0,G,730.0,S,8,0.0
4197,4197,4474_03,Earth,True,TRAPPIST-1e,2.0,False,0.0,0.0,0.0,0.0,0.0,0.0,1,4474,3,0,G,730.0,S,9,0.0
4198,4198,4475_01,Europa,True,TRAPPIST-1e,50.0,True,13.0,239.0,0.0,161.0,2355.0,2768.0,0,4475,2,0,A,55.0,S,4,2768.0
4199,4199,4475_02,Europa,True,55 Cancri e,27.0,False,0.0,0.0,0.0,0.0,0.0,0.0,1,4475,2,0,A,55.0,S,4,0.0
4200,4200,4476_01,Earth,True,TRAPPIST-1e,26.0,False,1170.0,0.0,0.0,187.0,100.0,1457.0,0,4476,1,1,F,921.0,P,5,1457.0
4201,4201,4477_01,Earth,True,55 Cancri e,31.0,False,23.0,0.0,0.0,126.09302325581395,17.0,40.0,0,4477,1,1,G,731.0,S,6,166.09302325581393
4202,4202,4479_01,Mars,True,TRAPPIST-1e,28.0,False,3559.0,0.0,312.3050847457627,13.0,2.0,3574.0,0,4479,1,1,D,150.0,P,9,3886.3050847457625
4203,4203,4482_01,Earth,True,55 Cancri e,4.0,False,0.0,0.0,0.0,0.0,0.0,0.0,1,4482,5,0,G,732.0,S,11,0.0
4204,4204,4482_02,Earth,True,TRAPPIST-1e,9.0,False,0.0,0.0,0.0,0.0,0.0,0.0,1,4482,5,0,G,732.0,S,9,0.0
4205,4205,4482_03,Earth,True,TRAPPIST-1e,0.0,False,0.0,0.0,0.0,0.0,0.0,0.0,1,4482,5,0,G,732.0,S,11,0.0
4206,4206,4482_04,Earth,True,TRAPPIST-1e,35.0,False,0.0,0.0,0.0,0.0,0.0,0.0,1,4482,5,0,G,732.0,S,11,0.0
4207,4207,4482_05,Earth,True,TRAPPIST-1e,3.0,False,0.0,0.0,0.0,0.0,0.0,0.0,1,4482,5,0,G,732.0,S,11,0.0
4208,4208,4483_01,Mars,True,TRAPPIST-1e,25.0,False,1956.0,0.0,161.0,239.0,28.0,2384.0,0,4483,2,0,D,151.0,P,7,2384.0
4209,4209,4483_02,Mars,True,TRAPPIST-1e,63.0,False,3087.0,0.0,60.0,2.0,0.0,3149.0,0,4483,2,0,D,151.0,P,7,3149.0
4210,4210,4485_01,Mars,True,TRAPPIST-1e,34.0,False,0.0,0.0,0.0,0.0,0.0,0.0,1,4485,2,0,F,922.0,P,3,0.0
4211,4211,4485_02,Mars,True,TRAPPIST-1e,35.0,False,1219.0,0.0,1742.0,740.0,0.0,3701.0,0,4485,2,0,F,922.0,P,3,3701.0
4212,4212,4486_01,Earth,True,TRAPPIST-1e,26.0,False,0.0,0.0,0.0,0.0,0.0,0.0,1,4486,1,1,G,733.0,S,7,0.0
4213,4213,4487_01,Earth,True,TRAPPIST-1e,39.0,False,0.0,3.0,0.0,802.0,49.0,854.0,0,4487,1,1,G,735.0,P,6,854.0
4214,4214,4490_01,Europa,True,55 Cancri e,34.0,False,0.0,337.0,1339.0,92.0,264.0,2032.0,0,4490,1,1,D,143.0,S,2,2032.0
4215,4215,4491_01,Europa,True,TRAPPIST-1e,36.0,False,0.0,1013.0,1.0,16.0,2825.0,3855.0,0,4491,1,1,B,148.0,P,4,3855.0
4216,4216,4492_01,Earth,True,TRAPPIST-1e,46.0,False,0.0,0.0,0.0,0.0,0.0,0.0,1,4492,1,1,G,736.0,P,12,0.0
4217,4217,4493_01,Earth,True,TRAPPIST-1e,26.0,False,42.0,65.0,895.0,407.0,0.0,1409.0,0,4493,1,1,F,845.0,S,9,1409.0
4218,4218,4494_01,Mars,True,TRAPPIST-1e,28.0,False,0.0,0.0,0.0,0.0,0.0,0.0,1,4494,1,1,F,846.0,S,5,0.0
4219,4219,4496_01,Earth,True,55 Cancri e,20.0,False,0.0,3080.0,7.0,0.0,67.0,3154.0,0,4496,1,1,F,924.0,P,9,3154.0
4220,4220,4497_01,Earth,True,TRAPPIST-1e,35.0,False,0.0,0.0,0.0,0.0,0.0,0.0,1,4497,1,1,G,737.0,P,13,0.0
4221,4221,4498_01,Earth,True,55 Cancri e,11.0,False,0.0,0.0,0.0,0.0,0.0,0.0,1,4498,8,0,G,734.0,S,7,0.0
4222,4222,4498_02,Earth,True,PSO J318.5-22,14.0,False,0.0,0.0,0.0,0.0,0.0,0.0,1,4498,8,0,G,734.0,S,13,0.0
4223,4223,4498_03,Earth,True,PSO J318.5-22,4.0,False,0.0,0.0,0.0,0.0,0.0,0.0,1,4498,8,0,G,734.0,S,13,0.0
4224,4224,4498_04,Earth,True,TRAPPIST-1e,11.0,False,0.0,0.0,0.0,0.0,0.0,0.0,1,4498,8,0,G,734.0,S,7,0.0
4225,4225,4498_05,Earth,True,TRAPPIST-1e,31.0,False,0.0,0.0,0.0,0.0,0.0,0.0,1,4498,8,0,G,734.0,S,13,0.0
4226,4226,4498_06,Earth,True,TRAPPIST-1e,15.0,False,0.0,893.0,0.0,0.0,0.0,893.0,0,4498,8,0,G,734.0,S,7,893.0
4227,4227,4498_07,Earth,True,TRAPPIST-1e,39.0,False,0.0,2.0,0.0,69.0,836.0,907.0,0,4498,8,0,G,734.0,S,10,907.0
4228,4228,4498_08,Earth,True,TRAPPIST-1e,7.0,False,0.0,0.0,0.0,0.0,0.0,0.0,1,4498,8,0,G,734.0,S,7,0.0
4229,4229,4500_01,Earth,True,TRAPPIST-1e,24.0,False,83.0,0.0,129.0,504.0,0.0,716.0,0,4500,1,1,F,847.0,S,7,716.0
4230,4230,4501_01,Earth,True,TRAPPIST-1e,22.0,False,0.0,0.0,0.0,0.0,0.0,0.0,1,4501,1,1,G,735.0,S,16,0.0
4231,4231,4502_01,Mars,True,TRAPPIST-1e,26.0,False,0.0,0.0,0.0,0.0,0.0,0.0,1,4502,1,1,E,281.0,P,8,0.0
4232,4232,4505_01,Europa,True,55 Cancri e,53.0,False,0.0,864.0,49.0,39.0,2376.0,3328.0,0,4505,2,0,C,165.0,S,7,3328.0
4233,4233,4505_02,Europa,True,TRAPPIST-1e,40.0,False,2.0,76.0,0.0,201.0,517.4,279.0,0,4505,2,0,C,165.0,S,7,796.4
4234,4234,4506_01,Mars,True,TRAPPIST-1e,19.0,False,160.0,0.0,889.0,0.0,0.0,1049.0,0,4506,1,1,E,294.0,S,8,1049.0
4235,4235,4508_01,Mars,True,55 Cancri e,54.0,False,433.0,0.0,867.0,19.0,1.0,1320.0,0,4508,3,0,F,926.0,P,11,1320.0
4236,4236,4508_02,Mars,True,TRAPPIST-1e,21.0,False,572.0,584.0,128.0,14.0,0.0,1298.0,0,4508,3,0,E,283.0,P,11,1298.0
4237,4237,4508_03,Mars,True,TRAPPIST-1e,25.0,False,1340.0,0.0,8.0,0.0,0.0,1348.0,0,4508,3,0,F,926.0,P,11,1348.0
4238,4238,4509_01,Mars,True,TRAPPIST-1e,48.0,False,137.0,0.0,877.0,0.0,0.0,1014.0,0,4509,3,0,E,295.0,S,3,1014.0
4239,4239,4509_02,Mars,True,PSO J318.5-22,41.0,False,526.4,0.0,1127.0,8.0,0.0,1135.0,0,4509,3,0,D,144.0,S,3,1661.4
4240,4240,4509_03,Mars,True,TRAPPIST-1e,13.0,False,27.0,0.0,3246.0,0.0,0.0,3273.0,0,4509,3,0,D,144.0,S,3,3273.0
4241,4241,4510_01,Europa,True,TRAPPIST-1e,57.0,False,0.0,0.0,0.0,0.0,0.0,0.0,1,4510,1,1,B,177.0,S,1,0.0
4242,4242,4511_01,Europa,True,TRAPPIST-1e,25.0,False,0.0,0.0,0.0,0.0,0.0,0.0,1,4511,2,0,B,178.0,S,5,0.0
4243,4243,4511_02,Europa,True,55 Cancri e,48.0,False,0.0,0.0,0.0,0.0,0.0,0.0,1,4511,2,0,B,178.0,S,5,0.0
4244,4244,4512_01,Mars,True,TRAPPIST-1e,34.0,False,849.0,51.0,375.0,0.0,24.0,1299.0,0,4512,1,1,E,296.0,S,6,1299.0
4245,4245,4514_01,Earth,True,TRAPPIST-1e,16.0,False,0.0,0.0,0.0,0.0,0.0,0.0,1,4514,1,1,G,736.0,S,5,0.0
4246,4246,4515_01,Earth,True,TRAPPIST-1e,0.0,False,0.0,0.0,0.0,0.0,0.0,0.0,1,4515,2,0,G,739.0,P,15,0.0
4247,4247,4515_02,Earth,True,55 Cancri e,15.0,False,6.0,1740.0,2184.0,0.0,0.0,3930.0,0,4515,2,0,G,739.0,P,15,3930.0
4248,4248,4516_01,Earth,True,55 Cancri e,37.0,False,426.0,0.0,2.0,194.0,308.0,930.0,0,4516,1,1,F,848.0,S,6,930.0
4249,4249,4517_01,Earth,True,TRAPPIST-1e,37.0,False,452.0,0.0,234.0,19.0,1290.0,1995.0,0,4517,1,1,F,849.0,S,7,1995.0
4250,4250,4518_01,Earth,True,TRAPPIST-1e,49.0,False,820.0,1.0,690.0,292.0,13.0,1816.0,0,4518,1,1,G,740.0,P,6,1816.0
4251,4251,4521_01,Earth,True,TRAPPIST-1e,18.0,False,1.0,1.0,0.0,0.0,746.0,748.0,0,4521,1,1,F,929.0,P,7,748.0
4252,4252,4522_01,Earth,True,TRAPPIST-1e,25.0,False,101.0,32.0,0.0,137.0,633.0,903.0,0,4522,1,1,F,850.0,S,4,903.0
4253,4253,4524_01,Earth,True,PSO J318.5-22,24.0,False,0.0,116.0,2048.0,2.0,0.0,2166.0,0,4524,1,1,F,930.0,P,14,2166.0
4254,4254,4529_01,Earth,True,55 Cancri e,43.0,False,26.0,132.0,3.0,117.0,555.0,833.0,0,4529,1,1,G,738.0,S,16,833.0
4255,4255,4530_01,Earth,True,TRAPPIST-1e,20.0,False,9.0,0.0,157.0,525.0,0.0,691.0,0,4530,1,1,F,933.0,P,5,691.0
4256,4256,4531_01,Europa,True,TRAPPIST-1e,54.0,False,0.0,0.0,0.0,0.0,0.0,0.0,1,4531,1,1,C,142.0,P,1,0.0
4257,4257,4532_01,Earth,True,TRAPPIST-1e,30.0,False,0.0,0.0,0.0,0.0,0.0,0.0,1,4532,1,1,G,739.0,S,3,0.0
4258,4258,4533_01,Europa,True,TRAPPIST-1e,37.0,False,0.0,0.0,0.0,0.0,0.0,0.0,1,4533,1,1,B,149.0,P,4,0.0
4259,4259,4534_01,Earth,True,55 Cancri e,30.0,False,60.0,41.0,553.0,1.0,0.0,655.0,0,4534,1,1,F,851.0,S,5,655.0
4260,4260,4535_01,Earth,True,TRAPPIST-1e,20.0,False,631.0,93.0,0.0,0.0,0.0,724.0,0,4535,2,0,F,934.0,P,12,724.0
4261,4261,4535_02,Earth,True,TRAPPIST-1e,20.0,False,25.0,0.0,796.0,44.0,44.0,909.0,0,4535,2,0,G,742.0,P,12,909.0
4262,4262,4537_01,Earth,True,TRAPPIST-1e,24.0,False,0.0,591.0,0.0,0.0,1560.0,2151.0,0,4537,1,1,F,852.0,S,2,2151.0
4263,4263,4538_01,Earth,True,TRAPPIST-1e,44.0,False,0.0,121.0,0.0,748.0,0.0,869.0,0,4538,1,1,F,935.0,P,8,869.0
4264,4264,4539_01,Earth,True,55 Cancri e,0.0,False,0.0,0.0,0.0,0.0,0.0,0.0,1,4539,2,0,G,740.0,S,6,0.0
4265,4265,4539_02,Earth,True,TRAPPIST-1e,15.0,False,0.0,0.0,0.0,0.0,0.0,0.0,1,4539,2,0,G,740.0,S,6,0.0
4266,4266,4542_01,Europa,True,TRAPPIST-1e,19.0,False,0.0,0.0,0.0,0.0,0.0,0.0,1,4542,2,0,B,150.0,P,2,0.0
4267,4267,4542_02,Europa,True,55 Cancri e,20.0,False,0.0,0.0,0.0,0.0,0.0,0.0,1,4542,2,0,B,150.0,P,2,0.0
4268,4268,4543_01,Mars,True,PSO J318.5-22,20.0,True,14.0,0.0,59.0,1777.0,0.0,1850.0,0,4543,1,1,F,936.0,P,8,1850.0
4269,4269,4544_01,Earth,True,TRAPPIST-1e,34.0,False,0.0,0.0,0.0,0.0,0.0,0.0,1,4544,1,1,G,743.0,P,4,0.0
4270,4270,4546_01,Earth,False,PSO J318.5-22,17.0,False,0.0,0.0,0.0,0.0,0.0,0.0,1,4546,1,1,G,744.0,P,7,0.0
4271,4271,4547_01,Earth,True,TRAPPIST-1e,20.0,False,0.0,25.0,0.0,0.0,803.0,828.0,0,4547,1,1,E,297.0,S,12,828.0
4272,4272,4549_01,Earth,True,TRAPPIST-1e,42.0,False,0.0,1.0,0.0,17.0,1601.0,1619.0,0,4549,1,1,E,298.0,S,11,1619.0
4273,4273,4550_01,Earth,True,TRAPPIST-1e,28.0,False,0.0,180.0,516.0,125.64179104477611,121.41481481481482,696.0,0,4550,1,1,F,853.0,S,3,943.056605859591
4274,4274,4552_01,Mars,True,TRAPPIST-1e,43.0,False,375.0,103.0,1990.0,36.0,0.0,2504.0,0,4552,1,1,F,937.0,P,7,2504.0
4275,4275,4553_01,Europa,True,PSO J318.5-22,55.0,True,0.0,102.0,0.0,278.0,5353.0,5733.0,0,4553,1,1,C,143.0,P,5,5733.0
4276,4276,4555_01,Earth,True,TRAPPIST-1e,21.0,False,29.0,27.0,47.0,694.0,11.0,808.0,0,4555,1,1,G,743.0,S,7,808.0
4277,4277,4557_01,Earth,True,TRAPPIST-1e,17.0,False,0.0,656.0,295.0,0.0,35.0,986.0,0,4557,1,1,E,286.0,P,8,986.0
4278,4278,4558_01,Europa,True,55 Cancri e,54.0,False,0.0,559.0,0.0,15238.0,2799.0,18596.0,0,4558,1,1,C,167.0,S,4,18596.0
4279,4279,4559_01,Earth,True,TRAPPIST-1e,25.0,False,172.76612903225808,205.0,173.8968253968254,0.0,549.0,754.0,0,4559,1,1,F,854.0,S,5,1100.6629544290836
4280,4280,4560_01,Earth,True,TRAPPIST-1e,26.0,False,0.0,57.0,851.0,0.0,0.0,908.0,0,4560,1,1,G,744.0,S,13,908.0
4281,4281,4561_01,Europa,True,55 Cancri e,45.0,False,0.0,496.0,0.0,1940.0,4195.0,6631.0,0,4561,1,1,C,168.0,S,6,6631.0
4282,4282,4562_01,Europa,True,TRAPPIST-1e,31.0,False,0.0,0.0,0.0,0.0,0.0,0.0,1,4562,1,1,B,180.0,S,9,0.0
4283,4283,4563_01,Europa,True,55 Cancri e,19.0,False,0.0,0.0,0.0,0.0,0.0,0.0,1,4563,1,1,C,169.0,S,3,0.0
4284,4284,4564_01,Earth,True,TRAPPIST-1e,30.0,False,148.54545454545453,43.0,0.0,0.0,6.0,49.0,0,4564,1,1,G,745.0,P,8,197.54545454545453
4285,4285,4565_01,Earth,True,TRAPPIST-1e,24.0,False,191.0,497.0,0.0,0.0,16.0,704.0,0,4565,1,1,G,746.0,P,9,704.0
4286,4286,4567_01,Earth,True,TRAPPIST-1e,24.0,False,0.0,20.0,38.0,359.0,516.0,933.0,0,4567,1,1,F,939.0,P,9,933.0
4287,4287,4568_01,Mars,True,TRAPPIST-1e,42.0,False,4102.0,0.0,36.0,0.0,1825.0,5963.0,0,4568,1,1,F,940.0,P,6,5963.0
4288,4288,4569_01,Europa,True,55 Cancri e,29.0,False,0.0,0.0,0.0,0.0,0.0,0.0,1,4569,2,0,B,151.0,P,2,0.0
4289,4289,4569_02,Europa,True,55 Cancri e,37.0,False,0.0,2235.0,7.0,4098.0,89.0,6429.0,0,4569,2,0,B,151.0,P,2,6429.0
4290,4290,4570_01,Europa,True,TRAPPIST-1e,64.0,False,0.0,0.0,0.0,0.0,0.0,0.0,1,4570,1,1,C,170.0,S,0,0.0
4291,4291,4571_01,Earth,True,TRAPPIST-1e,24.0,False,0.0,0.0,0.0,0.0,0.0,0.0,1,4571,1,1,G,745.0,S,4,0.0
4292,4292,4572_01,Earth,True,55 Cancri e,23.0,False,42.0,0.0,0.0,765.0,2.0,809.0,0,4572,1,1,G,746.0,S,12,809.0
4293,4293,4573_01,Earth,True,TRAPPIST-1e,22.0,False,686.0,45.0,16.0,7.0,4.0,758.0,0,4573,1,1,F,856.0,S,10,758.0
4294,4294,4574_01,Mars,True,TRAPPIST-1e,23.0,False,176.0,493.0,169.0,0.0,1023.0,1861.0,0,4574,1,1,F,857.0,S,6,1861.0
4295,4295,4575_01,Earth,True,TRAPPIST-1e,21.0,False,3.0,65.0,253.0,475.0,0.0,796.0,0,4575,1,1,F,941.0,P,13,796.0
4296,4296,4576_01,Earth,True,TRAPPIST-1e,37.0,False,661.0,876.0,0.0,3.0,13.0,1553.0,0,4576,1,1,F,942.0,P,11,1553.0
4297,4297,4577_01,Mars,True,TRAPPIST-1e,17.0,False,250.0,0.0,2179.0,0.0,0.0,2429.0,0,4577,1,1,F,858.0,S,5,2429.0
4298,4298,4580_01,Mars,True,TRAPPIST-1e,35.0,False,0.0,0.0,0.0,0.0,0.0,0.0,1,4580,1,1,F,860.0,S,7,0.0
4299,4299,4581_01,Europa,True,TRAPPIST-1e,33.0,False,0.0,4592.0,0.0,209.0,954.0,5755.0,0,4581,2,0,B,181.0,S,2,5755.0
4300,4300,4581_02,Europa,True,55 Cancri e,37.0,False,0.0,2337.0,0.0,204.0,76.0,2617.0,0,4581,2,0,B,181.0,S,2,2617.0
4301,4301,4585_01,Europa,True,55 Cancri e,32.0,False,0.0,154.0,0.0,5492.0,1924.0,7570.0,0,4585,1,1,B,182.0,S,4,7570.0
4302,4302,4586_01,Mars,True,55 Cancri e,31.0,False,22.0,0.0,272.175,1.0,524.0,547.0,0,4586,1,1,F,943.0,P,9,819.175
4303,4303,4587_01,Europa,True,TRAPPIST-1e,34.5,False,0.0,4020.0,0.0,1635.0,4899.0,10554.0,0,4587,1,1,A,42.0,P,4,10554.0
4304,4304,4591_01,Europa,True,55 Cancri e,34.0,False,0.0,0.0,0.0,0.0,0.0,0.0,1,4591,1,1,E,287.0,P,1,0.0
4305,4305,4592_01,Mars,True,TRAPPIST-1e,9.0,False,0.0,0.0,0.0,0.0,0.0,0.0,1,4592,4,0,F,862.0,S,6,0.0
4306,4306,4592_02,Mars,True,TRAPPIST-1e,25.0,False,0.0,0.0,0.0,0.0,0.0,0.0,1,4592,4,0,F,862.0,S,6,0.0
4307,4307,4592_03,Mars,True,TRAPPIST-1e,29.0,False,0.0,0.0,0.0,0.0,0.0,0.0,1,4592,4,0,F,862.0,S,6,0.0
4308,4308,4592_04,Mars,True,TRAPPIST-1e,1.0,False,0.0,0.0,0.0,0.0,0.0,0.0,1,4592,4,0,F,862.0,S,6,0.0
4309,4309,4593_01,Earth,True,TRAPPIST-1e,30.0,False,1.0,797.0,0.0,10.0,0.0,808.0,0,4593,1,1,G,750.0,S,6,808.0
4310,4310,4594_01,Europa,True,TRAPPIST-1e,64.0,False,77.0,2424.0,0.0,3001.0,127.0,5629.0,0,4594,4,0,C,144.0,P,8,5629.0
4311,4311,4594_02,Europa,True,TRAPPIST-1e,31.0,False,0.0,6670.0,217.0,625.0,20336.0,27848.0,0,4594,4,0,C,144.0,P,8,27848.0
4312,4312,4594_03,Europa,True,TRAPPIST-1e,27.0,False,267.0,2802.0,0.0,54.0,77.0,3200.0,0,4594,4,0,C,144.0,P,8,3200.0
4313,4313,4594_04,Europa,True,TRAPPIST-1e,32.0,False,0.0,4516.0,0.0,6167.0,5308.0,15991.0,0,4594,4,0,C,144.0,P,5,15991.0
4314,4314,4595_01,Europa,True,TRAPPIST-1e,25.0,False,0.0,0.0,0.0,0.0,0.0,0.0,1,4595,1,1,C,145.0,P,8,0.0
4315,4315,4596_01,Earth,True,TRAPPIST-1e,28.0,False,0.0,0.0,0.0,0.0,0.0,0.0,1,4596,1,1,G,751.0,S,11,0.0
4316,4316,4597_01,Earth,True,TRAPPIST-1e,32.0,False,0.0,0.0,0.0,0.0,0.0,0.0,1,4597,1,1,G,748.0,P,9,0.0
4317,4317,4602_01,Earth,True,55 Cancri e,36.0,False,0.0,0.0,0.0,725.0,2.0,727.0,0,4602,1,1,F,945.0,P,5,727.0
4318,4318,4603_01,Europa,True,55 Cancri e,26.0,False,0.0,3593.0,47.0,19.0,229.0,3888.0,0,4603,2,0,C,171.0,S,4,3888.0
4319,4319,4603_02,Europa,True,TRAPPIST-1e,36.0,False,1.0,5234.0,343.0,277.0,12682.0,18537.0,0,4603,2,0,C,171.0,S,4,18537.0
4320,4320,4604_01,Earth,True,TRAPPIST-1e,37.0,False,374.0,1327.0,10.0,81.0,0.0,1792.0,0,4604,1,1,G,753.0,S,4,1792.0
4321,4321,4605_01,Earth,True,TRAPPIST-1e,45.0,False,0.0,0.0,0.0,774.0,0.0,774.0,0,4605,1,1,G,750.0,P,13,774.0
4322,4322,4606_01,Europa,True,TRAPPIST-1e,22.0,False,165.0,36.0,0.0,3044.0,556.0,3801.0,0,4606,2,0,C,172.0,S,4,3801.0
4323,4323,4606_02,Europa,True,55 Cancri e,24.0,False,25.0,3291.0,0.0,6075.0,179.0,9570.0,0,4606,2,0,C,172.0,S,4,9570.0
4324,4324,4607_01,Earth,True,PSO J318.5-22,23.0,False,0.0,138.0,4.0,412.0,220.0,774.0,0,4607,1,1,G,751.0,P,13,774.0
4325,4325,4608_01,Earth,True,55 Cancri e,31.0,False,2.0,20.0,1.0,1026.0,2.0,1051.0,0,4608,1,1,F,864.0,S,7,1051.0
4326,4326,4609_01,Europa,True,TRAPPIST-1e,37.0,False,1.0,477.0,0.0,0.0,7087.0,7565.0,0,4609,1,1,C,173.0,S,2,7565.0
4327,4327,4610_01,Earth,True,TRAPPIST-1e,28.0,False,5.0,0.0,0.0,1014.0,0.0,1019.0,0,4610,1,1,G,752.0,P,8,1019.0
4328,4328,4611_01,Earth,True,TRAPPIST-1e,23.0,False,0.0,0.0,0.0,0.0,0.0,0.0,1,4611,1,1,G,754.0,S,7,0.0
4329,4329,4612_01,Earth,True,55 Cancri e,14.0,False,0.0,166.0,603.0,1.0,0.0,770.0,0,4612,1,1,G,755.0,S,12,770.0
4330,4330,4613_01,Europa,True,TRAPPIST-1e,40.0,False,0.0,0.0,0.0,0.0,0.0,0.0,1,4613,1,1,B,152.0,P,11,0.0
4331,4331,4615_01,Mars,True,TRAPPIST-1e,42.0,False,36.0,0.0,2554.0,0.0,9.0,2599.0,0,4615,1,1,F,865.0,S,11,2599.0
4332,4332,4617_01,Earth,True,TRAPPIST-1e,53.0,False,19.0,81.0,85.0,768.0,489.0,1442.0,0,4617,1,1,F,866.0,S,10,1442.0
4333,4333,4620_01,Earth,True,TRAPPIST-1e,46.0,False,0.0,0.0,0.0,0.0,0.0,0.0,1,4620,1,1,G,757.0,S,6,0.0
4334,4334,4621_01,Mars,True,TRAPPIST-1e,28.0,False,0.0,79.0,2003.0,0.0,0.0,2082.0,0,4621,1,1,E,289.0,P,3,2082.0
4335,4335,4622_01,Earth,True,55 Cancri e,25.0,False,0.0,0.0,0.0,0.0,0.0,0.0,1,4622,1,1,G,753.0,P,4,0.0
4336,4336,4623_01,Europa,True,PSO J318.5-22,34.0,True,0.0,821.3333333333334,21.0,7.0,16.0,44.0,0,4623,1,1,C,146.0,P,3,865.3333333333334
4337,4337,4624_01,Mars,True,TRAPPIST-1e,58.0,False,1246.0,0.0,66.0,36.0,0.0,1348.0,0,4624,1,1,F,868.0,S,4,1348.0
4338,4338,4625_01,Europa,True,TRAPPIST-1e,31.0,False,0.0,2520.0,1.0,1.0,0.0,2522.0,0,4625,7,0,B,183.0,S,9,2522.0
4339,4339,4625_02,Europa,True,55 Cancri e,24.0,False,0.0,0.0,0.0,0.0,0.0,0.0,1,4625,7,0,B,183.0,S,9,0.0
4340,4340,4625_03,Europa,True,TRAPPIST-1e,52.0,False,0.0,3275.0,111.0,51.0,18.0,3455.0,0,4625,7,0,B,166.0,S,9,3455.0
4341,4341,4625_04,Europa,True,55 Cancri e,25.0,False,0.0,0.0,0.0,0.0,0.0,0.0,1,4625,7,0,B,183.0,S,9,0.0
4342,4342,4625_05,Europa,True,TRAPPIST-1e,17.0,False,0.0,0.0,0.0,0.0,0.0,0.0,1,4625,7,0,B,183.0,S,9,0.0
4343,4343,4625_06,Europa,True,TRAPPIST-1e,27.0,False,0.0,453.0,137.0,1331.0,1660.0,3581.0,0,4625,7,0,B,183.0,S,9,3581.0
4344,4344,4625_07,Europa,True,55 Cancri e,29.0,False,0.0,0.0,0.0,0.0,0.0,0.0,1,4625,7,0,B,183.0,S,9,0.0
4345,4345,4628_01,Europa,True,TRAPPIST-1e,45.0,False,0.0,7484.0,465.0,14.0,610.0,8573.0,0,4628,1,1,C,175.0,S,5,8573.0
4346,4346,4630_01,Earth,True,PSO J318.5-22,28.0,False,0.0,18.0,0.0,0.0,674.0,692.0,0,4630,1,1,F,870.0,S,7,692.0
4347,4347,4631_01,Europa,True,55 Cancri e,25.0,False,0.0,0.0,0.0,0.0,0.0,0.0,1,4631,1,1,C,147.0,P,6,0.0
4348,4348,4632_01,Europa,True,TRAPPIST-1e,57.0,False,0.0,0.0,0.0,0.0,0.0,0.0,1,4632,5,0,C,176.0,S,6,0.0
4349,4349,4632_02,Europa,True,TRAPPIST-1e,68.0,False,0.0,0.0,0.0,0.0,0.0,0.0,1,4632,5,0,C,176.0,S,6,0.0
4350,4350,4632_03,Europa,True,55 Cancri e,26.0,False,0.0,431.0,28.0,10941.0,26.0,11426.0,0,4632,5,0,C,176.0,S,6,11426.0
4351,4351,4632_04,Europa,True,TRAPPIST-1e,52.0,False,2.0,364.0,0.0,2144.0,1804.0,4314.0,0,4632,5,0,C,176.0,S,3,4314.0
4352,4352,4632_05,Europa,True,TRAPPIST-1e,36.0,False,0.0,551.0,0.0,5270.0,22.0,5843.0,0,4632,5,0,C,176.0,S,6,5843.0
4353,4353,4633_01,Earth,True,PSO J318.5-22,41.0,False,454.0,297.0,0.0,2.0,0.0,753.0,0,4633,1,1,G,754.0,P,10,753.0
4354,4354,4634_01,Earth,True,TRAPPIST-1e,14.0,False,514.0,0.0,392.0,0.0,0.0,906.0,0,4634,1,1,E,299.0,S,11,906.0
4355,4355,4635_01,Earth,True,PSO J318.5-22,16.0,False,0.0,0.0,0.0,0.0,0.0,0.0,1,4635,1,1,G,755.0,P,5,0.0
4356,4356,4637_01,Mars,True,TRAPPIST-1e,24.0,False,672.0,0.0,501.0,0.0,125.54545454545455,1173.0,0,4637,1,1,F,921.0,P,6,1298.5454545454545
4357,4357,4638_01,Europa,True,TRAPPIST-1e,62.0,True,0.0,1633.0,0.0,1742.0,0.0,3375.0,0,4638,1,1,B,153.0,P,3,3375.0
4358,4358,4640_01,Earth,True,55 Cancri e,26.0,False,595.0,84.0,0.0,0.0,131.0,810.0,0,4640,1,1,G,760.0,S,7,810.0
4359,4359,4641_01,Earth,True,TRAPPIST-1e,45.0,False,65.0,63.0,3.0,713.0,27.0,871.0,0,4641,1,1,F,871.0,S,10,871.0
4360,4360,4642_01,Europa,True,TRAPPIST-1e,41.0,False,0.0,412.0,0.0,4030.0,0.0,4442.0,0,4642,1,1,C,178.0,S,2,4442.0
4361,4361,4643_01,Earth,True,TRAPPIST-1e,36.0,False,130.95180722891567,724.0,0.0,0.0,0.0,724.0,0,4643,1,1,F,947.0,P,4,854.9518072289156
4362,4362,4644_01,Earth,True,55 Cancri e,13.0,False,8.0,1385.0,1445.0,250.0,8.0,3096.0,0,4644,1,1,F,872.0,S,9,3096.0
4363,4363,4645_01,Europa,True,TRAPPIST-1e,48.0,False,0.0,9633.0,0.0,1.0,2.0,9636.0,0,4645,2,0,B,184.0,S,6,9636.0
4364,4364,4645_02,Europa,True,TRAPPIST-1e,27.0,False,0.0,0.0,0.0,0.0,0.0,0.0,1,4645,2,0,B,184.0,S,6,0.0
4365,4365,4646_01,Earth,True,PSO J318.5-22,22.0,False,141.0,16.0,0.0,177.0,336.0,670.0,0,4646,1,1,F,873.0,S,9,670.0
4366,4366,4648_01,Earth,True,TRAPPIST-1e,39.0,False,290.0,0.0,84.0,266.0,0.0,640.0,0,4648,1,1,F,874.0,S,4,640.0
4367,4367,4649_01,Earth,True,TRAPPIST-1e,45.0,False,1399.0,226.0,0.0,0.0,0.0,1625.0,0,4649,1,1,E,290.0,P,9,1625.0
4368,4368,4650_01,Earth,True,TRAPPIST-1e,42.0,False,84.0,323.0,0.0,1251.0,120.0,1778.0,0,4650,1,1,G,762.0,S,10,1778.0
4369,4369,4651_01,Europa,True,TRAPPIST-1e,33.0,False,0.0,7039.0,0.0,902.0,405.0,8346.0,0,4651,1,1,C,179.0,S,4,8346.0
4370,4370,4652_01,Earth,True,TRAPPIST-1e,27.0,False,0.0,89.0,874.0,34.0,0.0,997.0,0,4652,1,1,G,751.0,Z,5,997.0
4371,4371,4653_01,Earth,True,TRAPPIST-1e,47.0,False,0.0,370.0,0.0,380.0,38.0,788.0,0,4653,1,1,E,302.0,S,5,788.0
4372,4372,4654_01,Europa,True,TRAPPIST-1e,20.0,False,0.0,0.0,0.0,0.0,0.0,0.0,1,4654,1,1,E,291.0,P,6,0.0
4373,4373,4655_01,Europa,True,55 Cancri e,32.0,False,0.0,0.0,0.0,0.0,0.0,0.0,1,4655,2,0,B,154.0,P,2,0.0
4374,4374,4655_02,Europa,True,TRAPPIST-1e,54.0,False,0.0,0.0,0.0,0.0,0.0,0.0,1,4655,2,0,B,154.0,P,2,0.0
4375,4375,4656_01,Earth,True,TRAPPIST-1e,23.0,False,0.0,1125.0,0.0,218.61016949152543,993.0,2118.0,0,4656,2,0,F,875.0,S,5,2336.6101694915255
4376,4376,4656_02,Earth,True,TRAPPIST-1e,9.0,False,0.0,0.0,0.0,0.0,0.0,0.0,1,4656,2,0,G,763.0,S,5,0.0
4377,4377,4657_01,Earth,True,TRAPPIST-1e,17.0,False,372.0,0.0,477.0,0.0,0.0,849.0,0,4657,1,1,G,756.0,P,9,849.0
4378,4378,4658_01,Europa,True,TRAPPIST-1e,26.0,False,0.0,823.0,0.0,1821.0,1508.0,4152.0,0,4658,2,0,D,147.0,S,5,4152.0
4379,4379,4658_02,Europa,True,TRAPPIST-1e,38.0,False,0.0,93.0,0.0,0.0,7303.0,7396.0,0,4658,2,0,D,147.0,S,5,7396.0
4380,4380,4659_01,Earth,True,TRAPPIST-1e,24.0,False,703.0,0.0,0.0,0.0,0.0,703.0,0,4659,1,1,F,876.0,S,7,703.0
4381,4381,4661_01,Earth,True,TRAPPIST-1e,30.0,False,77.0,2325.0,5.0,117.0,1.0,2525.0,0,4661,7,0,F,948.0,P,14,2525.0
4382,4382,4661_02,Earth,True,55 Cancri e,2.0,False,0.0,0.0,0.0,0.0,0.0,0.0,1,4661,7,0,G,757.0,P,14,0.0
4383,4383,4661_03,Earth,True,TRAPPIST-1e,4.0,False,0.0,0.0,0.0,0.0,0.0,0.0,1,4661,7,0,G,757.0,P,4,0.0
4384,4384,4661_04,Earth,True,TRAPPIST-1e,9.0,False,0.0,0.0,0.0,0.0,0.0,0.0,1,4661,7,0,G,757.0,P,14,0.0
4385,4385,4661_05,Earth,True,TRAPPIST-1e,30.0,False,0.0,0.0,3.0,3434.0,0.0,3437.0,0,4661,7,0,F,948.0,P,8,3437.0
4386,4386,4661_06,Earth,True,TRAPPIST-1e,5.0,False,0.0,0.0,0.0,0.0,0.0,0.0,1,4661,7,0,G,757.0,P,14,0.0
4387,4387,4661_07,Earth,True,TRAPPIST-1e,2.0,False,0.0,0.0,0.0,0.0,0.0,0.0,1,4661,7,0,G,757.0,P,14,0.0
4388,4388,4662_01,Europa,True,TRAPPIST-1e,32.0,False,45.0,985.0,0.0,0.0,6803.0,7833.0,0,4662,3,0,C,148.0,P,3,7833.0
4389,4389,4662_02,Europa,True,TRAPPIST-1e,53.0,False,0.0,0.0,0.0,0.0,0.0,0.0,1,4662,3,0,C,148.0,P,3,0.0
4390,4390,4662_03,Europa,True,TRAPPIST-1e,46.0,False,0.0,3856.0,0.0,1.0,312.0,4169.0,0,4662,3,0,C,163.0,P,5,4169.0
4391,4391,4663_01,Earth,True,TRAPPIST-1e,2.0,False,0.0,0.0,0.0,0.0,0.0,0.0,1,4663,6,0,G,765.0,S,14,0.0
4392,4392,4663_02,Earth,True,TRAPPIST-1e,1.0,False,0.0,0.0,0.0,0.0,0.0,0.0,1,4663,6,0,G,765.0,S,14,0.0
4393,4393,4663_03,Earth,True,TRAPPIST-1e,11.0,False,0.0,0.0,0.0,0.0,0.0,0.0,1,4663,6,0,G,765.0,S,7,0.0
4394,4394,4663_04,Earth,True,55 Cancri e,3.0,False,0.0,0.0,0.0,0.0,0.0,0.0,1,4663,6,0,G,765.0,S,14,0.0
4395,4395,4663_05,Earth,True,TRAPPIST-1e,33.0,False,0.0,0.0,0.0,0.0,0.0,0.0,1,4663,6,0,G,765.0,S,14,0.0
4396,4396,4663_06,Earth,True,55 Cancri e,3.0,False,0.0,0.0,0.0,0.0,0.0,0.0,1,4663,6,0,G,765.0,S,14,0.0
4397,4397,4664_01,Earth,True,TRAPPIST-1e,38.0,False,182.0,776.0,3.0,33.0,0.0,994.0,0,4664,1,1,E,303.0,S,14,994.0
4398,4398,4665_01,Earth,True,PSO J318.5-22,21.0,False,0.0,0.0,0.0,0.0,0.0,0.0,1,4665,1,1,G,758.0,P,5,0.0
4399,4399,4667_01,Earth,True,TRAPPIST-1e,41.0,False,0.0,0.0,0.0,0.0,0.0,0.0,1,4667,1,1,G,754.0,Z,12,0.0
4400,4400,4668_01,Europa,True,55 Cancri e,64.0,False,0.0,0.0,0.0,0.0,0.0,0.0,1,4668,2,0,C,180.0,S,8,0.0
4401,4401,4668_02,Europa,True,55 Cancri e,27.0,True,0.0,0.0,0.0,0.0,0.0,0.0,1,4668,2,0,C,180.0,S,8,0.0
4402,4402,4672_01,Earth,True,55 Cancri e,41.0,False,0.0,0.0,0.0,0.0,0.0,0.0,1,4672,1,1,G,759.0,P,4,0.0
4403,4403,4673_01,Earth,True,TRAPPIST-1e,19.0,False,35.0,2.0,481.0,121.0,144.5185185185185,639.0,0,4673,1,1,F,950.0,P,10,783.5185185185185
4404,4404,4676_01,Earth,True,TRAPPIST-1e,42.0,False,0.0,0.0,1677.0,65.0,62.0,1804.0,0,4676,1,1,G,760.0,P,5,1804.0
4405,4405,4677_01,Europa,True,55 Cancri e,30.0,False,0.0,4066.0,0.0,544.0,1272.0,5882.0,0,4677,1,1,C,150.0,P,8,5882.0
4406,4406,4678_01,Earth,True,TRAPPIST-1e,38.0,False,183.0,203.0,0.0,110.0,374.0,870.0,0,4678,1,1,F,951.0,P,6,870.0
4407,4407,4679_01,Europa,True,TRAPPIST-1e,63.0,False,0.0,4579.0,1.0,1006.0,2084.0,7670.0,0,4679,1,1,C,181.0,S,4,7670.0
4408,4408,4680_01,Mars,True,TRAPPIST-1e,17.0,False,479.8787878787879,0.0,38.0,0.0,2.0,40.0,0,4680,4,0,D,155.0,P,12,519.8787878787879
4409,4409,4680_02,Mars,True,TRAPPIST-1e,2.0,False,0.0,0.0,0.0,0.0,0.0,0.0,1,4680,4,0,F,952.0,P,12,0.0
4410,4410,4680_03,Mars,False,TRAPPIST-1e,19.0,False,0.0,0.0,0.0,0.0,0.0,0.0,1,4680,4,0,F,952.0,P,12,0.0
4411,4411,4680_04,Mars,True,TRAPPIST-1e,37.0,False,1144.0,4.0,34.0,0.0,0.0,1182.0,0,4680,4,0,D,155.0,P,12,1182.0
4412,4412,4684_01,Mars,True,TRAPPIST-1e,50.0,False,225.0,0.0,796.0,107.0,0.0,1128.0,0,4684,1,1,F,878.0,S,3,1128.0
4413,4413,4686_01,Earth,True,TRAPPIST-1e,38.0,False,0.0,172.0,615.0,0.0,0.0,787.0,0,4686,1,1,G,768.0,S,5,787.0
4414,4414,4689_01,Europa,True,TRAPPIST-1e,28.0,True,0.0,3119.0,0.0,1404.0,366.0,4889.0,0,4689,1,1,C,182.0,S,3,4889.0
4415,4415,4690_01,Europa,True,TRAPPIST-1e,35.0,False,0.0,0.0,0.0,0.0,0.0,0.0,1,4690,2,0,B,156.0,P,5,0.0
4416,4416,4690_02,Europa,True,TRAPPIST-1e,27.0,False,14327.0,1487.0,0.0,1.0,0.0,15815.0,0,4690,2,0,B,168.0,P,5,15815.0
4417,4417,4691_01,Earth,True,TRAPPIST-1e,15.0,False,0.0,7.0,0.0,749.0,0.0,756.0,0,4691,1,1,G,769.0,S,19,756.0
4418,4418,4693_01,Europa,True,TRAPPIST-1e,29.0,True,0.0,920.0,0.0,2052.0,3687.0,6659.0,0,4693,2,0,B,186.0,S,5,6659.0
4419,4419,4693_02,Europa,True,55 Cancri e,65.0,False,0.0,0.0,0.0,0.0,0.0,0.0,1,4693,2,0,B,186.0,S,5,0.0
4420,4420,4694_01,Earth,True,55 Cancri e,27.0,False,0.0,630.0,0.0,71.0,0.0,701.0,0,4694,1,1,F,881.0,S,2,701.0
4421,4421,4695_01,Mars,True,TRAPPIST-1e,0.0,False,0.0,0.0,0.0,0.0,0.0,0.0,1,4695,3,0,F,882.0,S,8,0.0
4422,4422,4695_02,Mars,True,TRAPPIST-1e,21.0,False,3148.0,0.0,1.0,0.0,0.0,3149.0,0,4695,3,0,F,882.0,S,8,3149.0
4423,4423,4695_03,Mars,True,TRAPPIST-1e,19.0,False,0.0,0.0,0.0,0.0,0.0,0.0,1,4695,3,0,F,882.0,S,8,0.0
4424,4424,4696_01,Mars,True,TRAPPIST-1e,39.0,False,0.0,0.0,0.0,0.0,0.0,0.0,1,4696,1,1,F,883.0,S,5,0.0
4425,4425,4699_01,Earth,True,55 Cancri e,60.0,False,0.0,0.0,0.0,0.0,205.36363636363637,0.0,0,4699,1,1,F,955.0,P,10,205.36363636363637
4426,4426,4704_01,Europa,True,55 Cancri e,30.0,False,818.0,44.0,2.0,2956.0,2311.0,6131.0,0,4704,1,1,D,156.0,P,2,6131.0
4427,4427,4706_01,Earth,True,TRAPPIST-1e,30.0,False,0.0,0.0,0.0,0.0,0.0,0.0,1,4706,2,0,G,762.0,P,5,0.0
4428,4428,4706_02,Earth,True,TRAPPIST-1e,40.0,False,0.0,0.0,0.0,0.0,0.0,0.0,1,4706,2,0,G,762.0,P,5,0.0
4429,4429,4708_01,Mars,True,TRAPPIST-1e,26.0,False,0.0,25.0,13.0,11.0,998.0,1047.0,0,4708,1,1,E,304.0,S,0,1047.0
4430,4430,4709_01,Earth,True,55 Cancri e,38.0,False,2614.0,0.0,103.0,0.0,0.0,2717.0,0,4709,1,1,F,957.0,P,11,2717.0
4431,4431,4710_01,Mars,True,TRAPPIST-1e,22.0,False,130.0,15.0,2454.0,0.0,0.0,2599.0,0,4710,2,0,F,958.0,P,4,2599.0
4432,4432,4710_02,Mars,True,TRAPPIST-1e,27.0,False,179.0,0.0,1805.0,131.0,0.0,2115.0,0,4710,2,0,E,293.0,P,4,2115.0
4433,4433,4711_01,Mars,True,TRAPPIST-1e,65.0,False,1420.0,0.0,84.0,0.0,0.0,1504.0,0,4711,1,1,F,959.0,P,7,1504.0
4434,4434,4712_01,Earth,True,PSO J318.5-22,61.0,False,0.0,0.0,0.0,0.0,0.0,0.0,1,4712,1,1,G,764.0,P,9,0.0
4435,4435,4713_01,Earth,True,TRAPPIST-1e,20.0,False,0.0,0.0,111.0,39.0,1094.0,1244.0,0,4713,1,1,F,885.0,S,9,1244.0
4436,4436,4714_01,Earth,True,TRAPPIST-1e,24.0,False,0.0,0.0,0.0,0.0,0.0,0.0,1,4714,1,1,G,765.0,P,8,0.0
4437,4437,4717_01,Earth,True,TRAPPIST-1e,16.0,False,0.0,0.0,0.0,0.0,0.0,0.0,1,4717,1,1,G,766.0,P,10,0.0
4438,4438,4719_01,Mars,True,TRAPPIST-1e,35.0,False,0.0,0.0,0.0,0.0,0.0,0.0,1,4719,1,1,E,305.0,S,5,0.0
4439,4439,4720_01,Earth,True,TRAPPIST-1e,21.0,False,0.0,681.0,51.0,131.0,1.0,864.0,0,4720,1,1,F,887.0,S,6,864.0
4440,4440,4721_01,Earth,True,TRAPPIST-1e,23.0,False,0.0,0.0,0.0,0.0,0.0,0.0,1,4721,1,1,G,771.0,S,11,0.0
4441,4441,4723_01,Earth,True,55 Cancri e,17.0,False,0.0,262.0,0.0,0.0,502.0,764.0,0,4723,2,0,F,888.0,S,12,764.0
4442,4442,4723_02,Earth,True,PSO J318.5-22,24.0,False,154.0,7.0,241.0,213.0,453.0,1068.0,0,4723,2,0,F,888.0,S,12,1068.0
4443,4443,4725_01,Earth,True,55 Cancri e,27.0,False,866.0,0.0,0.0,0.0,23.0,889.0,0,4725,1,1,G,767.0,P,16,889.0
4444,4444,4726_01,Europa,True,TRAPPIST-1e,26.0,False,0.0,1910.0,0.0,1777.0,871.3870967741935,3687.0,0,4726,5,0,C,187.0,S,11,4558.387096774193
4445,4445,4726_02,Europa,True,55 Cancri e,26.0,False,0.0,3452.0,0.0,4.0,1960.0,5416.0,0,4726,5,0,C,187.0,S,7,5416.0
4446,4446,4726_03,Europa,True,TRAPPIST-1e,20.0,False,0.0,3.0,0.0,1271.0,2630.0,3904.0,0,4726,5,0,C,187.0,S,11,3904.0
4447,4447,4726_04,Europa,True,TRAPPIST-1e,28.0,False,0.0,0.0,0.0,0.0,0.0,0.0,1,4726,5,0,C,187.0,S,7,0.0
4448,4448,4726_05,Europa,True,TRAPPIST-1e,37.0,False,8.0,21.0,0.0,56.0,2167.0,2252.0,0,4726,5,0,C,187.0,S,11,2252.0
4449,4449,4728_01,Mars,True,TRAPPIST-1e,23.0,False,706.0,0.0,0.0,0.0,583.0,1289.0,0,4728,2,0,F,889.0,S,10,1289.0
4450,4450,4728_02,Mars,True,TRAPPIST-1e,49.0,False,0.0,0.0,0.0,0.0,0.0,0.0,1,4728,2,0,F,889.0,S,10,0.0
4451,4451,4730_01,Europa,True,TRAPPIST-1e,50.0,False,0.0,1338.0,0.0,40.0,6178.0,7556.0,0,4730,1,1,B,158.0,P,2,7556.0
4452,4452,4732_01,Europa,True,TRAPPIST-1e,4.0,False,0.0,0.0,0.0,0.0,0.0,0.0,1,4732,3,0,C,151.0,P,7,0.0
4453,4453,4732_02,Europa,True,TRAPPIST-1e,32.0,False,0.0,0.0,0.0,0.0,0.0,0.0,1,4732,3,0,C,151.0,P,7,0.0
4454,4454,4732_03,Europa,True,TRAPPIST-1e,44.0,False,0.0,0.0,0.0,0.0,0.0,0.0,1,4732,3,0,C,151.0,P,7,0.0
4455,4455,4733_01,Earth,True,TRAPPIST-1e,20.0,False,962.0,0.0,4581.0,105.0,0.0,5648.0,0,4733,1,1,E,294.0,P,10,5648.0
4456,4456,4738_01,Mars,True,TRAPPIST-1e,30.0,False,531.0,807.0,35.0,200.0,0.0,1573.0,0,4738,2,0,F,893.0,S,12,1573.0
4457,4457,4738_02,Mars,True,TRAPPIST-1e,29.0,False,574.0,0.0,4940.0,1831.0,2.0,7347.0,0,4738,2,0,F,893.0,S,12,7347.0
4458,4458,4739_01,Earth,True,TRAPPIST-1e,22.0,False,37.0,3.0,0.0,305.0,581.0,926.0,0,4739,1,1,G,773.0,S,5,926.0
4459,4459,4741_01,Mars,True,TRAPPIST-1e,35.0,False,0.0,0.0,0.0,0.0,0.0,0.0,1,4741,3,0,F,961.0,P,8,0.0
4460,4460,4741_02,Mars,True,55 Cancri e,0.0,False,0.0,0.0,0.0,0.0,0.0,0.0,1,4741,3,0,F,961.0,P,8,0.0
4461,4461,4741_03,Mars,False,TRAPPIST-1e,6.0,False,0.0,0.0,0.0,0.0,0.0,0.0,1,4741,3,0,F,961.0,P,8,0.0
4462,4462,4743_01,Europa,True,TRAPPIST-1e,38.0,False,0.0,4504.0,0.0,13.0,302.0,4819.0,0,4743,1,1,E,306.0,S,12,4819.0
4463,4463,4744_01,Europa,True,TRAPPIST-1e,34.0,False,0.0,48.0,2067.0,3.0,6.0,2124.0,0,4744,2,0,C,152.0,P,9,2124.0
4464,4464,4744_02,Europa,True,55 Cancri e,34.0,False,0.0,0.0,0.0,0.0,0.0,0.0,1,4744,2,0,C,152.0,P,9,0.0
4465,4465,4746_01,Earth,True,TRAPPIST-1e,26.0,False,282.0,8.0,337.0,0.0,0.0,627.0,0,4746,1,1,G,775.0,S,4,627.0
4466,4466,4748_01,Mars,True,TRAPPIST-1e,53.0,False,204.0,142.0,380.0,38.0,1.0,765.0,0,4748,1,1,D,149.0,S,5,765.0
4467,4467,4750_01,Europa,True,TRAPPIST-1e,28.0,False,0.0,395.0,118.0,14.0,1647.0,2174.0,0,4750,2,0,A,57.0,S,4,2174.0
4468,4468,4750_02,Europa,True,TRAPPIST-1e,31.0,False,0.0,1382.0,0.0,1795.0,588.0,3765.0,0,4750,2,0,A,57.0,S,4,3765.0
4469,4469,4752_01,Mars,True,PSO J318.5-22,56.0,False,233.0,0.0,1356.0,0.0,171.0,1760.0,0,4752,1,1,F,964.0,P,10,1760.0
4470,4470,4753_01,Mars,True,TRAPPIST-1e,36.0,False,850.0,52.041666666666664,454.0,0.0,0.0,1304.0,0,4753,1,1,F,895.0,S,7,1356.0416666666665
4471,4471,4754_01,Earth,True,55 Cancri e,30.0,False,25.0,245.0,198.0,2.0,321.0,791.0,0,4754,1,1,E,307.0,S,5,791.0
4472,4472,4755_01,Mars,True,TRAPPIST-1e,32.0,False,0.0,0.0,0.0,0.0,0.0,0.0,1,4755,1,1,F,965.0,P,0,0.0
4473,4473,4756_01,Europa,True,55 Cancri e,44.0,False,0.0,0.0,0.0,0.0,0.0,0.0,1,4756,2,0,C,188.0,S,5,0.0
4474,4474,4756_02,Europa,True,55 Cancri e,54.0,False,0.0,0.0,0.0,0.0,0.0,0.0,1,4756,2,0,C,188.0,S,5,0.0
4475,4475,4757_01,Earth,True,TRAPPIST-1e,24.0,False,185.0,0.0,476.0,1810.0,53.0,2524.0,0,4757,1,1,F,896.0,S,6,2524.0
4476,4476,4758_01,Earth,True,TRAPPIST-1e,44.0,False,248.0,0.0,0.0,0.0,623.0,871.0,0,4758,1,1,F,966.0,P,11,871.0
4477,4477,4759_01,Earth,True,TRAPPIST-1e,25.0,False,0.0,3.0,23.0,693.0,0.0,719.0,0,4759,1,1,F,897.0,S,10,719.0
4478,4478,4762_01,Mars,True,TRAPPIST-1e,35.0,False,0.0,0.0,0.0,0.0,0.0,0.0,1,4762,1,1,F,968.0,P,3,0.0
4479,4479,4763_01,Mars,True,TRAPPIST-1e,29.0,False,298.0,0.0,888.0,5.0,0.0,1191.0,0,4763,1,1,F,969.0,P,3,1191.0
4480,4480,4764_01,Earth,True,TRAPPIST-1e,22.0,False,0.0,669.0,121.0,0.0,56.0,846.0,0,4764,1,1,E,308.0,S,8,846.0
4481,4481,4769_01,Earth,True,TRAPPIST-1e,22.0,False,0.0,0.0,0.0,0.0,0.0,0.0,1,4769,1,1,G,776.0,S,14,0.0
4482,4482,4770_01,Earth,True,55 Cancri e,22.0,False,0.0,509.0,2.0,8.0,74.0,593.0,0,4770,2,0,F,900.0,S,7,593.0
4483,4483,4770_02,Earth,True,PSO J318.5-22,18.0,False,0.0,0.0,0.0,0.0,0.0,0.0,1,4770,2,0,F,900.0,S,7,0.0
4484,4484,4772_01,Earth,True,55 Cancri e,22.0,False,256.0,0.0,0.0,0.0,373.0,629.0,0,4772,1,1,F,971.0,P,8,629.0
4485,4485,4773_01,Earth,True,TRAPPIST-1e,52.0,False,935.0,779.0,0.0,0.0,0.0,1714.0,0,4773,1,1,G,777.0,S,15,1714.0
4486,4486,4774_01,Mars,True,TRAPPIST-1e,0.0,False,0.0,0.0,0.0,0.0,0.0,0.0,1,4774,4,0,F,972.0,P,4,0.0
4487,4487,4774_02,Mars,True,TRAPPIST-1e,1.0,False,0.0,0.0,0.0,0.0,0.0,0.0,1,4774,4,0,F,972.0,P,8,0.0
4488,4488,4774_03,Mars,True,TRAPPIST-1e,34.0,False,2130.0,0.0,1.0,1.0,0.0,2132.0,0,4774,4,0,F,972.0,P,4,2132.0
4489,4489,4774_04,Mars,True,TRAPPIST-1e,6.0,False,0.0,0.0,0.0,0.0,0.0,0.0,1,4774,4,0,F,972.0,P,4,0.0
4490,4490,4775_01,Earth,True,TRAPPIST-1e,22.0,False,123.0,1.0,660.0,0.0,0.0,784.0,0,4775,1,1,G,778.0,S,9,784.0
4491,4491,4777_01,Earth,True,TRAPPIST-1e,31.0,False,0.0,0.0,0.0,0.0,0.0,0.0,1,4777,1,1,G,779.0,S,5,0.0
4492,4492,4778_01,Europa,True,TRAPPIST-1e,31.0,False,588.0,1261.0,0.0,228.0,6.0,2083.0,0,4778,1,1,A,58.0,S,1,2083.0
4493,4493,4780_01,Mars,True,TRAPPIST-1e,20.0,False,845.0,0.0,46.0,123.0,0.0,1014.0,0,4780,2,0,E,309.0,S,6,1014.0
4494,4494,4780_02,Mars,True,TRAPPIST-1e,25.0,False,0.0,0.0,0.0,0.0,0.0,0.0,1,4780,2,0,E,309.0,S,6,0.0
4495,4495,4782_01,Europa,True,55 Cancri e,23.0,False,0.0,0.0,0.0,0.0,0.0,0.0,1,4782,5,0,C,167.0,S,4,0.0
4496,4496,4782_02,Europa,True,TRAPPIST-1e,53.0,False,50.0,11552.0,0.0,2998.0,4334.0,18934.0,0,4782,5,0,C,189.0,S,4,18934.0
4497,4497,4782_03,Europa,True,55 Cancri e,32.0,False,0.0,225.0,0.0,3873.0,240.0,4338.0,0,4782,5,0,C,189.0,S,4,4338.0
4498,4498,4782_04,Europa,True,55 Cancri e,27.0,False,0.0,0.0,0.0,0.0,0.0,0.0,1,4782,5,0,C,189.0,S,8,0.0
4499,4499,4782_05,Europa,True,55 Cancri e,48.0,False,0.0,342.0,929.0,10887.0,0.0,12158.0,0,4782,5,0,C,189.0,S,4,12158.0
4500,4500,4783_01,Europa,True,TRAPPIST-1e,37.0,False,223.0,9495.0,0.0,1318.0,1866.0,12902.0,0,4783,1,1,A,43.0,P,2,12902.0
4501,4501,4784_01,Mars,True,TRAPPIST-1e,21.0,False,0.0,0.0,0.0,0.0,0.0,0.0,1,4784,1,1,F,903.0,S,4,0.0
4502,4502,4785_01,Europa,True,55 Cancri e,29.0,False,0.0,0.0,0.0,0.0,0.0,0.0,1,4785,1,1,B,159.0,P,0,0.0
4503,4503,4786_01,Europa,True,TRAPPIST-1e,46.0,True,0.0,0.0,0.0,0.0,0.0,0.0,1,4786,1,1,B,160.0,P,9,0.0
4504,4504,4787_01,Earth,True,TRAPPIST-1e,19.0,False,2.0,0.0,182.25925925925927,9.0,754.0,765.0,0,4787,1,1,G,780.0,S,2,947.2592592592592
4505,4505,4788_01,Earth,True,TRAPPIST-1e,22.0,False,0.0,0.0,0.0,778.0,0.0,778.0,0,4788,1,1,F,904.0,S,9,778.0
4506,4506,4790_01,Europa,True,TRAPPIST-1e,54.0,True,0.0,2853.0,0.0,0.0,1666.0,4519.0,0,4790,1,1,B,189.0,S,5,4519.0
4507,4507,4791_01,Earth,True,TRAPPIST-1e,43.0,False,63.0,1339.0,9.0,253.0,42.0,1706.0,0,4791,1,1,G,781.0,S,7,1706.0
4508,4508,4792_01,Earth,True,TRAPPIST-1e,18.0,False,0.0,0.0,0.0,0.0,0.0,0.0,1,4792,1,1,G,782.0,S,9,0.0
4509,4509,4793_01,Europa,True,55 Cancri e,36.0,False,13.0,1480.0,1.0,1439.0,1955.0,4888.0,0,4793,2,0,E,310.0,S,4,4888.0
4510,4510,4793_02,Europa,True,TRAPPIST-1e,20.0,False,0.0,1131.0,3783.0,161.0,0.0,5075.0,0,4793,2,0,E,310.0,S,4,5075.0
4511,4511,4794_01,Earth,True,TRAPPIST-1e,63.0,False,0.0,104.0,0.0,599.0,0.0,703.0,0,4794,1,1,F,974.0,P,9,703.0
4512,4512,4795_01,Earth,True,TRAPPIST-1e,50.0,False,138.0,706.0,0.0,18.0,40.0,902.0,0,4795,1,1,F,905.0,S,8,902.0
4513,4513,4796_01,Mars,True,TRAPPIST-1e,13.0,False,21.0,0.0,1564.0,0.0,1.0,1586.0,0,4796,2,0,E,310.0,S,7,1586.0
4514,4514,4796_02,Mars,True,TRAPPIST-1e,43.0,False,0.0,0.0,0.0,0.0,0.0,0.0,1,4796,2,0,E,311.0,S,7,0.0
4515,4515,4797_01,Earth,True,PSO J318.5-22,16.0,False,0.0,0.0,0.0,0.0,0.0,0.0,1,4797,1,1,G,783.0,S,9,0.0
4516,4516,4798_01,Mars,True,TRAPPIST-1e,31.0,False,0.0,0.0,0.0,0.0,0.0,0.0,1,4798,3,0,F,975.0,P,10,0.0
4517,4517,4798_02,Mars,True,TRAPPIST-1e,0.0,False,0.0,0.0,0.0,0.0,0.0,0.0,1,4798,3,0,F,975.0,P,10,0.0
4518,4518,4798_03,Mars,True,TRAPPIST-1e,10.0,False,0.0,0.0,0.0,0.0,0.0,0.0,1,4798,3,0,F,975.0,P,10,0.0
4519,4519,4801_01,Earth,True,TRAPPIST-1e,10.0,False,0.0,0.0,0.0,0.0,0.0,0.0,1,4801,1,1,G,773.0,P,10,0.0
4520,4520,4803_01,Earth,True,TRAPPIST-1e,55.0,False,1028.0,18.0,0.0,0.0,0.0,1046.0,0,4803,1,1,F,977.0,P,10,1046.0
4521,4521,4804_01,Earth,True,TRAPPIST-1e,18.0,False,211.0,594.0,2.0,493.0,62.0,1362.0,0,4804,3,0,F,906.0,S,12,1362.0
4522,4522,4804_02,Earth,True,TRAPPIST-1e,7.0,False,0.0,0.0,0.0,0.0,0.0,0.0,1,4804,3,0,G,785.0,S,12,0.0
4523,4523,4804_03,Earth,True,TRAPPIST-1e,1.0,False,0.0,0.0,0.0,0.0,0.0,0.0,1,4804,3,0,G,785.0,S,4,0.0
4524,4524,4807_01,Earth,True,TRAPPIST-1e,44.0,False,22.0,1.0,0.0,864.0,0.0,887.0,0,4807,1,1,G,776.0,P,5,887.0
4525,4525,4808_01,Mars,True,TRAPPIST-1e,27.0,False,665.0,631.0,1.0,80.84313725490196,0.0,1297.0,0,4808,1,1,E,299.0,P,2,1377.8431372549019
4526,4526,4810_01,Earth,True,PSO J318.5-22,20.0,False,30.0,4.0,0.0,321.0,451.0,806.0,0,4810,1,1,G,777.0,S,14,806.0
4527,4527,4813_01,Europa,True,55 Cancri e,49.0,False,0.0,7762.0,2.0,0.0,98.0,7862.0,0,4813,1,1,C,190.0,S,1,7862.0
4528,4528,4814_01,Earth,True,55 Cancri e,22.0,False,0.0,0.0,0.0,0.0,0.0,0.0,1,4814,1,1,G,788.0,S,10,0.0
4529,4529,4815_01,Earth,True,55 Cancri e,21.0,False,564.0,9.0,0.0,0.0,30.0,603.0,0,4815,1,1,F,907.0,S,9,603.0
4530,4530,4817_01,Mars,True,TRAPPIST-1e,26.0,False,17.0,0.0,746.0,394.0,0.0,1157.0,0,4817,1,1,F,979.0,P,6,1157.0
4531,4531,4818_01,Mars,True,TRAPPIST-1e,65.0,False,588.0,196.0,272.0,0.0,0.0,1056.0,0,4818,1,1,D,150.0,S,3,1056.0
4532,4532,4819_01,Mars,True,TRAPPIST-1e,20.0,False,0.0,0.0,0.0,0.0,0.0,0.0,1,4819,1,1,F,980.0,P,7,0.0
4533,4533,4822_01,Mars,True,55 Cancri e,0.0,False,0.0,0.0,0.0,0.0,0.0,0.0,1,4822,4,0,F,981.0,P,7,0.0
4534,4534,4822_02,Mars,True,TRAPPIST-1e,16.0,False,0.0,0.0,0.0,0.0,0.0,0.0,1,4822,4,0,F,981.0,P,7,0.0
4535,4535,4822_03,Mars,True,TRAPPIST-1e,22.0,False,0.0,0.0,0.0,0.0,0.0,0.0,1,4822,4,0,F,981.0,P,7,0.0
4536,4536,4822_04,Mars,True,TRAPPIST-1e,0.0,False,0.0,0.0,0.0,0.0,0.0,0.0,1,4822,4,0,F,981.0,P,7,0.0
4537,4537,4823_01,Earth,True,TRAPPIST-1e,21.0,False,526.0,0.0,156.3125,258.0,0.0,784.0,0,4823,1,1,G,777.0,P,8,940.3125
4538,4538,4827_01,Earth,True,PSO J318.5-22,30.0,False,0.0,0.0,0.0,0.0,0.0,0.0,1,4827,1,1,G,789.0,S,7,0.0
4539,4539,4828_01,Earth,True,55 Cancri e,14.0,False,363.0,44.0,0.0,0.0,512.0,919.0,0,4828,1,1,G,778.0,P,0,919.0
4540,4540,4829_01,Mars,True,TRAPPIST-1e,45.0,False,944.0,292.0,2.0,33.77777777777778,0.0,1238.0,0,4829,1,1,F,982.0,P,6,1271.7777777777778
4541,4541,4830_01,Earth,True,TRAPPIST-1e,22.0,False,0.0,0.0,0.0,19.0,785.0,804.0,0,4830,1,1,F,983.0,P,9,804.0
4542,4542,4831_01,Mars,True,TRAPPIST-1e,21.0,False,0.0,0.0,0.0,0.0,0.0,0.0,1,4831,1,1,F,984.0,P,1,0.0
4543,4543,4832_01,Earth,True,TRAPPIST-1e,37.0,False,542.0,440.0,1.0,0.0,0.0,983.0,0,4832,1,1,E,301.0,P,6,983.0
4544,4544,4836_01,Mars,True,TRAPPIST-1e,29.0,False,0.0,0.0,0.0,0.0,0.0,0.0,1,4836,2,0,F,961.0,S,4,0.0
4545,4545,4836_02,Mars,True,TRAPPIST-1e,29.0,True,20.0,0.0,1902.0,0.0,3.0,1925.0,0,4836,2,0,F,911.0,S,4,1925.0
4546,4546,4837_01,Earth,True,TRAPPIST-1e,21.0,False,0.0,198.0,559.0,19.0,44.0,820.0,0,4837,1,1,F,912.0,S,12,820.0
4547,4547,4838_01,Earth,True,TRAPPIST-1e,52.0,False,1.0,13.0,3.0,0.0,700.0,717.0,0,4838,1,1,F,913.0,S,11,717.0
4548,4548,4840_01,Earth,True,TRAPPIST-1e,36.0,False,0.0,0.0,0.0,0.0,0.0,0.0,1,4840,1,1,F,915.0,S,0,0.0
4549,4549,4841_01,Europa,True,55 Cancri e,59.0,False,0.0,0.0,0.0,0.0,0.0,0.0,1,4841,3,0,B,192.0,S,9,0.0
4550,4550,4841_02,Europa,True,TRAPPIST-1e,21.0,False,12.0,1855.0,0.0,1381.0,358.0,3606.0,0,4841,3,0,B,192.0,S,9,3606.0
4551,4551,4841_03,Europa,True,TRAPPIST-1e,25.0,False,21.0,2148.0,0.0,1966.0,12708.0,16843.0,0,4841,3,0,B,192.0,S,9,16843.0
4552,4552,4842_01,Mars,True,TRAPPIST-1e,23.0,False,2260.0,0.0,152.0,106.0,60.0,2578.0,0,4842,1,1,D,152.0,S,7,2578.0
4553,4553,4845_01,Europa,True,55 Cancri e,36.0,False,0.0,0.0,0.0,0.0,0.0,0.0,1,4845,1,1,E,302.0,P,6,0.0
4554,4554,4846_01,Earth,True,TRAPPIST-1e,38.0,False,161.0,3.0,0.0,624.0,0.0,788.0,0,4846,2,0,E,314.0,S,3,788.0
4555,4555,4846_02,Earth,True,TRAPPIST-1e,0.0,False,0.0,0.0,0.0,0.0,0.0,0.0,1,4846,2,0,G,791.0,S,3,0.0
4556,4556,4847_01,Earth,True,TRAPPIST-1e,19.0,False,0.0,0.0,699.0,18.0,86.0,803.0,0,4847,1,1,F,917.0,S,17,803.0
4557,4557,4848_01,Earth,True,TRAPPIST-1e,30.0,False,148.0,0.0,0.0,619.0,34.0,801.0,0,4848,1,1,F,986.0,P,7,801.0
4558,4558,4850_01,Earth,True,TRAPPIST-1e,23.0,False,14.0,0.0,437.0,103.0,333.0,887.0,0,4850,2,0,G,792.0,S,11,887.0
4559,4559,4850_02,Earth,True,TRAPPIST-1e,55.0,False,330.0,114.0,0.0,2.0,0.0,446.0,0,4850,2,0,G,792.0,S,11,446.0
4560,4560,4851_01,Earth,True,PSO J318.5-22,44.0,False,0.0,463.0,1.0,172.0,0.0,636.0,0,4851,1,1,F,918.0,S,7,636.0
4561,4561,4853_01,Europa,True,TRAPPIST-1e,30.0,False,4531.0,212.0,10.0,157.0,12.0,4922.0,0,4853,1,1,C,153.0,P,5,4922.0
4562,4562,4856_01,Earth,True,TRAPPIST-1e,39.0,False,12.0,8.0,0.0,4.0,753.0,777.0,0,4856,1,1,F,920.0,S,10,777.0
4563,4563,4857_01,Earth,True,55 Cancri e,19.0,False,423.0,173.23651452282158,0.0,0.0,0.0,423.0,0,4857,1,1,G,782.0,P,7,596.2365145228216
4564,4564,4862_01,Earth,True,TRAPPIST-1e,24.0,False,0.0,871.0,17.0,0.0,0.0,888.0,0,4862,1,1,G,783.0,P,5,888.0
4565,4565,4863_01,Europa,True,TRAPPIST-1e,37.0,False,1721.0,667.0,64.72727272727273,28.0,1362.0,3778.0,0,4863,1,1,T,2.0,S,5,3842.7272727272725
4566,4566,4864_01,Earth,True,55 Cancri e,24.0,False,0.0,0.0,0.0,734.0,21.0,755.0,0,4864,1,1,G,784.0,P,0,755.0
4567,4567,4866_01,Earth,True,TRAPPIST-1e,17.0,False,0.0,0.0,1875.0,142.0,2.0,2019.0,0,4866,1,1,F,922.0,S,8,2019.0
4568,4568,4868_01,Earth,True,TRAPPIST-1e,17.0,False,0.0,775.0,0.0,13.0,0.0,788.0,0,4868,1,1,E,304.0,P,6,788.0
4569,4569,4870_01,Earth,True,55 Cancri e,14.0,False,8.0,0.0,148.33333333333334,0.0,176.0,184.0,0,4870,1,1,G,785.0,P,9,332.33333333333337
4570,4570,4871_01,Earth,True,PSO J318.5-22,13.0,False,0.0,611.0,0.0,0.0,0.0,611.0,0,4871,1,1,F,990.0,P,7,611.0
4571,4571,4873_01,Europa,True,55 Cancri e,35.0,False,0.0,1135.0,0.0,0.0,3880.0,5015.0,0,4873,1,1,C,191.0,S,9,5015.0
4572,4572,4874_01,Mars,True,TRAPPIST-1e,32.0,False,654.0,0.0,655.0,0.0,0.0,1309.0,0,4874,2,0,F,925.0,S,5,1309.0
4573,4573,4874_02,Mars,True,TRAPPIST-1e,18.0,False,0.0,0.0,0.0,0.0,0.0,0.0,1,4874,2,0,F,925.0,S,5,0.0
4574,4574,4875_01,Earth,True,TRAPPIST-1e,21.0,False,529.0,8.0,89.0,21.0,0.0,647.0,0,4875,1,1,F,926.0,S,6,647.0
4575,4575,4876_01,Mars,True,TRAPPIST-1e,25.0,False,750.0,0.0,109.0,368.0,0.0,1227.0,0,4876,1,1,F,927.0,S,4,1227.0
4576,4576,4878_01,Mars,True,TRAPPIST-1e,36.0,False,108.0,0.0,941.0,861.0,0.0,1910.0,0,4878,1,1,F,929.0,S,9,1910.0
4577,4577,4879_01,Earth,True,TRAPPIST-1e,20.0,False,362.0,0.0,31.0,12.0,483.0,888.0,0,4879,1,1,G,786.0,P,10,888.0
4578,4578,4880_01,Earth,True,55 Cancri e,22.0,False,126.0,3.0,0.0,1305.0,0.0,1434.0,0,4880,1,1,G,787.0,P,7,1434.0
4579,4579,4881_01,Mars,True,TRAPPIST-1e,27.0,False,0.0,0.0,0.0,0.0,0.0,0.0,1,4881,1,1,E,315.0,S,3,0.0
4580,4580,4882_01,Europa,True,TRAPPIST-1e,35.0,False,9.0,2031.0,0.0,20.0,1837.0,3897.0,0,4882,1,1,B,193.0,S,6,3897.0
4581,4581,4883_01,Earth,True,TRAPPIST-1e,38.0,False,0.0,0.0,0.0,0.0,0.0,0.0,1,4883,1,1,G,788.0,P,7,0.0
4582,4582,4884_01,Mars,True,TRAPPIST-1e,23.0,False,0.0,0.0,0.0,0.0,0.0,0.0,1,4884,1,1,E,316.0,S,4,0.0
4583,4583,4885_01,Mars,True,TRAPPIST-1e,21.0,False,74.0,0.0,713.0,0.0,502.0,1289.0,0,4885,1,1,F,930.0,S,5,1289.0
4584,4584,4886_01,Earth,True,TRAPPIST-1e,18.0,False,122.36259541984732,0.0,1770.0,1284.0,8.0,3062.0,0,4886,1,1,F,931.0,S,3,3184.3625954198474
4585,4585,4887_01,Earth,True,TRAPPIST-1e,20.0,False,0.0,254.0,868.0,405.0,0.0,1527.0,0,4887,1,1,F,991.0,P,6,1527.0
4586,4586,4888_01,Europa,True,TRAPPIST-1e,28.0,False,0.0,0.0,0.0,0.0,0.0,0.0,1,4888,1,1,C,192.0,S,5,0.0
4587,4587,4889_01,Earth,True,PSO J318.5-22,57.0,False,274.0,8.0,0.0,19.0,466.0,767.0,0,4889,1,1,G,794.0,S,5,767.0
4588,4588,4890_01,Earth,True,55 Cancri e,10.0,False,0.0,0.0,0.0,0.0,0.0,0.0,1,4890,2,0,G,795.0,S,15,0.0
4589,4589,4890_02,Earth,True,TRAPPIST-1e,23.0,False,0.0,0.0,874.0,218.61016949152543,0.0,874.0,0,4890,2,0,F,932.0,S,15,1092.6101694915255
4590,4590,4891_01,Europa,True,TRAPPIST-1e,22.0,False,0.0,0.0,0.0,0.0,0.0,0.0,1,4891,2,0,B,194.0,S,8,0.0
4591,4591,4891_02,Europa,True,55 Cancri e,24.0,False,0.0,0.0,0.0,0.0,0.0,0.0,1,4891,2,0,B,194.0,S,5,0.0
4592,4592,4892_01,Earth,True,TRAPPIST-1e,52.0,False,44.0,205.8235294117647,0.0,42.0,1731.0,1817.0,0,4892,1,1,G,796.0,S,10,2022.8235294117646
4593,4593,4893_01,Earth,True,55 Cancri e,31.0,False,0.0,0.0,0.0,0.0,0.0,0.0,1,4893,1,1,G,797.0,S,3,0.0
4594,4594,4895_01,Earth,True,55 Cancri e,15.0,False,0.0,0.0,0.0,0.0,0.0,0.0,1,4895,1,1,G,789.0,P,6,0.0
4595,4595,4896_01,Earth,True,TRAPPIST-1e,40.0,False,176.0,932.0,0.0,0.0,211.0,1108.0,0,4896,1,1,F,992.0,P,6,1319.0
4596,4596,4897_01,Earth,True,TRAPPIST-1e,18.0,False,0.0,0.0,31.0,2121.0,0.0,2152.0,0,4897,1,1,F,993.0,P,9,2152.0
4597,4597,4898_01,Earth,True,TRAPPIST-1e,28.0,False,647.0,1.0,32.0,71.0,140.0,891.0,0,4898,1,1,F,933.0,S,9,891.0
4598,4598,4899_01,Earth,True,TRAPPIST-1e,40.0,False,0.0,0.0,0.0,0.0,0.0,0.0,1,4899,2,0,G,799.0,S,9,0.0
4599,4599,4899_02,Earth,True,PSO J318.5-22,32.0,False,8.0,690.0,3.0,5.0,0.0,706.0,0,4899,2,0,G,799.0,S,9,706.0
4600,4600,4900_01,Earth,True,PSO J318.5-22,35.0,False,0.0,0.0,2.0,672.0,10.0,684.0,0,4900,1,1,F,994.0,P,5,684.0
4601,4601,4901_01,Earth,True,TRAPPIST-1e,52.0,False,0.0,837.0,1.0,2.0,8.0,848.0,0,4901,2,0,G,790.0,P,9,848.0
4602,4602,4901_02,Earth,True,TRAPPIST-1e,34.0,False,695.0,25.0,276.0,0.0,0.0,996.0,0,4901,2,0,E,305.0,P,9,996.0
4603,4603,4902_01,Earth,True,TRAPPIST-1e,46.0,False,0.0,0.0,0.0,0.0,0.0,0.0,1,4902,1,1,G,791.0,P,10,0.0
4604,4604,4903_01,Earth,True,55 Cancri e,23.0,False,62.0,0.0,0.0,1.0,2203.0,2266.0,0,4903,1,1,F,995.0,P,14,2266.0
4605,4605,4904_01,Earth,True,TRAPPIST-1e,44.0,False,2.0,0.0,0.0,788.0,0.0,790.0,0,4904,1,1,E,317.0,S,8,790.0
4606,4606,4909_01,Earth,True,55 Cancri e,59.0,False,460.0,139.0,0.0,1.0,0.0,600.0,0,4909,1,1,F,997.0,P,4,600.0
4607,4607,4910_01,Europa,True,TRAPPIST-1e,42.0,False,0.0,1330.0,0.0,2711.0,691.0,4732.0,0,4910,1,1,E,306.0,P,9,4732.0
4608,4608,4911_01,Earth,True,TRAPPIST-1e,18.0,False,0.0,0.0,0.0,702.0,0.0,702.0,0,4911,1,1,F,998.0,P,9,702.0
4609,4609,4912_01,Mars,True,TRAPPIST-1e,29.0,False,3284.0,84.0,0.0,0.0,2.0,3370.0,0,4912,2,0,D,160.0,P,8,3370.0
4610,4610,4912_02,Mars,True,TRAPPIST-1e,15.0,False,0.0,0.0,0.0,0.0,0.0,0.0,1,4912,2,0,F,999.0,P,8,0.0
4611,4611,4913_01,Mars,True,TRAPPIST-1e,19.0,False,1301.0,0.0,31.0,1.0,0.0,1333.0,0,4913,1,1,F,1000.0,P,10,1333.0
4612,4612,4915_01,Earth,True,PSO J318.5-22,49.0,False,0.0,0.0,0.0,0.0,0.0,0.0,1,4915,1,1,G,793.0,P,4,0.0
4613,4613,4916_01,Mars,True,TRAPPIST-1e,19.0,False,0.0,0.0,0.0,0.0,0.0,0.0,1,4916,1,1,F,1001.0,P,6,0.0
4614,4614,4917_01,Europa,True,55 Cancri e,36.0,True,1.0,10029.0,1.0,1679.0,27.0,11737.0,0,4917,1,1,B,195.0,S,3,11737.0
4615,4615,4918_01,Earth,True,55 Cancri e,59.0,False,0.0,0.0,0.0,0.0,0.0,0.0,1,4918,1,1,G,794.0,P,8,0.0
4616,4616,4920_01,Earth,True,55 Cancri e,24.0,False,0.0,0.0,0.0,0.0,0.0,0.0,1,4920,1,1,G,802.0,S,11,0.0
4617,4617,4923_01,Mars,True,TRAPPIST-1e,4.0,False,0.0,0.0,0.0,0.0,0.0,0.0,1,4923,3,0,F,935.0,S,8,0.0
4618,4618,4923_02,Mars,True,TRAPPIST-1e,20.0,False,0.0,0.0,0.0,0.0,0.0,0.0,1,4923,3,0,F,935.0,S,8,0.0
4619,4619,4923_03,Mars,True,TRAPPIST-1e,24.0,False,261.0,0.0,780.0,0.0,0.0,1041.0,0,4923,3,0,F,935.0,S,8,1041.0
4620,4620,4924_01,Mars,True,55 Cancri e,31.0,False,725.0,0.0,747.0,0.0,0.0,1472.0,0,4924,1,1,F,1002.0,P,2,1472.0
4621,4621,4925_01,Mars,True,TRAPPIST-1e,23.0,False,197.0,76.0,5635.0,7.0,0.0,5915.0,0,4925,1,1,F,936.0,S,6,5915.0
4622,4622,4927_01,Mars,True,TRAPPIST-1e,3.0,False,0.0,0.0,0.0,0.0,0.0,0.0,1,4927,4,0,F,937.0,S,7,0.0
4623,4623,4927_02,Mars,True,TRAPPIST-1e,22.0,False,0.0,0.0,0.0,0.0,0.0,0.0,1,4927,4,0,F,937.0,S,7,0.0
4624,4624,4927_03,Mars,True,TRAPPIST-1e,20.0,False,0.0,0.0,0.0,0.0,0.0,0.0,1,4927,4,0,F,937.0,S,7,0.0
4625,4625,4927_04,Mars,True,TRAPPIST-1e,0.0,False,0.0,0.0,0.0,0.0,0.0,0.0,1,4927,4,0,F,937.0,S,7,0.0
4626,4626,4929_01,Mars,True,55 Cancri e,13.0,False,0.0,0.0,0.0,0.0,0.0,0.0,1,4929,1,1,F,1004.0,P,3,0.0
4627,4627,4930_01,Europa,True,TRAPPIST-1e,47.0,False,0.0,0.0,0.0,0.0,0.0,0.0,1,4930,2,0,B,161.0,P,6,0.0
4628,4628,4930_02,Europa,True,TRAPPIST-1e,51.0,False,0.0,3571.0,106.0,0.0,0.0,3677.0,0,4930,2,0,B,161.0,P,6,3677.0
4629,4629,4932_01,Mars,True,TRAPPIST-1e,22.0,False,223.0,0.0,630.0,14.0,0.0,867.0,0,4932,2,0,D,161.0,P,7,867.0
4630,4630,4932_02,Mars,True,55 Cancri e,3.0,False,0.0,0.0,0.0,0.0,0.0,0.0,1,4932,2,0,F,1005.0,P,7,0.0
4631,4631,4933_01,Mars,True,TRAPPIST-1e,4.0,False,0.0,0.0,0.0,0.0,0.0,0.0,1,4933,4,0,F,938.0,S,5,0.0
4632,4632,4933_02,Mars,True,TRAPPIST-1e,16.0,False,2083.0,0.0,10.0,0.0,0.0,2093.0,0,4933,4,0,F,938.0,S,5,2093.0
4633,4633,4933_03,Mars,True,TRAPPIST-1e,24.0,False,623.0,0.0,501.0,304.0,776.0,2204.0,0,4933,4,0,F,938.0,S,10,2204.0
4634,4634,4933_04,Mars,True,TRAPPIST-1e,1.0,False,0.0,0.0,0.0,0.0,0.0,0.0,1,4933,4,0,F,938.0,S,5,0.0
4635,4635,4934_01,Earth,True,TRAPPIST-1e,31.0,False,210.0,20.0,0.0,1027.0,199.0,1456.0,0,4934,1,1,F,1006.0,P,9,1456.0
4636,4636,4937_01,Earth,True,TRAPPIST-1e,34.0,False,1242.0,444.0,0.0,22.0,0.0,1708.0,0,4937,1,1,G,803.0,S,2,1708.0
4637,4637,4938_01,Earth,True,55 Cancri e,20.0,False,0.0,0.0,847.0,0.0,0.0,847.0,0,4938,1,1,G,804.0,S,8,847.0
4638,4638,4939_01,Earth,True,TRAPPIST-1e,19.0,False,0.0,2077.0,0.0,0.0,0.0,2077.0,0,4939,1,1,F,1007.0,P,5,2077.0
4639,4639,4940_01,Earth,True,TRAPPIST-1e,19.0,False,0.0,0.0,0.0,0.0,0.0,0.0,1,4940,1,1,G,805.0,S,10,0.0
4640,4640,4941_01,Mars,True,TRAPPIST-1e,35.0,False,988.0,0.0,830.0,2.0,0.0,1820.0,0,4941,1,1,F,1008.0,P,11,1820.0
4641,4641,4942_01,Earth,True,TRAPPIST-1e,3.0,False,0.0,0.0,0.0,0.0,0.0,0.0,1,4942,2,0,G,806.0,S,7,0.0
4642,4642,4942_02,Earth,True,TRAPPIST-1e,36.0,False,0.0,0.0,0.0,0.0,0.0,0.0,1,4942,2,0,G,806.0,S,7,0.0
4643,4643,4943_01,Mars,True,TRAPPIST-1e,20.0,False,0.0,0.0,0.0,0.0,0.0,0.0,1,4943,1,1,F,1009.0,P,4,0.0
4644,4644,4944_01,Europa,True,55 Cancri e,39.0,False,269.0,2171.0,2.0,2.0,0.0,2444.0,0,4944,3,0,A,60.0,S,12,2444.0
4645,4645,4944_02,Europa,True,55 Cancri e,58.0,False,0.0,3448.0,0.0,737.0,2193.0,6378.0,0,4944,3,0,A,60.0,S,12,6378.0
4646,4646,4944_03,Europa,True,TRAPPIST-1e,56.0,False,153.0,1750.0,0.0,334.0,1539.0,3776.0,0,4944,3,0,A,60.0,S,12,3776.0
4647,4647,4945_01,Earth,True,PSO J318.5-22,27.0,False,0.0,0.0,0.0,0.0,0.0,0.0,1,4945,1,1,G,798.0,P,1,0.0
4648,4648,4946_01,Earth,True,TRAPPIST-1e,25.0,False,0.0,0.0,0.0,0.0,0.0,0.0,1,4946,1,1,G,799.0,P,6,0.0
4649,4649,4950_01,Earth,True,PSO J318.5-22,39.0,False,0.0,0.0,0.0,0.0,0.0,0.0,1,4950,1,1,G,800.0,P,7,0.0
4650,4650,4951_01,Mars,True,TRAPPIST-1e,43.0,False,11.0,0.0,1297.0,38.0,0.0,1346.0,0,4951,1,1,F,1010.0,P,3,1346.0
4651,4651,4952_01,Mars,True,TRAPPIST-1e,42.0,False,0.0,0.0,0.0,0.0,0.0,0.0,1,4952,1,1,F,939.0,S,5,0.0
4652,4652,4954_01,Earth,True,TRAPPIST-1e,24.0,False,3.0,1018.0,687.0,50.0,172.23076923076923,1758.0,0,4954,1,1,G,808.0,S,10,1930.2307692307693
4653,4653,4956_01,Earth,True,TRAPPIST-1e,19.0,False,0.0,0.0,0.0,0.0,0.0,0.0,1,4956,1,1,G,809.0,S,11,0.0
4654,4654,4958_01,Earth,True,TRAPPIST-1e,32.0,False,0.0,235.0,0.0,474.0,0.0,709.0,0,4958,1,1,G,810.0,S,9,709.0
4655,4655,4961_01,Mars,True,TRAPPIST-1e,32.0,False,1016.0,0.0,307.0,5.0,35.0,1328.0,0,4961,1,1,F,942.0,S,1,1363.0
4656,4656,4963_01,Earth,True,TRAPPIST-1e,61.0,False,0.0,0.0,0.0,0.0,0.0,0.0,1,4963,1,1,G,811.0,S,8,0.0
4657,4657,4964_01,Mars,True,TRAPPIST-1e,64.0,False,2147.0,0.0,191.0,59.0,0.0,2397.0,0,4964,1,1,D,154.0,S,4,2397.0
4658,4658,4965_01,Earth,True,TRAPPIST-1e,21.0,False,457.0,79.0,1134.0,0.0,0.0,1670.0,0,4965,1,1,E,308.0,P,10,1670.0
4659,4659,4970_01,Earth,True,PSO J318.5-22,26.0,False,0.0,9.0,0.0,0.0,1376.0,1385.0,0,4970,1,1,F,943.0,S,12,1385.0
4660,4660,4972_01,Europa,True,55 Cancri e,35.0,False,87.0,1719.0,2750.0,0.0,79.0,4635.0,0,4972,1,1,B,162.0,P,3,4635.0
4661,4661,4973_01,Earth,True,TRAPPIST-1e,43.0,False,957.0,0.0,1.0,0.0,39.0,997.0,0,4973,2,0,E,309.0,P,7,997.0
4662,4662,4973_02,Earth,True,55 Cancri e,3.0,False,0.0,0.0,0.0,0.0,0.0,0.0,1,4973,2,0,G,803.0,P,7,0.0
4663,4663,4974_01,Europa,True,TRAPPIST-1e,56.0,False,0.0,10.0,0.0,9319.0,1225.0,10554.0,0,4974,2,0,A,44.0,P,4,10554.0
4664,4664,4974_02,Europa,True,55 Cancri e,45.0,False,0.0,0.0,0.0,0.0,0.0,0.0,1,4974,2,0,A,54.0,P,4,0.0
4665,4665,4975_01,Earth,True,PSO J318.5-22,25.0,False,0.0,0.0,0.0,0.0,0.0,0.0,1,4975,3,0,G,813.0,S,12,0.0
4666,4666,4975_02,Earth,True,TRAPPIST-1e,12.0,False,0.0,0.0,0.0,0.0,0.0,0.0,1,4975,3,0,G,813.0,S,12,0.0
4667,4667,4975_03,Earth,True,PSO J318.5-22,2.0,False,0.0,0.0,0.0,0.0,0.0,0.0,1,4975,3,0,G,813.0,S,12,0.0
4668,4668,4977_01,Earth,True,TRAPPIST-1e,46.0,False,0.0,4.0,834.0,0.0,32.0,870.0,0,4977,2,0,F,945.0,S,11,870.0
4669,4669,4977_02,Earth,True,TRAPPIST-1e,32.0,False,2756.0,125.0,9.0,0.0,103.0,2993.0,0,4977,2,0,F,945.0,S,11,2993.0
4670,4670,4978_01,Earth,True,TRAPPIST-1e,20.0,False,0.0,358.0,287.0,0.0,132.22510822510822,645.0,0,4978,1,1,F,1015.0,P,9,777.2251082251082
4671,4671,4979_01,Earth,True,PSO J318.5-22,24.0,False,0.0,0.0,0.0,0.0,0.0,0.0,1,4979,1,1,G,804.0,P,8,0.0
4672,4672,4980_01,Earth,True,TRAPPIST-1e,28.0,False,0.0,0.0,0.0,882.0,0.0,882.0,0,4980,3,0,G,805.0,P,10,882.0
4673,4673,4980_02,Earth,True,TRAPPIST-1e,12.0,False,0.0,0.0,0.0,0.0,0.0,0.0,1,4980,3,0,G,805.0,P,10,0.0
4674,4674,4980_03,Earth,True,TRAPPIST-1e,11.0,False,0.0,0.0,0.0,0.0,0.0,0.0,1,4980,3,0,G,805.0,P,10,0.0
4675,4675,4981_01,Earth,True,TRAPPIST-1e,16.0,False,0.0,769.0,0.0,0.0,7.0,776.0,0,4981,3,0,F,946.0,S,15,776.0
4676,4676,4981_02,Earth,False,PSO J318.5-22,29.0,False,0.0,0.0,0.0,0.0,0.0,0.0,1,4981,3,0,G,814.0,S,8,0.0
4677,4677,4981_03,Earth,True,TRAPPIST-1e,24.0,False,530.0,0.0,0.0,0.0,179.0,709.0,0,4981,3,0,G,814.0,S,15,709.0
4678,4678,4983_01,Earth,True,TRAPPIST-1e,22.0,False,61.0,0.0,214.0,445.0,187.62704918032787,720.0,0,4983,1,1,F,1016.0,P,2,907.6270491803278
4679,4679,4987_01,Earth,True,TRAPPIST-1e,21.0,False,36.0,162.0,0.0,588.0,0.0,786.0,0,4987,1,1,G,816.0,S,5,786.0
4680,4680,4989_01,Earth,True,TRAPPIST-1e,38.0,False,0.0,1.0,0.0,786.0,0.0,787.0,0,4989,1,1,E,310.0,P,6,787.0
4681,4681,4990_01,Europa,True,TRAPPIST-1e,35.0,False,0.0,0.0,0.0,0.0,0.0,0.0,1,4990,1,1,B,164.0,P,8,0.0
4682,4682,4991_01,Earth,True,TRAPPIST-1e,79.0,False,610.0,0.0,0.0,200.0,5.0,815.0,0,4991,1,1,G,806.0,P,10,815.0
4683,4683,4992_01,Earth,True,PSO J318.5-22,22.0,False,479.0,34.0,0.0,29.0,4.0,546.0,0,4992,1,1,F,1018.0,P,12,546.0
4684,4684,4995_01,Earth,True,55 Cancri e,42.0,False,642.0,282.0,0.0,0.0,0.0,924.0,0,4995,1,1,G,807.0,P,12,924.0
4685,4685,4996_01,Mars,True,TRAPPIST-1e,34.0,False,0.0,0.0,0.0,0.0,0.0,0.0,1,4996,1,1,F,949.0,S,2,0.0
4686,4686,4997_01,Europa,True,TRAPPIST-1e,52.0,False,0.0,0.0,0.0,0.0,0.0,0.0,1,4997,1,1,C,156.0,P,5,0.0
4687,4687,4998_01,Earth,True,TRAPPIST-1e,43.0,False,0.0,0.0,0.0,0.0,0.0,0.0,1,4998,1,1,G,818.0,S,13,0.0
4688,4688,4999_01,Earth,True,TRAPPIST-1e,30.0,False,1120.0,0.0,0.0,0.0,794.0,1914.0,0,4999,1,1,F,950.0,S,7,1914.0
4689,4689,5000_01,Earth,True,TRAPPIST-1e,35.0,False,0.0,0.0,0.0,0.0,0.0,0.0,1,5000,1,1,G,808.0,P,3,0.0
4690,4690,5003_01,Earth,True,TRAPPIST-1e,18.0,False,0.0,0.0,0.0,0.0,0.0,0.0,1,5003,1,1,G,809.0,P,7,0.0
4691,4691,5004_01,Europa,True,TRAPPIST-1e,27.0,False,0.0,0.0,0.0,0.0,0.0,0.0,1,5004,1,1,B,165.0,P,6,0.0
4692,4692,5005_01,Earth,True,TRAPPIST-1e,46.0,False,819.0,31.0,0.0,49.0,2.0,901.0,0,5005,1,1,F,1019.0,P,5,901.0
4693,4693,5006_01,Europa,True,TRAPPIST-1e,15.0,False,0.0,0.0,0.0,0.0,0.0,0.0,1,5006,3,0,B,166.0,P,5,0.0
4694,4694,5006_02,Europa,True,55 Cancri e,44.0,False,0.0,0.0,0.0,0.0,0.0,0.0,1,5006,3,0,B,166.0,P,5,0.0
4695,4695,5006_03,Europa,True,TRAPPIST-1e,20.0,False,0.0,219.0,0.0,5.0,3283.0,3507.0,0,5006,3,0,B,166.0,P,5,3507.0
4696,4696,5007_01,Mars,True,TRAPPIST-1e,35.0,False,1337.0,49.0,57.0,0.0,0.0,1443.0,0,5007,1,1,F,951.0,S,3,1443.0
4697,4697,5008_01,Mars,True,TRAPPIST-1e,19.0,False,0.0,0.0,0.0,0.0,0.0,0.0,1,5008,1,1,F,952.0,S,7,0.0
4698,4698,5009_01,Mars,True,TRAPPIST-1e,47.0,False,0.0,0.0,0.0,0.0,0.0,0.0,1,5009,1,1,F,1020.0,P,0,0.0
4699,4699,5010_01,Mars,True,TRAPPIST-1e,26.0,True,1033.0,172.0,26.0,0.0,518.0,1749.0,0,5010,1,1,F,1021.0,P,3,1749.0
4700,4700,5012_01,Earth,True,55 Cancri e,24.0,False,0.0,0.0,0.0,0.0,0.0,0.0,1,5012,1,1,G,811.0,P,4,0.0
4701,4701,5013_01,Earth,True,TRAPPIST-1e,23.0,False,0.0,0.0,2102.0,0.0,0.0,2102.0,0,5013,1,1,F,953.0,S,13,2102.0
4702,4702,5014_01,Mars,True,TRAPPIST-1e,26.0,False,1331.0,0.0,973.0,484.0,0.0,2788.0,0,5014,2,0,D,162.0,P,6,2788.0
4703,4703,5014_02,Mars,True,TRAPPIST-1e,5.0,False,0.0,0.0,0.0,0.0,0.0,0.0,1,5014,2,0,F,1022.0,P,6,0.0
4704,4704,5015_01,Europa,True,55 Cancri e,35.0,False,54.0,493.0,12.0,6691.0,253.0,7503.0,0,5015,1,1,C,194.0,S,2,7503.0
4705,4705,5016_01,Mars,True,TRAPPIST-1e,18.0,False,1092.0,31.0,309.0,0.0,0.0,1432.0,0,5016,1,1,F,1023.0,P,7,1432.0
4706,4706,5017_01,Mars,True,TRAPPIST-1e,32.0,False,0.0,0.0,0.0,0.0,0.0,0.0,1,5017,1,1,F,954.0,S,4,0.0
4707,4707,5018_01,Earth,True,TRAPPIST-1e,13.0,False,0.0,0.0,0.0,0.0,0.0,0.0,1,5018,1,1,G,812.0,P,12,0.0
4708,4708,5019_01,Earth,True,TRAPPIST-1e,15.0,False,0.0,0.0,19.0,352.0,326.0,697.0,0,5019,1,1,F,955.0,S,10,697.0
4709,4709,5020_01,Earth,True,PSO J318.5-22,18.0,False,648.0,19.0,0.0,0.0,4.0,671.0,0,5020,1,1,F,956.0,S,9,671.0
4710,4710,5021_01,Europa,True,TRAPPIST-1e,41.0,False,4.0,4619.0,0.0,251.0,213.0,5087.0,0,5021,1,1,B,167.0,P,1,5087.0
4711,4711,5023_01,Earth,True,55 Cancri e,36.0,False,0.0,0.0,0.0,474.0,12.0,486.0,0,5023,1,1,G,813.0,P,4,486.0
4712,4712,5025_01,Earth,True,TRAPPIST-1e,33.0,False,1042.0,50.0,0.0,9.0,0.0,1101.0,0,5025,1,1,F,1024.0,P,6,1101.0
4713,4713,5027_01,Earth,True,55 Cancri e,41.0,False,4.0,737.0,0.0,51.0,0.0,792.0,0,5027,1,1,E,321.0,S,6,792.0
4714,4714,5028_01,Europa,True,55 Cancri e,47.0,False,1904.0,18.0,0.0,89.0,4411.0,6422.0,0,5028,1,1,A,61.0,S,5,6422.0
4715,4715,5032_01,Europa,True,TRAPPIST-1e,32.0,False,0.0,0.0,0.0,0.0,0.0,0.0,1,5032,1,1,E,322.0,S,6,0.0
4716,4716,5034_01,Earth,True,TRAPPIST-1e,36.0,False,0.0,52.0,8.0,0.0,4160.0,4220.0,0,5034,1,1,G,824.0,S,10,4220.0
4717,4717,5035_01,Earth,True,TRAPPIST-1e,13.0,False,0.0,0.0,0.0,0.0,0.0,0.0,1,5035,1,1,G,825.0,S,11,0.0
4718,4718,5036_01,Earth,True,PSO J318.5-22,34.0,False,0.0,0.0,0.0,0.0,0.0,0.0,1,5036,2,0,G,814.0,P,6,0.0
4719,4719,5036_02,Earth,True,TRAPPIST-1e,24.0,False,5.0,1.0,7.0,0.0,895.0,908.0,0,5036,2,0,G,814.0,P,6,908.0
4720,4720,5039_01,Mars,True,TRAPPIST-1e,16.0,False,1285.0,6.5,14.0,1386.0,0.0,2685.0,0,5039,4,0,F,958.0,S,9,2691.5
4721,4721,5039_02,Mars,True,TRAPPIST-1e,12.0,False,0.0,0.0,0.0,0.0,0.0,0.0,1,5039,4,0,F,958.0,S,9,0.0
4722,4722,5039_03,Mars,True,TRAPPIST-1e,24.0,False,1157.0,0.0,0.0,131.0,0.0,1288.0,0,5039,4,0,F,958.0,S,9,1288.0
4723,4723,5039_04,Mars,True,TRAPPIST-1e,35.0,False,1307.0,0.0,0.0,2.0,0.0,1309.0,0,5039,4,0,F,958.0,S,9,1309.0
4724,4724,5040_01,Europa,True,TRAPPIST-1e,26.0,False,0.0,21.0,10424.0,1373.0,7218.0,19036.0,0,5040,2,0,C,195.0,S,5,19036.0
4725,4725,5040_02,Europa,True,55 Cancri e,39.0,False,10.0,199.0,0.0,6216.0,101.0,6526.0,0,5040,2,0,C,195.0,S,5,6526.0
4726,4726,5042_01,Earth,True,TRAPPIST-1e,18.0,False,8.0,1.0,4.0,419.0,304.0,736.0,0,5042,1,1,F,1026.0,P,6,736.0
4727,4727,5044_01,Earth,True,TRAPPIST-1e,23.0,False,0.0,381.0,142.0,0.0,261.0,784.0,0,5044,2,0,G,826.0,S,7,784.0
4728,4728,5044_02,Earth,True,PSO J318.5-22,29.0,False,0.0,0.0,0.0,0.0,0.0,0.0,1,5044,2,0,G,826.0,S,7,0.0
4729,4729,5048_01,Earth,True,TRAPPIST-1e,38.0,False,0.0,0.0,0.0,0.0,0.0,0.0,1,5048,1,1,G,816.0,S,7,0.0
4730,4730,5050_01,Earth,True,TRAPPIST-1e,31.0,False,433.0,111.0,238.0,86.0,0.0,868.0,0,5050,1,1,F,1028.0,P,12,868.0
4731,4731,5051_01,Mars,True,TRAPPIST-1e,49.0,False,1176.0,0.0,20.0,103.0,0.0,1299.0,0,5051,1,1,E,324.0,S,8,1299.0
4732,4732,5052_01,Mars,True,TRAPPIST-1e,17.0,False,0.0,0.0,0.0,0.0,0.0,0.0,1,5052,2,0,F,961.0,S,3,0.0
4733,4733,5052_02,Mars,True,55 Cancri e,23.0,False,228.0,1451.0,912.0,3.0,0.0,2594.0,0,5052,2,0,F,961.0,S,3,2594.0
4734,4734,5057_01,Earth,True,55 Cancri e,15.0,False,0.0,0.0,0.0,0.0,0.0,0.0,1,5057,1,1,G,816.0,P,8,0.0
4735,4735,5058_01,Mars,True,TRAPPIST-1e,11.0,False,0.0,0.0,0.0,0.0,0.0,0.0,1,5058,3,0,F,963.0,S,11,0.0
4736,4736,5058_02,Mars,True,PSO J318.5-22,30.0,True,600.0,31.0,1.0,659.0,191.0,1482.0,0,5058,3,0,F,963.0,S,11,1482.0
4737,4737,5058_03,Mars,True,TRAPPIST-1e,42.0,False,0.0,0.0,0.0,0.0,0.0,0.0,1,5058,3,0,F,963.0,S,11,0.0
4738,4738,5059_01,Earth,True,55 Cancri e,21.0,False,639.0,0.0,0.0,0.0,0.0,639.0,0,5059,1,1,F,1030.0,P,8,639.0
4739,4739,5060_01,Europa,True,55 Cancri e,41.0,False,0.0,0.0,0.0,0.0,0.0,0.0,1,5060,4,0,C,157.0,P,6,0.0
4740,4740,5060_02,Europa,True,TRAPPIST-1e,14.0,False,0.0,0.0,0.0,0.0,0.0,0.0,1,5060,4,0,C,157.0,P,6,0.0
4741,4741,5060_03,Europa,True,55 Cancri e,27.0,False,0.0,867.0,0.0,20.0,1371.0,2258.0,0,5060,4,0,C,157.0,P,6,2258.0
4742,4742,5060_04,Europa,True,55 Cancri e,29.0,True,530.0,418.0,0.0,857.2857142857143,9129.0,10077.0,0,5060,4,0,C,157.0,P,6,10934.285714285714
4743,4743,5061_01,Europa,True,TRAPPIST-1e,25.0,False,0.0,0.0,0.0,0.0,0.0,0.0,1,5061,2,0,C,196.0,S,4,0.0
4744,4744,5061_02,Europa,True,TRAPPIST-1e,54.0,False,0.0,8246.0,0.0,56.0,118.0,8420.0,0,5061,2,0,C,196.0,S,4,8420.0
4745,4745,5062_01,Earth,True,TRAPPIST-1e,46.0,False,971.0,0.0,20.0,0.0,5.0,996.0,0,5062,1,1,E,325.0,S,12,996.0
4746,4746,5063_01,Earth,True,TRAPPIST-1e,18.0,False,122.36259541984732,794.0,16.0,0.0,0.0,810.0,0,5063,1,1,G,830.0,S,11,932.3625954198474
4747,4747,5064_01,Europa,True,55 Cancri e,22.0,False,1961.0,82.0,0.0,3025.0,2406.0,7474.0,0,5064,1,1,A,62.0,S,6,7474.0
4748,4748,5065_01,Europa,True,55 Cancri e,29.0,False,0.0,0.0,0.0,0.0,0.0,0.0,1,5065,2,0,E,326.0,S,5,0.0
4749,4749,5065_02,Europa,True,55 Cancri e,26.0,False,606.0,1080.0,0.0,2011.0,0.0,3697.0,0,5065,2,0,E,326.0,S,5,3697.0
4750,4750,5067_01,Earth,True,55 Cancri e,36.0,False,0.0,1808.0,0.0,344.0,0.0,2152.0,0,5067,1,1,F,964.0,S,12,2152.0
4751,4751,5068_01,Earth,False,TRAPPIST-1e,19.0,False,0.0,0.0,0.0,0.0,0.0,0.0,1,5068,1,1,E,314.0,P,9,0.0
4752,4752,5069_01,Earth,True,PSO J318.5-22,56.0,False,1309.0,0.0,69.0,1.0,0.0,1379.0,0,5069,1,1,F,965.0,S,10,1379.0
4753,4753,5070_01,Earth,True,TRAPPIST-1e,20.0,False,542.0,175.0,0.0,5.0,0.0,722.0,0,5070,1,1,F,966.0,S,7,722.0
4754,4754,5072_01,Earth,True,TRAPPIST-1e,10.0,False,0.0,0.0,0.0,0.0,0.0,0.0,1,5072,2,0,G,817.0,P,8,0.0
4755,4755,5072_02,Earth,True,PSO J318.5-22,14.0,False,0.0,0.0,0.0,0.0,0.0,0.0,1,5072,2,0,G,817.0,P,8,0.0
4756,4756,5073_01,Mars,True,55 Cancri e,27.0,False,0.0,0.0,0.0,0.0,0.0,0.0,1,5073,1,1,F,1033.0,P,3,0.0
4757,4757,5074_01,Mars,True,TRAPPIST-1e,35.0,False,4608.0,0.0,926.0,382.0,0.0,5916.0,0,5074,1,1,F,967.0,S,4,5916.0
4758,4758,5076_01,Earth,True,TRAPPIST-1e,13.0,False,0.0,0.0,60.0,1.0,5147.0,5208.0,0,5076,1,1,G,818.0,P,12,5208.0
4759,4759,5080_01,Earth,True,TRAPPIST-1e,21.0,False,1.0,0.0,143.0,558.0,1.0,703.0,0,5080,1,1,F,969.0,S,6,703.0
4760,4760,5083_01,Earth,True,TRAPPIST-1e,22.0,False,0.0,0.0,0.0,0.0,0.0,0.0,1,5083,1,1,G,820.0,P,12,0.0
4761,4761,5084_01,Europa,True,TRAPPIST-1e,29.0,False,0.0,0.0,0.0,0.0,0.0,0.0,1,5084,2,0,E,315.0,P,2,0.0
4762,4762,5084_02,Europa,True,TRAPPIST-1e,32.0,False,8151.0,2052.0,1919.0,7352.0,754.0,20228.0,0,5084,2,0,E,315.0,P,2,20228.0
4763,4763,5085_01,Earth,True,TRAPPIST-1e,20.0,False,0.0,15.0,455.0,95.0,0.0,565.0,0,5085,1,1,F,970.0,S,5,565.0
4764,4764,5087_01,Mars,True,TRAPPIST-1e,44.0,False,2575.0,3.0,20.0,0.0,61.642857142857146,2598.0,0,5087,1,1,F,1036.0,P,11,2659.6428571428573
4765,4765,5088_01,Earth,True,55 Cancri e,22.0,False,0.0,0.0,0.0,1600.0,168.0,1768.0,0,5088,1,1,F,972.0,S,10,1768.0
4766,4766,5089_01,Europa,True,TRAPPIST-1e,39.0,False,3926.0,2030.0,0.0,1483.0,611.0,8050.0,0,5089,2,0,B,170.0,P,2,8050.0
4767,4767,5089_02,Europa,True,TRAPPIST-1e,19.0,False,0.0,3750.0,0.0,0.0,41.0,3791.0,0,5089,2,0,B,170.0,P,2,3791.0
4768,4768,5090_01,Earth,False,TRAPPIST-1e,0.0,False,0.0,0.0,0.0,0.0,0.0,0.0,1,5090,6,0,G,821.0,P,13,0.0
4769,4769,5090_02,Earth,True,TRAPPIST-1e,0.0,False,0.0,0.0,0.0,0.0,0.0,0.0,1,5090,6,0,G,821.0,P,13,0.0
4770,4770,5090_03,Earth,True,PSO J318.5-22,12.0,False,0.0,0.0,0.0,0.0,0.0,0.0,1,5090,6,0,G,821.0,P,13,0.0
4771,4771,5090_04,Earth,True,TRAPPIST-1e,7.0,False,0.0,0.0,0.0,0.0,0.0,0.0,1,5090,6,0,G,821.0,P,13,0.0
4772,4772,5090_05,Earth,True,PSO J318.5-22,32.0,False,793.0,0.0,0.0,0.0,0.0,793.0,0,5090,6,0,E,316.0,P,13,793.0
4773,4773,5090_06,Earth,True,TRAPPIST-1e,11.0,False,0.0,0.0,0.0,0.0,0.0,0.0,1,5090,6,0,G,821.0,P,13,0.0
4774,4774,5091_01,Earth,True,55 Cancri e,18.0,False,1471.0,59.0,95.0,1109.0,330.0,3064.0,0,5091,1,1,F,973.0,S,0,3064.0
4775,4775,5093_01,Europa,True,55 Cancri e,49.0,True,9.0,179.0,0.0,3.0,7865.0,8056.0,0,5093,1,1,C,158.0,P,1,8056.0
4776,4776,5095_01,Mars,True,TRAPPIST-1e,61.0,False,0.0,0.0,0.0,0.0,0.0,0.0,1,5095,1,1,F,1038.0,P,8,0.0
4777,4777,5097_01,Earth,True,55 Cancri e,7.0,False,0.0,0.0,0.0,0.0,0.0,0.0,1,5097,3,0,G,823.0,P,8,0.0
4778,4778,5097_02,Earth,True,TRAPPIST-1e,25.0,False,0.0,181.0,671.0,0.0,0.0,852.0,0,5097,3,0,G,823.0,P,8,852.0
4779,4779,5097_03,Earth,True,55 Cancri e,51.0,False,6.0,0.0,706.0,0.0,0.0,712.0,0,5097,3,0,F,1039.0,P,8,712.0
4780,4780,5103_01,Europa,True,TRAPPIST-1e,56.0,False,0.0,0.0,0.0,0.0,0.0,0.0,1,5103,1,1,E,317.0,P,1,0.0
4781,4781,5104_01,Earth,True,TRAPPIST-1e,31.0,False,25.0,712.0,0.0,16.0,0.0,753.0,0,5104,1,1,G,833.0,S,10,753.0
4782,4782,5105_01,Earth,True,PSO J318.5-22,16.0,False,0.0,0.0,0.0,0.0,0.0,0.0,1,5105,1,1,G,825.0,P,10,0.0
4783,4783,5106_01,Earth,True,TRAPPIST-1e,29.0,False,0.0,0.0,0.0,0.0,0.0,0.0,1,5106,1,1,G,834.0,S,3,0.0
4784,4784,5108_01,Earth,True,PSO J318.5-22,17.0,False,0.0,0.0,0.0,0.0,0.0,0.0,1,5108,1,1,G,825.0,P,9,0.0
4785,4785,5109_01,Earth,True,PSO J318.5-22,47.0,False,83.0,1.0,0.0,654.0,3.0,741.0,0,5109,1,1,G,835.0,S,10,741.0
4786,4786,5111_01,Europa,True,TRAPPIST-1e,25.0,False,0.0,3.0,0.0,763.0,3541.0,4307.0,0,5111,3,0,B,171.0,P,12,4307.0
4787,4787,5111_02,Europa,True,TRAPPIST-1e,28.0,False,29.0,394.0,0.0,712.0,4360.0,5495.0,0,5111,3,0,B,171.0,P,12,5495.0
4788,4788,5111_03,Europa,True,TRAPPIST-1e,32.0,False,0.0,419.0,0.0,1984.0,521.0,2924.0,0,5111,3,0,B,171.0,P,12,2924.0
4789,4789,5112_01,Europa,True,55 Cancri e,56.0,False,0.0,0.0,0.0,0.0,0.0,0.0,1,5112,3,0,C,198.0,S,3,0.0
4790,4790,5112_02,Europa,True,55 Cancri e,25.0,False,0.0,0.0,0.0,0.0,0.0,0.0,1,5112,3,0,C,198.0,S,3,0.0
4791,4791,5112_03,Europa,True,TRAPPIST-1e,13.0,False,0.0,0.0,0.0,0.0,0.0,0.0,1,5112,3,0,C,198.0,S,5,0.0
4792,4792,5115_01,Europa,True,TRAPPIST-1e,41.0,False,0.0,0.0,0.0,0.0,0.0,0.0,1,5115,2,0,C,199.0,S,2,0.0
4793,4793,5115_02,Europa,True,55 Cancri e,28.0,False,0.0,0.0,0.0,0.0,0.0,0.0,1,5115,2,0,C,199.0,S,2,0.0
4794,4794,5116_01,Mars,True,TRAPPIST-1e,25.0,False,0.0,0.0,0.0,0.0,0.0,0.0,1,5116,2,0,F,980.0,S,7,0.0
4795,4795,5116_02,Mars,True,TRAPPIST-1e,11.0,False,0.0,0.0,0.0,0.0,0.0,0.0,1,5116,2,0,F,980.0,S,7,0.0
4796,4796,5120_01,Mars,True,TRAPPIST-1e,20.0,False,0.0,0.0,0.0,0.0,0.0,0.0,1,5120,1,1,E,320.0,P,9,0.0
4797,4797,5122_01,Earth,True,TRAPPIST-1e,24.0,False,0.0,464.0,321.0,0.0,90.0,875.0,0,5122,1,1,F,981.0,S,6,875.0
4798,4798,5124_01,Earth,True,TRAPPIST-1e,41.0,False,256.0,109.0,0.0,340.0,0.0,705.0,0,5124,1,1,F,1044.0,P,8,705.0
4799,4799,5125_01,Earth,True,55 Cancri e,29.0,False,0.0,0.0,22.0,738.0,0.0,760.0,0,5125,1,1,F,982.0,S,10,760.0
4800,4800,5126_01,Europa,True,55 Cancri e,59.0,False,0.0,0.0,0.0,0.0,0.0,0.0,1,5126,1,1,C,200.0,S,3,0.0
4801,4801,5127_01,Earth,True,TRAPPIST-1e,31.0,False,0.0,679.0,0.0,0.0,213.0,892.0,0,5127,2,0,G,837.0,S,8,892.0
4802,4802,5127_02,Earth,True,TRAPPIST-1e,16.0,False,43.0,0.0,0.0,1893.0,119.0,2055.0,0,5127,2,0,F,983.0,S,8,2055.0
4803,4803,5128_01,Mars,True,TRAPPIST-1e,65.0,False,56.0,0.0,1081.0,21.0,0.0,1158.0,0,5128,2,0,F,1045.0,P,5,1158.0
4804,4804,5128_02,Mars,True,TRAPPIST-1e,21.0,False,0.0,1.0,2832.0,0.0,0.0,2833.0,0,5128,2,0,F,1045.0,P,5,2833.0
4805,4805,5129_01,Earth,True,TRAPPIST-1e,27.0,False,0.0,0.0,0.0,0.0,0.0,0.0,1,5129,1,1,G,827.0,P,12,0.0
4806,4806,5130_01,Earth,True,TRAPPIST-1e,37.0,False,0.0,0.0,0.0,0.0,0.0,0.0,1,5130,1,1,G,838.0,S,4,0.0
4807,4807,5132_01,Earth,True,TRAPPIST-1e,42.0,False,5049.0,477.0,0.0,0.0,0.0,5526.0,0,5132,1,1,G,828.0,P,9,5526.0
4808,4808,5133_01,Earth,True,55 Cancri e,36.0,False,0.0,0.0,846.0,0.0,0.0,846.0,0,5133,8,0,G,829.0,P,17,846.0
4809,4809,5133_02,Earth,True,PSO J318.5-22,24.0,False,0.0,0.0,0.0,0.0,0.0,0.0,1,5133,8,0,G,829.0,P,17,0.0
4810,4810,5133_03,Earth,True,PSO J318.5-22,17.5,False,0.0,0.0,0.0,0.0,0.0,0.0,1,5133,8,0,G,829.0,P,17,0.0
4811,4811,5133_04,Earth,True,55 Cancri e,19.0,False,107.0,0.0,505.0,48.0,0.0,660.0,0,5133,8,0,F,1046.0,P,17,660.0
4812,4812,5133_05,Earth,True,TRAPPIST-1e,26.0,False,0.0,910.0,13.0,10.0,15.0,948.0,0,5133,8,0,F,1046.0,P,6,948.0
4813,4813,5133_06,Earth,True,55 Cancri e,19.0,False,0.0,0.0,0.0,0.0,0.0,0.0,1,5133,8,0,G,829.0,P,12,0.0
4814,4814,5133_07,Earth,True,TRAPPIST-1e,26.0,False,1528.0,1.0,0.0,0.0,0.0,1529.0,0,5133,8,0,F,1046.0,P,17,1529.0
4815,4815,5133_08,Earth,True,TRAPPIST-1e,35.0,False,0.0,116.0,51.0,0.0,701.0,868.0,0,5133,8,0,F,1046.0,P,12,868.0
4816,4816,5136_01,Earth,True,55 Cancri e,24.0,False,0.0,0.0,0.0,704.0,0.0,704.0,0,5136,1,1,F,984.0,S,11,704.0
4817,4817,5137_01,Earth,True,TRAPPIST-1e,9.0,False,0.0,0.0,0.0,0.0,0.0,0.0,1,5137,1,1,G,839.0,S,9,0.0
4818,4818,5138_01,Europa,True,55 Cancri e,40.0,False,0.0,3815.0,0.0,322.0,0.0,4137.0,0,5138,1,1,A,47.0,P,4,4137.0
4819,4819,5140_01,Earth,True,PSO J318.5-22,23.0,False,0.0,0.0,0.0,0.0,0.0,0.0,1,5140,1,1,G,840.0,S,5,0.0
4820,4820,5142_01,Mars,True,TRAPPIST-1e,4.0,False,0.0,0.0,0.0,0.0,0.0,0.0,1,5142,4,0,F,1050.0,P,7,0.0
4821,4821,5142_02,Mars,True,TRAPPIST-1e,20.0,False,859.0,3.0,0.0,939.0,0.0,1801.0,0,5142,4,0,F,1050.0,P,7,1801.0
4822,4822,5142_03,Mars,True,TRAPPIST-1e,21.0,False,0.0,0.0,0.0,0.0,0.0,0.0,1,5142,4,0,F,1050.0,P,7,0.0
4823,4823,5142_04,Mars,True,TRAPPIST-1e,4.0,False,0.0,0.0,0.0,0.0,0.0,0.0,1,5142,4,0,F,1050.0,P,8,0.0
4824,4824,5144_01,Earth,True,TRAPPIST-1e,19.0,False,0.0,0.0,0.0,0.0,0.0,0.0,1,5144,1,1,G,830.0,P,0,0.0
4825,4825,5145_01,Earth,True,TRAPPIST-1e,18.0,False,0.0,0.0,0.0,0.0,0.0,0.0,1,5145,1,1,G,841.0,S,5,0.0
4826,4826,5146_01,Earth,True,55 Cancri e,26.0,False,7.0,751.0,0.0,38.0,0.0,796.0,0,5146,1,1,F,986.0,S,6,796.0
4827,4827,5148_01,Earth,True,TRAPPIST-1e,13.0,False,0.0,63.0,54.0,20.0,916.0,1053.0,0,5148,2,0,F,1051.0,P,3,1053.0
4828,4828,5148_02,Earth,True,TRAPPIST-1e,16.0,False,0.0,0.0,0.0,0.0,0.0,0.0,1,5148,2,0,G,831.0,P,11,0.0
4829,4829,5151_01,Mars,True,TRAPPIST-1e,14.0,False,0.0,0.0,0.0,0.0,0.0,0.0,1,5151,1,1,F,1052.0,P,1,0.0
4830,4830,5152_01,Europa,True,TRAPPIST-1e,40.0,False,0.0,553.0,10.0,2787.0,52.0,3402.0,0,5152,1,1,B,199.0,S,7,3402.0
4831,4831,5154_01,Mars,True,TRAPPIST-1e,34.0,True,38.0,0.0,606.0,0.0,404.0,1048.0,0,5154,1,1,E,321.0,P,11,1048.0
4832,4832,5156_01,Europa,True,55 Cancri e,21.0,False,0.0,0.0,0.0,0.0,0.0,0.0,1,5156,2,0,B,200.0,S,2,0.0
4833,4833,5156_02,Europa,True,TRAPPIST-1e,29.0,False,0.0,4198.0,227.0,1.0,1415.0,5841.0,0,5156,2,0,B,200.0,S,2,5841.0
4834,4834,5157_01,Earth,True,TRAPPIST-1e,40.0,False,814.0,12.0,2.0,204.864406779661,79.0,907.0,0,5157,1,1,G,844.0,S,7,1111.864406779661
4835,4835,5158_01,Earth,True,TRAPPIST-1e,16.0,False,0.0,1.0,0.0,91.45360824742268,61.0,62.0,0,5158,1,1,F,1054.0,P,10,153.45360824742266
4836,4836,5160_01,Earth,True,TRAPPIST-1e,37.0,False,732.0,143.0126582278481,193.21518987341773,156.0,0.0,888.0,0,5160,1,1,G,832.0,P,3,1224.2278481012659
4837,4837,5161_01,Mars,True,55 Cancri e,41.0,False,0.0,0.0,0.0,0.0,0.0,0.0,1,5161,1,1,D,156.0,S,6,0.0
4838,4838,5162_01,Mars,True,55 Cancri e,16.0,False,0.0,0.0,0.0,0.0,0.0,0.0,1,5162,2,0,F,988.0,S,4,0.0
4839,4839,5162_02,Mars,True,55 Cancri e,39.0,False,98.0,0.0,125.0,0.0,1082.0,1305.0,0,5162,2,0,F,988.0,S,4,1305.0
4840,4840,5163_01,Earth,True,TRAPPIST-1e,30.0,False,0.0,0.0,0.0,0.0,0.0,0.0,1,5163,2,0,E,322.0,P,12,0.0
4841,4841,5163_02,Earth,True,TRAPPIST-1e,40.0,False,151.0,0.0,713.0,0.0,0.0,864.0,0,5163,2,0,E,322.0,P,10,864.0
4842,4842,5165_01,Earth,True,TRAPPIST-1e,63.0,False,0.0,281.0,94.0,0.0,270.0,645.0,0,5165,1,1,F,989.0,S,7,645.0
4843,4843,5166_01,Mars,True,TRAPPIST-1e,32.0,False,382.0,0.0,477.0,22.0,2.0,883.0,0,5166,1,1,D,163.0,P,5,883.0
4844,4844,5167_01,Earth,True,TRAPPIST-1e,47.0,False,1.0,17.0,0.0,1069.0,0.0,1087.0,0,5167,1,1,F,990.0,S,11,1087.0
4845,4845,5170_01,Earth,True,55 Cancri e,23.0,False,0.0,306.0,392.0,9.0,13.0,720.0,0,5170,1,1,F,1056.0,P,10,720.0
4846,4846,5171_01,Earth,True,TRAPPIST-1e,23.0,False,0.0,7.0,0.0,190.0,501.0,698.0,0,5171,1,1,F,991.0,S,6,698.0
4847,4847,5173_01,Mars,True,TRAPPIST-1e,19.0,False,0.0,0.0,0.0,0.0,0.0,0.0,1,5173,1,1,F,1057.0,P,4,0.0
4848,4848,5174_01,Europa,True,55 Cancri e,44.0,False,0.0,0.0,0.0,0.0,0.0,0.0,1,5174,2,0,C,159.0,P,6,0.0
4849,4849,5174_02,Europa,True,TRAPPIST-1e,29.0,False,6.0,5.0,0.0,6235.0,434.0,6680.0,0,5174,2,0,C,159.0,P,6,6680.0
4850,4850,5175_01,Earth,True,TRAPPIST-1e,21.0,False,582.0,0.0,0.0,148.0,53.0,783.0,0,5175,1,1,G,834.0,P,7,783.0
4851,4851,5176_01,Earth,True,TRAPPIST-1e,23.0,False,576.0,207.0,0.0,0.0,9.0,792.0,0,5176,1,1,E,323.0,P,9,792.0
4852,4852,5177_01,Europa,True,TRAPPIST-1e,26.0,True,0.0,0.0,0.0,0.0,0.0,0.0,1,5177,1,1,B,201.0,S,3,0.0
4853,4853,5179_01,Europa,True,55 Cancri e,47.0,False,0.0,0.0,0.0,0.0,0.0,0.0,1,5179,1,1,C,160.0,P,7,0.0
4854,4854,5180_01,Earth,True,PSO J318.5-22,20.0,False,0.0,0.0,0.0,0.0,0.0,0.0,1,5180,1,1,G,835.0,P,2,0.0
4855,4855,5181_01,Europa,False,TRAPPIST-1e,48.0,False,0.0,0.0,0.0,0.0,0.0,0.0,1,5181,1,1,B,175.0,P,6,0.0
4856,4856,5182_01,Earth,True,TRAPPIST-1e,4.0,False,0.0,0.0,0.0,0.0,0.0,0.0,1,5182,2,0,G,836.0,P,16,0.0
4857,4857,5182_02,Earth,True,TRAPPIST-1e,25.0,False,322.0,0.0,81.0,3.0,298.0,704.0,0,5182,2,0,G,836.0,P,16,704.0
4858,4858,5184_01,Earth,True,TRAPPIST-1e,0.0,False,0.0,0.0,0.0,0.0,0.0,0.0,1,5184,1,1,G,837.0,P,6,0.0
4859,4859,5185_01,Mars,True,TRAPPIST-1e,29.0,False,523.0,0.0,21.0,4.0,811.0,1359.0,0,5185,1,1,E,330.0,S,8,1359.0
4860,4860,5186_01,Earth,True,TRAPPIST-1e,21.0,False,41.0,651.0,2.0,29.0,0.0,723.0,0,5186,1,1,F,1058.0,P,7,723.0
4861,4861,5187_01,Mars,True,TRAPPIST-1e,20.0,False,949.0,0.0,0.0,5.0,0.0,954.0,0,5187,1,1,E,324.0,P,6,954.0
4862,4862,5188_01,Earth,True,TRAPPIST-1e,34.0,False,0.0,160.0,0.0,611.0,44.0,815.0,0,5188,3,0,G,838.0,P,7,815.0
4863,4863,5188_02,Earth,True,TRAPPIST-1e,9.0,False,0.0,0.0,0.0,0.0,0.0,0.0,1,5188,3,0,G,838.0,P,6,0.0
4864,4864,5188_03,Earth,True,TRAPPIST-1e,12.0,False,0.0,0.0,0.0,0.0,0.0,0.0,1,5188,3,0,G,838.0,P,7,0.0
4865,4865,5190_01,Earth,True,TRAPPIST-1e,13.0,False,0.0,0.0,0.0,0.0,1513.0,1513.0,0,5190,1,1,F,994.0,S,4,1513.0
4866,4866,5192_01,Mars,True,TRAPPIST-1e,27.0,False,0.0,0.0,0.0,0.0,0.0,0.0,1,5192,1,1,F,995.0,S,6,0.0
4867,4867,5193_01,Europa,True,TRAPPIST-1e,34.0,False,0.0,914.0,0.0,2433.0,647.0,3994.0,0,5193,1,1,C,202.0,S,2,3994.0
4868,4868,5194_01,Europa,True,TRAPPIST-1e,18.0,False,0.0,0.0,0.0,0.0,0.0,0.0,1,5194,2,0,B,176.0,P,3,0.0
4869,4869,5194_02,Europa,True,55 Cancri e,16.0,False,0.0,0.0,0.0,0.0,0.0,0.0,1,5194,2,0,B,176.0,P,3,0.0
4870,4870,5196_01,Earth,True,TRAPPIST-1e,43.0,False,0.0,0.0,0.0,0.0,0.0,0.0,1,5196,2,0,G,839.0,P,7,0.0
4871,4871,5196_02,Earth,True,TRAPPIST-1e,0.0,False,0.0,0.0,0.0,0.0,0.0,0.0,1,5196,2,0,G,839.0,P,7,0.0
4872,4872,5197_01,Earth,True,TRAPPIST-1e,20.0,False,0.0,4.0,761.0,22.0,1.0,788.0,0,5197,1,1,E,325.0,P,5,788.0
4873,4873,5198_01,Mars,True,TRAPPIST-1e,45.0,False,878.0,0.0,430.0,0.0,0.0,1308.0,0,5198,1,1,F,1059.0,P,11,1308.0
4874,4874,5199_01,Europa,True,TRAPPIST-1e,35.0,False,0.0,725.0,3415.0,979.5675675675676,1.0,4141.0,0,5199,1,1,D,158.0,S,2,5120.5675675675675
4875,4875,5201_01,Earth,True,TRAPPIST-1e,21.0,False,1961.0,96.0,0.0,54.0,40.0,2151.0,0,5201,1,1,F,1060.0,P,5,2151.0
4876,4876,5202_01,Earth,True,TRAPPIST-1e,14.0,False,0.0,0.0,0.0,0.0,0.0,0.0,1,5202,1,1,G,840.0,P,5,0.0
4877,4877,5204_01,Earth,True,PSO J318.5-22,46.0,False,0.0,153.0,244.7872340425532,0.0,397.0,550.0,0,5204,1,1,F,1061.0,P,9,794.7872340425532
4878,4878,5205_01,Earth,True,TRAPPIST-1e,22.0,False,261.0,0.0,0.0,107.0,1132.0,1500.0,0,5205,3,0,F,997.0,S,6,1500.0
4879,4879,5205_02,Earth,True,TRAPPIST-1e,2.0,False,0.0,0.0,0.0,0.0,0.0,0.0,1,5205,3,0,G,845.0,S,6,0.0
4880,4880,5205_03,Earth,False,TRAPPIST-1e,3.0,False,0.0,0.0,0.0,0.0,0.0,0.0,1,5205,3,0,G,845.0,S,6,0.0
4881,4881,5206_01,Earth,True,55 Cancri e,28.0,False,0.0,0.0,0.0,0.0,0.0,0.0,1,5206,3,0,G,841.0,P,18,0.0
4882,4882,5206_02,Earth,True,PSO J318.5-22,60.0,False,0.0,0.0,789.0,283.0,3.0,1075.0,0,5206,3,0,F,1062.0,P,18,1075.0
4883,4883,5206_03,Earth,True,PSO J318.5-22,48.0,False,0.0,2.0,72.0,554.0,143.0,771.0,0,5206,3,0,G,841.0,P,18,771.0
4884,4884,5207_01,Earth,True,55 Cancri e,18.0,False,51.0,339.0,1.0,0.0,436.0,827.0,0,5207,2,0,E,331.0,S,11,827.0
4885,4885,5207_02,Earth,True,TRAPPIST-1e,31.0,False,1364.0,0.0,0.0,0.0,21.0,1385.0,0,5207,2,0,F,998.0,S,11,1385.0
4886,4886,5208_01,Europa,True,55 Cancri e,26.0,False,0.0,0.0,0.0,0.0,0.0,0.0,1,5208,2,0,C,163.0,P,2,0.0
4887,4887,5208_02,Europa,True,55 Cancri e,41.0,False,717.0,641.0,2.0,1559.0,4828.0,7747.0,0,5208,2,0,C,163.0,P,2,7747.0
4888,4888,5209_01,Earth,True,TRAPPIST-1e,26.0,False,168.0,188.9923076923077,382.0,166.0,0.0,716.0,0,5209,1,1,F,999.0,S,7,904.9923076923077
4889,4889,5210_01,Earth,True,TRAPPIST-1e,29.0,False,0.0,43.0,693.0,0.0,0.0,736.0,0,5210,1,1,F,1063.0,P,0,736.0
4890,4890,5211_01,Earth,True,TRAPPIST-1e,24.0,False,666.0,938.0,1.0,0.0,172.23076923076923,1605.0,0,5211,1,1,E,332.0,S,5,1777.2307692307693
4891,4891,5213_01,Earth,True,TRAPPIST-1e,25.0,False,10.0,0.0,908.0,5.0,0.0,923.0,0,5213,1,1,F,1064.0,P,4,923.0
4892,4892,5214_01,Earth,True,55 Cancri e,0.0,False,0.0,0.0,0.0,0.0,0.0,0.0,1,5214,1,1,G,842.0,P,7,0.0
4893,4893,5216_01,Earth,True,TRAPPIST-1e,30.0,False,0.0,0.0,0.0,0.0,0.0,0.0,1,5216,1,1,G,843.0,P,3,0.0
4894,4894,5217_01,Europa,True,55 Cancri e,18.0,False,0.0,0.0,0.0,0.0,0.0,0.0,1,5217,2,0,B,177.0,P,3,0.0
4895,4895,5217_02,Europa,True,55 Cancri e,32.0,False,0.0,0.0,0.0,0.0,0.0,0.0,1,5217,2,0,B,177.0,P,4,0.0
4896,4896,5218_01,Earth,True,TRAPPIST-1e,28.0,False,0.0,0.0,0.0,525.0,1889.0,2414.0,0,5218,1,1,F,1000.0,S,15,2414.0
4897,4897,5220_01,Mars,True,TRAPPIST-1e,21.0,False,2206.0,0.0,353.0,0.0,19.0,2578.0,0,5220,1,1,D,165.0,P,7,2578.0
4898,4898,5221_01,Earth,True,TRAPPIST-1e,25.0,False,0.0,528.0,8.0,153.0,0.0,689.0,0,5221,1,1,F,1065.0,P,10,689.0
4899,4899,5223_01,Mars,True,55 Cancri e,47.0,False,275.0,0.0,235.78571428571428,24.0,0.0,299.0,0,5223,3,0,F,1002.0,S,9,534.7857142857142
4900,4900,5223_02,Mars,True,PSO J318.5-22,27.0,False,0.0,0.0,0.0,0.0,0.0,0.0,1,5223,3,0,F,1002.0,S,9,0.0
4901,4901,5223_03,Mars,True,TRAPPIST-1e,8.0,False,0.0,0.0,0.0,0.0,0.0,0.0,1,5223,3,0,F,1002.0,S,11,0.0
4902,4902,5224_01,Earth,True,TRAPPIST-1e,24.0,False,0.0,0.0,56.0,564.0,880.0,1500.0,0,5224,1,1,F,1003.0,S,8,1500.0
4903,4903,5225_01,Mars,True,TRAPPIST-1e,30.0,False,0.0,0.0,0.0,0.0,0.0,0.0,1,5225,1,1,E,334.0,S,3,0.0
4904,4904,5226_01,Earth,True,PSO J318.5-22,24.0,False,0.0,0.0,0.0,0.0,0.0,0.0,1,5226,1,1,G,848.0,S,9,0.0
4905,4905,5227_01,Earth,True,TRAPPIST-1e,13.0,False,0.0,0.0,0.0,0.0,0.0,0.0,1,5227,1,1,G,849.0,S,8,0.0
4906,4906,5229_01,Earth,True,TRAPPIST-1e,16.0,False,0.0,0.0,19.0,971.0,0.0,990.0,0,5229,1,1,E,335.0,S,7,990.0
4907,4907,5230_01,Mars,True,TRAPPIST-1e,23.0,False,263.0,0.0,1548.0,44.0,0.0,1855.0,0,5230,1,1,F,1004.0,S,10,1855.0
4908,4908,5234_01,Mars,True,TRAPPIST-1e,16.0,False,271.0,0.0,2251.0,117.0,0.0,2639.0,0,5234,1,1,F,1067.0,P,7,2639.0
4909,4909,5235_01,Earth,True,TRAPPIST-1e,29.0,False,30.0,0.0,605.0,267.0,6.0,908.0,0,5235,1,1,G,844.0,P,7,908.0
4910,4910,5236_01,Earth,True,TRAPPIST-1e,46.0,False,1.0,0.0,898.0,0.0,96.0,995.0,0,5236,1,1,E,326.0,P,5,995.0
4911,4911,5238_01,Earth,True,PSO J318.5-22,13.0,False,0.0,0.0,0.0,0.0,0.0,0.0,1,5238,1,1,G,845.0,P,4,0.0
4912,4912,5239_01,Earth,True,TRAPPIST-1e,22.0,False,0.0,0.0,0.0,0.0,0.0,0.0,1,5239,1,1,G,852.0,S,13,0.0
4913,4913,5240_01,Earth,True,TRAPPIST-1e,29.0,False,0.0,0.0,0.0,0.0,0.0,0.0,1,5240,1,1,G,853.0,S,6,0.0
4914,4914,5242_01,Earth,True,TRAPPIST-1e,46.0,False,0.0,0.0,0.0,0.0,0.0,0.0,1,5242,1,1,G,854.0,S,15,0.0
4915,4915,5243_01,Earth,True,TRAPPIST-1e,24.0,False,1231.0,0.0,0.0,1.0,3.0,1235.0,0,5243,2,0,F,1005.0,S,19,1235.0
4916,4916,5243_02,Earth,True,TRAPPIST-1e,33.0,False,0.0,0.0,0.0,0.0,0.0,0.0,1,5243,2,0,G,855.0,S,6,0.0
4917,4917,5244_01,Mars,True,TRAPPIST-1e,38.0,False,218.0,0.0,586.0,770.0,0.0,1574.0,0,5244,1,1,F,1006.0,S,10,1574.0
4918,4918,5246_01,Earth,True,TRAPPIST-1e,57.0,False,0.0,0.0,0.0,0.0,0.0,0.0,1,5246,2,0,G,847.0,P,9,0.0
4919,4919,5246_02,Earth,True,TRAPPIST-1e,25.0,False,0.0,13.0,643.0,47.0,0.0,703.0,0,5246,2,0,F,1070.0,P,9,703.0
4920,4920,5247_01,Earth,True,TRAPPIST-1e,38.0,False,6.0,2324.0,0.0,0.0,0.0,2330.0,0,5247,1,1,G,848.0,P,13,2330.0
4921,4921,5248_01,Earth,True,TRAPPIST-1e,28.0,False,607.0,0.0,0.0,227.0,0.0,834.0,0,5248,1,1,G,856.0,S,9,834.0
4922,4922,5249_01,Mars,True,TRAPPIST-1e,25.0,False,922.0,0.0,1.0,91.0,0.0,1014.0,0,5249,1,1,E,327.0,P,5,1014.0
4923,4923,5250_01,Mars,True,TRAPPIST-1e,22.0,False,0.0,0.0,0.0,0.0,0.0,0.0,1,5250,1,1,F,1007.0,S,5,0.0
4924,4924,5251_01,Mars,True,TRAPPIST-1e,33.0,False,705.0,0.0,1905.0,13.0,0.0,2623.0,0,5251,1,1,F,1071.0,P,4,2623.0
4925,4925,5252_01,Earth,True,TRAPPIST-1e,35.0,False,202.0,1309.0,60.0,0.0,0.0,1571.0,0,5252,1,1,F,1008.0,S,7,1571.0
4926,4926,5253_01,Earth,True,TRAPPIST-1e,24.0,False,290.0,64.0,413.0,35.0,0.0,802.0,0,5253,1,1,F,1009.0,S,4,802.0
4927,4927,5254_01,Europa,True,TRAPPIST-1e,31.0,False,0.0,0.0,0.0,0.0,0.0,0.0,1,5254,4,0,B,202.0,S,7,0.0
4928,4928,5254_02,Europa,True,TRAPPIST-1e,16.0,False,0.0,0.0,0.0,0.0,0.0,0.0,1,5254,4,0,B,202.0,S,5,0.0
4929,4929,5254_03,Europa,True,TRAPPIST-1e,28.0,False,0.0,0.0,0.0,0.0,0.0,0.0,1,5254,4,0,B,189.0,S,7,0.0
4930,4930,5254_04,Europa,True,55 Cancri e,8.0,False,0.0,0.0,0.0,0.0,0.0,0.0,1,5254,4,0,B,202.0,S,7,0.0
4931,4931,5255_01,Mars,True,TRAPPIST-1e,20.0,False,0.0,0.0,0.0,0.0,0.0,0.0,1,5255,1,1,F,1010.0,S,1,0.0
4932,4932,5256_01,Mars,True,TRAPPIST-1e,26.0,False,41.0,0.0,444.0,572.0,0.0,1057.0,0,5256,1,1,D,159.0,S,6,1057.0
4933,4933,5257_01,Europa,True,55 Cancri e,43.0,False,0.0,1001.0,0.0,2393.0,0.0,3394.0,0,5257,1,1,B,178.0,P,5,3394.0
4934,4934,5258_01,Europa,True,TRAPPIST-1e,70.0,False,241.0,1065.0,0.0,2290.0,2.0,3598.0,0,5258,1,1,C,204.0,S,5,3598.0
4935,4935,5260_01,Earth,True,55 Cancri e,17.0,False,0.0,0.0,0.0,0.0,0.0,0.0,1,5260,1,1,G,849.0,P,14,0.0
4936,4936,5262_01,Earth,True,TRAPPIST-1e,14.0,False,0.0,0.0,0.0,0.0,0.0,0.0,1,5262,1,1,G,850.0,P,15,0.0
4937,4937,5264_01,Earth,True,TRAPPIST-1e,21.0,False,0.0,0.0,0.0,0.0,0.0,0.0,1,5264,2,0,G,858.0,S,9,0.0
4938,4938,5264_02,Earth,True,55 Cancri e,37.0,False,0.0,0.0,163.0,0.0,486.0,649.0,0,5264,2,0,F,1012.0,S,9,649.0
4939,4939,5265_01,Earth,True,TRAPPIST-1e,15.0,False,0.0,400.0,0.0,0.0,702.0,1102.0,0,5265,1,1,F,1073.0,P,7,1102.0
4940,4940,5266_01,Europa,True,55 Cancri e,20.0,False,0.0,290.0,0.0,1866.0,217.0,2373.0,0,5266,2,0,A,64.0,S,6,2373.0
4941,4941,5266_02,Europa,True,55 Cancri e,36.0,True,13.0,196.0,3.0,0.0,12323.0,12535.0,0,5266,2,0,C,205.0,S,6,12535.0
4942,4942,5268_01,Earth,True,TRAPPIST-1e,14.0,False,0.0,56.0,148.33333333333334,0.0,2.0,58.0,0,5268,1,1,F,1013.0,S,7,206.33333333333334
4943,4943,5269_01,Earth,True,TRAPPIST-1e,21.0,False,38.0,1.0,591.0,1.0,31.0,662.0,0,5269,1,1,E,336.0,S,6,662.0
4944,4944,5271_01,Earth,True,TRAPPIST-1e,28.0,False,89.0,3.0,571.0,258.0,0.0,921.0,0,5271,1,1,F,1075.0,P,10,921.0
4945,4945,5272_01,Mars,True,TRAPPIST-1e,20.0,False,0.0,0.0,0.0,0.0,0.0,0.0,1,5272,1,1,F,1076.0,P,8,0.0
4946,4946,5273_01,Earth,True,TRAPPIST-1e,26.0,False,0.0,0.0,827.0,1.0,0.0,828.0,0,5273,1,1,F,1077.0,P,11,828.0
4947,4947,5274_01,Earth,True,TRAPPIST-1e,25.0,False,662.0,34.0,0.0,79.0,148.0,923.0,0,5274,1,1,F,1078.0,P,4,923.0
4948,4948,5275_01,Earth,True,TRAPPIST-1e,29.0,False,0.0,10.0,0.0,594.0,120.0,724.0,0,5275,1,1,F,1014.0,S,19,724.0
4949,4949,5276_01,Europa,True,55 Cancri e,39.0,True,0.0,2868.0,0.0,5.0,1968.0,4841.0,0,5276,1,1,B,179.0,P,10,4841.0
4950,4950,5277_01,Earth,True,TRAPPIST-1e,18.0,False,0.0,0.0,0.0,87.0,1232.0,1319.0,0,5277,1,1,F,1079.0,P,3,1319.0
4951,4951,5278_01,Europa,True,55 Cancri e,37.0,False,0.0,0.0,0.0,0.0,0.0,0.0,1,5278,1,1,B,203.0,S,7,0.0
4952,4952,5279_01,Earth,True,TRAPPIST-1e,28.0,False,467.0,197.55555555555554,0.0,0.0,307.0,774.0,0,5279,1,1,G,852.0,P,9,971.5555555555555
4953,4953,5280_01,Earth,True,TRAPPIST-1e,18.0,False,0.0,0.0,2728.0,0.0,128.77777777777777,2728.0,0,5280,1,1,F,1015.0,S,13,2856.777777777778
4954,4954,5281_01,Earth,True,TRAPPIST-1e,30.0,False,0.0,6.0,621.0,257.2236842105263,433.0,1060.0,0,5281,1,1,F,1080.0,P,7,1317.2236842105262
4955,4955,5282_01,Earth,True,TRAPPIST-1e,35.0,False,35.0,0.0,14.0,0.0,816.0,865.0,0,5282,3,0,E,337.0,S,14,865.0
4956,4956,5282_02,Earth,True,TRAPPIST-1e,26.0,False,0.0,196.0,0.0,0.0,487.0,683.0,0,5282,3,0,F,1016.0,S,14,683.0
4957,4957,5282_03,Earth,True,55 Cancri e,0.0,False,0.0,0.0,0.0,0.0,0.0,0.0,1,5282,3,0,G,860.0,S,14,0.0
4958,4958,5287_01,Earth,True,PSO J318.5-22,42.0,False,0.0,175.60714285714286,0.0,214.0,50.0,264.0,0,5287,1,1,G,861.0,S,10,439.6071428571429
4959,4959,5288_01,Earth,True,TRAPPIST-1e,36.0,False,1.0,716.0,3.0,0.0,57.0,777.0,0,5288,1,1,F,1081.0,P,9,777.0
4960,4960,5290_01,Earth,True,TRAPPIST-1e,31.0,False,1177.0,2.0,0.0,126.09302325581395,1.0,1180.0,0,5290,1,1,F,1083.0,P,9,1306.093023255814
4961,4961,5291_01,Earth,True,55 Cancri e,27.0,False,3905.0,7.0,0.0,4.0,53.0,3969.0,0,5291,1,1,G,854.0,P,5,3969.0
4962,4962,5292_01,Europa,True,TRAPPIST-1e,25.0,False,0.0,4313.0,0.0,175.0,60.0,4548.0,0,5292,1,1,C,206.0,S,1,4548.0
4963,4963,5297_01,Earth,True,TRAPPIST-1e,32.0,False,0.0,0.0,0.0,0.0,0.0,0.0,1,5297,1,1,G,856.0,P,12,0.0
4964,4964,5298_01,Earth,True,TRAPPIST-1e,14.0,False,0.0,0.0,0.0,0.0,0.0,0.0,1,5298,1,1,G,862.0,S,13,0.0
4965,4965,5299_01,Earth,True,TRAPPIST-1e,16.0,False,0.0,0.0,0.0,0.0,0.0,0.0,1,5299,1,1,G,863.0,S,6,0.0
4966,4966,5300_01,Earth,True,55 Cancri e,51.0,False,0.0,0.0,0.0,0.0,0.0,0.0,1,5300,1,1,G,864.0,S,4,0.0
4967,4967,5301_01,Europa,True,TRAPPIST-1e,21.0,False,0.0,0.0,0.0,0.0,0.0,0.0,1,5301,2,0,B,181.0,P,5,0.0
4968,4968,5301_02,Europa,True,55 Cancri e,31.0,False,0.0,0.0,0.0,0.0,0.0,0.0,1,5301,2,0,B,181.0,P,5,0.0
4969,4969,5303_01,Earth,True,TRAPPIST-1e,9.0,False,0.0,0.0,0.0,0.0,0.0,0.0,1,5303,5,0,G,857.0,P,9,0.0
4970,4970,5303_02,Earth,True,TRAPPIST-1e,7.0,False,0.0,0.0,0.0,0.0,0.0,0.0,1,5303,5,0,G,857.0,P,9,0.0
4971,4971,5303_03,Earth,True,TRAPPIST-1e,3.0,False,0.0,0.0,0.0,0.0,0.0,0.0,1,5303,5,0,G,857.0,P,7,0.0
4972,4972,5303_04,Earth,True,TRAPPIST-1e,2.0,False,0.0,0.0,0.0,0.0,0.0,0.0,1,5303,5,0,G,857.0,P,7,0.0
4973,4973,5303_05,Earth,True,55 Cancri e,7.0,False,0.0,0.0,0.0,0.0,0.0,0.0,1,5303,5,0,G,857.0,P,7,0.0
4974,4974,5304_01,Mars,True,TRAPPIST-1e,18.0,False,1744.0,0.0,8.0,8.0,0.0,1760.0,0,5304,2,0,F,1019.0,S,9,1760.0
4975,4975,5304_02,Mars,True,TRAPPIST-1e,33.0,False,0.0,0.0,0.0,0.0,0.0,0.0,1,5304,2,0,F,1019.0,S,9,0.0
4976,4976,5305_01,Earth,True,TRAPPIST-1e,23.0,False,0.0,2891.0,0.0,6.0,0.0,2897.0,0,5305,1,1,F,1084.0,P,8,2897.0
4977,4977,5307_01,Europa,True,TRAPPIST-1e,13.0,False,0.0,0.0,0.0,0.0,0.0,0.0,1,5307,1,1,B,204.0,S,5,0.0
4978,4978,5310_01,Mars,True,TRAPPIST-1e,32.0,False,4702.0,0.0,449.0,190.0,0.0,5341.0,0,5310,1,1,F,1021.0,S,10,5341.0
4979,4979,5312_01,Europa,True,TRAPPIST-1e,27.0,False,0.0,0.0,0.0,0.0,0.0,0.0,1,5312,1,1,B,182.0,P,9,0.0
4980,4980,5313_01,Earth,True,TRAPPIST-1e,23.0,False,0.0,491.0,0.0,61.0,0.0,552.0,0,5313,1,1,F,1085.0,P,6,552.0
4981,4981,5314_01,Europa,True,TRAPPIST-1e,25.0,False,0.0,3625.0,0.0,0.0,168.0,3793.0,0,5314,1,1,C,208.0,S,7,3793.0
4982,4982,5315_01,Earth,True,TRAPPIST-1e,18.0,False,454.0,0.0,0.0,324.0,0.0,778.0,0,5315,1,1,F,1086.0,P,10,778.0
4983,4983,5316_01,Mars,True,55 Cancri e,23.0,False,0.0,0.0,0.0,0.0,0.0,0.0,1,5316,1,1,F,1087.0,P,6,0.0
4984,4984,5320_01,Europa,True,55 Cancri e,31.0,False,0.0,0.0,0.0,0.0,0.0,0.0,1,5320,2,0,E,330.0,P,1,0.0
4985,4985,5320_02,Europa,True,TRAPPIST-1e,32.0,False,0.0,1301.0,0.0,94.0,356.0,1751.0,0,5320,2,0,E,330.0,P,1,1751.0
4986,4986,5322_01,Mars,True,TRAPPIST-1e,22.0,False,0.0,0.0,0.0,0.0,0.0,0.0,1,5322,1,1,F,1090.0,P,4,0.0
4987,4987,5323_01,Mars,True,TRAPPIST-1e,38.0,False,0.0,0.0,0.0,0.0,0.0,0.0,1,5323,1,1,F,1091.0,P,7,0.0
4988,4988,5325_01,Earth,True,PSO J318.5-22,21.0,False,751.0,5.0,0.0,1.0,0.0,757.0,0,5325,1,1,F,1023.0,S,6,757.0
4989,4989,5326_01,Mars,True,TRAPPIST-1e,28.0,False,0.0,0.0,0.0,0.0,0.0,0.0,1,5326,1,1,F,1092.0,P,3,0.0
4990,4990,5327_01,Europa,True,TRAPPIST-1e,38.0,False,0.0,0.0,0.0,0.0,0.0,0.0,1,5327,1,1,B,183.0,P,1,0.0
4991,4991,5330_01,Earth,True,TRAPPIST-1e,20.0,False,0.0,0.0,708.0,101.0,0.0,809.0,0,5330,1,1,F,1094.0,P,9,809.0
4992,4992,5331_01,Earth,True,TRAPPIST-1e,23.0,False,0.0,1.0,292.0,0.0,340.0,633.0,0,5331,1,1,F,1095.0,P,4,633.0
4993,4993,5333_01,Earth,True,TRAPPIST-1e,48.0,False,456.0,0.0,39.0,0.0,5.0,500.0,0,5333,1,1,G,862.0,P,6,500.0
4994,4994,5334_01,Earth,True,55 Cancri e,15.0,False,0.0,0.0,0.0,0.0,0.0,0.0,1,5334,2,0,G,867.0,S,8,0.0
4995,4995,5334_02,Earth,True,TRAPPIST-1e,30.0,False,0.0,674.0,39.0,0.0,10.0,723.0,0,5334,2,0,G,867.0,S,8,723.0
4996,4996,5337_01,Mars,True,TRAPPIST-1e,40.0,False,286.0,0.0,2299.0,12.0,52.470588235294116,2597.0,0,5337,1,1,F,1024.0,S,5,2649.470588235294
4997,4997,5340_01,Earth,True,TRAPPIST-1e,36.0,False,0.0,0.0,33.0,677.0,0.0,710.0,0,5340,1,1,G,868.0,S,8,710.0
4998,4998,5341_01,Earth,True,TRAPPIST-1e,20.0,False,0.0,0.0,0.0,0.0,0.0,0.0,1,5341,1,1,G,869.0,S,8,0.0
4999,4999,5343_01,Mars,True,TRAPPIST-1e,17.0,False,13.0,0.0,565.0,367.0,1.0,946.0,0,5343,1,1,E,332.0,P,3,946.0
5000,5000,5344_01,Europa,True,55 Cancri e,38.0,False,0.0,439.0,0.0,434.0,10074.0,10947.0,0,5344,2,0,C,168.0,P,4,10947.0
5001,5001,5344_02,Europa,True,55 Cancri e,38.0,False,0.0,0.0,0.0,0.0,0.0,0.0,1,5344,2,0,C,168.0,P,4,0.0
5002,5002,5345_01,Mars,True,TRAPPIST-1e,14.0,False,809.0,0.0,59.0,0.0,0.0,868.0,0,5345,2,0,D,167.0,P,6,868.0
5003,5003,5345_02,Mars,True,TRAPPIST-1e,27.0,False,134.0,0.0,6.0,1450.0,0.0,1590.0,0,5345,2,0,E,333.0,P,6,1590.0
5004,5004,5346_01,Earth,True,TRAPPIST-1e,21.0,False,37.0,0.0,31.0,696.0,63.0,827.0,0,5346,1,1,E,334.0,P,5,827.0
5005,5005,5347_01,Europa,True,TRAPPIST-1e,18.0,False,0.0,3770.0,0.0,287.0,3491.0,7548.0,0,5347,1,1,C,169.0,P,1,7548.0
5006,5006,5348_01,Mars,True,TRAPPIST-1e,26.0,False,164.0,0.0,853.0,0.0,39.0,1056.0,0,5348,1,1,D,168.0,P,9,1056.0
5007,5007,5350_01,Europa,True,TRAPPIST-1e,35.0,False,25.0,866.0,0.0,3198.0,459.0,4548.0,0,5350,1,1,C,170.0,P,9,4548.0
5008,5008,5351_01,Mars,True,55 Cancri e,46.0,False,1082.0,80.0,1177.0,0.0,323.0,2662.0,0,5351,1,1,F,1026.0,S,10,2662.0
5009,5009,5353_01,Europa,True,55 Cancri e,13.0,False,0.0,0.0,0.0,0.0,0.0,0.0,1,5353,2,0,B,205.0,S,7,0.0
5010,5010,5353_02,Europa,True,TRAPPIST-1e,39.0,False,43.0,9365.0,144.0,0.0,118.0,9670.0,0,5353,2,0,B,205.0,S,7,9670.0
5011,5011,5354_01,Mars,True,PSO J318.5-22,49.0,False,1690.0,0.0,85.0,0.0,0.0,1775.0,0,5354,2,0,D,161.0,S,6,1775.0
5012,5012,5354_02,Mars,True,TRAPPIST-1e,28.0,False,0.0,0.0,0.0,0.0,0.0,0.0,1,5354,2,0,E,339.0,S,6,0.0
5013,5013,5355_01,Earth,True,TRAPPIST-1e,27.0,False,0.0,686.0,0.0,101.0,9.0,796.0,0,5355,2,0,F,1098.0,P,7,796.0
5014,5014,5355_02,Earth,True,TRAPPIST-1e,21.0,False,0.0,0.0,0.0,0.0,0.0,0.0,1,5355,2,0,G,865.0,P,7,0.0
5015,5015,5356_01,Earth,True,TRAPPIST-1e,29.0,False,0.0,32.0,0.0,4517.0,0.0,4549.0,0,5356,1,1,E,340.0,S,3,4549.0
5016,5016,5359_01,Earth,True,TRAPPIST-1e,27.0,False,0.0,45.0,225.0,14.0,519.0,803.0,0,5359,1,1,F,1099.0,P,18,803.0
5017,5017,5360_01,Mars,True,TRAPPIST-1e,38.0,False,0.0,0.0,0.0,0.0,0.0,0.0,1,5360,1,1,F,1100.0,P,3,0.0
5018,5018,5361_01,Earth,True,PSO J318.5-22,18.0,False,0.0,130.73180076628353,0.0,150.0,0.0,150.0,0,5361,1,1,F,1101.0,P,8,280.7318007662835
5019,5019,5362_01,Europa,True,55 Cancri e,35.0,False,0.0,0.0,0.0,0.0,0.0,0.0,1,5362,1,1,E,336.0,P,5,0.0
5020,5020,5363_01,Mars,True,TRAPPIST-1e,37.0,False,0.0,0.0,0.0,0.0,0.0,0.0,1,5363,1,1,F,1102.0,P,5,0.0
5021,5021,5365_01,Earth,True,TRAPPIST-1e,60.0,False,943.0,53.0,0.0,0.0,0.0,996.0,0,5365,1,1,E,337.0,P,10,996.0
5022,5022,5366_01,Europa,True,TRAPPIST-1e,31.0,False,0.0,0.0,0.0,0.0,0.0,0.0,1,5366,1,1,E,338.0,P,1,0.0
5023,5023,5367_01,Europa,True,TRAPPIST-1e,4.0,False,0.0,0.0,0.0,0.0,0.0,0.0,1,5367,3,0,C,209.0,S,4,0.0
5024,5024,5367_02,Europa,True,TRAPPIST-1e,34.0,False,0.0,3195.0,0.0,102.0,1469.0,4766.0,0,5367,3,0,C,209.0,S,4,4766.0
5025,5025,5367_03,Europa,True,55 Cancri e,46.0,False,0.0,8221.0,0.0,1010.0,160.0,9391.0,0,5367,3,0,C,209.0,S,4,9391.0
5026,5026,5368_01,Earth,True,TRAPPIST-1e,18.0,False,0.0,0.0,55.0,2288.0,1.0,2344.0,0,5368,1,1,G,870.0,S,0,2344.0
5027,5027,5372_01,Mars,True,TRAPPIST-1e,38.0,False,604.0,0.0,363.0,7.0,3.0,373.0,0,5372,1,1,E,342.0,S,4,977.0
5028,5028,5374_01,Earth,True,TRAPPIST-1e,29.0,False,0.0,61.0,942.0,2.0,0.0,1005.0,0,5374,1,1,F,1029.0,S,6,1005.0
5029,5029,5375_01,Europa,True,TRAPPIST-1e,13.0,False,0.0,0.0,0.0,0.0,0.0,0.0,1,5375,2,0,C,210.0,S,3,0.0
5030,5030,5375_02,Europa,True,TRAPPIST-1e,26.0,False,0.0,0.0,0.0,0.0,0.0,0.0,1,5375,2,0,C,210.0,S,3,0.0
5031,5031,5378_01,Europa,True,TRAPPIST-1e,30.0,False,0.0,95.0,0.0,1202.0,5558.0,6855.0,0,5378,1,1,C,173.0,P,6,6855.0
5032,5032,5379_01,Earth,True,TRAPPIST-1e,42.0,False,0.0,0.0,8.0,3409.0,0.0,3417.0,0,5379,1,1,F,1030.0,S,9,3417.0
5033,5033,5380_01,Mars,True,TRAPPIST-1e,36.0,False,386.0,0.0,756.0,6.0,0.0,1148.0,0,5380,1,1,F,1104.0,P,4,1148.0
5034,5034,5383_01,Earth,True,55 Cancri e,23.0,False,253.0,0.0,1175.0,3.0,171.25925925925927,1431.0,0,5383,1,1,F,1105.0,P,10,1602.2592592592594
5035,5035,5384_01,Europa,True,TRAPPIST-1e,34.0,True,0.0,5210.0,0.0,1332.0,2.0,6544.0,0,5384,2,0,A,65.0,S,2,6544.0
5036,5036,5384_02,Europa,True,TRAPPIST-1e,26.0,False,0.0,4894.0,0.0,62.0,85.0,5041.0,0,5384,2,0,A,65.0,S,2,5041.0
5037,5037,5385_01,Mars,True,TRAPPIST-1e,31.0,False,2048.0,0.0,1040.0,136.0,0.0,3224.0,0,5385,1,1,D,170.0,P,8,3224.0
5038,5038,5387_01,Mars,True,TRAPPIST-1e,48.0,False,581.0,6.0,1.0,158.0,0.0,746.0,0,5387,1,1,D,171.0,P,10,746.0
5039,5039,5388_01,Earth,True,TRAPPIST-1e,10.0,False,0.0,0.0,0.0,0.0,0.0,0.0,1,5388,1,1,G,871.0,S,7,0.0
5040,5040,5389_01,Mars,True,TRAPPIST-1e,27.0,False,2.0,0.0,1320.0,0.0,26.0,1348.0,0,5389,2,0,F,1106.0,P,7,1348.0
5041,5041,5389_02,Mars,True,TRAPPIST-1e,32.0,False,2497.0,0.0,101.0,0.0,0.0,2598.0,0,5389,2,0,F,1106.0,P,7,2598.0
5042,5042,5390_01,Earth,True,TRAPPIST-1e,24.0,False,0.0,0.0,0.0,0.0,0.0,0.0,1,5390,3,0,G,872.0,S,7,0.0
5043,5043,5390_02,Earth,True,PSO J318.5-22,20.0,False,0.0,0.0,0.0,0.0,0.0,0.0,1,5390,3,0,G,872.0,S,7,0.0
5044,5044,5390_03,Earth,True,TRAPPIST-1e,48.0,False,83.0,110.0,0.0,690.0,8.0,891.0,0,5390,3,0,F,1032.0,S,7,891.0
5045,5045,5392_01,Mars,True,TRAPPIST-1e,35.0,True,628.0,6.0,528.0,136.0,0.0,1298.0,0,5392,1,1,E,343.0,S,2,1298.0
5046,5046,5394_01,Mars,True,TRAPPIST-1e,14.0,False,246.0,0.0,2153.0,0.0,0.0,2399.0,0,5394,1,1,D,172.0,P,4,2399.0
5047,5047,5395_01,Mars,True,TRAPPIST-1e,28.0,False,4.0,0.0,2574.0,0.0,0.0,2578.0,0,5395,1,1,D,173.0,P,7,2578.0
5048,5048,5396_01,Mars,True,TRAPPIST-1e,31.0,False,743.0,378.0,8.0,0.0,0.0,1129.0,0,5396,1,1,F,1109.0,P,7,1129.0
5049,5049,5397_01,Mars,True,TRAPPIST-1e,42.0,False,0.0,0.0,0.0,0.0,0.0,0.0,1,5397,3,0,D,162.0,S,8,0.0
5050,5050,5397_02,Mars,True,TRAPPIST-1e,8.0,False,0.0,0.0,0.0,0.0,0.0,0.0,1,5397,3,0,D,162.0,S,8,0.0
5051,5051,5397_03,Mars,True,55 Cancri e,30.0,False,0.0,0.0,0.0,0.0,0.0,0.0,1,5397,3,0,D,162.0,S,8,0.0
5052,5052,5401_01,Earth,True,TRAPPIST-1e,44.0,False,0.0,0.0,5.0,30.0,777.0,812.0,0,5401,1,1,G,869.0,P,12,812.0
5053,5053,5402_01,Mars,True,TRAPPIST-1e,40.0,False,1269.0,0.0,75.0,0.0,4.0,1348.0,0,5402,1,1,F,1034.0,S,4,1348.0
5054,5054,5404_01,Earth,True,TRAPPIST-1e,38.0,False,766.0,38.0,0.0,0.0,0.0,804.0,0,5404,1,1,F,1111.0,P,7,804.0
5055,5055,5406_01,Earth,True,PSO J318.5-22,22.0,False,2.0,46.0,0.0,483.0,67.0,598.0,0,5406,1,1,F,1035.0,S,7,598.0
5056,5056,5408_01,Mars,True,TRAPPIST-1e,32.0,False,1781.0,0.0,654.0,580.0,0.0,3015.0,0,5408,2,0,D,174.0,P,9,3015.0
5057,5057,5408_02,Mars,True,TRAPPIST-1e,16.0,False,2116.0,0.0,350.0,0.0,901.0,3367.0,0,5408,2,0,D,174.0,P,9,3367.0
5058,5058,5410_01,Mars,True,TRAPPIST-1e,33.0,False,748.0,130.0,1047.0,458.0,0.0,2383.0,0,5410,1,1,D,163.0,S,8,2383.0
5059,5059,5411_01,Europa,True,TRAPPIST-1e,38.0,False,20.0,3960.0,153.0,280.0,1674.0,6087.0,0,5411,1,1,B,206.0,S,9,6087.0
5060,5060,5412_01,Earth,True,TRAPPIST-1e,23.0,False,0.0,806.0,0.0,2.0,0.0,808.0,0,5412,1,1,G,870.0,P,9,808.0
5061,5061,5413_01,Earth,True,TRAPPIST-1e,16.0,False,3.0,595.0,0.0,9.0,321.0,928.0,0,5413,1,1,G,871.0,P,4,928.0
5062,5062,5414_01,Earth,True,PSO J318.5-22,16.0,False,481.0,0.0,166.0,0.0,122.0,769.0,0,5414,5,0,G,872.0,P,19,769.0
5063,5063,5414_02,Earth,True,TRAPPIST-1e,11.0,False,0.0,0.0,0.0,0.0,0.0,0.0,1,5414,5,0,G,872.0,P,19,0.0
5064,5064,5414_03,Earth,True,TRAPPIST-1e,22.0,False,0.0,824.0,0.0,0.0,411.0,1235.0,0,5414,5,0,F,1112.0,P,19,1235.0
5065,5065,5414_04,Earth,True,TRAPPIST-1e,43.0,False,0.0,0.0,0.0,0.0,1544.0,1544.0,0,5414,5,0,F,1112.0,P,19,1544.0
5066,5066,5414_05,Earth,True,PSO J318.5-22,20.0,False,0.0,0.0,0.0,0.0,0.0,0.0,1,5414,5,0,G,872.0,P,19,0.0
5067,5067,5415_01,Earth,True,TRAPPIST-1e,22.0,False,0.0,747.0,8.0,0.0,314.0,1069.0,0,5415,1,1,F,1113.0,P,5,1069.0
5068,5068,5416_01,Mars,True,TRAPPIST-1e,0.0,False,0.0,0.0,0.0,0.0,0.0,0.0,1,5416,4,0,F,1114.0,P,8,0.0
5069,5069,5416_02,Mars,True,TRAPPIST-1e,30.0,False,138.0,0.0,208.0,952.0,0.0,1298.0,0,5416,4,0,E,340.0,P,8,1298.0
5070,5070,5416_03,Mars,True,TRAPPIST-1e,18.0,False,0.0,0.0,0.0,0.0,0.0,0.0,1,5416,4,0,F,1114.0,P,8,0.0
5071,5071,5416_04,Mars,True,55 Cancri e,0.0,False,0.0,0.0,0.0,0.0,0.0,0.0,1,5416,4,0,F,1114.0,P,8,0.0
5072,5072,5418_01,Mars,True,TRAPPIST-1e,41.0,False,164.0,0.0,1115.0,1.0,18.0,1298.0,0,5418,1,1,E,349.0,S,3,1298.0
5073,5073,5420_01,Earth,True,TRAPPIST-1e,39.0,False,0.0,829.0,0.0,1.0,0.0,830.0,0,5420,1,1,F,1036.0,S,3,830.0
5074,5074,5421_01,Earth,True,TRAPPIST-1e,37.0,False,389.0,0.0,1.0,3369.0,3.0,3762.0,0,5421,1,1,G,873.0,S,8,3762.0
5075,5075,5422_01,Europa,True,55 Cancri e,26.0,False,0.0,0.0,0.0,0.0,0.0,0.0,1,5422,1,1,D,164.0,S,1,0.0
5076,5076,5423_01,Mars,True,TRAPPIST-1e,49.0,False,552.0,0.0,7.0,0.0,183.0,742.0,0,5423,2,0,F,1116.0,P,4,742.0
5077,5077,5423_02,Mars,True,TRAPPIST-1e,28.0,False,142.0,0.0,1878.0,62.0,0.0,2082.0,0,5423,2,0,E,341.0,P,4,2082.0
5078,5078,5424_01,Mars,True,PSO J318.5-22,13.0,False,358.0,65.0,599.0,676.0,0.0,1698.0,0,5424,2,0,F,1117.0,P,11,1698.0
5079,5079,5424_02,Mars,True,TRAPPIST-1e,64.0,False,469.0,700.0,2.0,1.0,0.0,1172.0,0,5424,2,0,E,342.0,P,11,1172.0
5080,5080,5425_01,Earth,True,PSO J318.5-22,24.0,False,1.0,0.0,11.0,0.0,734.0,746.0,0,5425,1,1,F,1037.0,S,0,746.0
5081,5081,5427_01,Mars,True,TRAPPIST-1e,18.0,False,0.0,0.0,0.0,0.0,0.0,0.0,1,5427,3,0,F,1118.0,P,5,0.0
5082,5082,5427_02,Mars,True,TRAPPIST-1e,18.0,False,3458.0,0.0,216.0,0.0,0.0,3674.0,0,5427,3,0,F,1118.0,P,11,3674.0
5083,5083,5427_03,Mars,True,TRAPPIST-1e,25.0,False,948.0,0.0,1.0,170.0,0.0,1119.0,0,5427,3,0,F,1118.0,P,5,1119.0
5084,5084,5430_01,Earth,True,TRAPPIST-1e,19.0,False,0.0,0.0,0.0,0.0,0.0,0.0,1,5430,1,1,G,873.0,P,10,0.0
5085,5085,5431_01,Earth,True,55 Cancri e,33.0,False,2.0,0.0,0.0,209.5,720.0,722.0,0,5431,1,1,E,350.0,S,7,931.5
5086,5086,5434_01,Earth,True,TRAPPIST-1e,23.0,False,0.0,0.0,0.0,0.0,0.0,0.0,1,5434,1,1,G,874.0,P,15,0.0
5087,5087,5435_01,Mars,True,TRAPPIST-1e,50.0,False,846.0,0.0,280.0,280.0,0.0,1406.0,0,5435,1,1,F,1121.0,P,11,1406.0
5088,5088,5436_01,Earth,True,TRAPPIST-1e,30.0,False,0.0,0.0,0.0,2.0,827.0,829.0,0,5436,1,1,G,879.0,Z,10,829.0
5089,5089,5437_01,Mars,True,TRAPPIST-1e,44.0,False,1267.0,18.0,0.0,3.0,0.0,1288.0,0,5437,1,1,F,1123.0,P,6,1288.0
5090,5090,5438_01,Earth,True,PSO J318.5-22,52.0,False,0.0,0.0,0.0,0.0,0.0,0.0,1,5438,1,1,G,875.0,P,9,0.0
5091,5091,5440_01,Earth,True,TRAPPIST-1e,7.0,False,0.0,0.0,0.0,0.0,0.0,0.0,1,5440,3,0,G,875.0,S,12,0.0
5092,5092,5440_02,Earth,True,55 Cancri e,30.0,False,0.0,59.0,18.0,639.0,0.0,716.0,0,5440,3,0,F,1041.0,S,12,716.0
5093,5093,5440_03,Earth,True,TRAPPIST-1e,27.0,False,1109.0,0.0,0.0,0.0,0.0,1109.0,0,5440,3,0,F,1041.0,S,12,1109.0
5094,5094,5441_01,Europa,True,55 Cancri e,24.0,False,0.0,0.0,0.0,0.0,0.0,0.0,1,5441,1,1,B,207.0,S,4,0.0
5095,5095,5443_01,Earth,True,55 Cancri e,13.0,False,4.0,99.0,1.0,0.0,595.0,699.0,0,5443,1,1,F,1124.0,P,4,699.0
5096,5096,5445_01,Earth,True,TRAPPIST-1e,61.0,False,0.0,53.0,813.0,3.0,0.0,869.0,0,5445,1,1,F,1125.0,P,8,869.0
5097,5097,5446_01,Earth,True,TRAPPIST-1e,32.0,False,0.0,0.0,0.0,0.0,0.0,0.0,1,5446,1,1,G,876.0,P,6,0.0
5098,5098,5447_01,Mars,True,55 Cancri e,17.0,False,0.0,0.0,0.0,0.0,0.0,0.0,1,5447,2,0,F,1126.0,P,3,0.0
5099,5099,5447_02,Mars,False,TRAPPIST-1e,36.0,False,0.0,0.0,0.0,0.0,0.0,0.0,1,5447,2,0,F,1126.0,P,7,0.0
5100,5100,5450_01,Earth,True,PSO J318.5-22,16.0,False,0.0,0.0,0.0,0.0,0.0,0.0,1,5450,1,1,G,877.0,P,5,0.0
5101,5101,5451_01,Earth,True,PSO J318.5-22,21.0,False,0.0,697.0,0.0,0.0,0.0,697.0,0,5451,1,1,F,1127.0,P,7,697.0
5102,5102,5452_01,Europa,False,TRAPPIST-1e,24.0,False,0.0,0.0,0.0,0.0,0.0,0.0,1,5452,1,1,C,212.0,S,5,0.0
5103,5103,5453_01,Earth,True,55 Cancri e,28.0,False,0.0,9.0,0.0,1114.0,5.0,1128.0,0,5453,1,1,F,1044.0,S,8,1128.0
5104,5104,5454_01,Mars,True,TRAPPIST-1e,28.5,False,848.0,1497.0,2.0,0.0,0.0,2347.0,0,5454,1,1,E,343.0,P,4,2347.0
5105,5105,5455_01,Mars,True,55 Cancri e,13.0,False,9920.0,0.0,180.0,130.0,571.0,10801.0,0,5455,1,1,E,344.0,P,8,10801.0
5106,5106,5457_01,Earth,True,TRAPPIST-1e,39.0,False,0.0,1.0,0.0,739.0,0.0,740.0,0,5457,1,1,F,1129.0,P,7,740.0
5107,5107,5458_01,Earth,True,TRAPPIST-1e,24.0,False,0.0,0.0,980.0,7.0,0.0,987.0,0,5458,1,1,E,351.0,S,2,987.0
5108,5108,5459_01,Europa,True,TRAPPIST-1e,38.0,False,0.0,347.0,0.0,1545.0,2187.0,4079.0,0,5459,1,1,C,213.0,S,1,4079.0
5109,5109,5462_01,Mars,True,TRAPPIST-1e,20.0,False,489.0,126.0,663.0,214.0,0.0,1492.0,0,5462,1,1,F,1131.0,P,5,1492.0
5110,5110,5463_01,Earth,True,TRAPPIST-1e,21.0,False,724.0,0.0,0.0,0.0,0.0,724.0,0,5463,1,1,F,1045.0,S,9,724.0
5111,5111,5465_01,Mars,True,TRAPPIST-1e,27.0,False,1.0,1.0,2196.0,372.0,0.0,2570.0,0,5465,3,0,F,1132.0,P,10,2570.0
5112,5112,5465_02,Mars,True,TRAPPIST-1e,49.0,False,226.0,11.0,2.0,1580.0,0.0,1819.0,0,5465,3,0,F,1132.0,P,10,1819.0
5113,5113,5465_03,Mars,True,TRAPPIST-1e,6.0,False,0.0,0.0,0.0,0.0,0.0,0.0,1,5465,3,0,F,1132.0,P,10,0.0
5114,5114,5466_01,Europa,True,55 Cancri e,41.0,False,0.0,0.0,0.0,0.0,0.0,0.0,1,5466,5,0,B,185.0,P,5,0.0
5115,5115,5466_02,Europa,True,55 Cancri e,33.0,True,0.0,1473.0,1089.0,5700.0,1466.0,9728.0,0,5466,5,0,B,185.0,P,9,9728.0
5116,5116,5466_03,Europa,True,TRAPPIST-1e,6.0,False,0.0,0.0,0.0,0.0,0.0,0.0,1,5466,5,0,B,185.0,P,9,0.0
5117,5117,5466_04,Europa,True,55 Cancri e,35.0,False,0.0,4618.0,0.0,324.0,12061.0,17003.0,0,5466,5,0,B,185.0,P,9,17003.0
5118,5118,5466_05,Europa,True,TRAPPIST-1e,46.0,False,0.0,4524.0,38.392857142857146,243.0,7730.0,12497.0,0,5466,5,0,B,185.0,P,5,12535.392857142857
5119,5119,5467_01,Earth,True,TRAPPIST-1e,31.0,False,2703.0,21.0,0.0,0.0,1.0,2725.0,0,5467,1,1,F,1046.0,S,8,2725.0
5120,5120,5468_01,Europa,True,TRAPPIST-1e,32.0,False,0.0,0.0,0.0,0.0,0.0,0.0,1,5468,1,1,B,208.0,S,3,0.0
5121,5121,5469_01,Europa,True,55 Cancri e,31.0,False,0.0,0.0,0.0,0.0,0.0,0.0,1,5469,1,1,A,50.0,P,7,0.0
5122,5122,5470_01,Earth,True,TRAPPIST-1e,20.0,False,0.0,0.0,0.0,0.0,0.0,0.0,1,5470,1,1,G,878.0,P,10,0.0
5123,5123,5471_01,Earth,True,TRAPPIST-1e,57.0,False,685.0,399.4,0.0,0.0,220.66666666666666,685.0,0,5471,1,1,G,877.0,S,13,1305.0666666666668
5124,5124,5472_01,Earth,True,PSO J318.5-22,37.0,False,0.0,0.0,559.0,11.0,0.0,570.0,0,5472,1,1,F,1047.0,S,6,570.0
5125,5125,5474_01,Earth,True,TRAPPIST-1e,21.0,False,0.0,0.0,0.0,0.0,0.0,0.0,1,5474,1,1,G,885.0,Z,2,0.0
5126,5126,5475_01,Earth,True,TRAPPIST-1e,43.0,False,0.0,0.0,1.0,92.15254237288136,0.0,1.0,0,5475,1,1,F,1134.0,P,12,93.15254237288136
5127,5127,5476_01,Earth,True,TRAPPIST-1e,49.0,False,1020.0,0.0,2.0,2.0,0.0,1024.0,0,5476,1,1,G,879.0,S,11,1024.0
5128,5128,5477_01,Earth,True,TRAPPIST-1e,17.0,False,0.0,150.0,166.0,570.0,0.0,886.0,0,5477,1,1,G,880.0,S,5,886.0
5129,5129,5478_01,Mars,True,TRAPPIST-1e,29.0,False,518.0,0.0,10.0,1245.0,0.0,1773.0,0,5478,1,1,F,1048.0,S,7,1773.0
5130,5130,5479_01,Earth,True,55 Cancri e,36.0,False,0.0,0.0,0.0,0.0,0.0,0.0,1,5479,1,1,G,881.0,S,5,0.0
5131,5131,5480_01,Europa,True,TRAPPIST-1e,37.0,False,31.0,9307.0,0.0,904.0,11213.0,21455.0,0,5480,1,1,C,191.0,Z,2,21455.0
5132,5132,5483_01,Earth,True,PSO J318.5-22,17.0,False,2.0,0.0,0.0,0.0,681.0,683.0,0,5483,1,1,F,1135.0,P,10,683.0
5133,5133,5484_01,Mars,True,55 Cancri e,45.0,False,0.0,0.0,0.0,0.0,0.0,0.0,1,5484,1,1,F,1050.0,S,3,0.0
5134,5134,5485_01,Earth,True,TRAPPIST-1e,20.0,False,0.0,9.0,82.0,14.0,704.0,809.0,0,5485,1,1,G,880.0,P,7,809.0
5135,5135,5487_01,Mars,True,TRAPPIST-1e,24.0,False,0.0,0.0,0.0,0.0,0.0,0.0,1,5487,1,1,F,1136.0,P,8,0.0
5136,5136,5488_01,Europa,True,TRAPPIST-1e,28.0,False,0.0,0.0,0.0,0.0,0.0,0.0,1,5488,4,0,B,186.0,P,5,0.0
5137,5137,5488_02,Europa,True,TRAPPIST-1e,15.0,False,0.0,22.0,6805.0,0.0,531.0,7358.0,0,5488,4,0,B,186.0,P,5,7358.0
5138,5138,5488_03,Europa,True,TRAPPIST-1e,53.0,False,0.0,6634.0,0.0,5047.0,108.0,11789.0,0,5488,4,0,B,186.0,P,5,11789.0
5139,5139,5488_04,Europa,True,TRAPPIST-1e,51.0,False,0.0,0.0,0.0,0.0,0.0,0.0,1,5488,4,0,B,186.0,P,5,0.0
5140,5140,5489_01,Earth,True,TRAPPIST-1e,14.0,False,0.0,0.0,0.0,0.0,0.0,0.0,1,5489,2,0,G,881.0,P,12,0.0
5141,5141,5489_02,Earth,True,TRAPPIST-1e,1.0,False,0.0,0.0,0.0,0.0,0.0,0.0,1,5489,2,0,G,881.0,P,12,0.0
5142,5142,5490_01,Mars,True,TRAPPIST-1e,26.0,False,665.0,76.0,299.7291666666667,1478.0,0.0,2219.0,0,5490,1,1,F,1137.0,P,9,2518.729166666667
5143,5143,5491_01,Earth,True,TRAPPIST-1e,20.0,False,0.0,0.0,499.0,285.0,103.0,887.0,0,5491,1,1,G,882.0,S,13,887.0
5144,5144,5492_01,Earth,True,TRAPPIST-1e,23.0,False,0.0,551.0,59.0,720.0,14.0,1344.0,0,5492,1,1,F,1052.0,S,6,1344.0
5145,5145,5494_01,Earth,True,TRAPPIST-1e,22.0,False,658.0,0.0,0.0,161.0,3.0,822.0,0,5494,1,1,F,1053.0,S,5,822.0
5146,5146,5496_01,Earth,True,55 Cancri e,22.0,False,0.0,0.0,0.0,0.0,0.0,0.0,1,5496,1,1,G,882.0,P,3,0.0
5147,5147,5497_01,Europa,True,TRAPPIST-1e,13.0,False,0.0,0.0,0.0,0.0,0.0,0.0,1,5497,2,0,B,210.0,S,7,0.0
5148,5148,5497_02,Europa,True,TRAPPIST-1e,28.0,False,0.0,0.0,0.0,0.0,0.0,0.0,1,5497,2,0,B,210.0,S,7,0.0
5149,5149,5499_01,Earth,True,TRAPPIST-1e,40.0,False,0.0,0.0,0.0,0.0,0.0,0.0,1,5499,1,1,G,884.0,S,4,0.0
5150,5150,5500_01,Mars,True,55 Cancri e,21.0,False,4027.0,0.0,47.0,83.0,0.0,4157.0,0,5500,1,1,D,175.0,P,5,4157.0
5151,5151,5501_01,Earth,True,TRAPPIST-1e,35.0,False,702.0,104.0,5.0,76.0,0.0,887.0,0,5501,1,1,G,885.0,S,14,887.0
5152,5152,5504_01,Earth,True,TRAPPIST-1e,22.0,False,142.0,1307.0,0.0,0.0,0.0,1449.0,0,5504,1,1,F,1140.0,P,5,1449.0
5153,5153,5506_01,Europa,True,TRAPPIST-1e,37.0,False,0.0,0.0,0.0,0.0,0.0,0.0,1,5506,1,1,D,166.0,S,2,0.0
5154,5154,5507_01,Mars,True,TRAPPIST-1e,21.0,False,0.0,0.0,0.0,0.0,0.0,0.0,1,5507,1,1,E,356.0,S,8,0.0
5155,5155,5508_01,Earth,True,TRAPPIST-1e,50.0,False,0.0,358.0,0.0,620.0,4.0,982.0,0,5508,1,1,G,890.0,S,14,982.0
5156,5156,5509_01,Earth,True,TRAPPIST-1e,27.0,False,0.0,0.0,800.0,0.0,0.0,800.0,0,5509,1,1,F,1055.0,S,8,800.0
5157,5157,5510_01,Earth,True,TRAPPIST-1e,20.0,False,0.0,0.0,0.0,0.0,0.0,0.0,1,5510,1,1,G,887.0,S,12,0.0
5158,5158,5511_01,Earth,True,TRAPPIST-1e,15.0,False,0.0,0.0,0.0,0.0,0.0,0.0,1,5511,2,0,G,884.0,P,11,0.0
5159,5159,5511_02,Earth,True,PSO J318.5-22,25.0,False,39.0,106.44444444444444,169.0,20.0,1403.0,1631.0,0,5511,2,0,E,346.0,P,11,1737.4444444444443
5160,5160,5512_01,Europa,True,55 Cancri e,31.0,False,0.0,225.0,0.0,301.0,4090.0,4616.0,0,5512,2,0,A,67.0,S,5,4616.0
5161,5161,5512_02,Europa,True,55 Cancri e,31.0,False,0.0,8162.0,1044.0,699.0,46.0,9951.0,0,5512,2,0,B,211.0,S,5,9951.0
5162,5162,5514_01,Earth,True,TRAPPIST-1e,18.0,False,0.0,0.0,0.0,0.0,0.0,0.0,1,5514,4,0,G,889.0,S,13,0.0
5163,5163,5514_02,Earth,True,PSO J318.5-22,2.0,False,0.0,0.0,0.0,0.0,0.0,0.0,1,5514,4,0,G,889.0,S,13,0.0
5164,5164,5514_03,Earth,True,TRAPPIST-1e,27.0,False,0.0,6.0,0.0,814.0,107.0,927.0,0,5514,4,0,G,889.0,S,13,927.0
5165,5165,5514_04,Earth,True,TRAPPIST-1e,0.0,False,0.0,0.0,0.0,0.0,0.0,0.0,1,5514,4,0,G,889.0,S,13,0.0
5166,5166,5515_01,Earth,True,TRAPPIST-1e,22.0,False,758.0,0.0,46.0,0.0,0.0,804.0,0,5515,1,1,F,1141.0,P,8,804.0
5167,5167,5517_01,Mars,True,TRAPPIST-1e,30.5,False,0.0,0.0,0.0,0.0,0.0,0.0,1,5517,1,1,E,357.0,S,5,0.0
5168,5168,5520_01,Earth,True,TRAPPIST-1e,56.0,False,0.0,4.0,778.0,0.0,0.0,782.0,0,5520,1,1,G,890.0,S,8,782.0
5169,5169,5521_01,Earth,True,TRAPPIST-1e,28.0,False,0.0,0.0,0.0,676.0,124.0,800.0,0,5521,1,1,F,1058.0,S,2,800.0
5170,5170,5522_01,Earth,True,55 Cancri e,42.0,False,31.0,0.0,0.0,635.0,0.0,666.0,0,5522,3,0,E,358.0,S,18,666.0
5171,5171,5522_02,Earth,True,TRAPPIST-1e,20.0,False,0.0,0.0,0.0,703.0,0.0,703.0,0,5522,3,0,F,1059.0,S,18,703.0
5172,5172,5522_03,Earth,True,TRAPPIST-1e,27.0,False,508.0,585.0,9.0,232.375,0.0,1102.0,0,5522,3,0,F,1059.0,S,18,1334.375
5173,5173,5523_01,Earth,True,PSO J318.5-22,29.0,False,0.0,0.0,20.0,0.0,402.0,422.0,0,5523,1,1,G,885.0,P,5,422.0
5174,5174,5524_01,Earth,True,55 Cancri e,36.0,False,85.0,0.0,545.0,15.0,0.0,645.0,0,5524,1,1,F,1060.0,S,7,645.0
5175,5175,5526_01,Earth,True,TRAPPIST-1e,23.0,False,0.0,0.0,4.0,145.0,179.15,149.0,0,5526,2,0,F,1061.0,S,4,328.15
5176,5176,5526_02,Earth,True,TRAPPIST-1e,64.0,False,0.0,0.0,0.0,0.0,0.0,0.0,1,5526,2,0,G,891.0,S,4,0.0
5177,5177,5527_01,Earth,True,TRAPPIST-1e,19.0,False,1.0,1.0,146.43333333333334,0.0,1755.0,1757.0,0,5527,4,0,G,886.0,P,9,1903.4333333333334
5178,5178,5527_02,Earth,True,55 Cancri e,1.0,False,0.0,0.0,0.0,0.0,0.0,0.0,1,5527,4,0,G,886.0,P,9,0.0
5179,5179,5527_03,Earth,True,TRAPPIST-1e,49.0,False,0.0,0.0,0.0,0.0,0.0,0.0,1,5527,4,0,G,886.0,P,9,0.0
5180,5180,5527_04,Earth,True,55 Cancri e,0.0,False,0.0,0.0,0.0,0.0,0.0,0.0,1,5527,4,0,G,886.0,P,9,0.0
5181,5181,5528_01,Earth,True,TRAPPIST-1e,18.0,False,0.0,288.0,35.0,0.0,435.0,758.0,0,5528,1,1,F,1143.0,P,6,758.0
5182,5182,5529_01,Europa,True,55 Cancri e,39.0,False,5645.0,132.0,0.0,1.0,1814.0,7592.0,0,5529,1,1,C,174.0,P,2,7592.0
5183,5183,5530_01,Mars,True,TRAPPIST-1e,37.0,False,10.0,20.0,868.0,115.0,0.0,1013.0,0,5530,2,0,E,347.0,P,3,1013.0
5184,5184,5530_02,Mars,True,TRAPPIST-1e,44.0,False,0.0,0.0,0.0,0.0,0.0,0.0,1,5530,2,0,F,1144.0,P,3,0.0
5185,5185,5531_01,Mars,True,PSO J318.5-22,43.0,False,817.0,0.0,617.0,0.0,0.0,1434.0,0,5531,2,0,F,1145.0,P,8,1434.0
5186,5186,5531_02,Mars,True,TRAPPIST-1e,33.0,False,0.0,0.0,0.0,0.0,0.0,0.0,1,5531,2,0,F,1145.0,P,8,0.0
5187,5187,5535_01,Earth,True,TRAPPIST-1e,20.0,False,41.0,222.0,0.0,43.0,601.0,907.0,0,5535,3,0,G,893.0,S,6,907.0
5188,5188,5535_02,Earth,True,TRAPPIST-1e,0.0,False,0.0,0.0,0.0,0.0,0.0,0.0,1,5535,3,0,G,893.0,S,6,0.0
5189,5189,5535_03,Earth,True,55 Cancri e,4.0,False,0.0,0.0,0.0,0.0,0.0,0.0,1,5535,3,0,G,893.0,S,6,0.0
5190,5190,5536_01,Mars,True,TRAPPIST-1e,20.0,False,0.0,0.0,0.0,0.0,0.0,0.0,1,5536,1,1,F,1062.0,S,5,0.0
5191,5191,5537_01,Mars,True,TRAPPIST-1e,50.0,False,690.0,0.0,30.0,762.0,428.0,1910.0,0,5537,1,1,F,1063.0,S,9,1910.0
5192,5192,5538_01,Mars,True,TRAPPIST-1e,47.0,False,0.0,0.0,0.0,0.0,0.0,0.0,1,5538,2,0,F,1146.0,P,8,0.0
5193,5193,5538_02,Mars,True,TRAPPIST-1e,17.0,False,0.0,0.0,0.0,0.0,0.0,0.0,1,5538,2,0,F,1146.0,P,8,0.0
5194,5194,5539_01,Europa,True,TRAPPIST-1e,26.0,False,0.0,1583.0,0.0,232.0,8040.0,9855.0,0,5539,1,1,B,187.0,P,1,9855.0
5195,5195,5540_01,Earth,True,TRAPPIST-1e,21.0,False,39.0,360.0,0.0,156.9402390438247,0.0,399.0,0,5540,1,1,E,360.0,S,8,555.9402390438247
5196,5196,5541_01,Mars,True,TRAPPIST-1e,20.0,False,0.0,0.0,0.0,0.0,0.0,0.0,1,5541,1,1,F,1147.0,P,7,0.0
5197,5197,5543_01,Europa,True,TRAPPIST-1e,26.0,False,0.0,0.0,0.0,0.0,0.0,0.0,1,5543,1,1,C,175.0,P,13,0.0
5198,5198,5544_01,Mars,True,TRAPPIST-1e,31.0,True,1565.0,0.0,0.0,0.0,145.0,1710.0,0,5544,1,1,F,1149.0,P,9,1710.0
5199,5199,5545_01,Earth,True,PSO J318.5-22,34.0,False,0.0,0.0,693.0,3.0,77.0,773.0,0,5545,3,0,G,894.0,S,12,773.0
5200,5200,5545_02,Earth,True,TRAPPIST-1e,11.0,False,0.0,0.0,0.0,0.0,0.0,0.0,1,5545,3,0,G,894.0,S,12,0.0
5201,5201,5545_03,Earth,True,TRAPPIST-1e,0.0,False,0.0,0.0,0.0,0.0,0.0,0.0,1,5545,3,0,G,894.0,S,12,0.0
5202,5202,5546_01,Europa,True,55 Cancri e,28.0,False,550.0,5203.0,0.0,2244.0,1624.0,9621.0,0,5546,1,1,D,176.0,P,10,9621.0
5203,5203,5550_01,Earth,True,TRAPPIST-1e,33.0,False,127.0,745.0,9.0,0.0,0.0,881.0,0,5550,1,1,G,895.0,S,5,881.0
5204,5204,5551_01,Earth,True,TRAPPIST-1e,22.0,False,0.0,0.0,0.0,0.0,0.0,0.0,1,5551,1,1,G,888.0,P,12,0.0
5205,5205,5552_01,Mars,False,TRAPPIST-1e,28.0,False,0.0,0.0,0.0,0.0,0.0,0.0,1,5552,3,0,F,1150.0,P,5,0.0
5206,5206,5552_02,Mars,True,TRAPPIST-1e,11.0,False,0.0,0.0,0.0,0.0,0.0,0.0,1,5552,3,0,F,1150.0,P,5,0.0
5207,5207,5552_03,Mars,True,TRAPPIST-1e,60.0,False,51.0,10.0,754.0,1412.0,137.0,2364.0,0,5552,3,0,F,1150.0,P,5,2364.0
5208,5208,5555_01,Earth,True,TRAPPIST-1e,43.0,False,1.0,0.0,213.0,7.0,701.0,922.0,0,5555,1,1,G,896.0,S,6,922.0
5209,5209,5556_01,Earth,True,TRAPPIST-1e,27.0,False,0.0,1.0,667.0,897.0,43.0,1608.0,0,5556,1,1,E,361.0,S,13,1608.0
5210,5210,5557_01,Earth,True,TRAPPIST-1e,37.0,False,0.0,0.0,0.0,0.0,0.0,0.0,1,5557,1,1,G,890.0,P,5,0.0
5211,5211,5559_01,Earth,True,55 Cancri e,23.0,False,0.0,0.0,0.0,0.0,0.0,0.0,1,5559,1,1,G,897.0,S,0,0.0
5212,5212,5560_01,Mars,True,TRAPPIST-1e,57.0,False,1696.0,0.0,1006.0,0.0,27.0,2729.0,0,5560,1,1,D,168.0,S,4,2729.0
5213,5213,5561_01,Europa,True,TRAPPIST-1e,29.0,False,0.0,0.0,0.0,0.0,0.0,0.0,1,5561,4,0,A,51.0,P,6,0.0
5214,5214,5561_02,Europa,True,TRAPPIST-1e,28.0,False,0.0,175.0,0.0,214.0,7461.0,7850.0,0,5561,4,0,A,51.0,P,6,7850.0
5215,5215,5561_03,Europa,True,TRAPPIST-1e,42.0,False,0.0,890.0,2929.0,352.0,4898.0,9069.0,0,5561,4,0,A,51.0,P,6,9069.0
5216,5216,5561_04,Europa,True,TRAPPIST-1e,43.0,False,7.0,494.0,2473.0,443.0,71.0,3488.0,0,5561,4,0,A,51.0,P,6,3488.0
5217,5217,5563_01,Europa,True,TRAPPIST-1e,26.0,False,0.0,0.0,0.0,0.0,0.0,0.0,1,5563,1,1,C,176.0,P,7,0.0
5218,5218,5566_01,Europa,True,55 Cancri e,72.0,False,2445.0,3023.0,0.0,704.0,20.0,6192.0,0,5566,1,1,E,349.0,P,6,6192.0
5219,5219,5568_01,Europa,True,TRAPPIST-1e,49.0,False,0.0,3991.0,298.0,289.0,2740.0,7318.0,0,5568,2,0,B,188.0,P,7,7318.0
5220,5220,5568_02,Europa,True,55 Cancri e,29.0,True,0.0,0.0,0.0,0.0,0.0,0.0,1,5568,2,0,B,188.0,P,7,0.0
5221,5221,5569_01,Earth,True,TRAPPIST-1e,18.0,False,0.0,0.0,0.0,0.0,0.0,0.0,1,5569,1,1,G,891.0,P,3,0.0
5222,5222,5571_01,Earth,True,55 Cancri e,26.0,False,0.0,406.0,0.0,0.0,503.0,909.0,0,5571,1,1,G,900.0,S,10,909.0
5223,5223,5572_01,Mars,True,55 Cancri e,19.0,False,0.0,0.0,0.0,0.0,0.0,0.0,1,5572,1,1,F,1153.0,P,5,0.0
5224,5224,5573_01,Earth,True,55 Cancri e,18.0,False,749.0,0.0,74.0,0.0,0.0,823.0,0,5573,1,1,F,1154.0,P,10,823.0
5225,5225,5574_01,Earth,True,55 Cancri e,14.0,False,714.0,237.0,0.0,587.0,1.0,1539.0,0,5574,1,1,F,1155.0,P,9,1539.0
5226,5226,5575_01,Mars,True,TRAPPIST-1e,44.0,False,583.0,0.0,222.0,0.0,1560.0,2365.0,0,5575,2,0,F,1156.0,P,6,2365.0
5227,5227,5575_02,Mars,True,TRAPPIST-1e,34.0,False,0.0,0.0,0.0,0.0,0.0,0.0,1,5575,2,0,F,1156.0,P,6,0.0
5228,5228,5578_01,Earth,True,55 Cancri e,18.0,False,0.0,0.0,0.0,0.0,0.0,0.0,1,5578,1,1,G,892.0,P,16,0.0
5229,5229,5580_01,Earth,True,PSO J318.5-22,36.0,False,0.0,0.0,0.0,0.0,0.0,0.0,1,5580,1,1,G,902.0,S,3,0.0
5230,5230,5581_01,Europa,True,55 Cancri e,27.0,False,0.0,0.0,0.0,0.0,0.0,0.0,1,5581,1,1,B,212.0,S,5,0.0
5231,5231,5582_01,Earth,True,TRAPPIST-1e,35.0,False,753.0,335.0,1.0,348.0,0.0,1437.0,0,5582,1,1,G,893.0,P,7,1437.0
5232,5232,5583_01,Europa,True,TRAPPIST-1e,52.0,False,5.0,3514.0,31.0,601.0,13.0,4164.0,0,5583,1,1,D,170.0,S,11,4164.0
5233,5233,5585_01,Earth,True,PSO J318.5-22,22.0,False,688.0,5.0,80.0,0.0,0.0,773.0,0,5585,2,0,G,894.0,P,5,773.0
5234,5234,5585_02,Earth,True,TRAPPIST-1e,34.0,False,245.0,0.0,542.0,0.0,19.0,806.0,0,5585,2,0,F,1158.0,P,5,806.0
5235,5235,5586_01,Earth,True,PSO J318.5-22,37.0,False,0.0,0.0,6.0,746.0,1.0,753.0,0,5586,1,1,G,895.0,P,7,753.0
5236,5236,5587_01,Earth,True,55 Cancri e,22.0,False,654.0,2.0,83.0,0.0,0.0,739.0,0,5587,1,1,F,1159.0,P,7,739.0
5237,5237,5589_01,Earth,True,TRAPPIST-1e,26.0,False,0.0,786.0,0.0,11.0,83.0,880.0,0,5589,1,1,F,1160.0,P,8,880.0
5238,5238,5591_01,Earth,True,55 Cancri e,14.0,False,590.0,9.0,0.0,0.0,192.0,791.0,0,5591,1,1,E,363.0,S,12,791.0
5239,5239,5592_01,Mars,True,55 Cancri e,53.0,False,0.0,0.0,0.0,0.0,0.0,0.0,1,5592,1,1,F,1161.0,P,3,0.0
5240,5240,5594_01,Earth,True,TRAPPIST-1e,17.0,False,0.0,823.0,0.0,1168.0,14.0,2005.0,0,5594,1,1,F,1163.0,P,9,2005.0
5241,5241,5595_01,Earth,True,TRAPPIST-1e,30.0,False,0.0,1.0,0.0,870.0,0.0,871.0,0,5595,1,1,F,1067.0,S,5,871.0
5242,5242,5596_01,Europa,True,TRAPPIST-1e,65.0,False,0.0,722.0,302.0,103.0,2659.0,3786.0,0,5596,1,1,D,179.0,P,6,3786.0
5243,5243,5598_01,Earth,True,TRAPPIST-1e,19.0,False,0.0,0.0,500.0,2.0,208.0,710.0,0,5598,1,1,G,903.0,S,10,710.0
5244,5244,5599_01,Europa,True,55 Cancri e,36.0,False,380.0,686.0,0.0,295.0,1247.0,2608.0,0,5599,1,1,E,364.0,S,1,2608.0
5245,5245,5601_01,Earth,True,TRAPPIST-1e,3.0,False,0.0,0.0,0.0,0.0,0.0,0.0,1,5601,5,0,G,904.0,S,12,0.0
5246,5246,5601_02,Earth,True,TRAPPIST-1e,6.0,False,0.0,0.0,0.0,0.0,0.0,0.0,1,5601,5,0,G,904.0,S,12,0.0
5247,5247,5601_03,Earth,True,55 Cancri e,4.0,False,0.0,0.0,0.0,0.0,0.0,0.0,1,5601,5,0,G,905.0,S,12,0.0
5248,5248,5601_04,Earth,True,TRAPPIST-1e,21.0,False,958.0,1668.0,82.0,0.0,78.0,2786.0,0,5601,5,0,F,1069.0,S,12,2786.0
5249,5249,5601_05,Earth,True,55 Cancri e,8.0,False,0.0,0.0,0.0,0.0,0.0,0.0,1,5601,5,0,G,904.0,S,12,0.0
5250,5250,5602_01,Europa,True,TRAPPIST-1e,35.0,False,0.0,0.0,0.0,0.0,0.0,0.0,1,5602,2,0,B,190.0,P,5,0.0
5251,5251,5602_02,Europa,True,55 Cancri e,18.0,False,0.0,3268.0,0.0,436.0,342.0,4046.0,0,5602,2,0,B,190.0,P,5,4046.0
5252,5252,5603_01,Europa,True,TRAPPIST-1e,34.0,False,170.0,1256.0,0.0,3926.0,7121.0,12473.0,0,5603,1,1,E,365.0,S,3,12473.0
5253,5253,5606_01,Europa,True,55 Cancri e,45.0,False,0.0,0.0,0.0,0.0,0.0,0.0,1,5606,2,0,B,213.0,S,1,0.0
5254,5254,5606_02,Europa,True,TRAPPIST-1e,31.0,False,0.0,1219.0,7.0,104.0,1082.0,2412.0,0,5606,2,0,B,213.0,S,4,2412.0
5255,5255,5608_01,Earth,True,TRAPPIST-1e,14.0,False,30.0,757.0,115.0,0.0,0.0,902.0,0,5608,1,1,F,1164.0,P,6,902.0
5256,5256,5609_01,Earth,True,TRAPPIST-1e,23.0,False,765.0,5.0,0.0,0.0,0.0,770.0,0,5609,1,1,G,897.0,P,5,770.0
5257,5257,5610_01,Europa,True,TRAPPIST-1e,61.0,False,0.0,0.0,0.0,0.0,0.0,0.0,1,5610,2,0,B,214.0,S,6,0.0
5258,5258,5610_02,Europa,True,55 Cancri e,54.0,True,0.0,7996.0,0.0,4549.0,10206.0,22751.0,0,5610,2,0,B,214.0,S,6,22751.0
5259,5259,5611_01,Europa,True,TRAPPIST-1e,28.0,False,0.0,0.0,0.0,0.0,0.0,0.0,1,5611,2,0,D,171.0,S,2,0.0
5260,5260,5611_02,Europa,True,TRAPPIST-1e,46.0,False,0.0,3477.0,0.0,1.0,5543.0,9021.0,0,5611,2,0,D,171.0,S,2,9021.0
5261,5261,5613_01,Earth,True,TRAPPIST-1e,32.0,False,125.0,874.0,0.0,180.0,1.0,1180.0,0,5613,1,1,F,1072.0,S,4,1180.0
5262,5262,5614_01,Earth,True,55 Cancri e,49.0,False,0.0,0.0,0.0,0.0,0.0,0.0,1,5614,1,1,G,906.0,S,11,0.0
5263,5263,5615_01,Earth,True,55 Cancri e,20.0,False,0.0,0.0,0.0,0.0,0.0,0.0,1,5615,1,1,G,907.0,S,10,0.0
5264,5264,5616_01,Earth,True,PSO J318.5-22,25.0,False,458.0,240.0,0.0,239.0,0.0,937.0,0,5616,1,1,F,1073.0,S,15,937.0
5265,5265,5618_01,Earth,True,TRAPPIST-1e,19.0,False,0.0,785.0,0.0,0.0,19.0,804.0,0,5618,1,1,F,1075.0,S,10,804.0
5266,5266,5619_01,Earth,True,55 Cancri e,28.0,False,0.0,0.0,0.0,0.0,0.0,0.0,1,5619,1,1,G,908.0,S,2,0.0
5267,5267,5622_01,Earth,True,TRAPPIST-1e,68.0,False,0.0,0.0,970.0,0.0,0.0,970.0,0,5622,1,1,F,1076.0,S,12,970.0
5268,5268,5623_01,Earth,True,TRAPPIST-1e,16.0,False,0.0,0.0,0.0,0.0,0.0,0.0,1,5623,1,1,G,898.0,P,12,0.0
5269,5269,5625_01,Mars,True,TRAPPIST-1e,19.0,False,0.0,0.0,0.0,0.0,0.0,0.0,1,5625,5,0,E,352.0,P,7,0.0
5270,5270,5625_02,Mars,False,PSO J318.5-22,49.0,False,0.0,0.0,0.0,0.0,0.0,0.0,1,5625,5,0,E,352.0,P,2,0.0
5271,5271,5625_03,Mars,True,TRAPPIST-1e,15.0,False,890.0,9.0,0.0,1250.0,57.0,2206.0,0,5625,5,0,E,352.0,P,7,2206.0
5272,5272,5625_04,Mars,True,TRAPPIST-1e,26.0,False,0.0,0.0,0.0,0.0,0.0,0.0,1,5625,5,0,E,352.0,P,7,0.0
5273,5273,5625_05,Mars,True,TRAPPIST-1e,22.0,False,804.0,0.0,378.0,0.0,0.0,1182.0,0,5625,5,0,E,352.0,P,7,1182.0
5274,5274,5626_01,Earth,True,PSO J318.5-22,23.0,False,0.0,0.0,0.0,0.0,0.0,0.0,1,5626,1,1,G,911.0,S,6,0.0
5275,5275,5627_01,Earth,True,TRAPPIST-1e,31.0,False,0.0,0.0,0.0,0.0,0.0,0.0,1,5627,1,1,G,899.0,P,2,0.0
5276,5276,5628_01,Earth,True,TRAPPIST-1e,27.0,False,0.0,0.0,0.0,0.0,0.0,0.0,1,5628,1,1,G,900.0,P,7,0.0
5277,5277,5629_01,Earth,True,TRAPPIST-1e,28.0,False,0.0,0.0,0.0,0.0,0.0,0.0,1,5629,1,1,G,901.0,P,7,0.0
5278,5278,5631_01,Earth,True,TRAPPIST-1e,20.0,False,47.0,0.0,0.0,0.0,2711.0,2758.0,0,5631,1,1,F,1166.0,P,5,2758.0
5279,5279,5637_01,Earth,True,TRAPPIST-1e,43.0,False,1.0,8.0,0.0,0.0,715.0,724.0,0,5637,1,1,F,1168.0,P,10,724.0
5280,5280,5639_01,Earth,True,TRAPPIST-1e,22.0,False,19.0,9.0,0.0,0.0,594.0,622.0,0,5639,1,1,G,913.0,S,6,622.0
5281,5281,5640_01,Europa,True,TRAPPIST-1e,27.0,False,0.0,0.0,0.0,0.0,0.0,0.0,1,5640,1,1,E,368.0,S,4,0.0
5282,5282,5642_01,Europa,True,TRAPPIST-1e,35.0,False,0.0,0.0,0.0,0.0,0.0,0.0,1,5642,2,0,B,216.0,S,6,0.0
5283,5283,5642_02,Europa,True,55 Cancri e,37.0,False,0.0,0.0,0.0,0.0,0.0,0.0,1,5642,2,0,B,203.0,S,6,0.0
5284,5284,5643_01,Mars,True,TRAPPIST-1e,24.0,False,158.0,0.0,1594.0,1.0,0.0,1753.0,0,5643,3,0,F,1077.0,S,5,1753.0
5285,5285,5643_02,Mars,True,55 Cancri e,18.0,False,2803.0,0.0,17.0,0.0,0.0,2820.0,0,5643,3,0,F,1077.0,S,5,2820.0
5286,5286,5643_03,Mars,True,TRAPPIST-1e,15.0,False,643.0,0.0,45.0,0.0,10.0,698.0,0,5643,3,0,F,1077.0,S,5,698.0
5287,5287,5644_01,Mars,True,TRAPPIST-1e,28.0,False,1909.0,0.0,0.0,0.0,6.0,1915.0,0,5644,1,1,F,1169.0,P,5,1915.0
5288,5288,5645_01,Earth,True,TRAPPIST-1e,24.0,False,0.0,117.0,2134.0,0.0,0.0,2251.0,0,5645,1,1,F,1078.0,S,13,2251.0
5289,5289,5646_01,Mars,True,55 Cancri e,39.0,False,0.0,0.0,0.0,0.0,0.0,0.0,1,5646,1,1,F,1079.0,S,0,0.0
5290,5290,5647_01,Europa,True,TRAPPIST-1e,35.0,False,0.0,0.0,0.0,0.0,0.0,0.0,1,5647,3,0,C,178.0,P,5,0.0
5291,5291,5647_02,Europa,True,55 Cancri e,52.0,False,0.0,1425.0,31.0,0.0,1320.0,2776.0,0,5647,3,0,C,178.0,P,5,2776.0
5292,5292,5647_03,Europa,True,TRAPPIST-1e,48.0,False,0.0,782.074074074074,0.0,2851.0,1478.0,4329.0,0,5647,3,0,C,178.0,P,3,5111.074074074074
5293,5293,5648_01,Europa,True,55 Cancri e,27.0,False,332.0,918.0,0.0,5.0,4817.0,6072.0,0,5648,2,0,C,179.0,P,4,6072.0
5294,5294,5648_02,Europa,True,55 Cancri e,50.0,False,0.0,103.0,0.0,240.0,8221.0,8564.0,0,5648,2,0,C,179.0,P,4,8564.0
5295,5295,5650_01,Earth,True,TRAPPIST-1e,24.0,False,56.0,22.0,285.0,1453.0,0.0,1816.0,0,5650,1,1,G,902.0,P,6,1816.0
5296,5296,5651_01,Earth,True,PSO J318.5-22,26.0,False,807.0,0.0,0.0,0.0,40.0,847.0,0,5651,1,1,G,915.0,S,9,847.0
5297,5297,5652_01,Earth,True,TRAPPIST-1e,24.0,False,215.0,0.0,0.0,0.0,350.0,565.0,0,5652,1,1,F,1171.0,P,3,565.0
5298,5298,5653_01,Earth,True,TRAPPIST-1e,15.0,False,0.0,0.0,0.0,0.0,0.0,0.0,1,5653,1,1,G,903.0,P,10,0.0
5299,5299,5655_01,Earth,True,PSO J318.5-22,42.0,False,1188.0,39.0,3.0,3.0,0.0,1233.0,0,5655,1,1,F,1172.0,P,15,1233.0
5300,5300,5659_01,Earth,True,TRAPPIST-1e,51.0,False,0.0,0.0,0.0,0.0,880.0,880.0,0,5659,1,1,F,1175.0,P,7,880.0
5301,5301,5661_01,Earth,True,PSO J318.5-22,43.0,False,635.0,53.0,0.0,3.0,0.0,691.0,0,5661,2,0,E,355.0,P,15,691.0
5302,5302,5661_02,Earth,True,55 Cancri e,31.0,False,0.0,0.0,0.0,0.0,0.0,0.0,1,5661,2,0,G,905.0,P,15,0.0
5303,5303,5662_01,Earth,True,TRAPPIST-1e,14.0,False,0.0,0.0,0.0,0.0,0.0,0.0,1,5662,2,0,G,916.0,S,12,0.0
5304,5304,5662_02,Earth,True,TRAPPIST-1e,31.0,False,13.0,0.0,0.0,679.0,0.0,692.0,0,5662,2,0,F,1080.0,S,12,692.0
5305,5305,5663_01,Europa,True,TRAPPIST-1e,33.0,False,0.0,1513.0,5.0,63.0,144.0,1725.0,0,5663,1,1,A,71.0,S,2,1725.0
5306,5306,5667_01,Earth,True,55 Cancri e,21.0,False,0.0,496.0,0.0,3867.0,30.0,4393.0,0,5667,1,1,G,906.0,P,5,4393.0
5307,5307,5671_01,Earth,True,TRAPPIST-1e,13.0,False,56.0,1706.0,15.0,0.0,23.0,1800.0,0,5671,1,1,G,907.0,P,8,1800.0
5308,5308,5673_01,Earth,True,TRAPPIST-1e,29.0,False,286.0,545.0,145.18691588785046,0.0,0.0,831.0,0,5673,1,1,F,1083.0,S,10,976.1869158878504
5309,5309,5674_01,Europa,True,TRAPPIST-1e,22.0,False,0.0,11594.0,0.0,10247.0,1.0,21842.0,0,5674,1,1,B,217.0,S,5,21842.0
5310,5310,5677_01,Mars,True,TRAPPIST-1e,22.0,False,1035.0,0.0,264.0,0.0,0.0,1299.0,0,5677,1,1,E,357.0,P,2,1299.0
5311,5311,5679_01,Earth,True,PSO J318.5-22,18.0,False,0.0,0.0,0.0,0.0,0.0,0.0,1,5679,3,0,G,920.0,S,18,0.0
5312,5312,5679_02,Earth,True,55 Cancri e,35.0,False,0.0,0.0,0.0,0.0,0.0,0.0,1,5679,3,0,G,920.0,S,18,0.0
5313,5313,5679_03,Earth,True,TRAPPIST-1e,20.0,False,0.0,0.0,0.0,0.0,0.0,0.0,1,5679,3,0,G,920.0,S,18,0.0
5314,5314,5680_01,Earth,True,TRAPPIST-1e,18.0,False,0.0,0.0,1609.0,0.0,0.0,1609.0,0,5680,1,1,E,359.0,P,6,1609.0
5315,5315,5681_01,Earth,True,TRAPPIST-1e,66.0,False,0.0,0.0,0.0,0.0,0.0,0.0,1,5681,1,1,G,921.0,S,9,0.0
5316,5316,5684_01,Europa,True,TRAPPIST-1e,33.0,False,0.0,0.0,0.0,0.0,0.0,0.0,1,5684,4,0,B,218.0,S,9,0.0
5317,5317,5684_02,Europa,True,55 Cancri e,48.0,False,0.0,0.0,0.0,0.0,0.0,0.0,1,5684,4,0,B,218.0,S,9,0.0
5318,5318,5684_03,Europa,True,55 Cancri e,38.0,False,0.0,1198.0,48.0,278.0,1244.0,2768.0,0,5684,4,0,B,218.0,S,9,2768.0
5319,5319,5684_04,Europa,True,TRAPPIST-1e,62.0,False,0.0,0.0,0.0,0.0,0.0,0.0,1,5684,4,0,B,218.0,S,8,0.0
5320,5320,5685_01,Earth,True,TRAPPIST-1e,19.0,False,0.0,0.0,0.0,0.0,0.0,0.0,1,5685,1,1,G,910.0,P,6,0.0
5321,5321,5686_01,Mars,True,55 Cancri e,44.0,False,2267.0,0.0,107.0,0.0,0.0,2374.0,0,5686,2,0,D,176.0,P,4,2374.0
5322,5322,5686_02,Mars,True,55 Cancri e,25.0,False,1410.0,123.0,26.0,9.0,812.0,2380.0,0,5686,2,0,D,180.0,P,4,2380.0
5323,5323,5687_01,Earth,True,TRAPPIST-1e,15.0,False,348.0,1627.0,0.0,0.0,0.0,1975.0,0,5687,1,1,F,1179.0,P,7,1975.0
5324,5324,5688_01,Earth,True,TRAPPIST-1e,20.0,False,12.0,177.0,1110.0,0.0,0.0,1299.0,0,5688,1,1,F,1084.0,S,7,1299.0
5325,5325,5689_01,Earth,True,TRAPPIST-1e,34.0,False,233.0,0.0,0.0,1054.0,156.0,1443.0,0,5689,1,1,F,1180.0,P,6,1443.0
5326,5326,5692_01,Mars,True,TRAPPIST-1e,23.0,False,821.0,0.0,863.0,664.0,0.0,2348.0,0,5692,1,1,E,360.0,P,4,2348.0
5327,5327,5693_01,Earth,True,TRAPPIST-1e,45.0,False,0.0,0.0,2332.0,84.0,0.0,2416.0,0,5693,1,1,F,1087.0,S,14,2416.0
5328,5328,5695_01,Earth,True,TRAPPIST-1e,39.0,False,0.0,0.0,0.0,0.0,0.0,0.0,1,5695,1,1,G,922.0,S,7,0.0
5329,5329,5696_01,Earth,True,PSO J318.5-22,33.0,False,0.0,0.0,0.0,0.0,0.0,0.0,1,5696,1,1,G,911.0,P,9,0.0
5330,5330,5698_01,Earth,True,TRAPPIST-1e,14.0,False,0.0,0.0,325.0,247.0,305.0,877.0,0,5698,2,0,F,1088.0,S,5,877.0
5331,5331,5698_02,Earth,True,TRAPPIST-1e,26.0,False,178.0,0.0,3.0,0.0,704.0,885.0,0,5698,2,0,G,923.0,S,5,885.0
5332,5332,5700_01,Earth,True,TRAPPIST-1e,47.0,False,0.0,0.0,0.0,0.0,0.0,0.0,1,5700,1,1,G,924.0,S,9,0.0
5333,5333,5701_01,Mars,True,TRAPPIST-1e,34.5,False,0.0,0.0,0.0,0.0,0.0,0.0,1,5701,1,1,D,173.0,S,5,0.0
5334,5334,5702_01,Earth,True,55 Cancri e,28.0,False,0.0,0.0,0.0,0.0,0.0,0.0,1,5702,1,1,G,912.0,P,6,0.0
5335,5335,5704_01,Earth,True,TRAPPIST-1e,22.0,False,0.0,0.0,0.0,0.0,0.0,0.0,1,5704,1,1,G,913.0,P,7,0.0
5336,5336,5705_01,Earth,True,TRAPPIST-1e,17.0,False,0.0,0.0,0.0,0.0,0.0,0.0,1,5705,1,1,G,925.0,S,11,0.0
5337,5337,5706_01,Earth,True,TRAPPIST-1e,16.0,False,0.0,458.0,725.0,0.0,0.0,1183.0,0,5706,2,0,F,1090.0,S,9,1183.0
5338,5338,5706_02,Earth,True,TRAPPIST-1e,9.0,False,0.0,0.0,0.0,0.0,0.0,0.0,1,5706,2,0,G,926.0,S,5,0.0
5339,5339,5707_01,Earth,True,TRAPPIST-1e,15.0,False,0.0,0.0,973.0,29.0,0.0,1002.0,0,5707,1,1,F,1091.0,S,8,1002.0
5340,5340,5709_01,Europa,True,TRAPPIST-1e,33.0,False,0.0,4372.0,0.0,4103.0,0.0,8475.0,0,5709,1,1,C,215.0,S,2,8475.0
5341,5341,5710_01,Earth,True,TRAPPIST-1e,61.0,False,0.0,166.0,1080.0,0.0,16.0,1262.0,0,5710,1,1,F,1092.0,S,7,1262.0
5342,5342,5711_01,Earth,True,TRAPPIST-1e,19.0,False,135.90983606557376,0.0,0.0,692.0,164.0,856.0,0,5711,1,1,F,1183.0,P,5,991.9098360655737
5343,5343,5712_01,Europa,True,TRAPPIST-1e,61.0,False,0.0,0.0,0.0,0.0,0.0,0.0,1,5712,1,1,E,371.0,S,7,0.0
5344,5344,5713_01,Earth,True,TRAPPIST-1e,42.0,False,0.0,29.0,317.0,434.0,45.0,825.0,0,5713,1,1,G,915.0,P,5,825.0
5345,5345,5714_01,Earth,True,TRAPPIST-1e,4.0,False,0.0,0.0,0.0,0.0,0.0,0.0,1,5714,5,0,G,916.0,P,11,0.0
5346,5346,5714_02,Earth,True,TRAPPIST-1e,12.0,False,0.0,0.0,0.0,0.0,0.0,0.0,1,5714,5,0,G,916.0,P,11,0.0
5347,5347,5714_03,Earth,True,TRAPPIST-1e,0.0,False,0.0,0.0,0.0,0.0,0.0,0.0,1,5714,5,0,G,916.0,P,7,0.0
5348,5348,5714_04,Earth,True,TRAPPIST-1e,19.0,False,0.0,0.0,0.0,0.0,0.0,0.0,1,5714,5,0,G,916.0,P,7,0.0
5349,5349,5714_05,Earth,True,TRAPPIST-1e,9.0,False,0.0,0.0,0.0,0.0,0.0,0.0,1,5714,5,0,G,916.0,P,7,0.0
5350,5350,5716_01,Earth,True,PSO J318.5-22,29.0,False,0.0,173.0,0.0,0.0,1155.0,1328.0,0,5716,1,1,F,1093.0,S,6,1328.0
5351,5351,5717_01,Earth,True,TRAPPIST-1e,59.0,False,0.0,664.0,0.0,144.0,141.0,949.0,0,5717,1,1,G,917.0,P,7,949.0
5352,5352,5718_01,Earth,True,TRAPPIST-1e,20.0,False,0.0,0.0,0.0,0.0,0.0,0.0,1,5718,1,1,G,927.0,S,5,0.0
5353,5353,5719_01,Earth,True,TRAPPIST-1e,70.0,False,390.0,0.0,0.0,0.0,518.0,908.0,0,5719,2,0,G,918.0,P,12,908.0
5354,5354,5719_02,Earth,True,TRAPPIST-1e,3.0,False,0.0,0.0,0.0,0.0,0.0,0.0,1,5719,2,0,G,918.0,P,12,0.0
5355,5355,5721_01,Europa,True,TRAPPIST-1e,37.0,False,0.0,0.0,0.0,0.0,0.0,0.0,1,5721,2,0,B,219.0,S,7,0.0
5356,5356,5721_02,Europa,True,TRAPPIST-1e,58.0,False,0.0,1975.0,598.0,7.0,3726.0,6306.0,0,5721,2,0,B,219.0,S,7,6306.0
5357,5357,5722_01,Earth,True,TRAPPIST-1e,44.0,False,69.0,0.0,17.0,176.0,2105.0,2367.0,0,5722,1,1,G,928.0,S,3,2367.0
5358,5358,5723_01,Mars,True,TRAPPIST-1e,24.0,False,0.0,0.0,0.0,0.0,0.0,0.0,1,5723,1,1,E,372.0,S,1,0.0
5359,5359,5724_01,Earth,True,PSO J318.5-22,20.0,False,0.0,0.0,0.0,0.0,0.0,0.0,1,5724,1,1,G,919.0,P,6,0.0
5360,5360,5725_01,Earth,True,TRAPPIST-1e,24.0,False,156.0,0.0,364.0,489.0,383.0,1392.0,0,5725,1,1,F,1094.0,S,10,1392.0
5361,5361,5726_01,Europa,True,55 Cancri e,27.0,False,0.0,0.0,0.0,0.0,0.0,0.0,1,5726,1,1,B,192.0,P,2,0.0
5362,5362,5727_01,Earth,True,55 Cancri e,28.0,False,0.0,0.0,0.0,711.0,0.0,711.0,0,5727,1,1,G,920.0,P,8,711.0
5363,5363,5728_01,Earth,True,TRAPPIST-1e,24.0,False,0.0,217.0,0.0,77.0,510.0,804.0,0,5728,1,1,F,1185.0,P,12,804.0
5364,5364,5729_01,Mars,True,TRAPPIST-1e,29.0,False,0.0,0.0,0.0,0.0,0.0,0.0,1,5729,1,1,F,1186.0,P,3,0.0
5365,5365,5730_01,Earth,True,TRAPPIST-1e,25.0,False,2029.0,1.0,0.0,0.0,121.0,2151.0,0,5730,1,1,F,1187.0,P,14,2151.0
5366,5366,5732_01,Earth,True,TRAPPIST-1e,20.0,False,0.0,0.0,53.0,2.0,754.0,809.0,0,5732,1,1,G,921.0,P,7,809.0
5367,5367,5733_01,Earth,True,55 Cancri e,34.0,False,0.0,1745.0,6.0,5.0,37.0,1793.0,0,5733,2,0,G,922.0,P,9,1793.0
5368,5368,5733_02,Earth,True,TRAPPIST-1e,28.0,False,0.0,0.0,0.0,1191.0,109.0,1300.0,0,5733,2,0,F,1188.0,P,6,1300.0
5369,5369,5735_01,Earth,True,TRAPPIST-1e,20.0,False,0.0,0.0,0.0,0.0,0.0,0.0,1,5735,1,1,E,362.0,P,8,0.0
5370,5370,5736_01,Earth,True,TRAPPIST-1e,23.0,False,1.0,191.29268292682926,1.0,0.0,618.0,620.0,0,5736,1,1,F,1189.0,P,9,811.2926829268292
5371,5371,5737_01,Europa,True,TRAPPIST-1e,39.0,False,0.0,11856.0,13.0,39.0,3.0,11911.0,0,5737,2,0,C,216.0,S,3,11911.0
5372,5372,5737_02,Europa,True,TRAPPIST-1e,35.0,False,0.0,7636.0,0.0,353.0,705.0,8694.0,0,5737,2,0,C,216.0,S,3,8694.0
5373,5373,5738_01,Earth,True,TRAPPIST-1e,18.0,False,0.0,0.0,0.0,0.0,0.0,0.0,1,5738,1,1,G,929.0,S,11,0.0
5374,5374,5739_01,Earth,True,TRAPPIST-1e,20.0,False,0.0,0.0,0.0,0.0,0.0,0.0,1,5739,1,1,G,930.0,S,6,0.0
5375,5375,5740_01,Europa,True,TRAPPIST-1e,42.0,False,0.0,16.0,0.0,144.0,7492.0,7652.0,0,5740,2,0,A,52.0,P,3,7652.0
5376,5376,5740_02,Europa,True,55 Cancri e,32.0,False,70.0,764.0,724.0,547.0,1297.0,3402.0,0,5740,2,0,A,52.0,P,2,3402.0
5377,5377,5742_01,Earth,True,55 Cancri e,50.0,False,57.0,29.0,0.0,0.0,643.0,729.0,0,5742,1,1,F,1096.0,S,12,729.0
5378,5378,5744_01,Earth,True,TRAPPIST-1e,23.0,False,0.0,37.0,859.0,9.0,1.0,906.0,0,5744,1,1,G,931.0,S,18,906.0
5379,5379,5746_01,Earth,True,TRAPPIST-1e,19.0,False,0.0,173.23651452282158,0.0,5381.0,139.0,5520.0,0,5746,1,1,G,932.0,S,12,5693.236514522821
5380,5380,5747_01,Earth,True,TRAPPIST-1e,29.0,False,715.0,47.0,0.0,0.0,0.0,762.0,0,5747,1,1,F,1192.0,P,5,762.0
5381,5381,5748_01,Europa,True,TRAPPIST-1e,35.0,True,247.0,436.0,459.0,1.0,1984.0,3127.0,0,5748,1,1,A,53.0,P,5,3127.0
5382,5382,5750_01,Earth,True,TRAPPIST-1e,18.0,False,0.0,625.0,0.0,0.0,356.0,981.0,0,5750,1,1,E,363.0,P,4,981.0
5383,5383,5751_01,Earth,True,PSO J318.5-22,24.0,False,160.0,20.0,39.0,552.0,1.0,772.0,0,5751,1,1,G,924.0,P,0,772.0
5384,5384,5755_01,Earth,True,TRAPPIST-1e,23.0,False,88.0,0.0,586.0,0.0,0.0,674.0,0,5755,1,1,G,933.0,S,11,674.0
5385,5385,5756_01,Earth,True,TRAPPIST-1e,51.0,False,542.0,0.0,360.0,0.0,0.0,902.0,0,5756,8,0,F,1194.0,P,10,902.0
5386,5386,5756_02,Earth,True,TRAPPIST-1e,42.0,False,439.0,0.0,0.0,0.0,254.0,693.0,0,5756,8,0,F,1194.0,P,18,693.0
5387,5387,5756_03,Earth,True,PSO J318.5-22,19.0,False,5.0,0.0,0.0,716.0,0.0,721.0,0,5756,8,0,F,1194.0,P,18,721.0
5388,5388,5756_04,Earth,False,TRAPPIST-1e,23.0,False,0.0,0.0,0.0,0.0,0.0,0.0,1,5756,8,0,F,1194.0,P,18,0.0
5389,5389,5756_05,Earth,True,TRAPPIST-1e,19.0,False,0.0,0.0,0.0,0.0,0.0,0.0,1,5756,8,0,F,1194.0,P,18,0.0
5390,5390,5756_06,Earth,True,PSO J318.5-22,22.0,False,158.0,0.0,476.0,0.0,26.0,660.0,0,5756,8,0,F,1194.0,P,18,660.0
5391,5391,5756_07,Earth,True,TRAPPIST-1e,25.0,False,12.0,6.0,2817.0,342.0,0.0,3177.0,0,5756,8,0,F,1144.0,P,8,3177.0
5392,5392,5756_08,Earth,True,PSO J318.5-22,31.0,False,11.0,0.0,0.0,1912.0,1120.0,3043.0,0,5756,8,0,F,1194.0,P,18,3043.0
5393,5393,5757_01,Earth,True,TRAPPIST-1e,23.0,False,0.0,0.0,0.0,558.0,1.0,559.0,0,5757,1,1,F,1195.0,P,2,559.0
5394,5394,5758_01,Earth,True,TRAPPIST-1e,22.0,False,0.0,0.0,0.0,0.0,0.0,0.0,1,5758,1,1,G,934.0,S,7,0.0
5395,5395,5761_01,Europa,True,TRAPPIST-1e,55.0,False,0.0,0.0,0.0,0.0,0.0,0.0,1,5761,1,1,B,220.0,S,1,0.0
5396,5396,5763_01,Earth,True,TRAPPIST-1e,40.0,False,0.0,0.0,56.0,1.0,642.0,699.0,0,5763,2,0,F,1099.0,S,6,699.0
5397,5397,5763_02,Earth,True,TRAPPIST-1e,24.0,False,171.36486486486487,0.0,0.0,838.0,193.0,1031.0,0,5763,2,0,F,1099.0,S,6,1202.364864864865
5398,5398,5764_01,Earth,True,TRAPPIST-1e,25.0,False,0.0,0.0,1037.0,8.0,1.0,1046.0,0,5764,1,1,F,1100.0,S,12,1046.0
5399,5399,5765_01,Europa,True,TRAPPIST-1e,42.0,False,0.0,1871.0,0.0,570.0,199.0,2640.0,0,5765,1,1,C,181.0,P,4,2640.0
5400,5400,5767_01,Earth,True,PSO J318.5-22,33.0,False,0.0,0.0,0.0,0.0,0.0,0.0,1,5767,1,1,G,936.0,S,6,0.0
5401,5401,5768_01,Europa,True,TRAPPIST-1e,54.0,False,0.0,0.0,0.0,0.0,0.0,0.0,1,5768,2,0,B,193.0,P,3,0.0
5402,5402,5768_02,Europa,True,55 Cancri e,22.0,False,0.0,0.0,0.0,0.0,0.0,0.0,1,5768,2,0,B,193.0,P,3,0.0
5403,5403,5769_01,Europa,True,TRAPPIST-1e,22.0,False,0.0,0.0,0.0,0.0,0.0,0.0,1,5769,2,0,B,194.0,P,4,0.0
5404,5404,5769_02,Europa,True,55 Cancri e,19.0,False,0.0,0.0,0.0,0.0,0.0,0.0,1,5769,2,0,B,194.0,P,4,0.0
5405,5405,5771_01,Earth,True,TRAPPIST-1e,47.0,False,0.0,868.0,0.0,4.0,156.8780487804878,872.0,0,5771,1,1,G,937.0,S,9,1028.878048780488
5406,5406,5772_01,Mars,True,55 Cancri e,23.0,False,610.0,858.0,75.0,1358.0,0.0,2901.0,0,5772,1,1,F,1197.0,P,4,2901.0
5407,5407,5773_01,Europa,True,55 Cancri e,61.0,False,0.0,0.0,0.0,0.0,0.0,0.0,1,5773,1,1,C,217.0,S,6,0.0
5408,5408,5776_01,Earth,True,TRAPPIST-1e,21.0,False,0.0,128.0,209.0,4.0,383.0,724.0,0,5776,1,1,F,1102.0,S,4,724.0
5409,5409,5777_01,Earth,True,PSO J318.5-22,46.0,False,559.0,25.0,244.7872340425532,22.0,765.0,1371.0,0,5777,1,1,F,1199.0,P,15,1615.7872340425533
5410,5410,5778_01,Earth,True,TRAPPIST-1e,36.0,False,0.0,0.0,0.0,0.0,907.0,907.0,0,5778,1,1,G,926.0,P,5,907.0
5411,5411,5779_01,Earth,True,TRAPPIST-1e,15.0,False,0.0,706.0,0.0,100.416,0.0,706.0,0,5779,1,1,G,938.0,S,9,806.4159999999999
5412,5412,5780_01,Europa,True,TRAPPIST-1e,33.0,False,2233.0,6408.0,166.09259259259258,23.0,273.0,8937.0,0,5780,3,0,B,195.0,P,14,9103.092592592593
5413,5413,5780_02,Europa,True,TRAPPIST-1e,35.0,False,0.0,0.0,0.0,0.0,0.0,0.0,1,5780,3,0,B,195.0,P,14,0.0
5414,5414,5780_03,Europa,True,55 Cancri e,21.0,False,0.0,0.0,0.0,0.0,0.0,0.0,1,5780,3,0,B,195.0,P,14,0.0
5415,5415,5781_01,Earth,True,55 Cancri e,21.0,False,0.0,0.0,0.0,1.0,594.0,595.0,0,5781,1,1,F,1200.0,P,6,595.0
5416,5416,5783_01,Earth,True,55 Cancri e,43.0,False,0.0,1197.0,0.0,223.0,1.0,1421.0,0,5783,1,1,F,1201.0,P,7,1421.0
5417,5417,5785_01,Earth,True,PSO J318.5-22,34.0,False,571.0,0.0,0.0,0.0,0.0,571.0,0,5785,1,1,F,1104.0,S,9,571.0
5418,5418,5786_01,Earth,True,PSO J318.5-22,47.0,False,14.0,3.0,0.0,1720.0,0.0,1737.0,0,5786,1,1,G,928.0,P,2,1737.0
5419,5419,5788_01,Mars,True,TRAPPIST-1e,27.0,False,850.0,0.0,681.0,1.0,0.0,1532.0,0,5788,1,1,F,1105.0,S,4,1532.0
5420,5420,5790_01,Europa,True,TRAPPIST-1e,46.0,False,0.0,1068.0,945.0,2587.0,811.0,5411.0,0,5790,1,1,C,218.0,S,13,5411.0
5421,5421,5791_01,Earth,True,TRAPPIST-1e,46.0,False,183.0,7.0,637.0,182.0,5.0,1014.0,0,5791,1,1,G,941.0,S,15,1014.0
5422,5422,5792_01,Europa,True,55 Cancri e,40.0,False,0.0,3338.0,0.0,6344.0,199.0,9881.0,0,5792,1,1,B,196.0,P,3,9881.0
5423,5423,5793_01,Europa,True,55 Cancri e,59.0,False,0.0,0.0,0.0,0.0,0.0,0.0,1,5793,1,1,E,375.0,S,6,0.0
5424,5424,5794_01,Europa,True,TRAPPIST-1e,45.0,False,0.0,1202.0,149.0,1472.0,3379.0,6202.0,0,5794,1,1,D,182.0,P,6,6202.0
5425,5425,5795_01,Earth,True,PSO J318.5-22,19.0,False,0.0,95.0,595.0,0.0,0.0,690.0,0,5795,1,1,F,1106.0,S,9,690.0
5426,5426,5796_01,Mars,True,TRAPPIST-1e,32.0,False,6769.0,0.0,432.8478260869565,113.0,1.0,6883.0,0,5796,1,1,F,1107.0,S,9,7315.847826086956
5427,5427,5799_01,Mars,True,55 Cancri e,39.0,False,0.0,0.0,0.0,0.0,0.0,0.0,1,5799,1,1,F,1108.0,S,5,0.0
5428,5428,5800_01,Earth,True,TRAPPIST-1e,40.0,False,661.0,0.0,830.0,0.0,6.0,1497.0,0,5800,1,1,F,1203.0,P,9,1497.0
5429,5429,5802_01,Mars,True,TRAPPIST-1e,44.0,False,815.0,219.0,22.0,0.0,0.0,1056.0,0,5802,1,1,D,175.0,S,4,1056.0
5430,5430,5804_01,Earth,True,TRAPPIST-1e,26.0,False,0.0,0.0,0.0,0.0,0.0,0.0,1,5804,1,1,G,933.0,P,13,0.0
5431,5431,5806_01,Earth,True,TRAPPIST-1e,22.0,False,514.0,0.0,2.0,129.0,583.0,1228.0,0,5806,1,1,F,1109.0,S,2,1228.0
5432,5432,5808_01,Earth,True,TRAPPIST-1e,2.0,False,0.0,0.0,0.0,0.0,0.0,0.0,1,5808,3,0,G,934.0,P,12,0.0
5433,5433,5808_02,Earth,True,TRAPPIST-1e,18.0,False,0.0,3.0,41.0,359.0,393.0,796.0,0,5808,3,0,F,1204.0,P,12,796.0
5434,5434,5808_03,Earth,True,TRAPPIST-1e,53.0,False,751.0,0.0,117.5,7.0,0.0,758.0,0,5808,3,0,F,1204.0,P,12,875.5
5435,5435,5809_01,Earth,True,TRAPPIST-1e,22.0,False,104.0,511.0,254.0,425.0,4.0,1298.0,0,5809,2,0,F,1205.0,P,15,1298.0
5436,5436,5809_02,Earth,True,TRAPPIST-1e,46.0,False,0.0,98.0,2077.0,0.0,0.0,2175.0,0,5809,2,0,F,1205.0,P,15,2175.0
5437,5437,5810_01,Earth,True,TRAPPIST-1e,28.0,False,0.0,0.0,0.0,0.0,0.0,0.0,1,5810,2,0,G,935.0,P,5,0.0
5438,5438,5810_02,Earth,True,TRAPPIST-1e,31.0,False,0.0,1489.0,68.0,6.0,0.0,1563.0,0,5810,2,0,E,366.0,P,5,1563.0
5439,5439,5811_01,Europa,True,55 Cancri e,36.0,False,1.0,4058.0,95.0,0.0,2109.0,6263.0,0,5811,2,0,A,54.0,P,6,6263.0
5440,5440,5811_02,Europa,True,55 Cancri e,46.0,False,35.0,3953.0,0.0,2108.0,0.0,6096.0,0,5811,2,0,A,54.0,P,6,6096.0
5441,5441,5812_01,Earth,True,TRAPPIST-1e,0.0,False,0.0,0.0,0.0,0.0,0.0,0.0,1,5812,6,0,G,943.0,S,17,0.0
5442,5442,5812_02,Earth,True,TRAPPIST-1e,3.0,False,0.0,0.0,0.0,0.0,0.0,0.0,1,5812,6,0,G,943.0,S,17,0.0
5443,5443,5812_03,Earth,True,TRAPPIST-1e,12.0,False,0.0,0.0,0.0,0.0,0.0,0.0,1,5812,6,0,G,943.0,S,17,0.0
5444,5444,5812_04,Earth,True,TRAPPIST-1e,2.0,False,0.0,0.0,0.0,0.0,0.0,0.0,1,5812,6,0,G,943.0,S,17,0.0
5445,5445,5812_05,Earth,True,TRAPPIST-1e,41.0,False,0.0,0.0,0.0,0.0,0.0,0.0,1,5812,6,0,G,943.0,S,17,0.0
5446,5446,5812_06,Earth,True,55 Cancri e,11.0,False,0.0,0.0,0.0,0.0,0.0,0.0,1,5812,6,0,G,943.0,S,17,0.0
5447,5447,5813_01,Earth,True,TRAPPIST-1e,41.0,False,0.0,0.0,0.0,0.0,0.0,0.0,1,5813,1,1,G,936.0,P,9,0.0
5448,5448,5814_01,Mars,True,TRAPPIST-1e,17.0,False,513.0,0.0,669.0,0.0,0.0,1182.0,0,5814,7,0,D,176.0,S,12,1182.0
5449,5449,5814_02,Mars,True,55 Cancri e,21.0,False,0.0,0.0,0.0,0.0,0.0,0.0,1,5814,7,0,D,176.0,S,12,0.0
5450,5450,5814_03,Mars,True,55 Cancri e,21.0,False,0.0,0.0,0.0,0.0,0.0,0.0,1,5814,7,0,D,176.0,S,12,0.0
5451,5451,5814_04,Mars,True,TRAPPIST-1e,27.0,False,89.0,888.0,51.0,5.0,0.0,1033.0,0,5814,7,0,D,176.0,S,12,1033.0
5452,5452,5814_05,Mars,True,TRAPPIST-1e,54.0,False,0.0,0.0,0.0,0.0,0.0,0.0,1,5814,7,0,D,176.0,S,12,0.0
5453,5453,5814_06,Mars,True,TRAPPIST-1e,15.0,False,2309.0,0.0,1142.0,1.0,10.0,3462.0,0,5814,7,0,D,176.0,S,12,3462.0
5454,5454,5814_07,Mars,True,TRAPPIST-1e,39.0,False,0.0,0.0,0.0,0.0,0.0,0.0,1,5814,7,0,D,176.0,S,12,0.0
5455,5455,5816_01,Earth,True,TRAPPIST-1e,31.0,False,1.0,0.0,7.0,0.0,387.0,395.0,0,5816,1,1,G,937.0,P,4,395.0
5456,5456,5817_01,Mars,True,TRAPPIST-1e,28.0,False,0.0,0.0,0.0,0.0,0.0,0.0,1,5817,1,1,F,1111.0,S,9,0.0
5457,5457,5818_01,Earth,True,TRAPPIST-1e,21.0,False,3553.0,5.0,0.0,0.0,2.0,3560.0,0,5818,1,1,G,938.0,P,5,3560.0
5458,5458,5819_01,Europa,True,TRAPPIST-1e,29.0,False,0.0,0.0,0.0,0.0,0.0,0.0,1,5819,1,1,B,221.0,S,2,0.0
5459,5459,5820_01,Earth,True,TRAPPIST-1e,45.0,False,112.0,406.0,198.0,0.0,0.0,716.0,0,5820,1,1,F,1112.0,S,5,716.0
5460,5460,5821_01,Europa,True,55 Cancri e,44.0,False,0.0,496.0,99.0,317.0,5615.0,6527.0,0,5821,1,1,C,183.0,P,6,6527.0
5461,5461,5822_01,Earth,True,TRAPPIST-1e,12.0,False,0.0,0.0,0.0,0.0,0.0,0.0,1,5822,1,1,G,939.0,P,5,0.0
5462,5462,5823_01,Earth,True,55 Cancri e,18.0,False,0.0,0.0,0.0,0.0,0.0,0.0,1,5823,1,1,G,944.0,S,7,0.0
5463,5463,5824_01,Earth,True,55 Cancri e,20.0,False,0.0,0.0,0.0,0.0,0.0,0.0,1,5824,1,1,G,940.0,P,7,0.0
5464,5464,5825_01,Europa,True,TRAPPIST-1e,43.0,False,0.0,8808.0,0.0,580.0,0.0,9388.0,0,5825,1,1,B,198.0,P,4,9388.0
5465,5465,5826_01,Europa,True,55 Cancri e,46.0,False,0.0,0.0,0.0,0.0,0.0,0.0,1,5826,1,1,E,367.0,P,2,0.0
5466,5466,5827_01,Earth,True,TRAPPIST-1e,53.0,False,0.0,68.0,0.0,920.0,4.0,992.0,0,5827,1,1,G,945.0,S,12,992.0
5467,5467,5828_01,Earth,True,TRAPPIST-1e,21.0,False,621.0,0.0,0.0,0.0,0.0,621.0,0,5828,1,1,G,941.0,P,5,621.0
5468,5468,5829_01,Earth,True,TRAPPIST-1e,23.0,False,0.0,21.0,0.0,0.0,716.0,737.0,0,5829,1,1,F,1113.0,S,15,737.0
5469,5469,5831_01,Earth,True,55 Cancri e,9.0,False,0.0,0.0,0.0,0.0,0.0,0.0,1,5831,1,1,F,1159.0,Z,5,0.0
5470,5470,5834_01,Earth,True,TRAPPIST-1e,19.0,False,546.0,11.0,0.0,325.0,218.0,1100.0,0,5834,1,1,F,1206.0,P,15,1100.0
5471,5471,5835_01,Earth,True,PSO J318.5-22,52.0,False,0.0,0.0,0.0,0.0,0.0,0.0,1,5835,1,1,G,946.0,S,5,0.0
5472,5472,5836_01,Europa,True,55 Cancri e,31.0,False,0.0,0.0,0.0,0.0,0.0,0.0,1,5836,1,1,B,222.0,S,4,0.0
5473,5473,5837_01,Earth,True,TRAPPIST-1e,62.0,False,761.0,15.0,0.0,0.0,156.46153846153845,776.0,0,5837,1,1,F,1114.0,S,9,932.4615384615385
5474,5474,5839_01,Europa,True,TRAPPIST-1e,27.0,False,0.0,0.0,0.0,0.0,0.0,0.0,1,5839,1,1,C,219.0,S,3,0.0
5475,5475,5840_01,Earth,True,TRAPPIST-1e,23.0,False,0.0,0.0,0.0,0.0,0.0,0.0,1,5840,1,1,G,946.0,P,14,0.0
5476,5476,5842_01,Europa,True,55 Cancri e,28.0,False,0.0,0.0,0.0,0.0,0.0,0.0,1,5842,2,0,C,220.0,S,3,0.0
5477,5477,5842_02,Europa,True,55 Cancri e,27.0,False,0.0,0.0,0.0,0.0,0.0,0.0,1,5842,2,0,C,220.0,S,9,0.0
5478,5478,5843_01,Earth,True,TRAPPIST-1e,58.0,False,0.0,0.0,0.0,0.0,0.0,0.0,1,5843,1,1,G,947.0,S,6,0.0
5479,5479,5844_01,Earth,True,55 Cancri e,24.0,False,0.0,30.0,835.0,0.0,0.0,865.0,0,5844,1,1,E,369.0,P,12,865.0
5480,5480,5846_01,Mars,True,TRAPPIST-1e,27.0,True,149.0,0.0,890.0,9.0,0.0,1048.0,0,5846,1,1,E,376.0,S,2,1048.0
5481,5481,5847_01,Earth,True,TRAPPIST-1e,33.0,False,36.0,0.0,0.0,1415.0,0.0,1451.0,0,5847,1,1,F,1115.0,S,8,1451.0
5482,5482,5848_01,Earth,True,TRAPPIST-1e,28.0,False,229.0,761.0,0.0,0.0,6.0,996.0,0,5848,1,1,E,377.0,S,13,996.0
5483,5483,5849_01,Earth,True,TRAPPIST-1e,39.0,False,0.0,0.0,0.0,0.0,1104.0,1104.0,0,5849,1,1,F,1208.0,P,10,1104.0
5484,5484,5852_01,Earth,True,TRAPPIST-1e,27.0,False,0.0,0.0,0.0,727.0,260.0,987.0,0,5852,1,1,E,370.0,P,7,987.0
5485,5485,5854_01,Earth,True,TRAPPIST-1e,36.0,False,0.0,75.0,106.0,0.0,1903.0,2084.0,0,5854,1,1,F,1117.0,S,4,2084.0
5486,5486,5855_01,Earth,True,TRAPPIST-1e,64.0,False,0.0,623.0,1827.0,0.0,0.0,2450.0,0,5855,2,0,F,1209.0,P,10,2450.0
5487,5487,5855_02,Earth,True,PSO J318.5-22,41.0,False,0.0,0.0,687.0,0.0,65.0,752.0,0,5855,2,0,G,949.0,P,10,752.0
5488,5488,5856_01,Europa,True,55 Cancri e,26.0,False,0.0,0.0,0.0,0.0,0.0,0.0,1,5856,2,0,B,199.0,P,5,0.0
5489,5489,5856_02,Europa,True,TRAPPIST-1e,27.0,False,0.0,0.0,0.0,0.0,0.0,0.0,1,5856,2,0,B,199.0,P,5,0.0
5490,5490,5857_01,Europa,True,TRAPPIST-1e,32.0,False,0.0,2.0,64.0,139.0,3831.0,4036.0,0,5857,1,1,E,378.0,S,2,4036.0
5491,5491,5858_01,Earth,True,55 Cancri e,22.0,False,483.0,0.0,0.0,304.0,21.0,808.0,0,5858,1,1,G,948.0,S,3,808.0
5492,5492,5859_01,Earth,True,TRAPPIST-1e,23.0,False,0.0,456.0,2624.0,912.0,8.0,4000.0,0,5859,1,1,E,371.0,P,7,4000.0
5493,5493,5860_01,Mars,True,TRAPPIST-1e,40.0,False,7.0,0.0,6.0,1206.0,88.0,1307.0,0,5860,3,0,F,1118.0,S,7,1307.0
5494,5494,5860_02,Mars,True,TRAPPIST-1e,2.0,False,0.0,0.0,0.0,0.0,0.0,0.0,1,5860,3,0,F,1118.0,S,7,0.0
5495,5495,5860_03,Mars,True,TRAPPIST-1e,0.0,False,0.0,0.0,0.0,0.0,0.0,0.0,1,5860,3,0,F,1118.0,S,7,0.0
5496,5496,5861_01,Earth,True,TRAPPIST-1e,27.0,False,0.0,1774.0,0.0,17.0,13.0,1804.0,0,5861,1,1,G,949.0,S,15,1804.0
5497,5497,5863_01,Earth,True,55 Cancri e,0.0,False,0.0,0.0,0.0,0.0,0.0,0.0,1,5863,2,0,G,950.0,P,6,0.0
5498,5498,5863_02,Earth,True,TRAPPIST-1e,17.0,False,0.0,566.0,18.0,318.0,0.0,902.0,0,5863,2,0,F,1210.0,P,6,902.0
5499,5499,5867_01,Earth,True,TRAPPIST-1e,45.0,False,214.28571428571428,0.0,0.0,1501.0,24.0,1525.0,0,5867,1,1,F,1212.0,P,10,1739.2857142857142
5500,5500,5868_01,Earth,True,TRAPPIST-1e,62.0,False,104.0,53.0,194.0,436.0,0.0,787.0,0,5868,1,1,E,379.0,S,5,787.0
5501,5501,5869_01,Earth,True,55 Cancri e,14.0,False,0.0,0.0,0.0,0.0,0.0,0.0,1,5869,1,1,G,952.0,S,9,0.0
5502,5502,5871_01,Earth,True,55 Cancri e,24.0,False,0.0,1369.0,848.0,0.0,0.0,2217.0,0,5871,1,1,F,1120.0,S,9,2217.0
5503,5503,5874_01,Earth,True,PSO J318.5-22,51.0,False,0.0,0.0,0.0,0.0,0.0,0.0,1,5874,1,1,G,953.0,S,3,0.0
5504,5504,5875_01,Earth,True,TRAPPIST-1e,49.0,False,20.0,0.0,0.0,769.0,0.0,789.0,0,5875,1,1,E,381.0,S,8,789.0
5505,5505,5876_01,Mars,True,TRAPPIST-1e,52.0,False,1364.0,131.0,444.0,0.0,0.0,1939.0,0,5876,3,0,D,184.0,P,9,1939.0
5506,5506,5876_02,Mars,True,55 Cancri e,35.0,False,0.0,0.0,0.0,0.0,0.0,0.0,1,5876,3,0,F,1213.0,P,9,0.0
5507,5507,5876_03,Mars,True,TRAPPIST-1e,22.0,False,0.0,0.0,0.0,0.0,0.0,0.0,1,5876,3,0,F,1213.0,P,9,0.0
5508,5508,5877_01,Earth,True,TRAPPIST-1e,17.0,False,0.0,0.0,1552.0,0.0,241.8190476190476,1552.0,0,5877,1,1,F,1121.0,S,8,1793.8190476190475
5509,5509,5878_01,Europa,True,55 Cancri e,47.0,False,0.0,0.0,0.0,0.0,0.0,0.0,1,5878,1,1,B,224.0,S,9,0.0
5510,5510,5879_01,Mars,True,TRAPPIST-1e,25.0,False,0.0,0.0,0.0,0.0,0.0,0.0,1,5879,1,1,F,1122.0,S,7,0.0
5511,5511,5880_01,Earth,True,TRAPPIST-1e,11.0,False,0.0,0.0,0.0,0.0,0.0,0.0,1,5880,1,1,G,953.0,P,6,0.0
5512,5512,5882_01,Earth,True,TRAPPIST-1e,17.0,False,18.0,10.0,73.0,0.0,1049.0,1150.0,0,5882,1,1,F,1214.0,P,9,1150.0
5513,5513,5885_01,Earth,True,TRAPPIST-1e,41.0,False,8.0,532.0,0.0,0.0,100.0,640.0,0,5885,8,0,F,1123.0,S,16,640.0
5514,5514,5885_02,Earth,True,TRAPPIST-1e,55.0,False,0.0,0.0,0.0,507.0,909.0,1416.0,0,5885,8,0,F,1123.0,S,16,1416.0
5515,5515,5885_03,Earth,True,TRAPPIST-1e,29.0,False,0.0,2395.0,7.0,20.0,6.0,2428.0,0,5885,8,0,F,1123.0,S,16,2428.0
5516,5516,5885_04,Earth,True,TRAPPIST-1e,19.0,False,0.0,0.0,0.0,888.0,0.0,888.0,0,5885,8,0,G,954.0,S,16,888.0
5517,5517,5885_05,Earth,True,55 Cancri e,23.0,False,0.0,0.0,0.0,0.0,0.0,0.0,1,5885,8,0,G,954.0,S,16,0.0
5518,5518,5885_06,Earth,True,TRAPPIST-1e,32.0,False,4518.0,914.0,0.0,93.0,0.0,5525.0,0,5885,8,0,G,954.0,S,16,5525.0
5519,5519,5885_07,Earth,True,TRAPPIST-1e,27.0,False,0.0,0.0,0.0,0.0,1818.0,1818.0,0,5885,8,0,G,954.0,S,16,1818.0
5520,5520,5885_08,Earth,True,TRAPPIST-1e,25.0,False,0.0,0.0,892.0,0.0,0.0,892.0,0,5885,8,0,G,954.0,S,16,892.0
5521,5521,5886_01,Mars,True,TRAPPIST-1e,24.0,False,10.0,49.0,366.51162790697674,1497.0,10.0,1566.0,0,5886,2,0,F,1216.0,P,3,1932.5116279069766
5522,5522,5886_02,Mars,True,TRAPPIST-1e,30.0,False,0.0,0.0,0.0,0.0,0.0,0.0,1,5886,2,0,E,373.0,P,3,0.0
5523,5523,5887_01,Earth,True,PSO J318.5-22,50.0,False,781.0,2.0,0.0,61.0,0.0,844.0,0,5887,2,0,E,374.0,P,9,844.0
5524,5524,5887_02,Earth,True,TRAPPIST-1e,51.0,False,201.0,574.0,40.0,0.0,11.0,826.0,0,5887,2,0,F,1217.0,P,9,826.0
5525,5525,5888_01,Mars,True,55 Cancri e,27.0,False,1331.0,0.0,0.0,0.0,0.0,1331.0,0,5888,2,0,F,1218.0,P,4,1331.0
5526,5526,5888_02,Mars,True,TRAPPIST-1e,35.0,False,750.0,0.0,0.0,0.0,1065.0,1815.0,0,5888,2,0,F,1218.0,P,4,1815.0
5527,5527,5889_01,Earth,True,TRAPPIST-1e,48.0,False,0.0,0.0,790.0,2368.0,1292.0,4450.0,0,5889,1,1,G,954.0,P,3,4450.0
5528,5528,5890_01,Earth,True,TRAPPIST-1e,27.0,False,0.0,0.0,0.0,0.0,0.0,0.0,1,5890,1,1,G,955.0,S,11,0.0
5529,5529,5891_01,Earth,True,PSO J318.5-22,19.0,False,0.0,0.0,0.0,0.0,0.0,0.0,1,5891,1,1,G,955.0,P,7,0.0
5530,5530,5894_01,Earth,True,PSO J318.5-22,18.0,False,0.0,0.0,0.0,0.0,0.0,0.0,1,5894,1,1,G,957.0,S,12,0.0
5531,5531,5897_01,Europa,False,55 Cancri e,25.0,False,0.0,0.0,0.0,0.0,0.0,0.0,1,5897,1,1,C,221.0,S,0,0.0
5532,5532,5898_01,Earth,True,55 Cancri e,41.0,False,0.0,0.0,0.0,0.0,0.0,0.0,1,5898,1,1,G,958.0,S,16,0.0
5533,5533,5900_01,Mars,True,TRAPPIST-1e,62.0,False,0.0,0.0,0.0,0.0,0.0,0.0,1,5900,3,0,F,1220.0,P,6,0.0
5534,5534,5900_02,Mars,True,TRAPPIST-1e,30.0,False,0.0,0.0,0.0,0.0,0.0,0.0,1,5900,3,0,F,1220.0,P,6,0.0
5535,5535,5900_03,Mars,True,TRAPPIST-1e,6.0,False,0.0,0.0,0.0,0.0,0.0,0.0,1,5900,3,0,F,1220.0,P,6,0.0
5536,5536,5901_01,Earth,True,55 Cancri e,15.0,False,0.0,40.0,0.0,0.0,839.0,879.0,0,5901,1,1,F,1221.0,P,16,879.0
5537,5537,5902_01,Mars,True,PSO J318.5-22,34.0,False,162.0,0.0,690.0,28.0,0.0,880.0,0,5902,1,1,D,177.0,S,3,880.0
5538,5538,5903_01,Earth,True,TRAPPIST-1e,34.0,False,223.0,0.0,13.0,514.0,41.0,791.0,0,5903,1,1,E,376.0,P,7,791.0
5539,5539,5905_01,Earth,True,TRAPPIST-1e,23.0,False,16.0,687.0,1.0,1.0,0.0,705.0,0,5905,1,1,G,959.0,S,7,705.0
5540,5540,5906_01,Earth,True,TRAPPIST-1e,51.0,False,0.0,0.0,207.0,347.0,262.0,816.0,0,5906,1,1,G,957.0,P,8,816.0
5541,5541,5907_01,Earth,True,PSO J318.5-22,63.0,False,0.0,0.0,0.0,0.0,0.0,0.0,1,5907,1,1,G,960.0,S,12,0.0
5542,5542,5908_01,Earth,True,TRAPPIST-1e,42.0,False,84.0,392.0,300.0,0.0,0.0,776.0,0,5908,1,1,F,1126.0,S,4,776.0
5543,5543,5909_01,Earth,True,55 Cancri e,19.0,False,0.0,716.0,0.0,0.0,0.0,716.0,0,5909,3,0,F,1127.0,S,9,716.0
5544,5544,5909_02,Earth,True,TRAPPIST-1e,5.0,False,0.0,0.0,0.0,0.0,0.0,0.0,1,5909,3,0,G,961.0,S,9,0.0
5545,5545,5909_03,Earth,True,55 Cancri e,2.0,False,0.0,0.0,0.0,0.0,0.0,0.0,1,5909,3,0,G,961.0,S,9,0.0
5546,5546,5912_01,Earth,True,TRAPPIST-1e,15.0,False,0.0,0.0,0.0,0.0,0.0,0.0,1,5912,1,1,G,963.0,S,10,0.0
5547,5547,5913_01,Europa,True,TRAPPIST-1e,36.0,False,0.0,6.0,0.0,1.0,1407.0,1414.0,0,5913,1,1,D,185.0,P,3,1414.0
5548,5548,5915_01,Earth,True,TRAPPIST-1e,32.0,False,0.0,0.0,39.0,0.0,749.0,788.0,0,5915,1,1,E,382.0,S,8,788.0
5549,5549,5916_01,Earth,True,TRAPPIST-1e,19.0,False,2.0,3.0,450.0,204.0,0.0,659.0,0,5916,1,1,E,383.0,S,5,659.0
5550,5550,5919_01,Europa,True,55 Cancri e,26.0,False,0.0,2427.0,15.0,5.0,0.0,2447.0,0,5919,1,1,A,55.0,P,2,2447.0
5551,5551,5920_01,Earth,True,TRAPPIST-1e,33.0,False,48.0,94.0,756.0,308.0,0.0,1206.0,0,5920,1,1,F,1223.0,P,5,1206.0
5552,5552,5921_01,Earth,True,TRAPPIST-1e,38.0,False,0.0,0.0,0.0,0.0,0.0,0.0,1,5921,2,0,G,959.0,P,5,0.0
5553,5553,5921_02,Earth,True,TRAPPIST-1e,22.0,False,0.0,0.0,859.0,62.0,0.0,921.0,0,5921,2,0,F,1224.0,P,5,921.0
5554,5554,5922_01,Earth,True,TRAPPIST-1e,32.0,False,0.0,0.0,0.0,0.0,0.0,0.0,1,5922,1,1,G,960.0,P,5,0.0
5555,5555,5923_01,Mars,True,55 Cancri e,30.0,False,0.0,0.0,0.0,0.0,0.0,0.0,1,5923,1,1,F,1129.0,S,5,0.0
5556,5556,5924_01,Earth,True,TRAPPIST-1e,51.0,False,152.0,55.0,25.0,74.0,289.0,595.0,0,5924,1,1,F,1225.0,P,8,595.0
5557,5557,5925_01,Europa,True,TRAPPIST-1e,29.0,False,0.0,1644.0,0.0,0.0,3780.0,5424.0,0,5925,3,0,B,226.0,S,4,5424.0
5558,5558,5925_02,Europa,True,TRAPPIST-1e,16.0,False,0.0,2002.0,0.0,96.0,69.0,2167.0,0,5925,3,0,B,226.0,S,4,2167.0
5559,5559,5925_03,Europa,True,TRAPPIST-1e,32.0,False,0.0,0.0,0.0,241.0,4757.0,4998.0,0,5925,3,0,B,226.0,S,4,4998.0
5560,5560,5927_01,Europa,True,55 Cancri e,24.0,False,0.0,2421.0,0.0,725.0,2300.0,5446.0,0,5927,7,0,B,201.0,P,11,5446.0
5561,5561,5927_02,Europa,True,TRAPPIST-1e,23.0,False,0.0,109.0,0.0,4810.0,25.0,4944.0,0,5927,7,0,B,201.0,P,11,4944.0
5562,5562,5927_03,Europa,True,55 Cancri e,46.0,False,0.0,0.0,0.0,0.0,0.0,0.0,1,5927,7,0,B,201.0,P,11,0.0
5563,5563,5927_04,Europa,True,55 Cancri e,49.0,False,0.0,1264.0,0.0,5474.0,104.0,6842.0,0,5927,7,0,B,201.0,P,11,6842.0
5564,5564,5927_05,Europa,True,TRAPPIST-1e,17.0,False,0.0,0.0,0.0,0.0,0.0,0.0,1,5927,7,0,B,201.0,P,2,0.0
5565,5565,5927_06,Europa,True,55 Cancri e,35.0,False,4.0,3857.0,324.0,899.0,375.0,5459.0,0,5927,7,0,B,201.0,P,11,5459.0
5566,5566,5927_07,Europa,True,55 Cancri e,43.0,False,0.0,1706.0,0.0,274.0,2056.0,4036.0,0,5927,7,0,B,201.0,P,2,4036.0
5567,5567,5928_01,Earth,True,TRAPPIST-1e,20.0,False,149.0,25.0,559.0,21.0,33.0,787.0,0,5928,1,1,E,377.0,P,2,787.0
5568,5568,5930_01,Europa,True,55 Cancri e,24.0,False,0.0,0.0,0.0,0.0,0.0,0.0,1,5930,3,0,B,227.0,S,4,0.0
5569,5569,5930_02,Europa,True,TRAPPIST-1e,28.0,False,0.0,1014.0,0.0,2463.0,517.0,3994.0,0,5930,3,0,B,227.0,S,4,3994.0
5570,5570,5930_03,Europa,True,55 Cancri e,19.0,False,0.0,0.0,0.0,0.0,0.0,0.0,1,5930,3,0,B,227.0,S,4,0.0
5571,5571,5931_01,Europa,True,55 Cancri e,39.0,False,0.0,0.0,0.0,1854.0,171.0,2025.0,0,5931,1,1,A,56.0,P,3,2025.0
5572,5572,5933_01,Mars,True,TRAPPIST-1e,34.0,False,1547.0,485.0,97.0,59.0,0.0,2188.0,0,5933,1,1,F,1131.0,S,2,2188.0
5573,5573,5934_01,Earth,True,TRAPPIST-1e,29.0,False,89.0,1725.0,145.18691588785046,0.0,3.0,1817.0,0,5934,1,1,G,962.0,P,9,1962.1869158878505
5574,5574,5938_01,Earth,True,55 Cancri e,14.0,False,0.0,0.0,52.0,0.0,58.333333333333336,52.0,0,5938,2,0,E,384.0,S,5,110.33333333333334
5575,5575,5938_02,Earth,True,TRAPPIST-1e,7.0,False,0.0,0.0,0.0,0.0,0.0,0.0,1,5938,2,0,G,967.0,S,5,0.0
5576,5576,5939_01,Mars,True,TRAPPIST-1e,30.0,False,628.0,0.0,544.0,0.0,126.0,1298.0,0,5939,1,1,E,385.0,S,6,1298.0
5577,5577,5941_01,Earth,True,TRAPPIST-1e,25.0,False,72.0,914.0,0.0,0.0,7.0,993.0,0,5941,1,1,E,386.0,S,0,993.0
5578,5578,5944_01,Earth,True,PSO J318.5-22,32.0,False,0.0,0.0,0.0,0.0,0.0,0.0,1,5944,1,1,G,969.0,S,8,0.0
5579,5579,5945_01,Earth,True,TRAPPIST-1e,7.0,False,0.0,0.0,0.0,0.0,0.0,0.0,1,5945,3,0,G,970.0,S,9,0.0
5580,5580,5945_02,Earth,True,55 Cancri e,34.0,False,0.0,0.0,0.0,0.0,0.0,0.0,1,5945,3,0,G,970.0,S,8,0.0
5581,5581,5945_03,Earth,True,PSO J318.5-22,47.0,False,163.0,2.0,11.0,593.0,0.0,769.0,0,5945,3,0,G,970.0,S,9,769.0
5582,5582,5946_01,Mars,True,TRAPPIST-1e,19.0,False,300.0,5.0,642.0,0.0,0.0,947.0,0,5946,1,1,E,387.0,S,12,947.0
5583,5583,5947_01,Europa,True,TRAPPIST-1e,52.0,False,0.0,0.0,0.0,0.0,0.0,0.0,1,5947,1,1,E,388.0,S,2,0.0
5584,5584,5949_01,Mars,True,TRAPPIST-1e,19.0,False,758.0,425.0,0.0,0.0,0.0,1183.0,0,5949,2,0,D,180.0,S,8,1183.0
5585,5585,5949_02,Mars,True,TRAPPIST-1e,18.0,False,0.0,0.0,0.0,0.0,0.0,0.0,1,5949,2,0,F,1132.0,S,8,0.0
5586,5586,5950_01,Earth,True,TRAPPIST-1e,32.0,False,86.175,5.0,0.0,64.0,0.0,69.0,0,5950,1,1,E,378.0,P,18,155.175
5587,5587,5951_01,Earth,True,55 Cancri e,21.0,False,423.0,0.0,172.0,0.0,150.4448818897638,595.0,0,5951,1,1,F,1133.0,S,4,745.4448818897638
5588,5588,5952_01,Mars,False,55 Cancri e,22.0,False,0.0,0.0,0.0,0.0,0.0,0.0,1,5952,1,1,F,1134.0,S,4,0.0
5589,5589,5953_01,Mars,True,TRAPPIST-1e,13.0,False,157.0,0.0,1199.0,0.0,14.0,1370.0,0,5953,1,1,E,390.0,S,7,1370.0
5590,5590,5954_01,Mars,True,TRAPPIST-1e,25.0,False,2093.0,0.0,6.0,0.0,0.0,2099.0,0,5954,1,1,E,391.0,S,2,2099.0
5591,5591,5955_01,Mars,True,TRAPPIST-1e,33.0,False,836.0,0.0,155.0,31.0,0.0,1022.0,0,5955,2,0,E,392.0,S,8,1022.0
5592,5592,5955_02,Mars,True,TRAPPIST-1e,27.0,False,1379.0,0.0,414.0,0.0,805.0,2598.0,0,5955,2,0,F,1135.0,S,8,2598.0
5593,5593,5956_01,Earth,True,TRAPPIST-1e,21.0,False,12.0,0.0,0.0,1658.0,0.0,1670.0,0,5956,1,1,E,379.0,P,10,1670.0
5594,5594,5957_01,Europa,True,55 Cancri e,17.0,False,0.0,0.0,0.0,0.0,0.0,0.0,1,5957,3,0,B,203.0,P,5,0.0
5595,5595,5957_02,Europa,True,55 Cancri e,15.0,False,0.0,0.0,0.0,0.0,0.0,0.0,1,5957,3,0,B,203.0,P,5,0.0
5596,5596,5957_03,Europa,True,55 Cancri e,58.0,True,2.0,3862.0,0.0,1482.0,73.0,5419.0,0,5957,3,0,B,203.0,P,5,5419.0
5597,5597,5959_01,Europa,True,TRAPPIST-1e,29.0,False,1.0,2809.0,97.0,61.0,1227.0,4195.0,0,5959,2,0,D,181.0,S,7,4195.0
5598,5598,5959_02,Europa,True,TRAPPIST-1e,34.0,False,0.0,0.0,0.0,0.0,0.0,0.0,1,5959,2,0,D,181.0,S,7,0.0
5599,5599,5960_01,Europa,True,TRAPPIST-1e,28.0,False,0.0,4780.0,1761.0,1.0,247.0,6789.0,0,5960,3,0,C,222.0,S,5,6789.0
5600,5600,5960_02,Europa,True,TRAPPIST-1e,29.0,False,3215.0,1211.0,4.0,7.0,417.0,4854.0,0,5960,3,0,C,222.0,S,5,4854.0
5601,5601,5960_03,Europa,True,55 Cancri e,25.0,False,0.0,0.0,0.0,0.0,0.0,0.0,1,5960,3,0,C,222.0,S,5,0.0
5602,5602,5963_01,Mars,True,55 Cancri e,23.0,False,112.0,1184.0,143.0,2.0,585.0,2026.0,0,5963,1,1,F,1228.0,P,8,2026.0
5603,5603,5965_01,Earth,True,TRAPPIST-1e,22.0,False,0.0,40.0,689.0,0.0,79.0,808.0,0,5965,1,1,G,964.0,P,7,808.0
5604,5604,5967_01,Earth,True,55 Cancri e,38.0,False,0.0,0.0,0.0,0.0,0.0,0.0,1,5967,3,0,G,965.0,P,3,0.0
5605,5605,5967_02,Earth,True,TRAPPIST-1e,38.0,False,0.0,784.0,0.0,0.0,0.0,784.0,0,5967,3,0,G,965.0,P,3,784.0
5606,5606,5967_03,Earth,True,TRAPPIST-1e,0.0,False,0.0,0.0,0.0,0.0,0.0,0.0,1,5967,3,0,G,965.0,P,3,0.0
5607,5607,5968_01,Earth,True,TRAPPIST-1e,24.0,False,17.0,0.0,0.0,49.0,867.0,933.0,0,5968,1,1,F,1229.0,P,6,933.0
5608,5608,5969_01,Earth,True,TRAPPIST-1e,0.0,False,0.0,0.0,0.0,0.0,0.0,0.0,1,5969,3,0,G,972.0,S,11,0.0
5609,5609,5969_02,Earth,True,55 Cancri e,37.0,False,0.0,698.0,0.0,192.03703703703704,6.0,704.0,0,5969,3,0,F,1137.0,S,11,896.0370370370371
5610,5610,5969_03,Earth,True,TRAPPIST-1e,2.0,False,0.0,0.0,0.0,0.0,0.0,0.0,1,5969,3,0,G,972.0,S,11,0.0
5611,5611,5970_01,Europa,True,55 Cancri e,40.0,False,0.0,0.0,0.0,0.0,0.0,0.0,1,5970,1,1,B,229.0,S,0,0.0
5612,5612,5971_01,Mars,True,TRAPPIST-1e,47.0,False,448.0,0.0,891.0,0.0,235.0,1574.0,0,5971,1,1,F,1230.0,P,8,1574.0
5613,5613,5972_01,Earth,True,TRAPPIST-1e,34.0,False,0.0,11.0,610.0,591.0,769.0,1981.0,0,5972,1,1,F,1138.0,S,6,1981.0
5614,5614,5973_01,Mars,True,TRAPPIST-1e,43.0,False,1086.0,4.0,202.0,401.0,0.0,1693.0,0,5973,1,1,F,1139.0,S,0,1693.0
5615,5615,5974_01,Mars,True,55 Cancri e,21.0,False,0.0,0.0,0.0,0.0,0.0,0.0,1,5974,1,1,D,186.0,P,3,0.0
5616,5616,5975_01,Europa,True,55 Cancri e,43.0,False,0.0,0.0,0.0,0.0,0.0,0.0,1,5975,1,1,E,380.0,P,12,0.0
5617,5617,5976_01,Mars,True,TRAPPIST-1e,33.0,False,3090.0,0.0,808.0,0.0,0.0,3898.0,0,5976,1,1,D,182.0,S,4,3898.0
5618,5618,5977_01,Europa,True,TRAPPIST-1e,28.0,False,0.0,0.0,0.0,0.0,0.0,0.0,1,5977,4,0,B,230.0,S,3,0.0
5619,5619,5977_02,Europa,True,55 Cancri e,57.0,False,200.0,9.0,0.0,1252.25,24133.0,24342.0,0,5977,4,0,B,230.0,S,3,25594.25
5620,5620,5977_03,Europa,True,TRAPPIST-1e,27.0,False,0.0,0.0,0.0,0.0,0.0,0.0,1,5977,4,0,B,230.0,S,3,0.0
5621,5621,5977_04,Europa,True,TRAPPIST-1e,46.0,False,0.0,3259.0,761.0,4423.0,0.0,8443.0,0,5977,4,0,B,230.0,S,3,8443.0
5622,5622,5980_01,Europa,True,55 Cancri e,19.0,False,0.0,846.8333333333334,0.0,2.0,9.0,11.0,0,5980,1,1,C,223.0,S,5,857.8333333333334
5623,5623,5981_01,Mars,True,TRAPPIST-1e,27.0,False,441.0,0.0,397.0,471.0,0.0,1309.0,0,5981,3,0,F,1140.0,S,9,1309.0
5624,5624,5981_02,Mars,True,TRAPPIST-1e,2.0,False,0.0,0.0,0.0,0.0,0.0,0.0,1,5981,3,0,F,1140.0,S,9,0.0
5625,5625,5981_03,Mars,True,TRAPPIST-1e,0.0,False,0.0,0.0,0.0,0.0,0.0,0.0,1,5981,3,0,F,1140.0,S,9,0.0
5626,5626,5983_01,Mars,True,TRAPPIST-1e,25.0,True,1442.0,0.0,0.0,0.0,13.0,1455.0,0,5983,2,0,F,1233.0,P,10,1455.0
5627,5627,5983_02,Mars,True,TRAPPIST-1e,47.0,False,0.0,0.0,0.0,0.0,0.0,0.0,1,5983,2,0,F,1233.0,P,10,0.0
5628,5628,5984_01,Mars,True,PSO J318.5-22,38.0,False,1208.0,0.0,13.0,38.0,0.0,1259.0,0,5984,2,0,D,187.0,P,4,1259.0
5629,5629,5984_02,Mars,True,TRAPPIST-1e,24.0,False,555.0,0.0,618.0,0.0,0.0,1173.0,0,5984,2,0,E,381.0,P,4,1173.0
5630,5630,5985_01,Earth,True,TRAPPIST-1e,24.0,False,276.0,0.0,0.0,0.0,489.0,765.0,0,5985,1,1,F,1234.0,P,5,765.0
5631,5631,5986_01,Europa,False,TRAPPIST-1e,25.0,False,0.0,0.0,0.0,0.0,0.0,0.0,1,5986,1,1,D,188.0,P,2,0.0
5632,5632,5987_01,Earth,True,TRAPPIST-1e,29.0,False,0.0,5.0,6.0,0.0,143.00892857142858,11.0,0,5987,1,1,G,973.0,S,10,154.00892857142858
5633,5633,5988_01,Mars,True,55 Cancri e,44.0,False,2956.0,0.0,10.0,12.0,692.0,3670.0,0,5988,1,1,F,1235.0,P,10,3670.0
5634,5634,5989_01,Earth,True,TRAPPIST-1e,20.0,False,0.0,0.0,186.76548672566372,703.0,0.0,703.0,0,5989,1,1,F,1141.0,S,3,889.7654867256638
5635,5635,5990_01,Earth,True,TRAPPIST-1e,23.0,False,0.0,0.0,0.0,0.0,0.0,0.0,1,5990,1,1,G,974.0,S,16,0.0
5636,5636,5991_01,Europa,True,55 Cancri e,26.0,False,0.0,9641.0,51.0,224.0,2428.0,12344.0,0,5991,1,1,C,224.0,S,5,12344.0
5637,5637,5992_01,Earth,True,PSO J318.5-22,20.0,False,0.0,0.0,0.0,0.0,0.0,0.0,1,5992,1,1,G,975.0,S,3,0.0
5638,5638,5993_01,Mars,True,TRAPPIST-1e,27.0,False,0.0,0.0,0.0,0.0,0.0,0.0,1,5993,1,1,E,394.0,S,3,0.0
5639,5639,5994_01,Earth,True,55 Cancri e,23.0,False,94.0,132.0,0.0,967.0,5.0,1198.0,0,5994,1,1,F,1236.0,P,8,1198.0
5640,5640,5995_01,Earth,True,PSO J318.5-22,33.0,False,0.0,0.0,0.0,0.0,0.0,0.0,1,5995,1,1,G,967.0,P,4,0.0
5641,5641,5998_01,Earth,True,TRAPPIST-1e,30.0,False,477.0,0.0,8.0,0.0,323.0,808.0,0,5998,1,1,G,977.0,S,17,808.0
5642,5642,5999_01,Earth,True,TRAPPIST-1e,32.0,False,0.0,104.0,2.0,0.0,801.0,907.0,0,5999,1,1,G,968.0,P,4,907.0
5643,5643,6000_01,Mars,True,TRAPPIST-1e,19.0,False,781.0,0.0,295.0,613.0,0.0,1689.0,0,6000,2,0,D,186.0,P,4,1689.0
5644,5644,6000_02,Mars,True,TRAPPIST-1e,41.0,False,1.0,0.0,808.0,0.0,0.0,809.0,0,6000,2,0,D,189.0,P,4,809.0
5645,5645,6001_01,Earth,True,TRAPPIST-1e,50.0,False,0.0,0.0,0.0,0.0,0.0,0.0,1,6001,1,1,G,969.0,P,9,0.0
5646,5646,6003_01,Earth,True,TRAPPIST-1e,36.0,False,9.0,247.0,0.0,482.0,16.0,754.0,0,6003,1,1,G,970.0,P,12,754.0
5647,5647,6004_01,Mars,True,TRAPPIST-1e,21.0,False,0.0,0.0,0.0,0.0,0.0,0.0,1,6004,1,1,F,1143.0,S,7,0.0
5648,5648,6006_01,Europa,True,55 Cancri e,45.0,True,1017.0,3863.0,0.0,601.0,3999.0,9480.0,0,6006,2,0,D,190.0,P,3,9480.0
5649,5649,6006_02,Europa,True,55 Cancri e,26.0,False,0.0,0.0,0.0,0.0,0.0,0.0,1,6006,2,0,D,190.0,P,3,0.0
5650,5650,6007_01,Earth,True,TRAPPIST-1e,44.0,False,0.0,0.0,0.0,0.0,0.0,0.0,1,6007,1,1,G,971.0,P,4,0.0
5651,5651,6008_01,Earth,True,PSO J318.5-22,24.0,False,0.0,73.0,617.0,0.0,0.0,690.0,0,6008,1,1,F,1238.0,P,8,690.0
5652,5652,6010_01,Earth,True,55 Cancri e,15.0,False,0.0,0.0,0.0,0.0,0.0,0.0,1,6010,1,1,G,979.0,S,6,0.0
5653,5653,6011_01,Earth,True,TRAPPIST-1e,58.0,False,0.0,0.0,0.0,1989.0,18.0,2007.0,0,6011,1,1,F,1239.0,P,8,2007.0
5654,5654,6014_01,Earth,True,TRAPPIST-1e,13.0,False,28.0,396.0,367.0,0.0,0.0,791.0,0,6014,1,1,E,395.0,S,7,791.0
5655,5655,6015_01,Europa,True,TRAPPIST-1e,19.0,False,0.0,0.0,0.0,0.0,0.0,0.0,1,6015,2,0,B,231.0,S,2,0.0
5656,5656,6015_02,Europa,True,55 Cancri e,25.0,False,140.0,4451.0,0.0,0.0,2050.0,6641.0,0,6015,2,0,B,231.0,S,2,6641.0
5657,5657,6016_01,Earth,True,TRAPPIST-1e,24.0,False,718.0,0.0,265.0,302.0,384.0,1669.0,0,6016,2,0,E,383.0,P,9,1669.0
5658,5658,6016_02,Earth,True,TRAPPIST-1e,20.0,False,3.0,0.0,0.0,806.0,0.0,809.0,0,6016,2,0,G,973.0,P,9,809.0
5659,5659,6017_01,Mars,True,TRAPPIST-1e,34.0,False,0.0,0.0,0.0,0.0,0.0,0.0,1,6017,2,0,F,1144.0,S,5,0.0
5660,5660,6017_02,Mars,True,TRAPPIST-1e,13.0,False,0.0,0.0,0.0,0.0,0.0,0.0,1,6017,2,0,F,1144.0,S,5,0.0
5661,5661,6019_01,Earth,True,TRAPPIST-1e,24.0,False,0.0,839.0,0.0,36.0,5.0,880.0,0,6019,1,1,F,1145.0,S,9,880.0
5662,5662,6020_01,Earth,True,55 Cancri e,39.0,False,0.0,0.0,0.0,0.0,0.0,0.0,1,6020,7,0,G,974.0,P,13,0.0
5663,5663,6020_02,Earth,True,TRAPPIST-1e,0.0,False,0.0,0.0,0.0,0.0,0.0,0.0,1,6020,7,0,G,974.0,P,13,0.0
5664,5664,6020_03,Earth,True,TRAPPIST-1e,10.0,False,0.0,0.0,0.0,0.0,0.0,0.0,1,6020,7,0,G,974.0,P,13,0.0
5665,5665,6020_04,Earth,True,TRAPPIST-1e,9.0,False,0.0,0.0,0.0,0.0,0.0,0.0,1,6020,7,0,G,974.0,P,13,0.0
5666,5666,6020_05,Earth,True,55 Cancri e,34.0,False,0.0,968.0,273.0,100.02941176470588,283.0,1524.0,0,6020,7,0,F,1242.0,P,13,1624.0294117647059
5667,5667,6020_06,Earth,True,TRAPPIST-1e,11.0,False,0.0,0.0,0.0,0.0,0.0,0.0,1,6020,7,0,G,974.0,P,13,0.0
5668,5668,6020_07,Earth,True,TRAPPIST-1e,0.0,False,0.0,0.0,0.0,0.0,0.0,0.0,1,6020,7,0,G,974.0,P,13,0.0
5669,5669,6022_01,Earth,True,TRAPPIST-1e,24.0,False,0.0,0.0,0.0,14.0,631.0,645.0,0,6022,1,1,F,1243.0,P,0,645.0
5670,5670,6024_01,Earth,True,PSO J318.5-22,16.0,False,0.0,0.0,0.0,0.0,0.0,0.0,1,6024,1,1,G,975.0,P,5,0.0
5671,5671,6025_01,Earth,True,TRAPPIST-1e,42.0,False,0.0,420.0,0.0,1.0,175.0,596.0,0,6025,1,1,F,1245.0,P,4,596.0
5672,5672,6026_01,Mars,True,TRAPPIST-1e,41.0,False,982.0,64.0,380.0,0.0,0.0,1426.0,0,6026,1,1,F,1246.0,P,10,1426.0
5673,5673,6027_01,Europa,True,TRAPPIST-1e,36.0,False,0.0,1828.0,9058.0,1.0,2.0,10889.0,0,6027,1,1,B,232.0,S,8,10889.0
5674,5674,6028_01,Europa,True,55 Cancri e,27.0,False,0.0,1801.0,0.0,304.0,1393.0,3498.0,0,6028,5,0,A,57.0,P,12,3498.0
5675,5675,6028_02,Europa,True,TRAPPIST-1e,32.0,True,0.0,792.0,0.0,1.0,1335.0,2128.0,0,6028,5,0,A,57.0,P,12,2128.0
5676,5676,6028_03,Europa,True,55 Cancri e,11.0,False,0.0,0.0,0.0,0.0,0.0,0.0,1,6028,5,0,A,57.0,P,12,0.0
5677,5677,6028_04,Europa,True,TRAPPIST-1e,26.0,True,0.0,3638.0,0.0,1043.0,0.0,4681.0,0,6028,5,0,A,66.0,P,12,4681.0
5678,5678,6028_05,Europa,True,TRAPPIST-1e,28.0,False,0.0,6921.0,0.0,29.0,45.0,6995.0,0,6028,5,0,A,57.0,P,12,6995.0
5679,5679,6029_01,Earth,True,TRAPPIST-1e,25.0,False,0.0,30.0,20.0,0.0,941.0,991.0,0,6029,1,1,E,396.0,S,9,991.0
5680,5680,6030_01,Earth,True,TRAPPIST-1e,5.0,False,0.0,0.0,0.0,0.0,0.0,0.0,1,6030,7,0,G,981.0,S,9,0.0
5681,5681,6030_02,Earth,True,TRAPPIST-1e,7.0,False,0.0,0.0,0.0,0.0,0.0,0.0,1,6030,7,0,G,981.0,S,8,0.0
5682,5682,6030_03,Earth,True,TRAPPIST-1e,13.0,False,852.0,147.0,7.0,0.0,1.0,1007.0,0,6030,7,0,G,981.0,S,9,1007.0
5683,5683,6030_04,Earth,True,TRAPPIST-1e,30.0,False,0.0,0.0,47.0,703.0,4.0,754.0,0,6030,7,0,G,981.0,S,8,754.0
5684,5684,6030_05,Earth,True,TRAPPIST-1e,15.0,False,0.0,0.0,0.0,0.0,0.0,0.0,1,6030,7,0,G,981.0,S,9,0.0
5685,5685,6030_06,Earth,True,TRAPPIST-1e,0.0,False,0.0,0.0,0.0,0.0,0.0,0.0,1,6030,7,0,G,981.0,S,9,0.0
5686,5686,6030_07,Earth,True,TRAPPIST-1e,49.0,False,0.0,168.375,0.0,0.0,0.0,0.0,0,6030,7,0,G,981.0,S,9,168.375
5687,5687,6031_01,Earth,True,TRAPPIST-1e,52.0,False,0.0,645.0,0.0,0.0,395.0,1040.0,0,6031,1,1,F,1146.0,S,8,1040.0
5688,5688,6032_01,Earth,True,TRAPPIST-1e,15.0,False,0.0,0.0,0.0,0.0,0.0,0.0,1,6032,3,0,G,982.0,S,7,0.0
5689,5689,6032_02,Earth,True,TRAPPIST-1e,40.0,False,521.0,4.0,53.0,70.0,141.0,789.0,0,6032,3,0,E,397.0,S,5,789.0
5690,5690,6032_03,Earth,True,55 Cancri e,0.0,False,0.0,0.0,0.0,0.0,0.0,0.0,1,6032,3,0,G,982.0,S,10,0.0
5691,5691,6033_01,Mars,True,TRAPPIST-1e,32.0,False,158.0,0.0,139.0,752.0,0.0,1049.0,0,6033,2,0,E,384.0,P,9,1049.0
5692,5692,6033_02,Mars,True,55 Cancri e,15.0,False,0.0,0.0,0.0,0.0,0.0,0.0,1,6033,2,0,F,1247.0,P,9,0.0
5693,5693,6034_01,Mars,True,PSO J318.5-22,26.0,False,2042.0,0.0,2387.0,10.0,0.0,4439.0,0,6034,3,0,E,385.0,P,5,4439.0
5694,5694,6034_02,Mars,True,PSO J318.5-22,31.0,False,0.0,0.0,0.0,0.0,0.0,0.0,1,6034,3,0,E,385.0,P,5,0.0
5695,5695,6034_03,Mars,True,TRAPPIST-1e,8.0,False,0.0,0.0,0.0,0.0,0.0,0.0,1,6034,3,0,E,385.0,P,5,0.0
5696,5696,6035_01,Earth,True,TRAPPIST-1e,18.0,False,0.0,0.0,0.0,1.0,827.0,828.0,0,6035,2,0,E,386.0,P,4,828.0
5697,5697,6035_02,Earth,False,TRAPPIST-1e,3.0,False,0.0,0.0,0.0,0.0,0.0,0.0,1,6035,2,0,G,976.0,P,4,0.0
5698,5698,6036_01,Europa,True,TRAPPIST-1e,44.0,False,0.0,1289.0,1224.0,514.0,1674.0,4701.0,0,6036,3,0,C,225.0,S,7,4701.0
5699,5699,6036_02,Europa,True,TRAPPIST-1e,15.0,False,0.0,677.0,0.0,179.0,3186.0,4042.0,0,6036,3,0,C,225.0,S,7,4042.0
5700,5700,6036_03,Europa,True,TRAPPIST-1e,27.0,False,0.0,1857.0,0.0,778.0,587.0,3222.0,0,6036,3,0,C,225.0,S,7,3222.0
5701,5701,6038_01,Mars,True,TRAPPIST-1e,22.0,False,2413.0,0.0,53.0,1.0,0.0,2467.0,0,6038,1,1,F,1147.0,S,9,2467.0
5702,5702,6039_01,Earth,False,TRAPPIST-1e,2.0,False,0.0,0.0,0.0,0.0,0.0,0.0,1,6039,2,0,G,983.0,S,15,0.0
5703,5703,6039_02,Earth,True,TRAPPIST-1e,32.0,False,3.0,0.0,0.0,0.0,757.0,760.0,0,6039,2,0,F,1148.0,S,15,760.0
5704,5704,6040_01,Earth,True,TRAPPIST-1e,16.0,False,805.0,4.0,0.0,0.0,0.0,809.0,0,6040,1,1,G,984.0,S,11,809.0
5705,5705,6041_01,Mars,True,TRAPPIST-1e,34.0,False,419.0,0.0,15.0,0.0,0.0,434.0,0,6041,1,1,F,1248.0,P,5,434.0
5706,5706,6042_01,Mars,True,TRAPPIST-1e,32.0,False,1946.0,0.0,653.0,0.0,0.0,2599.0,0,6042,1,1,F,1249.0,P,4,2599.0
5707,5707,6043_01,Earth,True,TRAPPIST-1e,28.0,False,0.0,292.0,1039.0,1.0,489.0,1821.0,0,6043,1,1,G,978.0,P,4,1821.0
5708,5708,6045_01,Europa,True,TRAPPIST-1e,27.0,False,0.0,21.0,0.0,8126.0,4.0,8151.0,0,6045,1,1,B,233.0,S,5,8151.0
5709,5709,6047_01,Earth,True,PSO J318.5-22,35.0,False,508.0,0.0,0.0,57.0,243.0,808.0,0,6047,1,1,G,985.0,S,5,808.0
5710,5710,6048_01,Mars,True,TRAPPIST-1e,25.0,False,0.0,0.0,0.0,0.0,0.0,0.0,1,6048,1,1,F,1203.0,S,8,0.0
5711,5711,6049_01,Earth,True,TRAPPIST-1e,24.0,False,178.0,0.0,235.0,0.0,396.0,809.0,0,6049,1,1,G,986.0,S,0,809.0
5712,5712,6052_01,Earth,True,TRAPPIST-1e,61.0,False,0.0,0.0,0.0,0.0,0.0,0.0,1,6052,1,1,G,980.0,P,5,0.0
5713,5713,6054_01,Mars,True,TRAPPIST-1e,28.0,False,0.0,0.0,0.0,0.0,0.0,0.0,1,6054,1,1,F,1151.0,S,4,0.0
5714,5714,6055_01,Europa,True,PSO J318.5-22,29.0,True,3.0,1849.0,0.0,3104.0,1652.0,6608.0,0,6055,3,0,C,185.0,P,9,6608.0
5715,5715,6055_02,Europa,True,TRAPPIST-1e,41.0,False,0.0,0.0,0.0,0.0,0.0,0.0,1,6055,3,0,C,185.0,P,9,0.0
5716,5716,6055_03,Europa,True,TRAPPIST-1e,20.0,False,1883.0,0.0,221.74074074074073,8810.0,0.0,10693.0,0,6055,3,0,C,185.0,P,9,10914.74074074074
5717,5717,6058_01,Mars,True,55 Cancri e,18.0,False,2904.0,5.0,50.0,0.0,9.0,2968.0,0,6058,1,1,F,1253.0,P,7,2968.0
5718,5718,6059_01,Earth,True,TRAPPIST-1e,28.0,False,8.0,0.0,3949.0,0.0,9.0,3966.0,0,6059,1,1,G,982.0,P,3,3966.0
5719,5719,6061_01,Earth,True,TRAPPIST-1e,18.0,False,33.0,0.0,455.0,167.0,48.0,703.0,0,6061,1,1,F,1153.0,S,10,703.0
5720,5720,6062_01,Mars,True,TRAPPIST-1e,33.0,False,301.0,0.0,501.0,0.0,1013.0,1815.0,0,6062,2,0,F,1254.0,P,5,1815.0
5721,5721,6062_02,Mars,True,TRAPPIST-1e,35.0,False,0.0,0.0,0.0,0.0,0.0,0.0,1,6062,2,0,E,388.0,P,5,0.0
5722,5722,6064_01,Europa,True,55 Cancri e,68.0,False,125.0,13437.0,0.0,22408.0,17.0,35987.0,0,6064,1,1,C,186.0,P,4,35987.0
5723,5723,6065_01,Earth,True,TRAPPIST-1e,19.0,False,3.0,785.0,0.0,0.0,0.0,788.0,0,6065,1,1,E,398.0,S,6,788.0
5724,5724,6066_01,Europa,True,TRAPPIST-1e,33.0,False,0.0,357.0,2366.0,1612.0,2137.0,6472.0,0,6066,3,0,C,226.0,S,8,6472.0
5725,5725,6066_02,Europa,True,55 Cancri e,55.0,False,8142.0,8.0,0.0,1481.0,0.0,9631.0,0,6066,3,0,C,226.0,S,8,9631.0
5726,5726,6066_03,Europa,False,TRAPPIST-1e,15.0,False,0.0,0.0,0.0,0.0,0.0,0.0,1,6066,3,0,C,226.0,S,8,0.0
5727,5727,6067_01,Earth,True,TRAPPIST-1e,23.0,False,0.0,0.0,0.0,44.0,1721.0,1765.0,0,6067,1,1,G,984.0,P,3,1765.0
5728,5728,6068_01,Earth,True,TRAPPIST-1e,23.0,False,0.0,723.0,1.0,0.0,0.0,724.0,0,6068,1,1,F,1154.0,S,10,724.0
5729,5729,6069_01,Mars,True,55 Cancri e,15.0,False,3811.0,0.0,109.0,236.0,0.0,4156.0,0,6069,1,1,D,185.0,S,4,4156.0
5730,5730,6070_01,Mars,True,TRAPPIST-1e,49.0,False,2209.0,42.0,109.0,23.0,0.0,2383.0,0,6070,1,1,D,186.0,S,3,2383.0
5731,5731,6071_01,Earth,True,TRAPPIST-1e,33.0,False,41.0,417.0,0.0,42.0,308.0,808.0,0,6071,1,1,G,987.0,S,8,808.0
5732,5732,6073_01,Mars,True,55 Cancri e,26.0,False,0.0,0.0,0.0,0.0,0.0,0.0,1,6073,1,1,F,1156.0,S,4,0.0
5733,5733,6075_01,Europa,True,TRAPPIST-1e,26.0,False,0.0,0.0,0.0,0.0,0.0,0.0,1,6075,1,1,B,206.0,P,7,0.0
5734,5734,6076_01,Earth,True,TRAPPIST-1e,18.0,False,14.0,2.0,144.0,610.0,0.0,770.0,0,6076,1,1,G,988.0,S,4,770.0
5735,5735,6077_01,Earth,True,TRAPPIST-1e,17.0,False,0.0,0.0,0.0,0.0,0.0,0.0,1,6077,1,1,G,985.0,P,6,0.0
5736,5736,6080_01,Earth,True,TRAPPIST-1e,39.0,False,657.0,225.0,0.0,183.2037037037037,0.0,882.0,0,6080,1,1,G,989.0,S,7,1065.2037037037037
5737,5737,6082_01,Earth,True,TRAPPIST-1e,8.0,False,0.0,0.0,0.0,0.0,0.0,0.0,1,6082,1,1,G,987.0,P,9,0.0
5738,5738,6085_01,Earth,True,TRAPPIST-1e,46.0,False,0.0,0.0,868.0,0.0,3.0,871.0,0,6085,1,1,F,1257.0,P,13,871.0
5739,5739,6086_01,Europa,True,55 Cancri e,32.0,False,0.0,4176.0,0.0,183.0,6.0,4365.0,0,6086,1,1,A,72.0,S,5,4365.0
5740,5740,6087_01,Earth,True,TRAPPIST-1e,19.0,False,605.0,0.0,24.0,1.0,86.0,716.0,0,6087,1,1,F,1160.0,S,7,716.0
5741,5741,6090_01,Mars,True,TRAPPIST-1e,36.0,False,0.0,0.0,0.0,0.0,0.0,0.0,1,6090,1,1,F,1259.0,P,5,0.0
5742,5742,6091_01,Earth,True,TRAPPIST-1e,28.0,False,0.0,0.0,0.0,0.0,0.0,0.0,1,6091,2,0,G,988.0,P,10,0.0
5743,5743,6091_02,Earth,True,TRAPPIST-1e,39.0,False,0.0,29.0,291.0,13.0,527.0,860.0,0,6091,2,0,F,1260.0,P,10,860.0
5744,5744,6092_01,Earth,True,TRAPPIST-1e,16.0,False,0.0,0.0,641.0,33.0,29.0,703.0,0,6092,3,0,F,1161.0,S,6,703.0
5745,5745,6092_02,Earth,True,PSO J318.5-22,7.0,False,0.0,0.0,0.0,0.0,0.0,0.0,1,6092,3,0,G,991.0,S,6,0.0
5746,5746,6092_03,Earth,True,TRAPPIST-1e,1.0,False,0.0,0.0,0.0,0.0,0.0,0.0,1,6092,3,0,G,991.0,S,6,0.0
5747,5747,6094_01,Europa,True,55 Cancri e,30.0,False,0.0,0.0,0.0,0.0,0.0,0.0,1,6094,3,0,C,227.0,S,10,0.0
5748,5748,6094_02,Europa,True,55 Cancri e,44.0,False,0.0,0.0,0.0,0.0,0.0,0.0,1,6094,3,0,C,227.0,S,10,0.0
5749,5749,6094_03,Europa,True,55 Cancri e,28.0,False,0.0,0.0,0.0,0.0,0.0,0.0,1,6094,3,0,C,227.0,S,10,0.0
5750,5750,6095_01,Mars,True,TRAPPIST-1e,29.0,False,3564.0,0.0,802.0,0.0,0.0,4366.0,0,6095,1,1,D,192.0,P,8,4366.0
5751,5751,6096_01,Mars,True,TRAPPIST-1e,41.0,False,239.0,1.0,1048.0,0.0,0.0,1288.0,0,6096,3,0,F,1162.0,S,4,1288.0
5752,5752,6096_02,Mars,True,TRAPPIST-1e,13.0,False,1119.0,11.0,1326.0,0.0,0.0,2456.0,0,6096,3,0,F,1162.0,S,4,2456.0
5753,5753,6096_03,Mars,True,TRAPPIST-1e,18.0,False,4397.0,610.0,1437.0,4.0,0.0,6448.0,0,6096,3,0,F,1162.0,S,4,6448.0
5754,5754,6098_01,Earth,True,55 Cancri e,27.0,False,0.0,0.0,0.0,2725.0,73.0,2798.0,0,6098,1,1,F,1163.0,S,7,2798.0
5755,5755,6099_01,Earth,True,TRAPPIST-1e,26.0,False,0.0,0.0,0.0,0.0,0.0,0.0,1,6099,1,1,G,992.0,S,12,0.0
5756,5756,6101_01,Earth,True,55 Cancri e,24.0,False,13.0,0.0,2.0,673.0,3.0,691.0,0,6101,1,1,F,1261.0,P,8,691.0
5757,5757,6102_01,Earth,True,PSO J318.5-22,26.0,False,104.0,0.0,0.0,280.0,216.0,600.0,0,6102,1,1,F,1165.0,S,7,600.0
5758,5758,6103_01,Earth,True,PSO J318.5-22,27.0,False,0.0,0.0,0.0,0.0,0.0,0.0,1,6103,1,1,G,990.0,P,4,0.0
5759,5759,6105_01,Europa,True,TRAPPIST-1e,58.0,False,0.0,1012.0,0.0,1120.0,20.0,2152.0,0,6105,1,1,E,401.0,S,7,2152.0
5760,5760,6106_01,Europa,True,55 Cancri e,54.0,False,0.0,0.0,0.0,0.0,0.0,0.0,1,6106,1,1,C,228.0,S,3,0.0
5761,5761,6107_01,Earth,True,55 Cancri e,18.0,False,0.0,0.0,0.0,63.0,525.0,588.0,0,6107,1,1,F,1263.0,P,12,588.0
5762,5762,6108_01,Earth,True,TRAPPIST-1e,13.0,False,206.0,28.0,0.0,1.0,629.0,864.0,0,6108,1,1,F,1166.0,S,0,864.0
5763,5763,6109_01,Europa,True,TRAPPIST-1e,13.0,False,0.0,9.0,0.0,358.25,5648.0,5657.0,0,6109,2,0,C,187.0,P,11,6015.25
5764,5764,6109_02,Europa,True,TRAPPIST-1e,28.0,False,0.0,0.0,0.0,0.0,0.0,0.0,1,6109,2,0,C,187.0,P,11,0.0
5765,5765,6110_01,Earth,True,55 Cancri e,57.0,False,0.0,0.0,0.0,0.0,642.0,642.0,0,6110,1,1,E,389.0,P,10,642.0
5766,5766,6111_01,Europa,True,TRAPPIST-1e,32.0,False,0.0,0.0,0.0,0.0,0.0,0.0,1,6111,5,0,A,58.0,P,9,0.0
5767,5767,6111_02,Europa,True,TRAPPIST-1e,32.0,False,0.0,0.0,0.0,4588.0,0.0,4588.0,0,6111,5,0,A,58.0,P,9,4588.0
5768,5768,6111_03,Europa,True,55 Cancri e,21.0,False,0.0,0.0,0.0,0.0,0.0,0.0,1,6111,5,0,A,66.0,P,9,0.0
5769,5769,6111_04,Europa,True,55 Cancri e,34.0,False,0.0,0.0,0.0,0.0,0.0,0.0,1,6111,5,0,A,58.0,P,9,0.0
5770,5770,6111_05,Europa,True,TRAPPIST-1e,33.0,False,0.0,2110.0,0.0,773.0,10.0,2893.0,0,6111,5,0,A,58.0,P,9,2893.0
5771,5771,6112_01,Mars,True,TRAPPIST-1e,36.0,False,0.0,0.0,0.0,0.0,0.0,0.0,1,6112,1,1,F,1264.0,P,6,0.0
5772,5772,6115_01,Mars,True,TRAPPIST-1e,50.0,False,513.0,0.0,0.0,764.0,21.0,1298.0,0,6115,1,1,E,390.0,P,6,1298.0
5773,5773,6116_01,Mars,True,TRAPPIST-1e,28.0,False,828.0,0.0,72.0,6.0,0.0,906.0,0,6116,1,1,F,1167.0,S,4,906.0
5774,5774,6117_01,Europa,True,TRAPPIST-1e,56.0,False,679.0,1126.0,0.0,33.0,3230.0,5068.0,0,6117,1,1,B,234.0,S,2,5068.0
5775,5775,6118_01,Mars,True,55 Cancri e,42.0,False,1156.0,0.0,1.0,305.0,0.0,1462.0,0,6118,2,0,F,1266.0,P,3,1462.0
5776,5776,6118_02,Mars,True,TRAPPIST-1e,39.0,False,0.0,0.0,0.0,0.0,0.0,0.0,1,6118,2,0,E,391.0,P,3,0.0
5777,5777,6120_01,Earth,True,PSO J318.5-22,13.0,False,0.0,1180.0,0.0,149.82474226804123,0.0,1180.0,0,6120,1,1,F,1169.0,S,9,1329.8247422680413
5778,5778,6121_01,Europa,True,TRAPPIST-1e,28.0,False,0.0,4585.0,0.0,2.0,35.0,4622.0,0,6121,2,0,C,229.0,S,5,4622.0
5779,5779,6121_02,Europa,True,TRAPPIST-1e,55.0,False,916.0,1056.0,0.0,1677.0,593.0,4242.0,0,6121,2,0,C,229.0,S,5,4242.0
5780,5780,6122_01,Earth,True,55 Cancri e,36.0,False,0.0,0.0,700.0,0.0,0.0,700.0,0,6122,1,1,F,1267.0,P,6,700.0
5781,5781,6123_01,Mars,True,TRAPPIST-1e,29.0,False,0.0,0.0,0.0,0.0,0.0,0.0,1,6123,1,1,F,1268.0,P,6,0.0
5782,5782,6124_01,Earth,True,PSO J318.5-22,37.0,False,0.0,0.0,834.0,0.0,8.0,842.0,0,6124,1,1,G,991.0,P,13,842.0
5783,5783,6126_01,Europa,True,55 Cancri e,50.0,False,0.0,0.0,0.0,0.0,0.0,0.0,1,6126,1,1,C,188.0,P,3,0.0
5784,5784,6127_01,Europa,True,TRAPPIST-1e,27.0,False,551.0,1436.0,0.0,462.0,309.0,2758.0,0,6127,1,1,E,404.0,S,5,2758.0
5785,5785,6128_01,Earth,True,TRAPPIST-1e,23.0,False,0.0,0.0,0.0,0.0,0.0,0.0,1,6128,2,0,G,992.0,P,10,0.0
5786,5786,6128_02,Earth,True,TRAPPIST-1e,16.0,False,7.0,0.0,311.0,0.0,683.0,1001.0,0,6128,2,0,F,1270.0,P,10,1001.0
5787,5787,6130_01,Europa,True,55 Cancri e,33.0,True,0.0,3095.0,0.0,197.0,40.0,3332.0,0,6130,1,1,C,189.0,P,1,3332.0
5788,5788,6132_01,Mars,True,TRAPPIST-1e,46.0,False,0.0,0.0,0.0,0.0,0.0,0.0,1,6132,1,1,F,1170.0,S,8,0.0
5789,5789,6133_01,Earth,True,PSO J318.5-22,26.0,False,0.0,0.0,0.0,0.0,0.0,0.0,1,6133,1,1,G,993.0,S,11,0.0
5790,5790,6135_01,Earth,True,TRAPPIST-1e,24.0,False,270.0,0.0,534.0,0.0,0.0,804.0,0,6135,1,1,F,1272.0,P,15,804.0
5791,5791,6136_01,Earth,True,TRAPPIST-1e,26.0,False,0.0,0.0,0.0,213.0,1078.0,1291.0,0,6136,1,1,F,1172.0,S,7,1291.0
5792,5792,6137_01,Earth,True,TRAPPIST-1e,2.0,False,0.0,0.0,0.0,0.0,0.0,0.0,1,6137,6,0,G,994.0,S,10,0.0
5793,5793,6137_02,Earth,True,TRAPPIST-1e,33.0,False,457.0,0.0,0.0,0.0,445.0,902.0,0,6137,6,0,F,1173.0,S,5,902.0
5794,5794,6137_03,Earth,True,TRAPPIST-1e,32.0,False,0.0,0.0,0.0,0.0,0.0,0.0,1,6137,6,0,G,994.0,S,10,0.0
5795,5795,6137_04,Earth,True,TRAPPIST-1e,3.0,False,0.0,0.0,0.0,0.0,0.0,0.0,1,6137,6,0,G,994.0,S,10,0.0
5796,5796,6137_05,Earth,True,TRAPPIST-1e,2.0,False,0.0,0.0,0.0,0.0,0.0,0.0,1,6137,6,0,G,994.0,S,10,0.0
5797,5797,6137_06,Earth,True,TRAPPIST-1e,6.0,False,0.0,0.0,0.0,0.0,0.0,0.0,1,6137,6,0,G,994.0,S,10,0.0
5798,5798,6138_01,Mars,True,TRAPPIST-1e,28.0,False,236.0,699.0,332.0,31.0,0.0,1298.0,0,6138,1,1,E,406.0,S,4,1298.0
5799,5799,6139_01,Europa,False,TRAPPIST-1e,0.0,False,0.0,0.0,0.0,0.0,0.0,0.0,1,6139,6,0,C,230.0,S,3,0.0
5800,5800,6139_02,Europa,True,TRAPPIST-1e,4.0,False,0.0,0.0,0.0,0.0,0.0,0.0,1,6139,6,0,C,230.0,S,9,0.0
5801,5801,6139_03,Europa,True,TRAPPIST-1e,58.0,False,0.0,1073.0,51.166666666666664,803.0,988.0,2864.0,0,6139,6,0,C,230.0,S,9,2915.166666666667
5802,5802,6139_04,Europa,True,TRAPPIST-1e,22.0,False,0.0,0.0,0.0,0.0,0.0,0.0,1,6139,6,0,C,230.0,S,9,0.0
5803,5803,6139_05,Europa,True,55 Cancri e,51.0,False,0.0,0.0,0.0,0.0,0.0,0.0,1,6139,6,0,C,230.0,S,9,0.0
5804,5804,6139_06,Europa,True,55 Cancri e,37.0,False,0.0,0.0,0.0,0.0,0.0,0.0,1,6139,6,0,C,230.0,S,9,0.0
5805,5805,6141_01,Earth,True,PSO J318.5-22,17.0,False,0.0,20.0,0.0,14.0,884.0,918.0,0,6141,2,0,F,1174.0,S,17,918.0
5806,5806,6141_02,Earth,True,TRAPPIST-1e,21.0,False,28.0,0.0,0.0,662.0,0.0,690.0,0,6141,2,0,F,1221.0,S,17,690.0
5807,5807,6143_01,Earth,True,TRAPPIST-1e,24.0,False,3.0,791.0,0.0,362.0,0.0,1156.0,0,6143,1,1,F,1175.0,S,15,1156.0
5808,5808,6145_01,Europa,True,55 Cancri e,36.0,False,3478.0,10.0,0.0,105.0,2383.0,5976.0,0,6145,1,1,C,231.0,S,4,5976.0
5809,5809,6146_01,Europa,True,TRAPPIST-1e,31.0,False,0.0,0.0,0.0,0.0,0.0,0.0,1,6146,1,1,B,207.0,P,1,0.0
5810,5810,6148_01,Mars,True,TRAPPIST-1e,43.0,False,0.0,0.0,0.0,0.0,0.0,0.0,1,6148,2,0,F,1176.0,S,7,0.0
5811,5811,6148_02,Mars,True,TRAPPIST-1e,19.0,False,0.0,0.0,0.0,0.0,0.0,0.0,1,6148,2,0,F,1176.0,S,7,0.0
5812,5812,6149_01,Earth,True,TRAPPIST-1e,15.0,False,1682.0,103.0,0.0,0.0,3.0,1788.0,0,6149,1,1,G,995.0,S,8,1788.0
5813,5813,6150_01,Earth,True,TRAPPIST-1e,18.0,False,0.0,784.0,8.0,11.0,0.0,803.0,0,6150,1,1,F,1177.0,S,2,803.0
5814,5814,6152_01,Europa,True,TRAPPIST-1e,33.0,False,0.0,0.0,0.0,0.0,0.0,0.0,1,6152,2,0,B,235.0,S,6,0.0
5815,5815,6152_02,Europa,True,TRAPPIST-1e,31.0,False,0.0,53.0,0.0,2963.0,1017.0,4033.0,0,6152,2,0,B,235.0,S,6,4033.0
5816,5816,6153_01,Europa,True,55 Cancri e,41.0,False,0.0,0.0,0.0,0.0,0.0,0.0,1,6153,1,1,B,236.0,S,1,0.0
5817,5817,6155_01,Earth,True,TRAPPIST-1e,22.0,False,1.0,0.0,10.0,625.0,0.0,636.0,0,6155,1,1,F,1178.0,S,5,636.0
5818,5818,6156_01,Earth,True,TRAPPIST-1e,40.0,False,0.0,1.0,0.0,888.0,80.0,969.0,0,6156,1,1,F,1179.0,S,11,969.0
5819,5819,6157_01,Mars,True,TRAPPIST-1e,49.0,False,460.0,86.0,92.0,659.0,0.0,1297.0,0,6157,1,1,E,407.0,S,4,1297.0
5820,5820,6158_01,Earth,True,PSO J318.5-22,14.0,False,0.0,0.0,0.0,0.0,0.0,0.0,1,6158,1,1,G,996.0,S,9,0.0
5821,5821,6162_01,Earth,True,55 Cancri e,22.0,False,0.0,0.0,1.0,575.0,0.0,576.0,0,6162,1,1,F,1181.0,S,4,576.0
5822,5822,6163_01,Earth,True,TRAPPIST-1e,22.0,False,0.0,32.0,33.0,429.0,1174.0,1668.0,0,6163,1,1,E,409.0,S,10,1668.0
5823,5823,6166_01,Earth,True,TRAPPIST-1e,25.0,False,980.0,0.0,3.0,0.0,0.0,983.0,0,6166,1,1,E,394.0,P,11,983.0
5824,5824,6167_01,Earth,True,PSO J318.5-22,42.0,False,0.0,0.0,0.0,0.0,0.0,0.0,1,6167,1,1,G,998.0,S,6,0.0
5825,5825,6168_01,Earth,True,PSO J318.5-22,16.0,False,0.0,0.0,0.0,0.0,0.0,0.0,1,6168,2,0,G,999.0,S,8,0.0
5826,5826,6168_02,Earth,True,55 Cancri e,12.0,False,0.0,0.0,0.0,0.0,0.0,0.0,1,6168,2,0,G,999.0,S,8,0.0
5827,5827,6169_01,Earth,True,TRAPPIST-1e,18.0,False,382.0,10.0,291.0,90.0,9.0,782.0,0,6169,1,1,G,1000.0,S,6,782.0
5828,5828,6170_01,Earth,True,TRAPPIST-1e,33.0,False,0.0,2.0,91.8,0.0,807.0,809.0,0,6170,1,1,G,998.0,P,7,900.8
5829,5829,6171_01,Earth,True,TRAPPIST-1e,14.0,False,5.0,0.0,479.0,297.0,9.0,790.0,0,6171,1,1,E,410.0,S,12,790.0
5830,5830,6172_01,Earth,True,TRAPPIST-1e,36.0,False,0.0,0.0,0.0,0.0,0.0,0.0,1,6172,1,1,G,1001.0,S,1,0.0
5831,5831,6173_01,Europa,True,TRAPPIST-1e,23.0,False,0.0,0.0,0.0,0.0,0.0,0.0,1,6173,1,1,B,208.0,P,0,0.0
5832,5832,6174_01,Earth,True,55 Cancri e,24.0,False,0.0,479.0,116.0,1.0,37.0,633.0,0,6174,3,0,F,1274.0,P,10,633.0
5833,5833,6174_02,Earth,True,PSO J318.5-22,4.0,False,0.0,0.0,0.0,0.0,0.0,0.0,1,6174,3,0,G,999.0,P,7,0.0
5834,5834,6174_03,Earth,True,TRAPPIST-1e,9.0,False,0.0,0.0,0.0,0.0,0.0,0.0,1,6174,3,0,G,999.0,P,10,0.0
5835,5835,6175_01,Earth,True,TRAPPIST-1e,18.0,False,628.0,0.0,0.0,31.0,150.0,809.0,0,6175,3,0,G,1000.0,P,13,809.0
5836,5836,6175_02,Earth,True,TRAPPIST-1e,21.0,False,0.0,0.0,0.0,0.0,0.0,0.0,1,6175,3,0,G,1000.0,P,11,0.0
5837,5837,6175_03,Earth,True,TRAPPIST-1e,27.0,False,12.0,0.0,0.0,873.0,0.0,885.0,0,6175,3,0,G,1000.0,P,13,885.0
5838,5838,6176_01,Mars,True,TRAPPIST-1e,34.0,False,0.0,0.0,0.0,0.0,0.0,0.0,1,6176,1,1,F,1275.0,P,2,0.0
5839,5839,6178_01,Earth,True,PSO J318.5-22,28.0,False,0.0,0.0,0.0,0.0,0.0,0.0,1,6178,1,1,G,1001.0,P,6,0.0
5840,5840,6179_01,Europa,True,TRAPPIST-1e,35.0,False,0.0,0.0,0.0,0.0,0.0,0.0,1,6179,1,1,B,209.0,P,1,0.0
5841,5841,6180_01,Earth,True,PSO J318.5-22,16.0,False,0.0,0.0,0.0,0.0,0.0,0.0,1,6180,1,1,G,1002.0,S,7,0.0
5842,5842,6181_01,Europa,True,TRAPPIST-1e,36.0,False,0.0,2624.0,1657.0,2799.0,1.0,7081.0,0,6181,1,1,C,191.0,P,3,7081.0
5843,5843,6182_01,Earth,True,TRAPPIST-1e,30.0,False,0.0,0.0,0.0,0.0,0.0,0.0,1,6182,1,1,G,1002.0,P,7,0.0
5844,5844,6184_01,Earth,True,PSO J318.5-22,4.0,False,0.0,0.0,0.0,0.0,0.0,0.0,1,6184,1,1,G,1003.0,S,10,0.0
5845,5845,6186_01,Mars,True,TRAPPIST-1e,19.0,True,61.0,783.0,110.0,0.0,0.0,954.0,0,6186,1,1,E,396.0,P,6,954.0
5846,5846,6189_01,Earth,True,TRAPPIST-1e,3.0,False,0.0,0.0,0.0,0.0,0.0,0.0,1,6189,1,1,G,1004.0,P,15,0.0
5847,5847,6191_01,Europa,True,TRAPPIST-1e,51.0,False,0.0,0.0,0.0,0.0,0.0,0.0,1,6191,4,0,A,59.0,P,12,0.0
5848,5848,6191_02,Europa,True,TRAPPIST-1e,28.0,False,0.0,0.0,0.0,0.0,0.0,0.0,1,6191,4,0,A,59.0,P,12,0.0
5849,5849,6191_03,Europa,True,TRAPPIST-1e,45.0,False,0.0,0.0,0.0,0.0,0.0,0.0,1,6191,4,0,A,59.0,P,12,0.0
5850,5850,6191_04,Europa,True,TRAPPIST-1e,18.0,False,0.0,0.0,0.0,0.0,0.0,0.0,1,6191,4,0,A,59.0,P,12,0.0
5851,5851,6192_01,Earth,True,PSO J318.5-22,23.0,False,0.0,126.0,403.0,0.0,21.0,550.0,0,6192,1,1,F,1183.0,S,12,550.0
5852,5852,6194_01,Earth,True,TRAPPIST-1e,15.0,False,1042.0,0.0,36.0,0.0,0.0,1078.0,0,6194,1,1,F,1185.0,S,0,1078.0
5853,5853,6199_01,Mars,True,TRAPPIST-1e,34.0,False,0.0,0.0,0.0,0.0,0.0,0.0,1,6199,2,0,E,412.0,S,12,0.0
5854,5854,6199_02,Mars,True,TRAPPIST-1e,47.0,False,5.0,1027.0,0.0,24.0,0.0,1056.0,0,6199,2,0,D,188.0,S,12,1056.0
5855,5855,6200_01,Europa,True,TRAPPIST-1e,27.0,False,3.0,4654.0,0.0,657.0,214.0,5528.0,0,6200,3,0,B,238.0,S,3,5528.0
5856,5856,6200_02,Europa,True,TRAPPIST-1e,26.0,False,0.0,9.0,0.0,3.0,2047.0,2059.0,0,6200,3,0,B,238.0,S,3,2059.0
5857,5857,6200_03,Europa,True,55 Cancri e,25.0,False,2026.0,4929.0,0.0,1179.0,10270.0,18404.0,0,6200,3,0,B,238.0,S,3,18404.0
5858,5858,6201_01,Europa,True,55 Cancri e,34.0,True,0.0,1174.0,0.0,130.0,1141.0,2445.0,0,6201,1,1,A,60.0,P,3,2445.0
5859,5859,6205_01,Mars,True,TRAPPIST-1e,27.0,True,55.0,0.0,50.0,1849.0,1.0,1955.0,0,6205,1,1,D,189.0,S,2,1955.0
5860,5860,6206_01,Earth,True,TRAPPIST-1e,39.0,False,0.0,176.0,43.0,660.0,0.0,879.0,0,6206,1,1,F,1187.0,S,13,879.0
5861,5861,6207_01,Mars,True,TRAPPIST-1e,31.0,False,915.0,0.0,1313.0,370.0,0.0,2598.0,0,6207,3,0,F,1278.0,P,8,2598.0
5862,5862,6207_02,Mars,True,TRAPPIST-1e,4.0,False,0.0,0.0,0.0,0.0,0.0,0.0,1,6207,3,0,F,1278.0,P,8,0.0
5863,5863,6207_03,Mars,True,TRAPPIST-1e,19.0,False,0.0,0.0,0.0,0.0,0.0,0.0,1,6207,3,0,E,397.0,P,8,0.0
5864,5864,6208_01,Mars,True,55 Cancri e,59.0,False,0.0,0.0,0.0,0.0,0.0,0.0,1,6208,1,1,F,1279.0,P,3,0.0
5865,5865,6211_01,Mars,True,TRAPPIST-1e,19.0,False,2006.0,0.0,251.40425531914894,0.0,0.0,2006.0,0,6211,1,1,D,193.0,P,4,2257.404255319149
5866,5866,6213_01,Earth,True,55 Cancri e,25.0,False,258.0,0.0,306.0,311.0,24.0,899.0,0,6213,1,1,F,1280.0,P,15,899.0
5867,5867,6215_01,Europa,True,55 Cancri e,28.0,False,0.0,809.0,0.0,2043.0,72.0,2924.0,0,6215,2,0,B,239.0,S,2,2924.0
5868,5868,6215_02,Europa,True,55 Cancri e,37.0,False,0.0,90.0,0.0,3282.0,11.0,3383.0,0,6215,2,0,B,239.0,S,2,3383.0
5869,5869,6216_01,Mars,True,TRAPPIST-1e,43.0,False,24.0,1.0,1167.0,0.0,0.0,1192.0,0,6216,1,1,F,1282.0,P,6,1192.0
5870,5870,6218_01,Earth,True,55 Cancri e,18.0,False,425.0,779.0,0.0,0.0,74.0,1278.0,0,6218,2,0,F,1188.0,S,11,1278.0
5871,5871,6218_02,Earth,True,TRAPPIST-1e,36.0,False,1603.0,0.0,2.0,87.0,0.0,1692.0,0,6218,2,0,E,413.0,S,11,1692.0
5872,5872,6219_01,Earth,True,TRAPPIST-1e,14.0,False,71.0,0.0,0.0,0.0,90.31958762886597,71.0,0,6219,1,1,F,1283.0,P,7,161.31958762886597
5873,5873,6220_01,Earth,True,PSO J318.5-22,42.0,False,0.0,168.0,0.0,113.0,461.0,742.0,0,6220,1,1,F,1284.0,P,9,742.0
5874,5874,6222_01,Earth,True,PSO J318.5-22,29.0,False,25.0,0.0,2.0,0.0,657.0,684.0,0,6222,1,1,F,1190.0,S,6,684.0
5875,5875,6223_01,Mars,True,TRAPPIST-1e,23.0,False,1696.0,46.0,82.0,235.0,17.0,2076.0,0,6223,1,1,E,398.0,P,2,2076.0
5876,5876,6224_01,Earth,True,TRAPPIST-1e,16.0,False,0.0,0.0,60.0,0.0,1963.0,2023.0,0,6224,2,0,F,1191.0,S,7,2023.0
5877,5877,6224_02,Earth,True,55 Cancri e,8.0,False,0.0,0.0,0.0,0.0,0.0,0.0,1,6224,2,0,G,1006.0,S,7,0.0
5878,5878,6225_01,Earth,True,TRAPPIST-1e,20.0,False,1.0,0.0,0.0,32.0,875.0,908.0,0,6225,1,1,G,1007.0,P,7,908.0
5879,5879,6227_01,Earth,True,PSO J318.5-22,50.0,False,199.0,0.0,182.0,0.0,108.05263157894737,381.0,0,6227,1,1,F,1192.0,S,8,489.0526315789474
5880,5880,6228_01,Earth,True,TRAPPIST-1e,38.0,False,0.0,709.0,39.0,62.0,0.0,810.0,0,6228,1,1,G,1007.0,S,7,810.0
5881,5881,6229_01,Mars,True,TRAPPIST-1e,39.0,False,0.0,0.0,0.0,0.0,0.0,0.0,1,6229,1,1,F,1286.0,P,3,0.0
5882,5882,6230_01,Mars,True,TRAPPIST-1e,33.0,False,559.0,0.0,145.0,594.0,0.0,1298.0,0,6230,1,1,E,414.0,S,5,1298.0
5883,5883,6232_01,Europa,True,55 Cancri e,30.0,False,0.0,0.0,0.0,0.0,0.0,0.0,1,6232,1,1,B,241.0,S,3,0.0
5884,5884,6234_01,Mars,True,PSO J318.5-22,40.0,True,301.0,0.0,1310.0,4.0,0.0,1615.0,0,6234,1,1,F,1287.0,P,7,1615.0
5885,5885,6236_01,Earth,True,TRAPPIST-1e,22.0,False,395.0,0.0,0.0,300.0,125.0,820.0,0,6236,1,1,F,1194.0,S,7,820.0
5886,5886,6237_01,Mars,True,TRAPPIST-1e,52.0,False,0.0,0.0,0.0,0.0,0.0,0.0,1,6237,1,1,F,1195.0,S,12,0.0
5887,5887,6238_01,Mars,True,TRAPPIST-1e,26.0,False,0.0,0.0,0.0,0.0,0.0,0.0,1,6238,1,1,F,1196.0,S,6,0.0
5888,5888,6239_01,Earth,True,TRAPPIST-1e,19.0,False,2044.0,0.0,13.0,1.0,0.0,2058.0,0,6239,1,1,F,1197.0,S,5,2058.0
5889,5889,6241_01,Earth,True,TRAPPIST-1e,33.0,False,6.0,0.0,0.0,0.0,950.0,956.0,0,6241,1,1,F,1198.0,S,3,956.0
5890,5890,6243_01,Earth,True,PSO J318.5-22,33.0,False,0.0,0.0,0.0,0.0,0.0,0.0,1,6243,1,1,G,1010.0,S,7,0.0
5891,5891,6245_01,Earth,True,TRAPPIST-1e,20.0,False,0.0,0.0,841.0,5.0,0.0,846.0,0,6245,1,1,G,1011.0,S,6,846.0
5892,5892,6246_01,Mars,True,TRAPPIST-1e,28.0,False,580.719298245614,0.0,129.0,0.0,122.03389830508475,129.0,0,6246,1,1,F,1199.0,S,7,831.7531965506988
5893,5893,6248_01,Earth,True,55 Cancri e,10.0,False,0.0,0.0,0.0,0.0,0.0,0.0,1,6248,1,1,G,1012.0,S,7,0.0
5894,5894,6249_01,Earth,True,TRAPPIST-1e,23.0,False,0.0,1.0,908.0,0.0,0.0,909.0,0,6249,1,1,G,1008.0,P,7,909.0
5895,5895,6250_01,Earth,True,TRAPPIST-1e,28.0,False,145.9777777777778,0.0,887.0,0.0,0.0,887.0,0,6250,1,1,G,1013.0,S,10,1032.9777777777779
5896,5896,6251_01,Earth,True,TRAPPIST-1e,23.0,False,2189.0,0.0,0.0,0.0,0.0,2189.0,0,6251,1,1,F,1200.0,S,8,2189.0
5897,5897,6252_01,Mars,True,TRAPPIST-1e,54.0,False,630.0,298.0,418.0,312.0,0.0,1658.0,0,6252,1,1,F,1201.0,S,4,1658.0
5898,5898,6253_01,Mars,True,TRAPPIST-1e,57.0,False,368.0,0.0,636.0,1082.0,512.0,2598.0,0,6253,2,0,F,1289.0,P,9,2598.0
5899,5899,6253_02,Mars,True,55 Cancri e,24.0,False,737.0,293.0,301.0,0.0,0.0,1331.0,0,6253,2,0,F,1289.0,P,9,1331.0
5900,5900,6254_01,Europa,True,TRAPPIST-1e,37.0,False,0.0,0.0,0.0,0.0,0.0,0.0,1,6254,2,0,B,243.0,S,2,0.0
5901,5901,6254_02,Europa,True,TRAPPIST-1e,59.0,False,0.0,0.0,0.0,0.0,0.0,0.0,1,6254,2,0,B,243.0,S,2,0.0
5902,5902,6256_01,Earth,True,TRAPPIST-1e,53.0,False,0.0,0.0,0.0,0.0,0.0,0.0,1,6256,1,1,G,1009.0,P,5,0.0
5903,5903,6262_01,Mars,True,TRAPPIST-1e,22.0,False,0.0,0.0,0.0,0.0,0.0,0.0,1,6262,2,0,F,1293.0,P,5,0.0
5904,5904,6262_02,Mars,True,TRAPPIST-1e,18.0,False,102.0,3.0,186.0,2287.0,0.0,2578.0,0,6262,2,0,D,195.0,P,5,2578.0
5905,5905,6263_01,Europa,True,55 Cancri e,17.0,False,0.0,0.0,0.0,0.0,0.0,0.0,1,6263,2,0,B,213.0,P,5,0.0
5906,5906,6263_02,Europa,True,55 Cancri e,25.0,False,0.0,1674.0,3.0,9.0,3554.0,5240.0,0,6263,2,0,B,213.0,P,5,5240.0
5907,5907,6264_01,Earth,True,TRAPPIST-1e,18.0,False,108.0,2.0,11.0,0.0,680.0,801.0,0,6264,1,1,F,1294.0,P,7,801.0
5908,5908,6265_01,Earth,True,TRAPPIST-1e,20.0,False,379.0,138.81304347826088,29.0,39.0,91.0,538.0,0,6265,1,1,G,1013.0,P,9,676.8130434782609
5909,5909,6266_01,Earth,True,TRAPPIST-1e,24.0,False,0.0,2680.0,0.0,2.0,45.0,2727.0,0,6266,1,1,F,1296.0,P,8,2727.0
5910,5910,6268_01,Mars,True,TRAPPIST-1e,33.0,False,0.0,0.0,0.0,0.0,0.0,0.0,1,6268,1,1,F,1202.0,S,5,0.0
5911,5911,6270_01,Earth,True,TRAPPIST-1e,34.0,False,124.0,0.0,0.0,679.0,0.0,803.0,0,6270,2,0,F,1297.0,P,9,803.0
5912,5912,6270_02,Earth,True,55 Cancri e,24.0,False,0.0,254.0,13.0,0.0,477.0,744.0,0,6270,2,0,F,1297.0,P,9,744.0
5913,5913,6271_01,Europa,True,TRAPPIST-1e,37.0,False,0.0,0.0,0.0,0.0,0.0,0.0,1,6271,1,1,A,62.0,P,1,0.0
5914,5914,6273_01,Mars,True,TRAPPIST-1e,23.0,False,690.0,0.0,0.0,292.0,1596.0,2578.0,0,6273,2,0,D,196.0,P,7,2578.0
5915,5915,6273_02,Mars,True,TRAPPIST-1e,32.0,False,2031.0,0.0,28.0,519.0,0.0,2578.0,0,6273,2,0,D,196.0,P,7,2578.0
5916,5916,6274_01,Mars,True,TRAPPIST-1e,13.0,False,0.0,0.0,0.0,0.0,0.0,0.0,1,6274,1,1,F,1203.0,S,10,0.0
5917,5917,6276_01,Earth,True,55 Cancri e,23.0,False,0.0,0.0,0.0,0.0,0.0,0.0,1,6276,1,1,G,1011.0,P,4,0.0
5918,5918,6277_01,Earth,True,TRAPPIST-1e,23.0,False,0.0,0.0,0.0,0.0,0.0,0.0,1,6277,1,1,G,1014.0,S,7,0.0
5919,5919,6279_01,Europa,True,TRAPPIST-1e,27.0,False,135.0,3103.0,9.0,424.0,629.0,4300.0,0,6279,1,1,A,74.0,S,5,4300.0
5920,5920,6280_01,Earth,True,TRAPPIST-1e,47.0,False,0.0,0.0,0.0,0.0,0.0,0.0,1,6280,1,1,G,1012.0,P,4,0.0
5921,5921,6281_01,Earth,True,TRAPPIST-1e,38.0,False,20.0,0.0,751.0,0.0,2.0,773.0,0,6281,1,1,G,1015.0,S,12,773.0
5922,5922,6282_01,Mars,True,TRAPPIST-1e,28.0,False,158.0,0.0,0.0,465.0,0.0,623.0,0,6282,1,1,F,1205.0,S,4,623.0
5923,5923,6283_01,Earth,True,TRAPPIST-1e,21.0,False,0.0,296.0,2.0,0.0,1543.0,1841.0,0,6283,2,0,F,1206.0,S,11,1841.0
5924,5924,6283_02,Earth,True,TRAPPIST-1e,28.0,False,2.0,3.0,93.0,6.0,540.0,644.0,0,6283,2,0,F,1206.0,S,11,644.0
5925,5925,6285_01,Europa,False,55 Cancri e,64.0,False,0.0,0.0,0.0,0.0,0.0,0.0,1,6285,2,0,B,245.0,S,6,0.0
5926,5926,6285_02,Europa,True,TRAPPIST-1e,43.0,False,2.0,5329.0,0.0,7.0,0.0,5338.0,0,6285,2,0,B,245.0,S,6,5338.0
5927,5927,6289_01,Earth,True,TRAPPIST-1e,21.0,False,0.0,0.0,28.0,508.0,272.0,808.0,0,6289,1,1,G,1018.0,S,4,808.0
5928,5928,6290_01,Earth,True,TRAPPIST-1e,36.0,False,78.0,9.0,0.0,0.0,841.0,928.0,0,6290,1,1,G,1013.0,P,5,928.0
5929,5929,6292_01,Earth,True,PSO J318.5-22,22.0,False,0.0,0.0,0.0,48.0,653.0,701.0,0,6292,1,1,G,1020.0,S,5,701.0
5930,5930,6293_01,Earth,True,TRAPPIST-1e,24.0,False,0.0,1049.0,1.0,0.0,0.0,1050.0,0,6293,1,1,F,1301.0,P,8,1050.0
5931,5931,6296_01,Europa,True,TRAPPIST-1e,21.0,False,0.0,0.0,0.0,0.0,0.0,0.0,1,6296,1,1,B,247.0,S,6,0.0
5932,5932,6297_01,Earth,True,TRAPPIST-1e,57.0,False,0.0,1409.0,29.0,0.0,0.0,1438.0,0,6297,1,1,G,1014.0,P,9,1438.0
5933,5933,6299_01,Europa,True,55 Cancri e,46.0,False,0.0,8943.0,0.0,0.0,159.0,9102.0,0,6299,1,1,C,192.0,P,4,9102.0
5934,5934,6300_01,Mars,True,TRAPPIST-1e,42.0,False,0.0,0.0,0.0,0.0,0.0,0.0,1,6300,1,1,F,1303.0,P,5,0.0
5935,5935,6301_01,Earth,True,TRAPPIST-1e,16.0,False,17.0,82.3061224489796,0.0,537.0,173.0,727.0,0,6301,1,1,F,1304.0,P,14,809.3061224489796
5936,5936,6302_01,Earth,True,TRAPPIST-1e,40.0,False,0.0,175.0,0.0,11.0,537.0,723.0,0,6302,7,0,F,1305.0,P,5,723.0
5937,5937,6302_02,Earth,True,TRAPPIST-1e,3.0,False,0.0,0.0,0.0,0.0,0.0,0.0,1,6302,7,0,G,1015.0,P,9,0.0
5938,5938,6302_03,Earth,True,TRAPPIST-1e,8.0,False,0.0,0.0,0.0,0.0,0.0,0.0,1,6302,7,0,G,1015.0,P,4,0.0
5939,5939,6302_04,Earth,True,PSO J318.5-22,3.0,False,0.0,0.0,0.0,0.0,0.0,0.0,1,6302,7,0,G,1019.0,P,10,0.0
5940,5940,6302_05,Earth,True,55 Cancri e,35.0,False,1669.0,0.0,7.0,0.0,90.0,1766.0,0,6302,7,0,G,1015.0,P,4,1766.0
5941,5941,6302_06,Earth,True,55 Cancri e,12.0,False,0.0,0.0,0.0,0.0,0.0,0.0,1,6302,7,0,G,1015.0,P,9,0.0
5942,5942,6302_07,Earth,True,TRAPPIST-1e,9.0,False,0.0,0.0,0.0,0.0,0.0,0.0,1,6302,7,0,G,1015.0,P,4,0.0
5943,5943,6304_01,Europa,True,55 Cancri e,47.0,True,0.0,2225.0,1573.0,201.0,23.0,4022.0,0,6304,1,1,C,193.0,P,2,4022.0
5944,5944,6305_01,Europa,True,55 Cancri e,19.0,False,0.0,0.0,0.0,0.0,0.0,0.0,1,6305,2,0,B,248.0,S,2,0.0
5945,5945,6305_02,Europa,True,TRAPPIST-1e,46.0,False,3616.0,564.0,0.0,15.0,3303.0,7498.0,0,6305,2,0,B,248.0,S,2,7498.0
5946,5946,6308_01,Earth,True,TRAPPIST-1e,28.0,False,0.0,152.0,215.0,30.0,510.0,907.0,0,6308,1,1,G,1017.0,P,13,907.0
5947,5947,6309_01,Earth,True,TRAPPIST-1e,5.0,False,0.0,0.0,0.0,0.0,0.0,0.0,1,6309,5,0,G,1023.0,S,5,0.0
5948,5948,6309_02,Earth,False,TRAPPIST-1e,7.0,False,0.0,0.0,0.0,0.0,0.0,0.0,1,6309,5,0,G,1023.0,S,6,0.0
5949,5949,6309_03,Earth,True,TRAPPIST-1e,3.0,False,0.0,0.0,0.0,0.0,0.0,0.0,1,6309,5,0,G,1023.0,S,5,0.0
5950,5950,6309_04,Earth,True,TRAPPIST-1e,1.0,False,0.0,0.0,0.0,0.0,0.0,0.0,1,6309,5,0,G,1023.0,S,6,0.0
5951,5951,6309_05,Earth,True,55 Cancri e,7.0,False,0.0,0.0,0.0,0.0,0.0,0.0,1,6309,5,0,G,1023.0,S,6,0.0
5952,5952,6313_01,Europa,True,TRAPPIST-1e,60.0,False,0.0,190.0,3.0,1964.0,30.0,2187.0,0,6313,2,0,D,190.0,S,3,2187.0
5953,5953,6313_02,Europa,True,TRAPPIST-1e,34.0,False,6.0,878.0,0.0,10.0,2203.0,3097.0,0,6313,2,0,D,190.0,S,3,3097.0
5954,5954,6315_01,Europa,True,TRAPPIST-1e,28.0,False,0.0,1850.8260869565217,0.0,6.0,9837.0,9843.0,0,6315,1,1,C,234.0,S,7,11693.826086956522
5955,5955,6316_01,Earth,True,55 Cancri e,64.0,False,0.0,316.0,2.0,673.0,0.0,991.0,0,6316,1,1,E,401.0,P,4,991.0
5956,5956,6317_01,Earth,True,TRAPPIST-1e,13.0,False,898.0,0.0,0.0,149.82474226804123,24.0,922.0,0,6317,1,1,F,1208.0,S,6,1071.8247422680413
5957,5957,6318_01,Earth,True,TRAPPIST-1e,15.0,False,0.0,0.0,0.0,0.0,0.0,0.0,1,6318,1,1,G,1018.0,P,5,0.0
5958,5958,6319_01,Earth,True,TRAPPIST-1e,65.0,False,458.0,0.0,555.0,0.0,0.0,1013.0,0,6319,1,1,G,1019.0,P,9,1013.0
5959,5959,6320_01,Mars,True,TRAPPIST-1e,53.0,False,78.0,85.0,859.0,0.0,0.0,1022.0,0,6320,1,1,E,418.0,S,10,1022.0
5960,5960,6321_01,Europa,True,55 Cancri e,58.0,False,0.0,0.0,0.0,0.0,0.0,0.0,1,6321,3,0,C,194.0,P,3,0.0
5961,5961,6321_02,Europa,True,TRAPPIST-1e,19.0,False,0.0,1234.0,0.0,1956.0,0.0,3190.0,0,6321,3,0,C,194.0,P,3,3190.0
5962,5962,6321_03,Europa,True,55 Cancri e,28.0,False,0.0,0.0,0.0,0.0,0.0,0.0,1,6321,3,0,C,194.0,P,3,0.0
5963,5963,6322_01,Earth,True,TRAPPIST-1e,16.0,False,0.0,68.0,1541.0,0.0,0.0,1609.0,0,6322,1,1,E,419.0,S,12,1609.0
5964,5964,6323_01,Europa,True,55 Cancri e,48.0,False,3.0,4089.0,0.0,4368.0,147.0,8607.0,0,6323,2,0,C,235.0,S,5,8607.0
5965,5965,6323_02,Europa,True,TRAPPIST-1e,33.0,False,2.0,4742.0,0.0,34.0,0.0,4778.0,0,6323,2,0,C,235.0,S,3,4778.0
5966,5966,6324_01,Earth,True,TRAPPIST-1e,31.0,False,19.0,509.0,0.0,0.0,177.0,705.0,0,6324,3,0,E,420.0,S,10,705.0
5967,5967,6324_02,Earth,False,55 Cancri e,44.0,False,0.0,0.0,0.0,0.0,0.0,0.0,1,6324,3,0,G,1025.0,S,10,0.0
5968,5968,6324_03,Earth,True,TRAPPIST-1e,40.0,False,1.0,0.0,895.0,10.0,0.0,906.0,0,6324,3,0,G,1025.0,S,10,906.0
5969,5969,6325_01,Earth,True,TRAPPIST-1e,34.0,False,0.0,0.0,0.0,0.0,0.0,0.0,1,6325,2,0,G,1026.0,S,13,0.0
5970,5970,6325_02,Earth,True,TRAPPIST-1e,21.0,False,0.0,541.0,0.0,143.0,0.0,684.0,0,6325,2,0,F,1209.0,S,6,684.0
5971,5971,6326_01,Earth,True,TRAPPIST-1e,20.0,False,0.0,20.0,1.0,696.0,0.0,717.0,0,6326,1,1,F,1307.0,P,10,717.0
5972,5972,6327_01,Mars,True,TRAPPIST-1e,9.0,False,0.0,0.0,0.0,0.0,0.0,0.0,1,6327,1,1,F,1308.0,P,10,0.0
5973,5973,6328_01,Earth,True,TRAPPIST-1e,33.0,False,0.0,0.0,0.0,0.0,0.0,0.0,1,6328,4,0,G,1020.0,P,13,0.0
5974,5974,6328_02,Earth,True,PSO J318.5-22,2.0,False,0.0,0.0,0.0,0.0,0.0,0.0,1,6328,4,0,G,1020.0,P,13,0.0
5975,5975,6328_03,Earth,True,TRAPPIST-1e,53.0,False,627.0,32.0,0.0,0.0,37.0,696.0,0,6328,4,0,F,1309.0,P,13,696.0
5976,5976,6328_04,Earth,True,55 Cancri e,0.0,False,0.0,0.0,0.0,0.0,0.0,0.0,1,6328,4,0,G,1020.0,P,13,0.0
5977,5977,6330_01,Earth,True,PSO J318.5-22,38.0,False,0.0,0.0,0.0,0.0,0.0,0.0,1,6330,1,1,G,1027.0,S,5,0.0
5978,5978,6331_01,Europa,True,55 Cancri e,21.0,False,0.0,0.0,0.0,0.0,0.0,0.0,1,6331,1,1,C,237.0,S,3,0.0
5979,5979,6334_01,Earth,True,TRAPPIST-1e,31.0,False,0.0,0.0,0.0,0.0,0.0,0.0,1,6334,7,0,G,1028.0,S,12,0.0
5980,5980,6334_02,Earth,True,PSO J318.5-22,7.0,False,0.0,0.0,0.0,0.0,0.0,0.0,1,6334,7,0,G,1028.0,S,12,0.0
5981,5981,6334_03,Earth,True,55 Cancri e,12.0,False,0.0,0.0,0.0,0.0,0.0,0.0,1,6334,7,0,G,1028.0,S,8,0.0
5982,5982,6334_04,Earth,True,PSO J318.5-22,0.0,False,0.0,0.0,0.0,0.0,0.0,0.0,1,6334,7,0,G,1028.0,S,12,0.0
5983,5983,6334_05,Earth,True,TRAPPIST-1e,17.0,False,5.0,0.0,1317.0,287.0,0.0,1609.0,0,6334,7,0,E,421.0,S,12,1609.0
5984,5984,6334_06,Earth,True,TRAPPIST-1e,55.0,False,0.0,242.0,0.0,479.0,3.0,724.0,0,6334,7,0,F,1210.0,S,12,724.0
5985,5985,6334_07,Earth,True,55 Cancri e,2.0,False,0.0,0.0,0.0,0.0,0.0,0.0,1,6334,7,0,G,1028.0,S,12,0.0
5986,5986,6335_01,Earth,True,TRAPPIST-1e,32.0,False,18.0,0.0,0.0,1382.0,0.0,1400.0,0,6335,1,1,F,1312.0,P,10,1400.0
5987,5987,6338_01,Earth,True,55 Cancri e,16.0,False,0.0,0.0,694.0,0.0,102.0,796.0,0,6338,1,1,F,1313.0,P,7,796.0
5988,5988,6339_01,Earth,True,TRAPPIST-1e,0.0,False,0.0,0.0,0.0,0.0,0.0,0.0,1,6339,1,1,G,1022.0,P,9,0.0
5989,5989,6340_01,Europa,True,TRAPPIST-1e,29.0,False,0.0,584.0,5468.0,7.0,661.0,6720.0,0,6340,2,0,C,195.0,P,7,6720.0
5990,5990,6340_02,Europa,True,55 Cancri e,25.0,False,484.0,11441.0,0.0,4.0,5477.0,17406.0,0,6340,2,0,C,195.0,P,7,17406.0
5991,5991,6341_01,Mars,True,55 Cancri e,39.0,False,1884.0,0.0,1435.0,5.0,469.0,3793.0,0,6341,1,1,D,191.0,S,7,3793.0
5992,5992,6343_01,Mars,True,TRAPPIST-1e,42.0,False,0.0,0.0,0.0,0.0,0.0,0.0,1,6343,1,1,E,423.0,S,7,0.0
5993,5993,6344_01,Earth,True,55 Cancri e,0.0,False,0.0,0.0,0.0,0.0,0.0,0.0,1,6344,2,0,G,1023.0,P,8,0.0
5994,5994,6344_02,Earth,True,TRAPPIST-1e,14.0,False,0.0,0.0,0.0,0.0,0.0,0.0,1,6344,2,0,G,1023.0,P,8,0.0
5995,5995,6346_01,Mars,True,TRAPPIST-1e,29.0,False,2223.0,0.0,0.0,0.0,0.0,2223.0,0,6346,2,0,F,1212.0,S,6,2223.0
5996,5996,6346_02,Mars,True,TRAPPIST-1e,54.0,False,676.0,0.0,231.0,379.0,0.0,1286.0,0,6346,2,0,F,1212.0,S,6,1286.0
5997,5997,6347_01,Earth,True,TRAPPIST-1e,35.0,False,0.0,0.0,0.0,0.0,0.0,0.0,1,6347,1,1,G,1030.0,S,6,0.0
5998,5998,6348_01,Europa,True,55 Cancri e,36.0,False,49.0,13342.0,351.6279069767442,1885.0,6985.0,22261.0,0,6348,1,1,C,238.0,S,3,22612.627906976744
5999,5999,6349_01,Mars,True,TRAPPIST-1e,18.0,False,593.0,0.0,508.0,0.0,12.0,1113.0,0,6349,1,1,F,1314.0,P,8,1113.0
6000,6000,6351_01,Earth,True,55 Cancri e,14.0,False,0.0,973.0,0.0,1.0,0.0,974.0,0,6351,1,1,E,403.0,P,14,974.0
6001,6001,6353_01,Europa,True,TRAPPIST-1e,53.0,False,0.0,0.0,0.0,0.0,0.0,0.0,1,6353,1,1,D,199.0,P,0,0.0
6002,6002,6354_01,Earth,True,TRAPPIST-1e,48.0,False,410.0,2108.0,0.0,0.0,0.0,2518.0,0,6354,1,1,F,1315.0,P,10,2518.0
6003,6003,6355_01,Earth,True,55 Cancri e,21.0,False,0.0,641.0,0.0,0.0,0.0,641.0,0,6355,1,1,F,1213.0,S,12,641.0
6004,6004,6356_01,Earth,True,TRAPPIST-1e,44.0,False,0.0,0.0,0.0,729.0,397.0,1126.0,0,6356,1,1,F,1316.0,P,11,1126.0
6005,6005,6357_01,Earth,True,TRAPPIST-1e,25.0,False,106.0,0.0,0.0,0.0,925.0,1031.0,0,6357,1,1,F,1214.0,S,8,1031.0
6006,6006,6360_01,Europa,True,TRAPPIST-1e,0.0,False,0.0,0.0,0.0,0.0,0.0,0.0,1,6360,3,0,A,75.0,S,4,0.0
6007,6007,6360_02,Europa,True,TRAPPIST-1e,27.0,False,0.0,0.0,0.0,0.0,0.0,0.0,1,6360,3,0,A,75.0,S,4,0.0
6008,6008,6360_03,Europa,True,TRAPPIST-1e,40.0,False,0.0,0.0,0.0,0.0,0.0,0.0,1,6360,3,0,A,75.0,S,4,0.0
6009,6009,6361_01,Earth,True,TRAPPIST-1e,44.0,False,0.0,509.0,129.0,246.0,0.0,884.0,0,6361,1,1,G,1031.0,S,14,884.0
6010,6010,6363_01,Earth,True,TRAPPIST-1e,36.0,False,0.0,0.0,0.0,0.0,0.0,0.0,1,6363,7,0,G,1029.0,P,12,0.0
6011,6011,6363_02,Earth,True,55 Cancri e,3.0,False,0.0,0.0,0.0,0.0,0.0,0.0,1,6363,7,0,G,1026.0,P,12,0.0
6012,6012,6363_03,Earth,True,TRAPPIST-1e,9.0,False,0.0,0.0,0.0,0.0,0.0,0.0,1,6363,7,0,G,1026.0,P,12,0.0
6013,6013,6363_04,Earth,True,TRAPPIST-1e,1.0,False,0.0,0.0,0.0,0.0,0.0,0.0,1,6363,7,0,G,1026.0,P,12,0.0
6014,6014,6363_05,Earth,True,TRAPPIST-1e,17.0,False,0.0,160.25581395348837,977.0,0.0,5.0,982.0,0,6363,7,0,E,405.0,P,12,1142.2558139534883
6015,6015,6363_06,Earth,True,TRAPPIST-1e,47.0,False,0.0,0.0,0.0,0.0,0.0,0.0,1,6363,7,0,G,1026.0,P,12,0.0
6016,6016,6363_07,Earth,True,TRAPPIST-1e,9.0,False,0.0,0.0,0.0,0.0,0.0,0.0,1,6363,7,0,G,1026.0,P,12,0.0
6017,6017,6365_01,Europa,True,55 Cancri e,33.0,False,0.0,38.0,0.0,1.0,3167.0,3206.0,0,6365,1,1,A,64.0,P,3,3206.0
6018,6018,6366_01,Earth,True,PSO J318.5-22,16.0,False,0.0,0.0,99.0,91.45360824742268,774.0,873.0,0,6366,1,1,E,424.0,S,5,964.4536082474226
6019,6019,6367_01,Mars,True,TRAPPIST-1e,30.0,True,1960.0,0.0,638.0,0.0,0.0,2598.0,0,6367,2,0,F,1215.0,S,4,2598.0
6020,6020,6367_02,Mars,True,55 Cancri e,18.0,False,114.0,131.0,927.0,0.0,0.0,1172.0,0,6367,2,0,F,1215.0,S,4,1172.0
6021,6021,6368_01,Earth,True,TRAPPIST-1e,26.0,False,360.0,8.0,1.0,329.0,185.0,883.0,0,6368,1,1,G,1033.0,S,11,883.0
6022,6022,6369_01,Earth,True,PSO J318.5-22,19.0,False,577.0,169.0,0.0,7.0,0.0,753.0,0,6369,1,1,F,1318.0,P,10,753.0
6023,6023,6370_01,Mars,True,TRAPPIST-1e,28.0,False,0.0,0.0,0.0,0.0,0.0,0.0,1,6370,1,1,F,1216.0,S,6,0.0
6024,6024,6371_01,Earth,True,TRAPPIST-1e,35.0,False,858.0,10.0,16.0,0.0,0.0,884.0,0,6371,1,1,G,1027.0,P,9,884.0
6025,6025,6372_01,Europa,True,TRAPPIST-1e,40.0,False,773.0,3729.0,43.0,10.0,0.0,4555.0,0,6372,4,0,B,216.0,P,6,4555.0
6026,6026,6372_02,Europa,True,TRAPPIST-1e,26.0,True,0.0,2199.0,0.0,328.0,329.0,2856.0,0,6372,4,0,B,216.0,P,7,2856.0
6027,6027,6372_03,Europa,True,55 Cancri e,45.0,False,0.0,3200.0,0.0,415.0,161.0,3776.0,0,6372,4,0,B,216.0,P,7,3776.0
6028,6028,6372_04,Europa,True,55 Cancri e,18.0,False,0.0,0.0,0.0,0.0,0.0,0.0,1,6372,4,0,B,216.0,P,7,0.0
6029,6029,6373_01,Earth,True,55 Cancri e,54.0,False,801.0,5.0,0.0,0.0,0.0,806.0,0,6373,1,1,F,1319.0,P,5,806.0
6030,6030,6374_01,Earth,True,TRAPPIST-1e,13.0,False,1144.0,0.0,6.0,0.0,0.0,1150.0,0,6374,1,1,F,1320.0,P,9,1150.0
6031,6031,6376_01,Mars,True,55 Cancri e,26.0,False,0.0,0.0,0.0,0.0,0.0,0.0,1,6376,1,1,F,1217.0,S,7,0.0
6032,6032,6378_01,Earth,True,PSO J318.5-22,16.0,False,0.0,0.0,0.0,0.0,0.0,0.0,1,6378,1,1,G,1034.0,S,10,0.0
6033,6033,6380_01,Earth,True,TRAPPIST-1e,37.0,False,0.0,959.0,8.0,20.0,169.0,1156.0,0,6380,3,0,F,1322.0,P,15,1156.0
6034,6034,6380_02,Earth,True,TRAPPIST-1e,17.0,False,0.0,0.0,0.0,0.0,0.0,0.0,1,6380,3,0,G,1028.0,P,15,0.0
6035,6035,6380_03,Earth,True,55 Cancri e,16.0,False,2.0,511.0,0.0,0.0,1578.0,2091.0,0,6380,3,0,F,1322.0,P,15,2091.0
6036,6036,6381_01,Earth,True,TRAPPIST-1e,18.0,False,358.0,336.0,0.0,0.0,0.0,694.0,0,6381,1,1,F,1323.0,P,8,694.0
6037,6037,6385_01,Mars,True,PSO J318.5-22,21.0,False,435.0,0.0,422.0,16.0,0.0,873.0,0,6385,1,1,F,1270.0,Z,1,873.0
6038,6038,6388_01,Earth,True,TRAPPIST-1e,24.0,False,0.0,0.0,0.0,0.0,826.0,826.0,0,6388,1,1,G,1029.0,P,6,826.0
6039,6039,6390_01,Earth,True,TRAPPIST-1e,22.0,False,0.0,0.0,0.0,0.0,0.0,0.0,1,6390,1,1,G,1036.0,S,8,0.0
6040,6040,6394_01,Earth,True,TRAPPIST-1e,41.0,False,0.0,0.0,0.0,0.0,0.0,0.0,1,6394,4,0,G,1037.0,S,7,0.0
6041,6041,6394_02,Earth,True,TRAPPIST-1e,15.0,False,0.0,0.0,0.0,0.0,0.0,0.0,1,6394,4,0,G,1037.0,S,7,0.0
6042,6042,6394_03,Earth,True,TRAPPIST-1e,36.0,False,0.0,0.0,0.0,0.0,0.0,0.0,1,6394,4,0,G,1037.0,S,7,0.0
6043,6043,6394_04,Earth,True,55 Cancri e,23.0,False,0.0,0.0,478.0,4560.0,0.0,5038.0,0,6394,4,0,G,1037.0,S,7,5038.0
6044,6044,6396_01,Earth,True,TRAPPIST-1e,31.0,False,0.0,243.0,0.0,126.09302325581395,0.0,243.0,0,6396,1,1,E,427.0,S,2,369.09302325581393
6045,6045,6397_01,Earth,True,TRAPPIST-1e,19.0,False,114.0,3.0,622.0,0.0,0.0,739.0,0,6397,1,1,F,1223.0,S,5,739.0
6046,6046,6398_01,Earth,True,55 Cancri e,23.0,False,0.0,0.0,0.0,0.0,0.0,0.0,1,6398,1,1,G,1030.0,P,19,0.0
6047,6047,6399_01,Earth,True,TRAPPIST-1e,47.0,False,0.0,106.0,2915.0,0.0,1200.0,4221.0,0,6399,1,1,G,1031.0,P,10,4221.0
6048,6048,6400_01,Europa,True,55 Cancri e,40.0,False,0.0,1677.0,0.0,109.0,320.0,2106.0,0,6400,2,0,A,76.0,S,8,2106.0
6049,6049,6400_02,Europa,True,55 Cancri e,34.0,True,0.0,618.0,0.0,0.0,10888.0,11506.0,0,6400,2,0,A,76.0,S,8,11506.0
6050,6050,6402_01,Earth,True,TRAPPIST-1e,2.0,False,0.0,0.0,0.0,0.0,0.0,0.0,1,6402,5,0,G,1032.0,P,8,0.0
6051,6051,6402_02,Earth,True,TRAPPIST-1e,8.0,False,0.0,0.0,0.0,0.0,0.0,0.0,1,6402,5,0,G,1032.0,P,8,0.0
6052,6052,6402_03,Earth,True,TRAPPIST-1e,0.0,False,0.0,0.0,0.0,0.0,0.0,0.0,1,6402,5,0,G,1032.0,P,8,0.0
6053,6053,6402_04,Earth,True,PSO J318.5-22,18.0,False,0.0,0.0,1720.0,1.0,0.0,1721.0,0,6402,5,0,G,1032.0,P,7,1721.0
6054,6054,6402_05,Earth,True,TRAPPIST-1e,11.0,False,0.0,0.0,0.0,0.0,0.0,0.0,1,6402,5,0,G,1032.0,P,8,0.0
6055,6055,6404_01,Earth,True,TRAPPIST-1e,18.0,False,0.0,20.0,790.0,192.5114503816794,0.0,810.0,0,6404,1,1,G,1038.0,S,9,1002.5114503816794
6056,6056,6405_01,Earth,True,PSO J318.5-22,19.0,False,54.0,0.0,0.0,42.0,986.0,1082.0,0,6405,4,0,F,1224.0,S,10,1082.0
6057,6057,6405_02,Earth,False,TRAPPIST-1e,2.0,False,0.0,0.0,0.0,0.0,0.0,0.0,1,6405,4,0,G,1036.0,S,10,0.0
6058,6058,6405_03,Earth,True,TRAPPIST-1e,25.0,False,0.0,0.0,0.0,0.0,0.0,0.0,1,6405,4,0,G,1039.0,S,10,0.0
6059,6059,6405_04,Earth,True,55 Cancri e,0.0,False,0.0,0.0,0.0,0.0,0.0,0.0,1,6405,4,0,G,1039.0,S,10,0.0
6060,6060,6406_01,Europa,True,55 Cancri e,27.0,False,0.0,0.0,0.0,0.0,0.0,0.0,1,6406,2,0,B,230.0,S,8,0.0
6061,6061,6406_02,Europa,True,55 Cancri e,34.0,False,0.0,0.0,0.0,0.0,0.0,0.0,1,6406,2,0,B,249.0,S,8,0.0
6062,6062,6407_01,Earth,True,TRAPPIST-1e,19.0,False,0.0,0.0,0.0,0.0,0.0,0.0,1,6407,1,1,G,1033.0,P,0,0.0
6063,6063,6408_01,Earth,True,PSO J318.5-22,22.0,False,431.0,40.0,0.0,10.0,0.0,481.0,0,6408,1,1,G,1034.0,P,4,481.0
6064,6064,6409_01,Earth,True,TRAPPIST-1e,22.0,False,0.0,0.0,165.0,14.0,629.0,808.0,0,6409,1,1,G,1035.0,P,4,808.0
6065,6065,6411_01,Earth,True,PSO J318.5-22,52.0,False,0.0,652.0,9.0,0.0,0.0,661.0,0,6411,1,1,F,1328.0,P,4,661.0
6066,6066,6412_01,Earth,True,TRAPPIST-1e,30.0,False,59.0,0.0,0.0,0.0,1611.0,1670.0,0,6412,1,1,E,407.0,P,8,1670.0
6067,6067,6413_01,Europa,True,TRAPPIST-1e,65.0,False,0.0,1420.0,75.5,85.0,827.0,2332.0,0,6413,1,1,A,77.0,S,2,2407.5
6068,6068,6414_01,Earth,True,TRAPPIST-1e,31.0,False,294.0,480.0,31.0,3.0,0.0,808.0,0,6414,1,1,G,1040.0,S,8,808.0
6069,6069,6415_01,Mars,True,TRAPPIST-1e,51.0,False,0.0,0.0,0.0,0.0,0.0,0.0,1,6415,1,1,F,1225.0,S,5,0.0
6070,6070,6416_01,Earth,True,TRAPPIST-1e,21.0,False,365.0,52.0,0.0,0.0,288.0,705.0,0,6416,1,1,G,1038.0,P,7,705.0
6071,6071,6418_01,Earth,True,TRAPPIST-1e,27.0,False,93.0,0.0,0.0,0.0,772.0,865.0,0,6418,1,1,F,1329.0,P,7,865.0
6072,6072,6419_01,Earth,True,TRAPPIST-1e,31.0,False,157.8068181818182,0.0,873.0,0.0,0.0,873.0,0,6419,1,1,E,428.0,S,10,1030.8068181818182
6073,6073,6421_01,Europa,True,55 Cancri e,28.0,False,0.0,0.0,0.0,0.0,0.0,0.0,1,6421,2,0,C,197.0,P,2,0.0
6074,6074,6421_02,Europa,True,TRAPPIST-1e,29.0,False,0.0,577.0,0.0,5568.0,432.0,6577.0,0,6421,2,0,C,224.0,P,2,6577.0
6075,6075,6422_01,Mars,True,TRAPPIST-1e,23.0,False,1533.0,0.0,858.0,297.0,0.0,2688.0,0,6422,4,0,F,1330.0,P,7,2688.0
6076,6076,6422_02,Mars,True,TRAPPIST-1e,11.0,False,0.0,0.0,0.0,0.0,0.0,0.0,1,6422,4,0,F,1330.0,P,7,0.0
6077,6077,6422_03,Mars,True,TRAPPIST-1e,23.0,False,1233.0,0.0,527.0,0.0,0.0,1760.0,0,6422,4,0,F,1330.0,P,6,1760.0
6078,6078,6422_04,Mars,True,TRAPPIST-1e,34.0,False,801.0,0.0,246.0,1.0,0.0,1048.0,0,6422,4,0,E,408.0,P,7,1048.0
6079,6079,6424_01,Earth,True,TRAPPIST-1e,20.0,False,189.30973451327435,0.0,151.0,508.0,0.0,659.0,0,6424,1,1,F,1331.0,P,7,848.3097345132744
6080,6080,6428_01,Europa,True,55 Cancri e,20.0,False,0.0,0.0,0.0,0.0,0.0,0.0,1,6428,2,0,C,198.0,P,3,0.0
6081,6081,6428_02,Europa,True,TRAPPIST-1e,16.0,False,0.0,0.0,0.0,0.0,0.0,0.0,1,6428,2,0,C,198.0,P,3,0.0
6082,6082,6430_01,Earth,True,TRAPPIST-1e,18.0,False,0.0,0.0,0.0,0.0,0.0,0.0,1,6430,1,1,G,1037.0,P,8,0.0
6083,6083,6431_01,Earth,True,55 Cancri e,20.0,False,24.0,56.0,1.0,197.15277777777777,468.0,549.0,0,6431,3,0,F,1334.0,P,10,746.1527777777778
6084,6084,6431_02,Earth,True,PSO J318.5-22,20.0,False,0.0,0.0,0.0,0.0,0.0,0.0,1,6431,3,0,G,1038.0,P,10,0.0
6085,6085,6431_03,Earth,True,55 Cancri e,27.0,False,30.0,0.0,763.0,0.0,57.0,850.0,0,6431,3,0,G,1038.0,P,10,850.0
6086,6086,6432_01,Europa,True,55 Cancri e,55.0,False,114.0,222.0,0.0,2575.0,2919.0,5830.0,0,6432,1,1,D,202.0,P,3,5830.0
6087,6087,6433_01,Mars,True,55 Cancri e,53.0,False,83.0,0.0,1590.0,60.0,0.0,1733.0,0,6433,2,0,D,193.0,S,6,1733.0
6088,6088,6433_02,Mars,True,TRAPPIST-1e,37.0,False,0.0,0.0,0.0,0.0,0.0,0.0,1,6433,2,0,D,193.0,S,6,0.0
6089,6089,6434_01,Earth,True,PSO J318.5-22,55.0,False,0.0,0.0,0.0,0.0,0.0,0.0,1,6434,1,1,G,1039.0,P,0,0.0
6090,6090,6436_01,Earth,True,TRAPPIST-1e,24.0,False,552.0,1.0,0.0,231.0,0.0,784.0,0,6436,1,1,G,1043.0,S,7,784.0
6091,6091,6437_01,Earth,True,55 Cancri e,24.0,False,14.0,0.0,1.0,528.0,109.0,652.0,0,6437,1,1,F,1228.0,S,9,652.0
6092,6092,6439_01,Earth,True,PSO J318.5-22,49.0,False,0.0,0.0,0.0,0.0,0.0,0.0,1,6439,1,1,G,1044.0,S,10,0.0
6093,6093,6442_01,Earth,True,TRAPPIST-1e,17.0,False,0.0,0.0,0.0,1806.0,0.0,1806.0,0,6442,1,1,G,1045.0,S,16,1806.0
6094,6094,6443_01,Earth,True,TRAPPIST-1e,39.0,False,0.0,0.0,710.0,56.0,1.0,767.0,0,6443,7,0,G,1046.0,S,7,767.0
6095,6095,6443_02,Earth,True,55 Cancri e,5.0,False,0.0,0.0,0.0,0.0,0.0,0.0,1,6443,7,0,G,1046.0,S,13,0.0
6096,6096,6443_03,Earth,True,TRAPPIST-1e,10.0,False,0.0,0.0,0.0,0.0,0.0,0.0,1,6443,7,0,G,1046.0,S,13,0.0
6097,6097,6443_04,Earth,True,TRAPPIST-1e,1.0,False,0.0,0.0,0.0,0.0,0.0,0.0,1,6443,7,0,G,1046.0,S,13,0.0
6098,6098,6443_05,Earth,True,TRAPPIST-1e,16.0,False,45.0,0.0,622.0,0.0,564.0,1231.0,0,6443,7,0,F,1229.0,S,13,1231.0
6099,6099,6443_06,Earth,True,TRAPPIST-1e,51.0,False,0.0,10.0,388.0,1380.0,0.0,1778.0,0,6443,7,0,G,1046.0,S,13,1778.0
6100,6100,6443_07,Earth,True,TRAPPIST-1e,5.0,False,0.0,0.0,0.0,0.0,0.0,0.0,1,6443,7,0,G,1046.0,S,9,0.0
6101,6101,6444_01,Earth,False,TRAPPIST-1e,19.0,False,0.0,0.0,0.0,0.0,0.0,0.0,1,6444,2,0,G,1041.0,P,17,0.0
6102,6102,6444_02,Earth,True,TRAPPIST-1e,0.0,False,0.0,0.0,0.0,0.0,0.0,0.0,1,6444,2,0,G,1041.0,P,17,0.0
6103,6103,6446_01,Earth,True,TRAPPIST-1e,20.0,False,810.0,0.0,0.0,0.0,0.0,810.0,0,6446,3,0,G,1047.0,S,8,810.0
6104,6104,6446_02,Earth,True,TRAPPIST-1e,0.0,False,0.0,0.0,0.0,0.0,0.0,0.0,1,6446,3,0,G,1047.0,S,8,0.0
6105,6105,6446_03,Earth,True,TRAPPIST-1e,1.0,False,0.0,0.0,0.0,0.0,0.0,0.0,1,6446,3,0,G,1047.0,S,8,0.0
6106,6106,6447_01,Earth,True,PSO J318.5-22,38.0,False,0.0,0.0,0.0,0.0,0.0,0.0,1,6447,1,1,G,1043.0,P,0,0.0
6107,6107,6448_01,Earth,True,TRAPPIST-1e,40.0,False,0.0,0.0,433.0,343.0,0.0,776.0,0,6448,1,1,F,1230.0,S,11,776.0
6108,6108,6449_01,Mars,True,TRAPPIST-1e,18.0,False,0.0,0.0,0.0,0.0,0.0,0.0,1,6449,2,0,E,430.0,S,7,0.0
6109,6109,6449_02,Mars,True,TRAPPIST-1e,36.0,False,636.0,0.0,168.0,1795.0,0.0,2599.0,0,6449,2,0,F,1231.0,S,7,2599.0
6110,6110,6450_01,Europa,True,TRAPPIST-1e,23.0,False,0.0,596.0,57.0,259.0,4666.0,5578.0,0,6450,2,0,C,200.0,P,3,5578.0
6111,6111,6450_02,Europa,True,55 Cancri e,42.0,False,0.0,0.0,0.0,0.0,0.0,0.0,1,6450,2,0,C,200.0,P,3,0.0
6112,6112,6451_01,Mars,True,TRAPPIST-1e,37.0,False,610.0,126.23809523809524,410.0,148.0,14.0,1182.0,0,6451,1,1,F,1283.0,Z,4,1308.2380952380952
6113,6113,6452_01,Earth,True,TRAPPIST-1e,24.0,False,0.0,854.0,11.0,0.0,0.0,865.0,0,6452,3,0,F,1336.0,P,8,865.0
6114,6114,6452_02,Earth,True,TRAPPIST-1e,12.0,False,0.0,0.0,0.0,0.0,0.0,0.0,1,6452,3,0,G,1044.0,P,8,0.0
6115,6115,6452_03,Earth,True,TRAPPIST-1e,2.0,False,0.0,0.0,0.0,0.0,0.0,0.0,1,6452,3,0,G,1044.0,P,8,0.0
6116,6116,6453_01,Earth,True,PSO J318.5-22,28.0,False,0.0,7.0,17.0,0.0,1724.0,1748.0,0,6453,1,1,G,1045.0,P,6,1748.0
6117,6117,6454_01,Earth,True,TRAPPIST-1e,44.0,False,0.0,0.0,0.0,0.0,0.0,0.0,1,6454,1,1,G,1046.0,P,8,0.0
6118,6118,6455_01,Europa,True,TRAPPIST-1e,26.0,False,0.0,3818.0,0.0,1877.0,136.0,5831.0,0,6455,1,1,D,203.0,P,3,5831.0
6119,6119,6456_01,Earth,True,TRAPPIST-1e,36.0,False,32.0,3.0,657.0,58.0,41.0,791.0,0,6456,1,1,E,410.0,P,13,791.0
6120,6120,6457_01,Earth,True,55 Cancri e,28.0,False,145.9777777777778,728.0,0.0,0.0,82.0,810.0,0,6457,1,1,F,1337.0,P,6,955.9777777777778
6121,6121,6458_01,Mars,True,TRAPPIST-1e,14.0,False,0.0,0.0,0.0,0.0,0.0,0.0,1,6458,1,1,E,431.0,S,6,0.0
6122,6122,6459_01,Earth,True,TRAPPIST-1e,14.0,False,0.0,0.0,0.0,0.0,0.0,0.0,1,6459,1,1,G,1047.0,P,4,0.0
6123,6123,6461_01,Earth,True,TRAPPIST-1e,28.0,False,0.0,602.0,0.0,115.0,0.0,717.0,0,6461,1,1,F,1232.0,S,6,717.0
6124,6124,6462_01,Mars,True,TRAPPIST-1e,27.0,False,0.0,0.0,0.0,0.0,0.0,0.0,1,6462,2,0,F,1233.0,S,6,0.0
6125,6125,6462_02,Mars,True,TRAPPIST-1e,21.0,False,899.0,1.0,1686.0,13.0,0.0,2599.0,0,6462,2,0,F,1233.0,S,6,2599.0
6126,6126,6463_01,Earth,True,TRAPPIST-1e,24.0,False,1256.0,2.0,8.0,1530.0,0.0,2796.0,0,6463,1,1,F,1234.0,S,9,2796.0
6127,6127,6464_01,Earth,True,PSO J318.5-22,18.0,False,22.0,0.0,20.0,596.0,5.0,643.0,0,6464,1,1,F,1338.0,P,15,643.0
6128,6128,6468_01,Mars,True,TRAPPIST-1e,24.0,False,0.0,0.0,0.0,0.0,0.0,0.0,1,6468,4,0,F,1339.0,P,12,0.0
6129,6129,6468_02,Mars,True,TRAPPIST-1e,8.0,False,0.0,0.0,0.0,0.0,0.0,0.0,1,6468,4,0,F,1339.0,P,12,0.0
6130,6130,6468_03,Mars,True,TRAPPIST-1e,36.0,False,0.0,0.0,0.0,0.0,0.0,0.0,1,6468,4,0,E,411.0,P,12,0.0
6131,6131,6468_04,Mars,True,TRAPPIST-1e,32.0,True,1179.0,0.0,4.0,0.0,0.0,1183.0,0,6468,4,0,D,204.0,P,12,1183.0
6132,6132,6470_01,Earth,True,TRAPPIST-1e,19.0,False,14.0,614.0,0.0,160.0,0.0,788.0,0,6470,1,1,E,432.0,S,4,788.0
6133,6133,6471_01,Earth,True,TRAPPIST-1e,12.0,False,0.0,0.0,0.0,0.0,0.0,0.0,1,6471,1,1,G,1050.0,S,12,0.0
6134,6134,6472_01,Europa,True,TRAPPIST-1e,21.0,False,0.0,0.0,0.0,0.0,0.0,0.0,1,6472,2,0,B,250.0,S,3,0.0
6135,6135,6472_02,Europa,True,55 Cancri e,13.0,False,0.0,0.0,0.0,0.0,0.0,0.0,1,6472,2,0,B,250.0,S,3,0.0
6136,6136,6473_01,Mars,True,TRAPPIST-1e,20.0,False,0.0,0.0,0.0,0.0,0.0,0.0,1,6473,1,1,F,1236.0,S,6,0.0
6137,6137,6475_01,Mars,True,TRAPPIST-1e,35.0,False,0.0,0.0,0.0,0.0,0.0,0.0,1,6475,1,1,F,1340.0,P,6,0.0
6138,6138,6477_01,Europa,True,55 Cancri e,23.0,False,0.0,44.0,0.0,3452.0,83.0,3579.0,0,6477,2,0,D,196.0,S,6,3579.0
6139,6139,6477_02,Europa,True,55 Cancri e,17.0,False,0.0,311.0,6.0,4236.0,557.0,5110.0,0,6477,2,0,D,196.0,S,6,5110.0
6140,6140,6478_01,Mars,True,TRAPPIST-1e,29.0,False,1290.0,0.0,6.0,1.0,0.0,1297.0,0,6478,1,1,E,412.0,P,6,1297.0
6141,6141,6480_01,Earth,True,TRAPPIST-1e,27.0,False,352.0,14.0,1.0,407.0,15.0,789.0,0,6480,1,1,E,433.0,S,7,789.0
6142,6142,6481_01,Earth,True,TRAPPIST-1e,22.0,False,89.0,0.0,795.0,0.0,3.0,887.0,0,6481,1,1,G,1052.0,S,7,887.0
6143,6143,6482_01,Mars,True,55 Cancri e,26.0,False,414.0,239.0,681.0,352.0,0.0,1686.0,0,6482,3,0,F,1237.0,S,3,1686.0
6144,6144,6482_02,Mars,True,TRAPPIST-1e,1.0,False,0.0,0.0,0.0,0.0,0.0,0.0,1,6482,3,0,F,1237.0,S,3,0.0
6145,6145,6482_03,Mars,True,TRAPPIST-1e,7.0,False,0.0,0.0,0.0,0.0,0.0,0.0,1,6482,3,0,F,1237.0,S,3,0.0
6146,6146,6485_01,Earth,True,55 Cancri e,78.0,False,0.0,213.0,202.0,288.0,0.0,703.0,0,6485,2,0,F,1238.0,S,17,703.0
6147,6147,6485_02,Earth,True,TRAPPIST-1e,24.0,False,0.0,0.0,53.0,652.0,0.0,705.0,0,6485,2,0,G,1053.0,S,17,705.0
6148,6148,6487_01,Earth,True,TRAPPIST-1e,26.0,False,0.0,0.0,0.0,22.0,1030.0,1052.0,0,6487,1,1,F,1343.0,P,13,1052.0
6149,6149,6488_01,Europa,True,TRAPPIST-1e,50.0,False,0.0,1663.0,336.0,1855.0,4.0,3858.0,0,6488,1,1,A,79.0,S,5,3858.0
6150,6150,6489_01,Earth,True,TRAPPIST-1e,16.0,False,0.0,0.0,0.0,0.0,0.0,0.0,1,6489,1,1,G,1049.0,P,7,0.0
6151,6151,6490_01,Europa,True,55 Cancri e,57.0,False,0.0,0.0,0.0,0.0,0.0,0.0,1,6490,4,0,C,201.0,P,5,0.0
6152,6152,6490_02,Europa,True,55 Cancri e,29.0,False,0.0,889.0,0.0,4921.0,290.0,6100.0,0,6490,4,0,C,201.0,P,5,6100.0
6153,6153,6490_03,Europa,True,55 Cancri e,27.0,False,0.0,6924.0,849.0,149.0,1166.0,9088.0,0,6490,4,0,C,201.0,P,1,9088.0
6154,6154,6490_04,Europa,True,TRAPPIST-1e,42.0,False,0.0,1972.0,0.0,108.0,5.0,2085.0,0,6490,4,0,C,201.0,P,5,2085.0
6155,6155,6492_01,Earth,True,PSO J318.5-22,28.0,False,0.0,0.0,0.0,0.0,0.0,0.0,1,6492,1,1,G,1055.0,S,12,0.0
6156,6156,6493_01,Earth,True,PSO J318.5-22,18.0,False,0.0,0.0,0.0,0.0,0.0,0.0,1,6493,1,1,G,1050.0,P,10,0.0
6157,6157,6494_01,Mars,True,TRAPPIST-1e,38.0,False,1192.0,5.0,1864.0,4287.0,0.0,7348.0,0,6494,1,1,F,1344.0,P,4,7348.0
6158,6158,6500_01,Earth,True,TRAPPIST-1e,32.0,False,1.0,0.0,0.0,1.0,785.0,787.0,0,6500,1,1,E,413.0,P,12,787.0
6159,6159,6501_01,Earth,True,TRAPPIST-1e,21.0,False,0.0,31.0,2076.0,77.0,0.0,2184.0,0,6501,1,1,F,1240.0,S,3,2184.0
6160,6160,6502_01,Earth,True,TRAPPIST-1e,6.0,False,0.0,0.0,0.0,0.0,0.0,0.0,1,6502,1,1,G,1058.0,S,7,0.0
6161,6161,6503_01,Earth,True,TRAPPIST-1e,27.0,False,0.0,1.0,20.0,0.0,1363.0,1384.0,0,6503,1,1,F,1347.0,P,7,1384.0
6162,6162,6508_01,Earth,True,PSO J318.5-22,32.0,False,397.0,0.0,7.0,182.0,5.0,591.0,0,6508,1,1,F,1242.0,S,14,591.0
6163,6163,6509_01,Earth,True,PSO J318.5-22,23.0,False,601.0,0.0,113.0,0.0,39.0,753.0,0,6509,1,1,F,1243.0,S,10,753.0
6164,6164,6510_01,Europa,True,TRAPPIST-1e,29.0,False,0.0,6.0,0.0,0.0,5531.0,5537.0,0,6510,1,1,D,205.0,P,5,5537.0
6165,6165,6511_01,Earth,True,TRAPPIST-1e,22.0,False,151.0,6.0,26.0,0.0,533.0,716.0,0,6511,3,0,F,1348.0,P,13,716.0
6166,6166,6511_02,Earth,True,TRAPPIST-1e,31.0,False,0.0,0.0,0.0,0.0,0.0,0.0,1,6511,3,0,G,1055.0,P,13,0.0
6167,6167,6511_03,Earth,True,55 Cancri e,0.0,False,0.0,0.0,0.0,0.0,0.0,0.0,1,6511,3,0,G,1055.0,P,13,0.0
6168,6168,6512_01,Europa,True,TRAPPIST-1e,2.0,False,0.0,0.0,0.0,0.0,0.0,0.0,1,6512,3,0,A,80.0,S,3,0.0
6169,6169,6512_02,Europa,True,TRAPPIST-1e,28.0,False,0.0,0.0,0.0,0.0,0.0,0.0,1,6512,3,0,A,80.0,S,4,0.0
6170,6170,6512_03,Europa,True,TRAPPIST-1e,28.0,False,0.0,3527.0,1.0,2929.0,2236.0,8693.0,0,6512,3,0,A,80.0,S,5,8693.0
6171,6171,6513_01,Mars,True,TRAPPIST-1e,20.0,False,57.0,0.0,1185.0,0.0,0.0,1242.0,0,6513,1,1,F,1244.0,S,12,1242.0
6172,6172,6514_01,Europa,True,55 Cancri e,28.0,True,19.0,22.0,2974.0,3603.0,158.0,6776.0,0,6514,2,0,B,251.0,S,10,6776.0
6173,6173,6514_02,Europa,True,TRAPPIST-1e,42.0,False,0.0,6244.0,0.0,10912.0,4.0,17160.0,0,6514,2,0,B,251.0,S,6,17160.0
6174,6174,6517_01,Earth,True,PSO J318.5-22,32.0,False,388.0,0.0,0.0,439.0,0.0,827.0,0,6517,1,1,F,1350.0,P,2,827.0
6175,6175,6520_01,Earth,True,TRAPPIST-1e,19.0,False,0.0,4.0,0.0,1785.0,3.0,1792.0,0,6520,1,1,G,1060.0,S,10,1792.0
6176,6176,6522_01,Earth,True,55 Cancri e,20.0,False,0.0,0.0,715.0,2.0,0.0,717.0,0,6522,1,1,F,1245.0,S,8,717.0
6177,6177,6523_01,Earth,True,PSO J318.5-22,20.0,False,0.0,0.0,0.0,0.0,0.0,0.0,1,6523,1,1,F,1246.0,S,5,0.0
6178,6178,6525_01,Earth,True,TRAPPIST-1e,21.0,False,0.0,20.0,1540.0,80.0,512.0,2152.0,0,6525,3,0,F,1248.0,S,12,2152.0
6179,6179,6525_02,Earth,True,PSO J318.5-22,32.0,False,0.0,0.0,0.0,0.0,0.0,0.0,1,6525,3,0,G,1061.0,S,12,0.0
6180,6180,6525_03,Earth,True,TRAPPIST-1e,16.0,False,0.0,0.0,0.0,0.0,0.0,0.0,1,6525,3,0,G,1061.0,S,12,0.0
6181,6181,6526_01,Earth,True,TRAPPIST-1e,21.0,False,0.0,0.0,0.0,0.0,0.0,0.0,1,6526,2,0,G,1056.0,P,5,0.0
6182,6182,6526_02,Earth,True,55 Cancri e,12.0,False,0.0,0.0,0.0,0.0,0.0,0.0,1,6526,2,0,G,1056.0,P,5,0.0
6183,6183,6529_01,Earth,True,PSO J318.5-22,21.0,False,0.0,0.0,0.0,0.0,0.0,0.0,1,6529,1,1,G,1063.0,S,6,0.0
6184,6184,6530_01,Mars,True,TRAPPIST-1e,31.0,False,127.0,76.0,976.0,118.0,0.0,1297.0,0,6530,1,1,E,436.0,S,7,1297.0
6185,6185,6531_01,Earth,True,55 Cancri e,18.0,False,0.0,0.0,0.0,0.0,0.0,0.0,1,6531,1,1,G,1064.0,S,4,0.0
6186,6186,6535_01,Mars,True,TRAPPIST-1e,35.0,False,771.0,0.0,183.0,0.0,0.0,954.0,0,6535,1,1,E,415.0,P,4,954.0
6187,6187,6539_01,Europa,True,TRAPPIST-1e,44.0,False,0.0,819.0,835.0,266.0,4056.0,5976.0,0,6539,1,1,C,242.0,S,8,5976.0
6188,6188,6540_01,Earth,True,TRAPPIST-1e,13.0,False,0.0,671.0,0.0,8.0,0.0,679.0,0,6540,1,1,G,1059.0,P,6,679.0
6189,6189,6541_01,Earth,True,TRAPPIST-1e,21.0,False,0.0,717.0,0.0,0.0,0.0,717.0,0,6541,1,1,F,1356.0,P,12,717.0
6190,6190,6544_01,Europa,True,TRAPPIST-1e,37.0,False,0.0,4616.0,339.0,2008.0,175.0,7138.0,0,6544,1,1,C,243.0,S,4,7138.0
6191,6191,6545_01,Earth,True,TRAPPIST-1e,24.0,False,0.0,1362.0,0.0,1267.0,0.0,2629.0,0,6545,1,1,F,1250.0,S,11,2629.0
6192,6192,6546_01,Earth,True,TRAPPIST-1e,34.0,False,228.0,0.0,150.0,15.0,1.0,394.0,0,6546,1,1,G,1060.0,P,6,394.0
6193,6193,6547_01,Mars,True,55 Cancri e,21.0,False,861.0,0.0,310.0,0.0,0.0,1171.0,0,6547,1,1,F,1358.0,P,4,1171.0
6194,6194,6548_01,Earth,True,TRAPPIST-1e,38.0,False,395.0,1035.0,0.0,0.0,4.0,1434.0,0,6548,1,1,G,1065.0,S,10,1434.0
6195,6195,6549_01,Mars,True,TRAPPIST-1e,31.0,False,1979.0,0.0,2.0,112.0,0.0,2093.0,0,6549,2,0,F,1251.0,S,9,2093.0
6196,6196,6549_02,Mars,True,TRAPPIST-1e,61.0,False,1143.0,0.0,580.0,0.0,0.0,1723.0,0,6549,2,0,D,198.0,S,9,1723.0
6197,6197,6552_01,Earth,True,TRAPPIST-1e,20.0,False,0.0,564.0,25.0,158.0,62.0,809.0,0,6552,1,1,G,1061.0,P,6,809.0
6198,6198,6553_01,Earth,True,PSO J318.5-22,39.0,False,0.0,0.0,0.0,0.0,744.0,744.0,0,6553,1,1,F,1360.0,P,2,744.0
6199,6199,6556_01,Mars,True,TRAPPIST-1e,29.0,False,0.0,0.0,0.0,0.0,0.0,0.0,1,6556,2,0,F,1362.0,P,11,0.0
6200,6200,6556_02,Mars,True,55 Cancri e,68.0,False,0.0,0.0,0.0,0.0,0.0,0.0,1,6556,2,0,F,1362.0,P,11,0.0
6201,6201,6557_01,Europa,True,55 Cancri e,38.0,False,0.0,201.0,0.0,1308.0,4085.0,5594.0,0,6557,1,1,E,417.0,P,4,5594.0
6202,6202,6558_01,Earth,True,TRAPPIST-1e,31.0,False,3.0,0.0,0.0,747.0,43.0,793.0,0,6558,1,1,F,1363.0,P,6,793.0
6203,6203,6560_01,Earth,True,TRAPPIST-1e,41.0,False,699.0,0.0,0.0,2.0,31.0,732.0,0,6560,1,1,F,1253.0,S,8,732.0
6204,6204,6561_01,Europa,True,TRAPPIST-1e,29.0,False,19.0,4900.0,6.0,6324.0,2056.0,13305.0,0,6561,2,0,B,253.0,S,12,13305.0
6205,6205,6561_02,Europa,True,TRAPPIST-1e,25.0,False,0.0,0.0,0.0,0.0,0.0,0.0,1,6561,2,0,B,253.0,S,12,0.0
6206,6206,6562_01,Earth,True,TRAPPIST-1e,27.0,False,0.0,0.0,23.0,30.0,815.0,868.0,0,6562,1,1,F,1364.0,P,7,868.0
6207,6207,6563_01,Earth,True,TRAPPIST-1e,21.0,False,0.0,0.0,845.0,4.0,470.0,1319.0,0,6563,2,0,F,1254.0,S,13,1319.0
6208,6208,6563_02,Earth,True,TRAPPIST-1e,30.0,False,0.0,123.0,0.0,1.0,784.0,908.0,0,6563,2,0,G,1067.0,S,13,908.0
6209,6209,6565_01,Mars,True,TRAPPIST-1e,40.0,False,2081.0,1.0,0.0,0.0,25.0,2107.0,0,6565,2,0,E,437.0,S,9,2107.0
6210,6210,6565_02,Mars,True,TRAPPIST-1e,59.0,False,126.0,0.0,127.0,11.0,1393.0,1657.0,0,6565,2,0,F,1255.0,S,9,1657.0
6211,6211,6567_01,Earth,True,TRAPPIST-1e,35.0,False,0.0,0.0,0.0,0.0,0.0,0.0,1,6567,2,0,G,1063.0,P,12,0.0
6212,6212,6567_02,Earth,True,TRAPPIST-1e,41.0,False,18.0,30.72222222222222,35.0,0.0,845.0,898.0,0,6567,2,0,F,1365.0,P,12,928.7222222222222
6213,6213,6568_01,Earth,True,55 Cancri e,36.0,False,695.0,168.6144578313253,0.0,0.0,0.0,695.0,0,6568,1,1,F,1366.0,P,10,863.6144578313254
6214,6214,6569_01,Earth,True,55 Cancri e,58.0,False,0.0,0.0,0.0,0.0,0.0,0.0,1,6569,1,1,G,1064.0,P,3,0.0
6215,6215,6570_01,Earth,True,TRAPPIST-1e,27.0,False,0.0,0.0,0.0,908.0,0.0,908.0,0,6570,1,1,G,1068.0,S,10,908.0
6216,6216,6572_01,Earth,True,TRAPPIST-1e,24.0,False,0.0,4.0,336.0,304.0,0.0,644.0,0,6572,1,1,F,1256.0,S,8,644.0
6217,6217,6573_01,Earth,True,TRAPPIST-1e,50.0,False,0.0,896.0,1.0,0.0,5.0,902.0,0,6573,1,1,F,1257.0,S,6,902.0
6218,6218,6574_01,Europa,True,TRAPPIST-1e,22.0,False,0.0,335.0,0.0,818.0,3014.0,4167.0,0,6574,1,1,A,65.0,P,7,4167.0
6219,6219,6578_01,Mars,True,TRAPPIST-1e,26.0,False,0.0,0.0,0.0,0.0,0.0,0.0,1,6578,2,0,E,438.0,S,6,0.0
6220,6220,6578_02,Mars,True,TRAPPIST-1e,16.0,False,0.0,0.0,0.0,0.0,0.0,0.0,1,6578,2,0,F,1259.0,S,4,0.0
6221,6221,6580_01,Earth,True,TRAPPIST-1e,56.0,False,0.0,605.0,0.0,179.0,0.0,784.0,0,6580,1,1,G,1066.0,P,8,784.0
6222,6222,6582_01,Europa,True,55 Cancri e,25.0,False,0.0,1538.0,97.0,530.0,35.0,2200.0,0,6582,1,1,A,66.0,P,13,2200.0
6223,6223,6583_01,Europa,True,TRAPPIST-1e,13.0,False,0.0,100.0,12253.0,6.0,80.0,12439.0,0,6583,2,0,B,254.0,S,1,12439.0
6224,6224,6583_02,Europa,True,55 Cancri e,53.0,False,0.0,2606.0,0.0,1170.0,0.0,3776.0,0,6583,2,0,B,254.0,S,1,3776.0
6225,6225,6585_01,Earth,True,TRAPPIST-1e,21.0,False,0.0,0.0,0.0,0.0,0.0,0.0,1,6585,2,0,G,1071.0,S,9,0.0
6226,6226,6585_02,Earth,True,TRAPPIST-1e,18.0,False,289.0,1809.0,3.0,2.0,2.0,2105.0,0,6585,2,0,F,1260.0,S,9,2105.0
6227,6227,6588_01,Earth,True,TRAPPIST-1e,38.0,False,115.0,125.0,0.0,202.0,0.0,442.0,0,6588,2,0,G,1073.0,S,11,442.0
6228,6228,6588_02,Earth,True,TRAPPIST-1e,20.0,False,0.0,0.0,0.0,0.0,0.0,0.0,1,6588,2,0,G,1073.0,S,11,0.0
6229,6229,6590_01,Europa,True,TRAPPIST-1e,24.0,False,0.0,0.0,0.0,0.0,0.0,0.0,1,6590,2,0,B,217.0,P,2,0.0
6230,6230,6590_02,Europa,True,TRAPPIST-1e,56.0,False,0.0,13561.0,0.0,2.0,4088.0,17651.0,0,6590,2,0,B,217.0,P,2,17651.0
6231,6231,6591_01,Earth,True,TRAPPIST-1e,47.0,False,285.0,600.0,3.0,0.0,640.0,1528.0,0,6591,1,1,F,1261.0,S,3,1528.0
6232,6232,6592_01,Mars,True,TRAPPIST-1e,21.0,False,0.0,0.0,0.0,0.0,0.0,0.0,1,6592,1,1,F,1262.0,S,7,0.0
6233,6233,6593_01,Earth,True,PSO J318.5-22,22.5,False,0.0,67.0,661.0,0.0,0.0,728.0,0,6593,2,0,F,1370.0,P,11,728.0
6234,6234,6593_02,Earth,True,TRAPPIST-1e,26.0,False,0.0,666.0,0.0,0.0,58.0,724.0,0,6593,2,0,F,1370.0,P,11,724.0
6235,6235,6594_01,Earth,True,55 Cancri e,34.0,False,0.0,0.0,0.0,0.0,0.0,0.0,1,6594,1,1,G,1067.0,P,9,0.0
6236,6236,6595_01,Earth,True,TRAPPIST-1e,35.0,False,102.0,780.0,6.0,0.0,0.0,888.0,0,6595,1,1,G,1074.0,S,8,888.0
6237,6237,6598_01,Mars,True,TRAPPIST-1e,35.0,False,0.0,0.0,0.0,0.0,0.0,0.0,1,6598,1,1,F,1263.0,S,9,0.0
6238,6238,6599_01,Europa,True,TRAPPIST-1e,49.0,False,0.0,0.0,0.0,0.0,0.0,0.0,1,6599,1,1,C,245.0,S,2,0.0
6239,6239,6601_01,Earth,True,TRAPPIST-1e,24.0,False,2.0,0.0,0.0,52.0,638.0,692.0,0,6601,1,1,F,1372.0,P,7,692.0
6240,6240,6602_01,Earth,True,TRAPPIST-1e,62.0,False,94.0,267.0,2341.0,94.0,0.0,2796.0,0,6602,1,1,F,1265.0,S,8,2796.0
6241,6241,6603_01,Mars,True,TRAPPIST-1e,25.0,False,68.0,0.0,3700.0,0.0,0.0,3768.0,0,6603,1,1,D,208.0,P,5,3768.0
6242,6242,6604_01,Europa,True,55 Cancri e,42.0,False,0.0,0.0,0.0,0.0,0.0,0.0,1,6604,1,1,C,205.0,P,1,0.0
6243,6243,6606_01,Earth,True,PSO J318.5-22,25.0,False,166.0,0.0,520.0,0.0,0.0,686.0,0,6606,1,1,F,1266.0,S,10,686.0
6244,6244,6608_01,Earth,True,TRAPPIST-1e,21.0,False,588.0,0.0,17.0,0.0,1548.0,2153.0,0,6608,1,1,F,1374.0,P,2,2153.0
6245,6245,6609_01,Mars,True,TRAPPIST-1e,17.0,False,0.0,0.0,0.0,0.0,0.0,0.0,1,6609,1,1,E,420.0,P,0,0.0
6246,6246,6611_01,Earth,True,55 Cancri e,41.0,False,635.0,0.0,7.0,0.0,0.0,642.0,0,6611,3,0,E,421.0,P,7,642.0
6247,6247,6611_02,Earth,True,TRAPPIST-1e,50.0,False,0.0,0.0,0.0,0.0,0.0,0.0,1,6611,3,0,G,1069.0,P,7,0.0
6248,6248,6611_03,Earth,True,PSO J318.5-22,20.0,False,0.0,90.0,561.0,2.0,0.0,653.0,0,6611,3,0,F,1375.0,P,7,653.0
6249,6249,6613_01,Earth,True,TRAPPIST-1e,15.0,False,0.0,0.0,0.0,0.0,0.0,0.0,1,6613,1,1,G,1078.0,S,9,0.0
6250,6250,6614_01,Mars,True,TRAPPIST-1e,29.0,False,0.0,0.0,0.0,0.0,0.0,0.0,1,6614,1,1,F,1268.0,S,7,0.0
6251,6251,6616_01,Earth,True,TRAPPIST-1e,20.0,False,2532.0,1.0,0.0,59.0,10.0,2602.0,0,6616,1,1,F,1377.0,P,10,2602.0
6252,6252,6618_01,Europa,True,TRAPPIST-1e,35.0,False,345.0,4514.0,0.0,0.0,421.0,5280.0,0,6618,1,1,C,246.0,S,4,5280.0
6253,6253,6620_01,Earth,True,PSO J318.5-22,22.0,False,0.0,115.0,273.0,130.40725806451613,218.0,606.0,0,6620,1,1,G,1079.0,S,5,736.4072580645161
6254,6254,6621_01,Earth,True,55 Cancri e,43.0,False,0.0,0.0,642.0,0.0,8.0,650.0,0,6621,1,1,F,1378.0,P,10,650.0
6255,6255,6622_01,Earth,True,55 Cancri e,54.0,False,752.0,0.0,44.0,14.0,0.0,810.0,0,6622,2,0,G,1070.0,P,10,810.0
6256,6256,6622_02,Earth,True,TRAPPIST-1e,15.0,False,0.0,0.0,0.0,0.0,0.0,0.0,1,6622,2,0,G,1070.0,P,10,0.0
6257,6257,6623_01,Europa,True,55 Cancri e,38.0,False,0.0,0.0,0.0,0.0,0.0,0.0,1,6623,1,1,B,218.0,P,5,0.0
6258,6258,6624_01,Earth,True,TRAPPIST-1e,44.0,False,1175.0,0.0,13.0,642.0,498.0,2328.0,0,6624,1,1,G,1071.0,P,9,2328.0
6259,6259,6625_01,Earth,True,PSO J318.5-22,34.0,False,0.0,0.0,0.0,0.0,0.0,0.0,1,6625,2,0,G,1072.0,P,8,0.0
6260,6260,6625_02,Earth,True,55 Cancri e,15.0,False,3.0,854.0,23.0,0.0,0.0,880.0,0,6625,2,0,F,1379.0,P,8,880.0
6261,6261,6626_01,Earth,True,TRAPPIST-1e,24.0,False,0.0,0.0,0.0,0.0,0.0,0.0,1,6626,1,1,G,1073.0,P,3,0.0
6262,6262,6628_01,Earth,True,TRAPPIST-1e,29.0,False,0.0,0.0,272.0,394.0,50.0,716.0,0,6628,1,1,F,1381.0,P,0,716.0
6263,6263,6630_01,Earth,True,TRAPPIST-1e,19.0,False,0.0,1044.0,0.0,2.0,4.0,1050.0,0,6630,1,1,F,1270.0,S,3,1050.0
6264,6264,6631_01,Europa,True,TRAPPIST-1e,27.0,False,0.0,1891.0,0.0,2167.0,0.0,4058.0,0,6631,1,1,C,208.0,P,6,4058.0
6265,6265,6633_01,Europa,True,TRAPPIST-1e,26.0,False,0.0,0.0,0.0,0.0,0.0,0.0,1,6633,1,1,B,255.0,S,3,0.0
6266,6266,6634_01,Europa,True,55 Cancri e,46.0,False,0.0,0.0,0.0,0.0,0.0,0.0,1,6634,2,0,B,219.0,P,6,0.0
6267,6267,6634_02,Europa,True,TRAPPIST-1e,64.0,False,0.0,0.0,0.0,0.0,0.0,0.0,1,6634,2,0,B,238.0,P,6,0.0
6268,6268,6635_01,Europa,True,TRAPPIST-1e,17.0,False,0.0,1339.0,26.0,244.0,15.0,1624.0,0,6635,2,0,C,209.0,P,3,1624.0
6269,6269,6635_02,Europa,True,55 Cancri e,45.0,False,0.0,313.0,1791.0,414.0,1675.0,4193.0,0,6635,2,0,C,209.0,P,3,4193.0
6270,6270,6637_01,Mars,True,TRAPPIST-1e,27.0,False,1228.0,0.0,0.0,0.0,0.0,1228.0,0,6637,1,1,F,1271.0,S,7,1228.0
6271,6271,6638_01,Earth,True,TRAPPIST-1e,29.0,False,0.0,0.0,0.0,0.0,0.0,0.0,1,6638,1,1,G,1074.0,P,10,0.0
6272,6272,6639_01,Earth,True,PSO J318.5-22,18.0,False,0.0,0.0,0.0,0.0,0.0,0.0,1,6639,1,1,G,1075.0,P,2,0.0
6273,6273,6641_01,Europa,True,TRAPPIST-1e,26.0,False,0.0,0.0,0.0,0.0,0.0,0.0,1,6641,2,0,C,247.0,S,6,0.0
6274,6274,6641_02,Europa,True,55 Cancri e,39.0,False,0.0,0.0,0.0,0.0,0.0,0.0,1,6641,2,0,C,247.0,S,6,0.0
6275,6275,6642_01,Earth,True,TRAPPIST-1e,59.0,False,0.0,0.0,0.0,0.0,0.0,0.0,1,6642,1,1,G,1081.0,S,3,0.0
6276,6276,6643_01,Earth,True,TRAPPIST-1e,20.0,False,0.0,6.0,24.0,0.0,672.0,702.0,0,6643,1,1,F,1272.0,S,10,702.0
6277,6277,6645_01,Earth,True,55 Cancri e,17.0,False,0.0,0.0,0.0,0.0,0.0,0.0,1,6645,1,1,G,1083.0,S,6,0.0
6278,6278,6646_01,Earth,True,TRAPPIST-1e,47.0,False,0.0,0.0,0.0,0.0,0.0,0.0,1,6646,1,1,G,1084.0,S,5,0.0
6279,6279,6647_01,Earth,True,PSO J318.5-22,29.0,False,2.0,3.0,1501.0,26.0,0.0,1532.0,0,6647,1,1,F,1273.0,S,4,1532.0
6280,6280,6649_01,Earth,True,TRAPPIST-1e,16.0,False,110.44791666666667,0.0,265.0,0.0,0.0,265.0,0,6649,1,1,F,1274.0,S,12,375.4479166666667
6281,6281,6650_01,Earth,True,TRAPPIST-1e,48.0,False,12.0,0.0,0.0,0.0,796.0,808.0,0,6650,1,1,G,1077.0,P,6,808.0
6282,6282,6652_01,Earth,True,PSO J318.5-22,39.0,False,0.0,69.0,29.0,424.0,18.0,540.0,0,6652,1,1,G,1076.0,P,7,540.0
6283,6283,6654_01,Earth,True,55 Cancri e,28.0,False,0.0,0.0,0.0,0.0,0.0,0.0,1,6654,3,0,G,1086.0,S,7,0.0
6284,6284,6654_02,Earth,True,55 Cancri e,12.0,False,0.0,0.0,0.0,0.0,0.0,0.0,1,6654,3,0,G,1086.0,S,7,0.0
6285,6285,6654_03,Earth,True,TRAPPIST-1e,24.0,False,0.0,0.0,0.0,0.0,0.0,0.0,1,6654,3,0,G,1086.0,S,7,0.0
6286,6286,6655_01,Mars,True,TRAPPIST-1e,30.0,False,0.0,0.0,0.0,0.0,0.0,0.0,1,6655,1,1,E,422.0,P,5,0.0
6287,6287,6656_01,Europa,True,TRAPPIST-1e,34.0,False,0.0,0.0,0.0,0.0,0.0,0.0,1,6656,1,1,B,221.0,P,4,0.0
6288,6288,6659_01,Mars,False,TRAPPIST-1e,37.0,False,0.0,0.0,0.0,0.0,0.0,0.0,1,6659,1,1,F,1383.0,P,7,0.0
6289,6289,6660_01,Earth,True,TRAPPIST-1e,47.0,False,590.0,0.0,47.0,3.0,53.0,693.0,0,6660,1,1,F,1384.0,P,10,693.0
6290,6290,6662_01,Earth,True,TRAPPIST-1e,0.0,False,0.0,0.0,0.0,0.0,0.0,0.0,1,6662,3,0,G,1087.0,S,8,0.0
6291,6291,6662_02,Earth,False,TRAPPIST-1e,23.0,False,0.0,0.0,0.0,0.0,0.0,0.0,1,6662,3,0,G,1087.0,S,8,0.0
6292,6292,6662_03,Earth,True,55 Cancri e,0.0,False,0.0,0.0,0.0,0.0,0.0,0.0,1,6662,3,0,G,1087.0,S,8,0.0
6293,6293,6663_01,Earth,True,TRAPPIST-1e,20.0,False,402.0,25.0,9.0,373.0,0.0,809.0,0,6663,2,0,G,1079.0,P,10,809.0
6294,6294,6663_02,Earth,True,TRAPPIST-1e,35.0,False,90.0,0.0,655.0,43.0,16.0,804.0,0,6663,2,0,F,1385.0,P,10,804.0
6295,6295,6664_01,Earth,True,TRAPPIST-1e,18.0,False,0.0,0.0,827.0,0.0,0.0,827.0,0,6664,1,1,G,1088.0,S,6,827.0
6296,6296,6665_01,Europa,True,55 Cancri e,17.0,False,0.0,0.0,0.0,0.0,0.0,0.0,1,6665,4,0,B,222.0,P,7,0.0
6297,6297,6665_02,Europa,True,TRAPPIST-1e,18.0,False,4.0,1337.0,0.0,0.0,182.0,1523.0,0,6665,4,0,B,222.0,P,7,1523.0
6298,6298,6665_03,Europa,True,TRAPPIST-1e,53.0,False,0.0,0.0,0.0,0.0,0.0,0.0,1,6665,4,0,B,222.0,P,7,0.0
6299,6299,6665_04,Europa,True,55 Cancri e,35.0,False,0.0,2504.0,0.0,0.0,5496.0,8000.0,0,6665,4,0,B,222.0,P,7,8000.0
6300,6300,6667_01,Europa,True,TRAPPIST-1e,48.0,False,0.0,0.0,0.0,0.0,0.0,0.0,1,6667,1,1,C,248.0,S,3,0.0
6301,6301,6668_01,Earth,True,TRAPPIST-1e,68.0,False,0.0,0.0,649.0,0.0,239.0,888.0,0,6668,2,0,G,1089.0,S,4,888.0
6302,6302,6668_02,Earth,True,TRAPPIST-1e,27.0,False,17.0,65.0,74.0,1548.0,18.0,1722.0,0,6668,2,0,G,1089.0,S,4,1722.0
6303,6303,6669_01,Earth,True,55 Cancri e,28.0,False,32.0,0.0,304.0,291.0,2.0,629.0,0,6669,1,1,E,423.0,P,6,629.0
6304,6304,6670_01,Earth,True,TRAPPIST-1e,37.0,False,864.0,35.0,0.0,0.0,0.0,899.0,0,6670,1,1,F,1278.0,S,6,899.0
6305,6305,6671_01,Mars,True,TRAPPIST-1e,35.0,False,0.0,0.0,0.0,0.0,0.0,0.0,1,6671,3,0,F,1279.0,S,5,0.0
6306,6306,6671_02,Mars,True,TRAPPIST-1e,31.0,False,1002.0,0.0,236.79310344827587,0.0,0.0,1002.0,0,6671,3,0,F,1279.0,S,5,1238.7931034482758
6307,6307,6671_03,Mars,True,55 Cancri e,14.0,False,1880.0,0.0,15.0,0.0,0.0,1895.0,0,6671,3,0,E,440.0,S,5,1895.0
6308,6308,6672_01,Mars,True,TRAPPIST-1e,1.0,False,0.0,0.0,0.0,0.0,0.0,0.0,1,6672,4,0,F,1387.0,P,5,0.0
6309,6309,6672_02,Mars,True,55 Cancri e,4.0,False,0.0,0.0,0.0,0.0,0.0,0.0,1,6672,4,0,F,1387.0,P,5,0.0
6310,6310,6672_03,Mars,True,PSO J318.5-22,30.0,False,77.0,71.0,1147.0,0.0,0.0,1295.0,0,6672,4,0,E,424.0,P,5,1295.0
6311,6311,6672_04,Mars,True,TRAPPIST-1e,11.0,False,0.0,0.0,0.0,0.0,0.0,0.0,1,6672,4,0,F,1387.0,P,5,0.0
6312,6312,6673_01,Earth,True,TRAPPIST-1e,45.0,False,1595.0,0.0,0.0,0.0,13.0,1608.0,0,6673,1,1,E,425.0,P,2,1608.0
6313,6313,6674_01,Europa,True,TRAPPIST-1e,29.0,False,0.0,841.0,0.0,1733.0,11.0,2585.0,0,6674,5,0,E,426.0,P,3,2585.0
6314,6314,6674_02,Europa,True,TRAPPIST-1e,32.0,False,0.0,0.0,0.0,0.0,0.0,0.0,1,6674,5,0,E,426.0,P,6,0.0
6315,6315,6674_03,Europa,False,55 Cancri e,15.0,False,0.0,0.0,0.0,0.0,0.0,0.0,1,6674,5,0,E,426.0,P,6,0.0
6316,6316,6674_04,Europa,True,TRAPPIST-1e,25.0,False,0.0,0.0,0.0,0.0,0.0,0.0,1,6674,5,0,E,426.0,P,3,0.0
6317,6317,6674_05,Europa,True,TRAPPIST-1e,25.0,False,0.0,4.0,0.0,1525.0,475.0,2004.0,0,6674,5,0,E,426.0,P,3,2004.0
6318,6318,6675_01,Earth,True,TRAPPIST-1e,60.0,False,707.0,24.0,0.0,0.0,170.0,901.0,0,6675,2,0,F,1388.0,P,12,901.0
6319,6319,6675_02,Earth,True,PSO J318.5-22,24.0,False,61.0,0.0,0.0,0.0,1495.0,1556.0,0,6675,2,0,E,427.0,P,12,1556.0
6320,6320,6676_01,Europa,True,TRAPPIST-1e,35.0,False,0.0,0.0,0.0,0.0,0.0,0.0,1,6676,1,1,D,200.0,S,1,0.0
6321,6321,6680_01,Earth,True,TRAPPIST-1e,36.0,False,130.95180722891567,361.0,512.0,34.0,0.0,907.0,0,6680,1,1,G,1082.0,P,9,1037.9518072289156
6322,6322,6681_01,Earth,True,55 Cancri e,22.0,False,0.0,833.0,381.0,0.0,12.0,1226.0,0,6681,1,1,F,1280.0,S,10,1226.0
6323,6323,6683_01,Earth,True,PSO J318.5-22,32.0,False,0.0,0.0,0.0,0.0,0.0,0.0,1,6683,1,1,G,1083.0,P,11,0.0
6324,6324,6684_01,Europa,True,TRAPPIST-1e,57.0,False,0.0,218.0,0.0,8522.0,0.0,8740.0,0,6684,3,0,C,210.0,P,5,8740.0
6325,6325,6684_02,Europa,True,TRAPPIST-1e,30.0,False,0.0,1463.2790697674418,335.0,143.0,764.0,1242.0,0,6684,3,0,C,210.0,P,5,2705.279069767442
6326,6326,6684_03,Europa,True,TRAPPIST-1e,46.0,False,0.0,370.0,0.0,2395.0,1638.0,4403.0,0,6684,3,0,C,210.0,P,5,4403.0
6327,6327,6691_01,Earth,True,TRAPPIST-1e,28.0,False,62.0,202.0,542.0,0.0,121.41481481481482,806.0,0,6691,1,1,F,1390.0,P,10,927.4148148148148
6328,6328,6692_01,Europa,True,55 Cancri e,26.0,False,0.0,0.0,0.0,0.0,0.0,0.0,1,6692,1,1,B,256.0,S,3,0.0
6329,6329,6693_01,Earth,True,TRAPPIST-1e,55.0,False,0.0,0.0,719.0,274.0,0.0,993.0,0,6693,1,1,E,428.0,P,5,993.0
6330,6330,6694_01,Earth,True,TRAPPIST-1e,66.0,False,0.0,0.0,0.0,0.0,0.0,0.0,1,6694,1,1,G,1084.0,P,8,0.0
6331,6331,6697_01,Earth,True,TRAPPIST-1e,20.0,False,0.0,1.0,34.0,0.0,774.0,809.0,0,6697,1,1,G,1085.0,P,5,809.0
6332,6332,6698_01,Earth,True,PSO J318.5-22,31.0,False,239.0,321.0,0.0,0.0,124.0,684.0,0,6698,1,1,F,1393.0,P,3,684.0
6333,6333,6699_01,Mars,True,TRAPPIST-1e,13.0,False,0.0,0.0,0.0,0.0,0.0,0.0,1,6699,1,1,E,429.0,P,7,0.0
6334,6334,6702_01,Earth,True,TRAPPIST-1e,50.0,False,0.0,0.0,0.0,0.0,0.0,0.0,1,6702,1,1,G,1087.0,P,4,0.0
6335,6335,6706_01,Europa,True,TRAPPIST-1e,21.0,False,0.0,0.0,0.0,0.0,0.0,0.0,1,6706,2,0,B,224.0,P,5,0.0
6336,6336,6706_02,Europa,True,TRAPPIST-1e,25.0,False,0.0,0.0,0.0,0.0,0.0,0.0,1,6706,2,0,B,224.0,P,5,0.0
6337,6337,6707_01,Earth,True,TRAPPIST-1e,46.0,False,0.0,0.0,0.0,0.0,0.0,0.0,1,6707,1,1,G,1091.0,S,6,0.0
6338,6338,6708_01,Europa,True,TRAPPIST-1e,0.0,False,0.0,0.0,0.0,0.0,0.0,0.0,1,6708,6,0,A,67.0,P,11,0.0
6339,6339,6708_02,Europa,True,TRAPPIST-1e,2.0,False,0.0,0.0,0.0,0.0,0.0,0.0,1,6708,6,0,A,67.0,P,11,0.0
6340,6340,6708_03,Europa,True,TRAPPIST-1e,36.0,False,994.0,526.0,0.0,7.0,1279.0,2806.0,0,6708,6,0,A,67.0,P,11,2806.0
6341,6341,6708_04,Europa,True,55 Cancri e,19.0,False,0.0,0.0,0.0,0.0,0.0,0.0,1,6708,6,0,A,67.0,P,11,0.0
6342,6342,6708_05,Europa,True,55 Cancri e,35.0,False,0.0,0.0,0.0,0.0,0.0,0.0,1,6708,6,0,A,67.0,P,11,0.0
6343,6343,6708_06,Europa,True,55 Cancri e,41.0,True,0.0,0.0,0.0,0.0,0.0,0.0,1,6708,6,0,A,67.0,P,11,0.0
6344,6344,6709_01,Earth,True,TRAPPIST-1e,22.0,False,0.0,0.0,0.0,0.0,0.0,0.0,1,6709,1,1,G,1092.0,S,7,0.0
6345,6345,6711_01,Mars,True,TRAPPIST-1e,25.0,True,1483.3333333333333,280.0,714.0,0.0,0.0,994.0,0,6711,1,1,D,210.0,P,5,2477.333333333333
6346,6346,6713_01,Earth,True,55 Cancri e,24.0,False,700.0,0.0,0.0,0.0,0.0,700.0,0,6713,1,1,F,1395.0,P,9,700.0
6347,6347,6718_01,Earth,True,TRAPPIST-1e,37.0,False,18.0,238.0,0.0,528.0,0.0,784.0,0,6718,3,0,G,1088.0,P,8,784.0
6348,6348,6718_02,Earth,True,TRAPPIST-1e,5.0,False,0.0,0.0,0.0,0.0,0.0,0.0,1,6718,3,0,G,1088.0,P,8,0.0
6349,6349,6718_03,Earth,True,TRAPPIST-1e,9.0,False,0.0,0.0,0.0,0.0,0.0,0.0,1,6718,3,0,G,1088.0,P,8,0.0
6350,6350,6719_01,Mars,True,TRAPPIST-1e,41.0,False,0.0,0.0,0.0,0.0,0.0,0.0,1,6719,1,1,F,1396.0,P,5,0.0
6351,6351,6720_01,Europa,True,TRAPPIST-1e,44.0,False,0.0,0.0,0.0,0.0,0.0,0.0,1,6720,1,1,A,81.0,S,2,0.0
6352,6352,6721_01,Earth,False,TRAPPIST-1e,23.0,False,0.0,0.0,0.0,0.0,0.0,0.0,1,6721,1,1,G,1095.0,S,6,0.0
6353,6353,6722_01,Europa,True,55 Cancri e,28.0,False,0.0,0.0,0.0,0.0,0.0,0.0,1,6722,3,0,E,445.0,S,6,0.0
6354,6354,6722_02,Europa,True,55 Cancri e,27.0,False,0.0,33.0,9.0,1847.0,2035.0,3924.0,0,6722,3,0,E,445.0,S,6,3924.0
6355,6355,6722_03,Europa,True,55 Cancri e,40.0,False,0.0,0.0,0.0,0.0,0.0,0.0,1,6722,3,0,E,445.0,S,6,0.0
6356,6356,6724_01,Europa,True,55 Cancri e,27.0,False,0.0,0.0,0.0,0.0,0.0,0.0,1,6724,2,0,C,213.0,P,5,0.0
6357,6357,6724_02,Europa,True,55 Cancri e,17.0,False,0.0,0.0,0.0,0.0,0.0,0.0,1,6724,2,0,C,213.0,P,5,0.0
6358,6358,6725_01,Europa,True,TRAPPIST-1e,32.0,False,0.0,390.0,60.0,5015.0,211.0,5676.0,0,6725,1,1,C,214.0,P,4,5676.0
6359,6359,6726_01,Earth,True,TRAPPIST-1e,29.0,False,68.0,74.0,713.0,37.0,15.0,907.0,0,6726,1,1,G,1089.0,P,5,907.0
6360,6360,6727_01,Earth,True,TRAPPIST-1e,29.0,False,0.0,316.0,0.0,186.6090909090909,338.0,654.0,0,6727,1,1,G,1090.0,P,4,840.6090909090909
6361,6361,6729_01,Europa,True,TRAPPIST-1e,41.0,False,0.0,371.0,0.0,1701.0,21.0,2093.0,0,6729,3,0,A,82.0,S,8,2093.0
6362,6362,6729_02,Europa,True,55 Cancri e,48.0,False,0.0,0.0,0.0,0.0,0.0,0.0,1,6729,3,0,A,82.0,S,8,0.0
6363,6363,6729_03,Europa,True,TRAPPIST-1e,27.0,False,2664.0,15.0,0.0,109.0,2.0,2790.0,0,6729,3,0,A,82.0,S,10,2790.0
6364,6364,6730_01,Earth,True,TRAPPIST-1e,14.0,False,0.0,6.0,791.0,49.0,0.0,846.0,0,6730,1,1,G,1096.0,S,8,846.0
6365,6365,6731_01,Earth,True,TRAPPIST-1e,32.0,False,3135.0,2.0,0.0,0.0,0.0,3137.0,0,6731,1,1,F,1397.0,P,7,3137.0
6366,6366,6734_01,Europa,True,55 Cancri e,47.0,False,0.0,2699.0,0.0,671.0,8.0,3378.0,0,6734,4,0,C,249.0,S,4,3378.0
6367,6367,6734_02,Europa,True,55 Cancri e,14.0,False,0.0,0.0,0.0,0.0,0.0,0.0,1,6734,4,0,C,249.0,S,4,0.0
6368,6368,6734_03,Europa,True,55 Cancri e,37.0,True,0.0,0.0,0.0,0.0,0.0,0.0,1,6734,4,0,C,249.0,S,4,0.0
6369,6369,6734_04,Europa,True,55 Cancri e,33.0,False,0.0,0.0,0.0,0.0,0.0,0.0,1,6734,4,0,C,249.0,S,4,0.0
6370,6370,6736_01,Mars,True,TRAPPIST-1e,33.0,False,1373.0,0.0,23.0,920.0,6.0,2322.0,0,6736,1,1,D,203.0,S,9,2322.0
6371,6371,6739_01,Earth,True,TRAPPIST-1e,44.0,False,0.0,714.0,174.0,0.0,0.0,888.0,0,6739,1,1,G,1097.0,S,7,888.0
6372,6372,6741_01,Earth,True,TRAPPIST-1e,37.0,False,0.0,1190.0,4.0,455.0,71.0,1720.0,0,6741,2,0,G,1098.0,S,7,1720.0
6373,6373,6741_02,Earth,True,PSO J318.5-22,18.0,False,103.0,0.0,181.0,1611.0,22.0,1917.0,0,6741,2,0,F,1286.0,S,7,1917.0
6374,6374,6742_01,Earth,True,TRAPPIST-1e,33.0,False,1288.0,2.0,0.0,0.0,1.0,1291.0,0,6742,1,1,F,1287.0,S,4,1291.0
6375,6375,6744_01,Mars,True,TRAPPIST-1e,21.0,False,1244.0,0.0,1119.0,0.0,3.0,2366.0,0,6744,5,0,F,1399.0,P,8,2366.0
6376,6376,6744_02,Mars,True,TRAPPIST-1e,38.0,False,1717.0,16.0,39.0,0.0,48.0,1820.0,0,6744,5,0,F,1399.0,P,8,1820.0
6377,6377,6744_03,Mars,True,55 Cancri e,16.0,False,1337.0,0.0,2614.0,0.0,0.0,3951.0,0,6744,5,0,D,212.0,P,8,3951.0
6378,6378,6744_04,Mars,True,TRAPPIST-1e,58.0,False,0.0,0.0,0.0,0.0,0.0,0.0,1,6744,5,0,E,431.0,P,8,0.0
6379,6379,6744_05,Mars,True,TRAPPIST-1e,41.0,False,1203.0,756.0,140.0,0.0,0.0,2099.0,0,6744,5,0,E,431.0,P,8,2099.0
6380,6380,6745_01,Earth,True,PSO J318.5-22,28.0,False,545.0,0.0,501.0,0.0,0.0,1046.0,0,6745,1,1,F,1400.0,P,9,1046.0
6381,6381,6746_01,Earth,True,TRAPPIST-1e,28.0,False,0.0,0.0,0.0,0.0,0.0,0.0,1,6746,1,1,G,1092.0,P,9,0.0
6382,6382,6747_01,Europa,True,TRAPPIST-1e,31.0,False,0.0,0.0,0.0,0.0,0.0,0.0,1,6747,1,1,C,215.0,P,2,0.0
6383,6383,6748_01,Mars,True,TRAPPIST-1e,27.0,False,0.0,0.0,0.0,0.0,0.0,0.0,1,6748,4,0,F,1289.0,S,5,0.0
6384,6384,6748_02,Mars,True,TRAPPIST-1e,7.0,False,0.0,0.0,0.0,0.0,0.0,0.0,1,6748,4,0,F,1289.0,S,5,0.0
6385,6385,6748_03,Mars,True,TRAPPIST-1e,25.0,False,1610.0,29.0,6.0,0.0,0.0,1645.0,0,6748,4,0,F,1289.0,S,5,1645.0
6386,6386,6748_04,Mars,True,TRAPPIST-1e,34.0,False,470.0,0.0,277.23809523809524,45.0,539.0,1054.0,0,6748,4,0,D,205.0,S,5,1331.2380952380952
6387,6387,6749_01,Earth,True,TRAPPIST-1e,21.0,False,0.0,13.0,813.0,0.0,0.0,826.0,0,6749,1,1,G,1093.0,P,5,826.0
6388,6388,6750_01,Earth,True,TRAPPIST-1e,29.0,False,0.0,95.0,424.0,1.0,364.0,884.0,0,6750,1,1,G,1094.0,P,2,884.0
6389,6389,6751_01,Mars,True,TRAPPIST-1e,23.0,False,0.0,0.0,0.0,0.0,0.0,0.0,1,6751,2,0,F,1290.0,S,9,0.0
6390,6390,6751_02,Mars,True,TRAPPIST-1e,31.0,False,0.0,0.0,0.0,0.0,0.0,0.0,1,6751,2,0,E,446.0,S,9,0.0
6391,6391,6753_01,Europa,True,TRAPPIST-1e,50.0,False,0.0,0.0,0.0,0.0,0.0,0.0,1,6753,2,0,B,226.0,P,2,0.0
6392,6392,6753_02,Europa,True,TRAPPIST-1e,25.0,False,0.0,0.0,0.0,0.0,0.0,0.0,1,6753,2,0,B,226.0,P,2,0.0
6393,6393,6754_01,Europa,True,TRAPPIST-1e,25.0,True,0.0,4209.0,0.0,2.0,896.0,5107.0,0,6754,1,1,C,250.0,S,3,5107.0
6394,6394,6756_01,Earth,True,TRAPPIST-1e,23.0,False,0.0,0.0,12.0,726.0,19.0,757.0,0,6756,3,0,F,1402.0,P,7,757.0
6395,6395,6756_02,Earth,True,PSO J318.5-22,46.0,False,0.0,0.0,743.0,4.0,6.0,753.0,0,6756,3,0,G,1095.0,P,7,753.0
6396,6396,6756_03,Earth,True,TRAPPIST-1e,0.0,False,0.0,0.0,0.0,0.0,0.0,0.0,1,6756,3,0,G,1095.0,P,7,0.0
6397,6397,6757_01,Mars,True,TRAPPIST-1e,53.0,False,1964.0,0.0,635.0,0.0,0.0,2599.0,0,6757,1,1,F,1292.0,S,3,2599.0
6398,6398,6758_01,Earth,True,55 Cancri e,25.0,False,76.0,600.0,0.0,0.0,25.0,701.0,0,6758,1,1,F,1403.0,P,11,701.0
6399,6399,6760_01,Mars,True,PSO J318.5-22,30.0,False,51.0,0.0,1373.0,0.0,5.0,1429.0,0,6760,1,1,F,1404.0,P,4,1429.0
6400,6400,6761_01,Mars,True,TRAPPIST-1e,18.0,False,0.0,0.0,0.0,0.0,0.0,0.0,1,6761,2,0,F,1405.0,P,3,0.0
6401,6401,6761_02,Mars,True,TRAPPIST-1e,20.0,False,0.0,0.0,0.0,0.0,0.0,0.0,1,6761,2,0,E,432.0,P,7,0.0
6402,6402,6762_01,Earth,True,55 Cancri e,54.0,False,0.0,704.0,0.0,0.0,0.0,704.0,0,6762,1,1,F,1293.0,S,6,704.0
6403,6403,6763_01,Earth,True,TRAPPIST-1e,20.0,False,0.0,97.0,725.0,26.0,104.0,952.0,0,6763,1,1,G,1097.0,P,5,952.0
6404,6404,6764_01,Mars,True,TRAPPIST-1e,32.0,False,2937.0,60.0,696.0,0.0,0.0,3693.0,0,6764,2,0,F,1294.0,S,3,3693.0
6405,6405,6764_02,Mars,True,TRAPPIST-1e,31.0,False,76.0,0.0,2398.0,102.0,23.0,2599.0,0,6764,2,0,F,1294.0,S,3,2599.0
6406,6406,6765_01,Mars,True,TRAPPIST-1e,55.0,False,0.0,0.0,0.0,0.0,0.0,0.0,1,6765,1,1,F,1295.0,S,7,0.0
6407,6407,6766_01,Earth,True,PSO J318.5-22,16.0,False,399.0,0.0,3.0,0.0,137.0,539.0,0,6766,3,0,G,1098.0,P,3,539.0
6408,6408,6766_02,Earth,True,TRAPPIST-1e,0.0,False,0.0,0.0,0.0,0.0,0.0,0.0,1,6766,3,0,G,1098.0,P,10,0.0
6409,6409,6766_03,Earth,True,TRAPPIST-1e,3.0,False,0.0,0.0,0.0,0.0,0.0,0.0,1,6766,3,0,G,1098.0,P,10,0.0
6410,6410,6773_01,Earth,True,TRAPPIST-1e,33.0,False,47.0,0.0,0.0,209.5,3047.0,3094.0,0,6773,1,1,F,1407.0,P,8,3303.5
6411,6411,6774_01,Earth,True,TRAPPIST-1e,45.0,False,0.0,0.0,0.0,0.0,0.0,0.0,1,6774,3,0,G,1100.0,P,8,0.0
6412,6412,6774_02,Earth,True,TRAPPIST-1e,6.0,False,0.0,0.0,0.0,0.0,0.0,0.0,1,6774,3,0,G,1100.0,P,8,0.0
6413,6413,6774_03,Earth,True,TRAPPIST-1e,33.0,False,0.0,0.0,704.0,0.0,0.0,704.0,0,6774,3,0,F,1408.0,P,8,704.0
6414,6414,6775_01,Earth,True,55 Cancri e,14.0,False,0.0,0.0,0.0,0.0,0.0,0.0,1,6775,1,1,G,1101.0,S,0,0.0
6415,6415,6776_01,Earth,True,55 Cancri e,24.0,False,1.0,0.0,0.0,691.0,0.0,692.0,0,6776,1,1,F,1409.0,P,9,692.0
6416,6416,6778_01,Earth,True,TRAPPIST-1e,47.0,False,0.0,758.0,0.0,0.0,1417.0,2175.0,0,6778,1,1,F,1299.0,S,9,2175.0
6417,6417,6779_01,Europa,True,TRAPPIST-1e,37.0,False,0.0,7920.0,270.0,1.0,322.0,8513.0,0,6779,4,0,B,258.0,S,9,8513.0
6418,6418,6779_02,Europa,True,55 Cancri e,14.0,False,0.0,0.0,0.0,0.0,0.0,0.0,1,6779,4,0,B,258.0,S,5,0.0
6419,6419,6779_03,Europa,True,TRAPPIST-1e,44.0,False,0.0,0.0,0.0,0.0,0.0,0.0,1,6779,4,0,B,258.0,S,5,0.0
6420,6420,6779_04,Europa,True,TRAPPIST-1e,11.0,False,0.0,0.0,0.0,0.0,0.0,0.0,1,6779,4,0,B,258.0,S,5,0.0
6421,6421,6780_01,Europa,True,55 Cancri e,15.0,False,0.0,0.0,0.0,0.0,0.0,0.0,1,6780,2,0,C,251.0,S,3,0.0
6422,6422,6780_02,Europa,True,TRAPPIST-1e,39.0,False,2167.0,30.0,1472.0,542.3414634146342,0.0,3669.0,0,6780,2,0,C,251.0,S,3,4211.341463414634
6423,6423,6782_01,Earth,True,PSO J318.5-22,15.0,False,139.488,0.0,533.0,72.0,0.0,605.0,0,6782,1,1,F,1300.0,S,4,744.488
6424,6424,6784_01,Earth,True,55 Cancri e,60.0,False,0.0,0.0,0.0,8.0,698.0,706.0,0,6784,2,0,G,1102.0,S,11,706.0
6425,6425,6784_02,Earth,True,TRAPPIST-1e,49.0,False,0.0,366.0,0.0,0.0,401.0,767.0,0,6784,2,0,G,1102.0,S,11,767.0
6426,6426,6786_01,Earth,True,PSO J318.5-22,23.0,False,8.0,173.0,0.0,1052.0,0.0,1233.0,0,6786,1,1,F,1410.0,P,9,1233.0
6427,6427,6787_01,Earth,True,TRAPPIST-1e,9.0,False,0.0,0.0,0.0,0.0,0.0,0.0,1,6787,7,0,F,1411.0,P,11,0.0
6428,6428,6787_02,Earth,False,TRAPPIST-1e,0.0,False,0.0,0.0,0.0,0.0,0.0,0.0,1,6787,7,0,F,1411.0,P,11,0.0
6429,6429,6787_03,Earth,True,TRAPPIST-1e,17.0,False,108.0,4.0,1898.0,13.0,0.0,2023.0,0,6787,7,0,F,1411.0,P,7,2023.0
6430,6430,6787_04,Earth,True,PSO J318.5-22,42.0,False,0.0,0.0,0.0,0.0,0.0,0.0,1,6787,7,0,F,1411.0,P,11,0.0
6431,6431,6787_05,Earth,True,TRAPPIST-1e,16.0,False,0.0,0.0,0.0,0.0,0.0,0.0,1,6787,7,0,F,1411.0,P,11,0.0
6432,6432,6787_06,Earth,True,55 Cancri e,0.0,False,0.0,0.0,0.0,0.0,0.0,0.0,1,6787,7,0,F,1411.0,P,11,0.0
6433,6433,6787_07,Earth,True,TRAPPIST-1e,26.0,False,113.0,38.0,0.0,0.0,630.0,781.0,0,6787,7,0,F,1411.0,P,11,781.0
6434,6434,6788_01,Earth,True,TRAPPIST-1e,56.0,False,2.0,736.0,0.0,71.0,0.0,809.0,0,6788,1,1,G,1103.0,P,5,809.0
6435,6435,6789_01,Mars,True,55 Cancri e,26.0,False,866.0,0.0,0.0,0.0,0.0,866.0,0,6789,1,1,D,213.0,P,4,866.0
6436,6436,6792_01,Mars,True,TRAPPIST-1e,41.0,False,145.0,0.0,2383.0,30.0,40.0,2598.0,0,6792,1,1,F,1412.0,P,2,2598.0
6437,6437,6794_01,Mars,True,TRAPPIST-1e,27.0,False,20.0,0.0,1000.0,36.0,0.0,1056.0,0,6794,1,1,D,206.0,S,9,1056.0
6438,6438,6796_01,Earth,True,TRAPPIST-1e,31.0,False,470.0,0.0,0.0,182.0,52.0,704.0,0,6796,1,1,G,1104.0,P,10,704.0
6439,6439,6798_01,Earth,True,TRAPPIST-1e,40.0,False,3.0,0.0,61.0,0.0,742.0,806.0,0,6798,1,1,F,1414.0,P,9,806.0
6440,6440,6799_01,Europa,True,55 Cancri e,40.0,False,0.0,0.0,0.0,0.0,0.0,0.0,1,6799,1,1,C,252.0,S,4,0.0
6441,6441,6800_01,Earth,True,TRAPPIST-1e,15.0,False,0.0,0.0,0.0,0.0,0.0,0.0,1,6800,1,1,G,1105.0,P,3,0.0
6442,6442,6801_01,Europa,True,TRAPPIST-1e,50.0,True,0.0,7293.0,136.0,97.0,440.0,7966.0,0,6801,1,1,B,259.0,S,5,7966.0
6443,6443,6802_01,Europa,True,55 Cancri e,42.0,False,1751.0,516.0,0.0,12.0,672.0,2951.0,0,6802,1,1,A,68.0,P,1,2951.0
6444,6444,6805_01,Europa,True,TRAPPIST-1e,50.0,False,52.0,996.0,0.0,700.0,1.0,1749.0,0,6805,1,1,E,449.0,S,6,1749.0
6445,6445,6806_01,Earth,True,TRAPPIST-1e,39.0,False,14.0,583.0,310.0,0.0,0.0,907.0,0,6806,1,1,G,1104.0,S,11,907.0
6446,6446,6808_01,Earth,True,TRAPPIST-1e,27.0,False,0.0,184.26168224299064,192.0,38.0,599.0,829.0,0,6808,1,1,F,1416.0,P,9,1013.2616822429907
6447,6447,6810_01,Mars,True,TRAPPIST-1e,20.0,False,0.0,0.0,0.0,0.0,0.0,0.0,1,6810,5,0,E,450.0,S,7,0.0
6448,6448,6810_02,Mars,True,TRAPPIST-1e,30.0,False,768.0,11.0,2010.0,0.0,0.0,2789.0,0,6810,5,0,E,450.0,S,7,2789.0
6449,6449,6810_03,Mars,True,TRAPPIST-1e,16.0,False,0.0,0.0,0.0,0.0,0.0,0.0,1,6810,5,0,E,441.0,S,7,0.0
6450,6450,6810_04,Mars,True,TRAPPIST-1e,36.0,False,0.0,0.0,0.0,0.0,0.0,0.0,1,6810,5,0,E,450.0,S,7,0.0
6451,6451,6810_05,Mars,True,55 Cancri e,68.0,False,0.0,0.0,0.0,0.0,0.0,0.0,1,6810,5,0,E,450.0,S,7,0.0
6452,6452,6813_01,Earth,True,55 Cancri e,22.0,False,38.0,19.0,348.0,217.0,115.0,737.0,0,6813,1,1,F,1417.0,P,7,737.0
6453,6453,6814_01,Mars,True,55 Cancri e,36.0,False,1339.0,6.0,7810.0,0.0,0.0,9155.0,0,6814,1,1,E,451.0,S,8,9155.0
6454,6454,6816_01,Earth,True,55 Cancri e,3.0,False,0.0,0.0,0.0,0.0,0.0,0.0,1,6816,6,0,G,1108.0,P,12,0.0
6455,6455,6816_02,Earth,True,TRAPPIST-1e,28.0,False,944.0,0.0,0.0,0.0,75.0,1019.0,0,6816,6,0,G,1108.0,P,12,1019.0
6456,6456,6816_03,Earth,True,PSO J318.5-22,32.0,False,0.0,0.0,0.0,0.0,0.0,0.0,1,6816,6,0,G,1108.0,P,7,0.0
6457,6457,6816_04,Earth,True,TRAPPIST-1e,10.0,False,0.0,0.0,0.0,0.0,0.0,0.0,1,6816,6,0,G,1108.0,P,12,0.0
6458,6458,6816_05,Earth,True,55 Cancri e,0.0,False,0.0,0.0,0.0,0.0,0.0,0.0,1,6816,6,0,G,1108.0,P,12,0.0
6459,6459,6816_06,Earth,True,TRAPPIST-1e,9.0,False,0.0,0.0,0.0,0.0,0.0,0.0,1,6816,6,0,G,1108.0,P,12,0.0
6460,6460,6817_01,Earth,True,TRAPPIST-1e,37.0,False,21.0,54.0,5.0,178.0,431.0,689.0,0,6817,1,1,F,1304.0,S,9,689.0
6461,6461,6818_01,Earth,True,TRAPPIST-1e,31.0,False,32.0,2667.0,0.0,0.0,9.0,2708.0,0,6818,1,1,F,1418.0,P,6,2708.0
6462,6462,6820_01,Earth,True,TRAPPIST-1e,31.0,False,157.8068181818182,0.0,0.0,1490.0,0.0,1490.0,0,6820,1,1,F,1419.0,P,9,1647.8068181818182
6463,6463,6821_01,Earth,True,TRAPPIST-1e,43.0,False,142.0,1208.0,0.0,0.0,204.0,1554.0,0,6821,1,1,F,1420.0,P,4,1554.0
6464,6464,6822_01,Earth,True,TRAPPIST-1e,15.0,False,0.0,532.0,29.0,0.0,163.0,724.0,0,6822,1,1,F,1305.0,S,7,724.0
6465,6465,6824_01,Earth,True,TRAPPIST-1e,58.0,False,88.04545454545455,0.0,0.0,444.0,0.0,444.0,0,6824,1,1,G,1108.0,S,3,532.0454545454545
6466,6466,6825_01,Mars,True,TRAPPIST-1e,30.0,False,0.0,0.0,0.0,0.0,0.0,0.0,1,6825,2,0,F,1306.0,S,8,0.0
6467,6467,6825_02,Mars,True,TRAPPIST-1e,24.0,False,3481.0,0.0,1236.0,2.0,256.0,4975.0,0,6825,2,0,F,1306.0,S,8,4975.0
6468,6468,6826_01,Earth,True,TRAPPIST-1e,49.0,False,0.0,69.0,92.0,1600.0,15.0,1776.0,0,6826,1,1,G,1109.0,S,7,1776.0
6469,6469,6827_01,Europa,True,55 Cancri e,73.0,False,181.0,1.0,840.0,2618.0,1949.0,5589.0,0,6827,4,0,A,84.0,S,8,5589.0
6470,6470,6827_02,Europa,True,TRAPPIST-1e,14.0,False,0.0,0.0,0.0,0.0,0.0,0.0,1,6827,4,0,A,84.0,S,8,0.0
6471,6471,6827_03,Europa,True,TRAPPIST-1e,50.0,False,0.0,0.0,0.0,0.0,0.0,0.0,1,6827,4,0,A,84.0,S,8,0.0
6472,6472,6827_04,Europa,False,TRAPPIST-1e,12.0,False,0.0,0.0,0.0,0.0,0.0,0.0,1,6827,4,0,A,84.0,S,8,0.0
6473,6473,6829_01,Earth,True,TRAPPIST-1e,2.0,False,0.0,0.0,0.0,0.0,0.0,0.0,1,6829,3,0,G,1109.0,P,9,0.0
6474,6474,6829_02,Earth,True,TRAPPIST-1e,49.0,False,355.0,449.0,8.0,0.0,0.0,812.0,0,6829,3,0,G,1109.0,P,9,812.0
6475,6475,6829_03,Earth,True,TRAPPIST-1e,32.0,False,0.0,0.0,0.0,0.0,0.0,0.0,1,6829,3,0,G,1109.0,P,9,0.0
6476,6476,6831_01,Earth,True,TRAPPIST-1e,23.0,False,0.0,0.0,0.0,0.0,0.0,0.0,1,6831,1,1,G,1111.0,P,5,0.0
6477,6477,6832_01,Mars,True,TRAPPIST-1e,33.0,False,0.0,0.0,0.0,0.0,0.0,0.0,1,6832,1,1,F,1421.0,P,11,0.0
6478,6478,6833_01,Earth,True,TRAPPIST-1e,23.0,False,7.0,0.0,0.0,716.0,800.0,1523.0,0,6833,1,1,E,452.0,S,14,1523.0
6479,6479,6834_01,Earth,True,TRAPPIST-1e,23.0,False,0.0,0.0,0.0,0.0,0.0,0.0,1,6834,1,1,G,1111.0,S,9,0.0
6480,6480,6837_01,Mars,True,TRAPPIST-1e,43.0,False,0.0,0.0,0.0,0.0,0.0,0.0,1,6837,1,1,E,435.0,P,6,0.0
6481,6481,6839_01,Earth,True,TRAPPIST-1e,36.0,False,1912.0,0.0,0.0,2.0,0.0,1914.0,0,6839,1,1,F,1307.0,S,9,1914.0
6482,6482,6840_01,Mars,True,TRAPPIST-1e,26.0,False,0.0,0.0,0.0,0.0,0.0,0.0,1,6840,1,1,F,1422.0,P,3,0.0
6483,6483,6841_01,Mars,True,55 Cancri e,29.0,False,0.0,0.0,0.0,0.0,0.0,0.0,1,6841,1,1,E,454.0,S,7,0.0
6484,6484,6843_01,Europa,True,TRAPPIST-1e,21.0,False,0.0,0.0,0.0,0.0,0.0,0.0,1,6843,2,0,B,260.0,S,3,0.0
6485,6485,6843_02,Europa,True,55 Cancri e,30.0,False,0.0,0.0,0.0,0.0,0.0,0.0,1,6843,2,0,B,260.0,S,3,0.0
6486,6486,6844_01,Mars,True,55 Cancri e,23.0,False,71.0,0.0,1376.0,0.0,890.0,2337.0,0,6844,1,1,E,455.0,S,4,2337.0
6487,6487,6848_01,Europa,True,TRAPPIST-1e,13.0,False,0.0,0.0,0.0,0.0,0.0,0.0,1,6848,1,1,D,214.0,P,8,0.0
6488,6488,6850_01,Earth,True,TRAPPIST-1e,22.0,False,735.0,138.0,147.0,0.0,0.0,873.0,0,6850,3,0,F,1424.0,P,7,1020.0
6489,6489,6850_02,Earth,True,PSO J318.5-22,25.0,False,0.0,0.0,0.0,0.0,0.0,0.0,1,6850,3,0,G,1113.0,P,7,0.0
6490,6490,6850_03,Earth,True,TRAPPIST-1e,52.0,False,2.0,46.0,800.0,0.0,773.0,1621.0,0,6850,3,0,E,436.0,P,7,1621.0
6491,6491,6851_01,Earth,True,TRAPPIST-1e,22.0,False,0.0,752.0,18.0,0.0,18.0,788.0,0,6851,1,1,E,456.0,S,8,788.0
6492,6492,6853_01,Europa,True,55 Cancri e,31.0,False,0.0,1604.0,4058.0,4094.0,124.0,9880.0,0,6853,1,1,C,218.0,P,1,9880.0
6493,6493,6854_01,Mars,True,TRAPPIST-1e,23.0,False,3211.0,4.0,243.0,0.0,0.0,3458.0,0,6854,1,1,E,437.0,P,9,3458.0
6494,6494,6857_01,Earth,True,PSO J318.5-22,35.0,False,22.0,0.0,1179.0,0.0,33.0,1234.0,0,6857,1,1,F,1310.0,S,12,1234.0
6495,6495,6858_01,Europa,True,TRAPPIST-1e,26.0,False,0.0,0.0,0.0,0.0,0.0,0.0,1,6858,4,0,B,229.0,P,8,0.0
6496,6496,6858_02,Europa,True,TRAPPIST-1e,14.0,False,0.0,0.0,0.0,0.0,0.0,0.0,1,6858,4,0,B,229.0,P,8,0.0
6497,6497,6858_03,Europa,True,55 Cancri e,39.0,False,0.0,60.0,0.0,310.0,4674.0,5044.0,0,6858,4,0,B,229.0,P,8,5044.0
6498,6498,6858_04,Europa,True,TRAPPIST-1e,8.0,False,0.0,0.0,0.0,0.0,0.0,0.0,1,6858,4,0,B,229.0,P,8,0.0
6499,6499,6859_01,Earth,True,PSO J318.5-22,29.0,False,0.0,0.0,0.0,0.0,0.0,0.0,1,6859,1,1,G,1113.0,S,7,0.0
6500,6500,6861_01,Earth,True,PSO J318.5-22,15.0,False,0.0,0.0,0.0,0.0,0.0,0.0,1,6861,1,1,G,1114.0,S,8,0.0
6501,6501,6862_01,Earth,True,TRAPPIST-1e,48.0,False,0.0,0.0,0.0,0.0,0.0,0.0,1,6862,2,0,G,1115.0,S,7,0.0
6502,6502,6862_02,Earth,True,TRAPPIST-1e,9.0,False,0.0,0.0,0.0,0.0,0.0,0.0,1,6862,2,0,G,1115.0,S,7,0.0
6503,6503,6863_01,Earth,True,TRAPPIST-1e,25.0,False,0.0,10.0,909.0,0.0,17.0,936.0,0,6863,1,1,F,1311.0,S,7,936.0
6504,6504,6864_01,Europa,True,TRAPPIST-1e,13.0,False,0.0,0.0,0.0,0.0,0.0,0.0,1,6864,2,0,A,71.0,P,9,0.0
6505,6505,6864_02,Europa,True,55 Cancri e,25.0,False,0.0,0.0,0.0,0.0,0.0,0.0,1,6864,2,0,A,71.0,P,9,0.0
6506,6506,6865_01,Europa,True,TRAPPIST-1e,27.0,False,69.0,2878.0,0.0,4232.0,3798.0,10977.0,0,6865,2,0,D,208.0,S,2,10977.0
6507,6507,6865_02,Europa,True,TRAPPIST-1e,32.0,False,0.0,0.0,0.0,0.0,0.0,0.0,1,6865,2,0,D,208.0,S,2,0.0
6508,6508,6866_01,Europa,True,55 Cancri e,20.0,False,0.0,17958.0,99.0,14.0,57.0,18128.0,0,6866,2,0,C,253.0,S,6,18128.0
6509,6509,6866_02,Europa,True,55 Cancri e,40.0,False,6103.0,7570.0,860.0,13117.0,192.0,27842.0,0,6866,2,0,C,253.0,S,6,27842.0
6510,6510,6868_01,Earth,True,TRAPPIST-1e,18.0,False,0.0,18.0,73.0,2134.0,25.0,2250.0,0,6868,1,1,F,1427.0,P,6,2250.0
6511,6511,6869_01,Earth,True,TRAPPIST-1e,21.0,False,0.0,0.0,901.0,3.0,0.0,904.0,0,6869,1,1,F,1428.0,P,7,904.0
6512,6512,6871_01,Earth,True,TRAPPIST-1e,38.0,False,190.0,1.0,616.0,0.0,155.55714285714285,807.0,0,6871,1,1,G,1116.0,S,5,962.5571428571428
6513,6513,6873_01,Europa,True,55 Cancri e,62.0,False,362.0,1049.0,46.0,104.0,829.0,2390.0,0,6873,1,1,A,72.0,P,3,2390.0
6514,6514,6879_01,Earth,True,TRAPPIST-1e,23.0,False,0.0,0.0,0.0,0.0,0.0,0.0,1,6879,1,1,G,1119.0,S,9,0.0
6515,6515,6880_01,Mars,True,TRAPPIST-1e,48.0,True,2191.0,0.0,172.0,1.0,0.0,2364.0,0,6880,2,0,F,1315.0,S,9,2364.0
6516,6516,6880_02,Mars,True,TRAPPIST-1e,27.0,False,0.0,0.0,0.0,0.0,0.0,0.0,1,6880,2,0,E,457.0,S,9,0.0
6517,6517,6882_01,Mars,True,55 Cancri e,32.0,False,0.0,0.0,0.0,0.0,0.0,0.0,1,6882,2,0,F,1430.0,P,2,0.0
6518,6518,6882_02,Mars,True,TRAPPIST-1e,53.0,False,0.0,0.0,0.0,0.0,0.0,0.0,1,6882,2,0,E,438.0,P,2,0.0
6519,6519,6883_01,Earth,True,TRAPPIST-1e,26.0,False,0.0,0.0,1.0,0.0,398.0,399.0,0,6883,1,1,G,1120.0,S,12,399.0
6520,6520,6885_01,Mars,True,TRAPPIST-1e,46.0,False,0.0,0.0,0.0,0.0,0.0,0.0,1,6885,1,1,F,1316.0,S,16,0.0
6521,6521,6887_01,Earth,True,TRAPPIST-1e,32.0,False,0.0,326.0,31.0,5.0,545.0,907.0,0,6887,1,1,G,1122.0,S,7,907.0
6522,6522,6889_01,Earth,True,TRAPPIST-1e,40.0,False,862.0,0.0,0.0,0.0,59.0,921.0,0,6889,1,1,F,1317.0,S,1,921.0
6523,6523,6891_01,Mars,True,TRAPPIST-1e,27.0,False,725.0,0.0,1660.0,0.0,0.0,2385.0,0,6891,1,1,D,215.0,P,10,2385.0
6524,6524,6892_01,Earth,True,TRAPPIST-1e,28.0,False,0.0,669.0,0.0,1.0,2.0,672.0,0,6892,1,1,F,1318.0,S,8,672.0
6525,6525,6893_01,Europa,True,TRAPPIST-1e,29.0,False,0.0,0.0,0.0,0.0,0.0,0.0,1,6893,1,1,B,261.0,S,2,0.0
6526,6526,6894_01,Mars,True,TRAPPIST-1e,37.0,False,0.0,0.0,0.0,0.0,0.0,0.0,1,6894,3,0,F,1319.0,S,10,0.0
6527,6527,6894_02,Mars,True,TRAPPIST-1e,0.0,False,0.0,0.0,0.0,0.0,0.0,0.0,1,6894,3,0,F,1319.0,S,10,0.0
6528,6528,6894_03,Mars,True,TRAPPIST-1e,12.0,False,0.0,0.0,0.0,0.0,0.0,0.0,1,6894,3,0,F,1319.0,S,10,0.0
6529,6529,6895_01,Europa,True,TRAPPIST-1e,25.0,False,0.0,4612.0,0.0,2585.0,1919.0,9116.0,0,6895,1,1,C,220.0,P,4,9116.0
6530,6530,6896_01,Mars,True,TRAPPIST-1e,31.5,False,473.0,0.0,575.0,0.0,0.0,1048.0,0,6896,3,0,E,459.0,S,3,1048.0
6531,6531,6896_02,Mars,True,TRAPPIST-1e,3.0,False,0.0,0.0,0.0,0.0,0.0,0.0,1,6896,3,0,F,1320.0,S,3,0.0
6532,6532,6896_03,Mars,True,TRAPPIST-1e,9.0,False,0.0,0.0,0.0,0.0,0.0,0.0,1,6896,3,0,F,1320.0,S,3,0.0
6533,6533,6898_01,Europa,True,55 Cancri e,27.0,False,146.0,3786.0,490.0,0.0,18.0,4440.0,0,6898,1,1,C,240.0,P,2,4440.0
6534,6534,6899_01,Europa,True,TRAPPIST-1e,59.0,False,0.0,0.0,0.0,0.0,0.0,0.0,1,6899,2,0,A,73.0,P,8,0.0
6535,6535,6899_02,Europa,False,TRAPPIST-1e,24.0,False,0.0,0.0,0.0,0.0,0.0,0.0,1,6899,2,0,A,73.0,P,8,0.0
6536,6536,6900_01,Earth,True,TRAPPIST-1e,16.0,False,0.0,0.0,0.0,0.0,0.0,0.0,1,6900,1,1,G,1123.0,S,7,0.0
6537,6537,6901_01,Mars,True,TRAPPIST-1e,16.0,False,501.0,974.0,1164.0,0.0,0.0,2639.0,0,6901,1,1,F,1321.0,S,3,2639.0
6538,6538,6902_01,Europa,True,TRAPPIST-1e,46.0,False,0.0,0.0,0.0,0.0,0.0,0.0,1,6902,1,1,D,217.0,P,1,0.0
6539,6539,6903_01,Earth,True,PSO J318.5-22,25.0,False,0.0,1428.0,0.0,1483.0,0.0,2911.0,0,6903,1,1,F,1431.0,P,11,2911.0
6540,6540,6905_01,Earth,True,TRAPPIST-1e,39.0,False,130.0,741.0,0.0,0.0,0.0,871.0,0,6905,3,0,F,1322.0,S,5,871.0
6541,6541,6905_02,Earth,True,TRAPPIST-1e,15.0,False,0.0,0.0,0.0,938.0,44.0,982.0,0,6905,3,0,E,460.0,S,5,982.0
6542,6542,6905_03,Earth,True,55 Cancri e,16.0,False,43.0,3.0,750.0,0.0,0.0,796.0,0,6905,3,0,F,1322.0,S,5,796.0
6543,6543,6906_01,Mars,True,TRAPPIST-1e,35.0,False,1719.0,4389.0,1015.0,0.0,14.0,7137.0,0,6906,3,0,F,1432.0,P,4,7137.0
6544,6544,6906_02,Mars,True,55 Cancri e,43.0,False,528.0,13.0,1583.0,11.0,0.0,2135.0,0,6906,3,0,E,440.0,P,7,2135.0
6545,6545,6906_03,Mars,True,TRAPPIST-1e,7.0,False,0.0,0.0,0.0,0.0,0.0,0.0,1,6906,3,0,F,1432.0,P,4,0.0
6546,6546,6907_01,Earth,True,TRAPPIST-1e,29.0,False,0.0,0.0,0.0,0.0,0.0,0.0,1,6907,1,1,G,1117.0,P,5,0.0
6547,6547,6908_01,Europa,True,TRAPPIST-1e,60.0,False,0.0,960.0,46.0,854.0,17074.0,18934.0,0,6908,1,1,C,254.0,S,3,18934.0
6548,6548,6910_01,Earth,True,TRAPPIST-1e,49.0,False,173.0,0.0,18.0,580.0,1.0,772.0,0,6910,1,1,G,1124.0,S,4,772.0
6549,6549,6911_01,Mars,True,TRAPPIST-1e,50.0,False,118.0,0.0,1041.0,0.0,0.0,1159.0,0,6911,1,1,F,1323.0,S,5,1159.0
6550,6550,6912_01,Europa,True,TRAPPIST-1e,40.0,False,0.0,120.0,0.0,2814.0,318.0,3252.0,0,6912,1,1,C,221.0,P,1,3252.0
6551,6551,6913_01,Mars,True,TRAPPIST-1e,49.0,False,0.0,0.0,0.0,0.0,0.0,0.0,1,6913,2,0,F,1324.0,S,10,0.0
6552,6552,6913_02,Mars,True,TRAPPIST-1e,18.0,False,1988.0,0.0,95.0,0.0,0.0,2083.0,0,6913,2,0,E,461.0,S,10,2083.0
6553,6553,6915_01,Mars,True,TRAPPIST-1e,29.0,False,0.0,0.0,0.0,0.0,0.0,0.0,1,6915,1,1,F,1325.0,S,5,0.0
6554,6554,6917_01,Mars,True,TRAPPIST-1e,56.0,True,995.0,0.0,177.0,0.0,739.0,1911.0,0,6917,1,1,F,1433.0,P,7,1911.0
6555,6555,6918_01,Earth,True,PSO J318.5-22,29.0,False,0.0,0.0,0.0,0.0,0.0,0.0,1,6918,1,1,G,1126.0,S,13,0.0
6556,6556,6920_01,Earth,True,TRAPPIST-1e,29.0,False,0.0,10.0,0.0,5.0,975.0,990.0,0,6920,1,1,E,462.0,S,12,990.0
6557,6557,6921_01,Europa,True,TRAPPIST-1e,22.0,False,0.0,1914.0,2090.0,100.0,0.0,4104.0,0,6921,6,0,C,255.0,S,6,4104.0
6558,6558,6921_02,Europa,True,55 Cancri e,24.0,False,0.0,0.0,0.0,0.0,0.0,0.0,1,6921,6,0,C,255.0,S,6,0.0
6559,6559,6921_03,Europa,True,TRAPPIST-1e,23.0,False,69.0,6101.0,0.0,0.0,214.0,6384.0,0,6921,6,0,C,255.0,S,6,6384.0
6560,6560,6921_04,Europa,True,TRAPPIST-1e,28.0,True,0.0,14076.0,0.0,928.0,372.0,15376.0,0,6921,6,0,C,255.0,S,6,15376.0
6561,6561,6921_05,Europa,True,55 Cancri e,19.0,False,0.0,0.0,0.0,0.0,0.0,0.0,1,6921,6,0,C,255.0,S,6,0.0
6562,6562,6921_06,Europa,True,TRAPPIST-1e,32.0,False,0.0,89.0,0.0,8330.0,1.0,8420.0,0,6921,6,0,C,255.0,S,6,8420.0
6563,6563,6924_01,Earth,True,TRAPPIST-1e,37.0,False,0.0,0.0,0.0,0.0,0.0,0.0,1,6924,1,1,G,1127.0,S,13,0.0
6564,6564,6925_01,Earth,True,TRAPPIST-1e,26.0,False,0.0,0.0,677.0,1.0,108.0,786.0,0,6925,1,1,G,1120.0,P,7,786.0
6565,6565,6926_01,Mars,True,TRAPPIST-1e,43.0,False,1944.0,17.0,657.0,0.0,0.0,2618.0,0,6926,1,1,F,1435.0,P,11,2618.0
6566,6566,6928_01,Earth,True,TRAPPIST-1e,25.0,False,439.0,0.0,0.0,557.0,0.0,996.0,0,6928,2,0,E,463.0,S,8,996.0
6567,6567,6928_02,Earth,True,TRAPPIST-1e,11.0,False,0.0,0.0,0.0,0.0,0.0,0.0,1,6928,2,0,G,1128.0,S,8,0.0
6568,6568,6929_01,Earth,True,TRAPPIST-1e,4.0,False,0.0,0.0,0.0,0.0,0.0,0.0,1,6929,3,0,G,1122.0,P,5,0.0
6569,6569,6929_02,Earth,True,TRAPPIST-1e,32.0,False,0.0,0.0,0.0,0.0,0.0,0.0,1,6929,3,0,G,1122.0,P,5,0.0
6570,6570,6929_03,Earth,True,TRAPPIST-1e,15.0,False,9.0,776.0,4.0,0.0,2.0,791.0,0,6929,3,0,E,441.0,P,5,791.0
6571,6571,6930_01,Earth,True,TRAPPIST-1e,17.0,False,0.0,0.0,0.0,0.0,0.0,0.0,1,6930,1,1,G,1129.0,S,3,0.0
6572,6572,6931_01,Europa,True,55 Cancri e,37.0,False,0.0,0.0,0.0,0.0,0.0,0.0,1,6931,1,1,C,222.0,P,2,0.0
6573,6573,6932_01,Earth,True,TRAPPIST-1e,20.0,False,559.0,0.0,83.0,112.0,0.0,754.0,0,6932,1,1,G,1130.0,S,12,754.0
6574,6574,6934_01,Mars,True,TRAPPIST-1e,47.0,False,160.0,0.0,1232.0,36.0,0.0,1428.0,0,6934,2,0,F,1436.0,P,4,1428.0
6575,6575,6934_02,Mars,True,55 Cancri e,16.0,False,1228.0,0.0,450.0,446.0,41.04545454545455,2124.0,0,6934,2,0,E,443.0,P,4,2165.0454545454545
6576,6576,6937_01,Earth,True,TRAPPIST-1e,8.0,False,0.0,0.0,0.0,0.0,0.0,0.0,1,6937,1,1,G,1131.0,S,11,0.0
6577,6577,6939_01,Earth,True,TRAPPIST-1e,22.0,False,245.0,0.0,0.0,661.0,1.0,907.0,0,6939,1,1,G,1124.0,P,4,907.0
6578,6578,6940_01,Mars,True,TRAPPIST-1e,39.0,False,9.0,0.0,687.0,0.0,0.0,696.0,0,6940,1,1,F,1326.0,S,3,696.0
6579,6579,6943_01,Europa,True,55 Cancri e,57.0,False,0.0,0.0,0.0,0.0,0.0,0.0,1,6943,1,1,B,262.0,S,1,0.0
6580,6580,6944_01,Europa,True,TRAPPIST-1e,29.0,False,0.0,0.0,0.0,0.0,0.0,0.0,1,6944,1,1,C,223.0,P,2,0.0
6581,6581,6945_01,Europa,True,55 Cancri e,35.0,False,0.0,0.0,0.0,0.0,0.0,0.0,1,6945,1,1,B,263.0,S,3,0.0
6582,6582,6946_01,Earth,True,TRAPPIST-1e,70.0,False,28.0,0.0,0.0,672.0,104.0,804.0,0,6946,1,1,F,1439.0,P,5,804.0
6583,6583,6947_01,Europa,True,TRAPPIST-1e,13.0,False,0.0,0.0,0.0,0.0,0.0,0.0,1,6947,2,0,B,264.0,S,5,0.0
6584,6584,6947_02,Europa,True,TRAPPIST-1e,49.0,False,0.0,1757.0,0.0,797.0,567.0,3121.0,0,6947,2,0,B,264.0,S,3,3121.0
6585,6585,6949_01,Earth,True,55 Cancri e,25.0,False,0.0,12.0,851.0,19.0,103.0,985.0,0,6949,1,1,E,464.0,S,10,985.0
6586,6586,6950_01,Europa,True,55 Cancri e,19.0,False,0.0,0.0,0.0,0.0,0.0,0.0,1,6950,2,0,B,265.0,S,4,0.0
6587,6587,6950_02,Europa,True,55 Cancri e,15.0,False,0.0,0.0,0.0,0.0,0.0,0.0,1,6950,2,0,B,265.0,S,4,0.0
6588,6588,6951_01,Europa,True,TRAPPIST-1e,37.0,False,26.0,2898.0,9.0,0.0,40.0,2973.0,0,6951,2,0,D,219.0,P,4,2973.0
6589,6589,6951_02,Europa,True,TRAPPIST-1e,28.0,False,0.0,0.0,0.0,0.0,0.0,0.0,1,6951,2,0,D,219.0,P,2,0.0
6590,6590,6954_01,Mars,True,TRAPPIST-1e,28.0,False,1998.0,0.0,13.0,87.0,0.0,2098.0,0,6954,2,0,E,445.0,P,8,2098.0
6591,6591,6954_02,Mars,True,TRAPPIST-1e,22.0,False,969.0,47.0,23.0,134.0,0.0,1173.0,0,6954,2,0,E,445.0,P,8,1173.0
6592,6592,6957_01,Europa,True,TRAPPIST-1e,26.0,False,135.0,2080.0,7.0,34.0,84.0,2340.0,0,6957,1,1,B,266.0,S,7,2340.0
6593,6593,6960_01,Earth,True,PSO J318.5-22,25.0,False,60.0,0.0,0.0,0.0,777.0,837.0,0,6960,1,1,G,1135.0,S,13,837.0
6594,6594,6962_01,Earth,True,TRAPPIST-1e,19.0,False,0.0,0.0,0.0,804.0,5.0,809.0,0,6962,1,1,G,1136.0,S,17,809.0
6595,6595,6963_01,Mars,True,TRAPPIST-1e,20.0,False,3839.0,57.0,1967.0,4.0,2.0,5869.0,0,6963,1,1,F,1328.0,S,2,5869.0
6596,6596,6964_01,Earth,True,55 Cancri e,35.0,False,0.0,71.0,631.0,0.0,0.0,702.0,0,6964,1,1,F,1444.0,P,8,702.0
6597,6597,6966_01,Earth,True,TRAPPIST-1e,37.0,False,951.0,0.0,0.0,80.0,0.0,1031.0,0,6966,1,1,F,1446.0,P,4,1031.0
6598,6598,6967_01,Europa,True,55 Cancri e,37.0,False,0.0,9965.0,0.0,5697.0,676.0,16338.0,0,6967,1,1,C,256.0,S,2,16338.0
6599,6599,6968_01,Earth,True,TRAPPIST-1e,13.0,False,0.0,114.0,682.0,0.0,7.0,803.0,0,6968,2,0,F,1447.0,P,8,803.0
6600,6600,6968_02,Earth,True,PSO J318.5-22,20.0,False,0.0,144.81690140845072,0.0,0.0,1318.0,1318.0,0,6968,2,0,F,1447.0,P,8,1462.8169014084508
6601,6601,6970_01,Mars,True,TRAPPIST-1e,65.0,False,3358.0,1.0,12.0,0.0,0.0,3371.0,0,6970,2,0,E,451.0,S,5,3371.0
6602,6602,6970_02,Mars,True,TRAPPIST-1e,29.0,False,456.0,230.0,363.0,0.0,0.0,1049.0,0,6970,2,0,E,465.0,S,12,1049.0
6603,6603,6971_01,Europa,True,TRAPPIST-1e,0.0,False,0.0,0.0,0.0,0.0,0.0,0.0,1,6971,6,0,C,225.0,P,13,0.0
6604,6604,6971_02,Europa,True,TRAPPIST-1e,4.0,False,0.0,0.0,0.0,0.0,0.0,0.0,1,6971,6,0,C,225.0,P,13,0.0
6605,6605,6971_03,Europa,True,TRAPPIST-1e,19.0,False,0.0,0.0,0.0,0.0,0.0,0.0,1,6971,6,0,C,225.0,P,13,0.0
6606,6606,6971_04,Europa,True,55 Cancri e,17.0,False,0.0,0.0,0.0,0.0,0.0,0.0,1,6971,6,0,C,225.0,P,13,0.0
6607,6607,6971_05,Europa,True,55 Cancri e,28.0,False,0.0,4173.0,0.0,33.0,420.0,4626.0,0,6971,6,0,C,225.0,P,5,4626.0
6608,6608,6971_06,Europa,True,55 Cancri e,28.0,False,0.0,160.0,0.0,1538.0,1426.0,3124.0,0,6971,6,0,C,225.0,P,13,3124.0
6609,6609,6972_01,Earth,True,TRAPPIST-1e,21.0,False,0.0,0.0,0.0,43.0,667.0,710.0,0,6972,1,1,G,1126.0,P,12,710.0
6610,6610,6973_01,Earth,True,PSO J318.5-22,45.0,False,1.0,15.0,44.0,0.0,1541.0,1601.0,0,6973,1,1,E,466.0,S,7,1601.0
6611,6611,6976_01,Earth,True,TRAPPIST-1e,21.0,False,27.0,182.398406374502,782.0,0.0,0.0,809.0,0,6976,1,1,G,1127.0,P,4,991.398406374502
6612,6612,6977_01,Earth,True,PSO J318.5-22,20.0,False,0.0,0.0,0.0,0.0,0.0,0.0,1,6977,2,0,G,1137.0,S,3,0.0
6613,6613,6977_02,Earth,True,TRAPPIST-1e,38.0,False,0.0,806.0,3.0,0.0,0.0,809.0,0,6977,2,0,G,1137.0,S,3,809.0
6614,6614,6978_01,Earth,True,55 Cancri e,24.0,False,0.0,893.0,0.0,4.0,8.0,905.0,0,6978,1,1,E,446.0,P,5,905.0
6615,6615,6979_01,Earth,True,TRAPPIST-1e,22.0,False,712.0,6.0,70.0,0.0,0.0,788.0,0,6979,1,1,E,447.0,P,11,788.0
6616,6616,6980_01,Earth,True,TRAPPIST-1e,44.0,False,3.0,0.0,33.0,769.0,0.0,805.0,0,6980,1,1,F,1331.0,S,4,805.0
6617,6617,6981_01,Earth,True,PSO J318.5-22,41.0,False,0.0,0.0,0.0,0.0,628.0,628.0,0,6981,1,1,F,1332.0,S,6,628.0
6618,6618,6982_01,Earth,True,TRAPPIST-1e,21.0,False,0.0,0.0,0.0,0.0,0.0,0.0,1,6982,1,1,G,1128.0,P,15,0.0
6619,6619,6984_01,Mars,True,TRAPPIST-1e,26.0,False,1967.0,0.0,116.0,33.56666666666667,0.0,2083.0,0,6984,3,0,F,1450.0,P,5,2116.5666666666666
6620,6620,6984_02,Mars,True,TRAPPIST-1e,54.0,False,0.0,0.0,0.0,0.0,0.0,0.0,1,6984,3,0,F,1450.0,P,5,0.0
6621,6621,6984_03,Mars,True,TRAPPIST-1e,19.0,False,1962.0,0.0,1.0,641.0,0.0,2604.0,0,6984,3,0,F,1450.0,P,5,2604.0
6622,6622,6985_01,Earth,True,TRAPPIST-1e,32.0,False,0.0,243.0,0.0,0.0,776.0,1019.0,0,6985,1,1,G,1138.0,S,13,1019.0
6623,6623,6987_01,Earth,True,TRAPPIST-1e,24.0,False,0.0,0.0,0.0,0.0,0.0,0.0,1,6987,1,1,G,1139.0,S,6,0.0
6624,6624,6988_01,Europa,True,TRAPPIST-1e,26.0,False,554.0,1307.0,32.0,93.0,1553.0,3539.0,0,6988,2,0,C,226.0,P,7,3539.0
6625,6625,6988_02,Europa,True,TRAPPIST-1e,28.0,False,0.0,4340.0,0.0,186.0,0.0,4526.0,0,6988,2,0,C,226.0,P,7,4526.0
6626,6626,6990_01,Earth,True,PSO J318.5-22,21.0,False,1.0,22.0,0.0,649.0,2.0,674.0,0,6990,1,1,G,1131.0,Z,9,674.0
6627,6627,6991_01,Europa,True,55 Cancri e,38.0,False,0.0,692.0,0.0,3587.0,0.0,4279.0,0,6991,2,0,B,233.0,P,7,4279.0
6628,6628,6991_02,Europa,True,TRAPPIST-1e,43.0,False,0.0,0.0,0.0,0.0,0.0,0.0,1,6991,2,0,B,233.0,P,7,0.0
6629,6629,6992_01,Earth,True,TRAPPIST-1e,12.0,False,0.0,0.0,0.0,0.0,0.0,0.0,1,6992,3,0,G,1131.0,P,6,0.0
6630,6630,6992_02,Earth,True,TRAPPIST-1e,25.0,False,0.0,0.0,0.0,0.0,0.0,0.0,1,6992,3,0,G,1131.0,P,6,0.0
6631,6631,6992_03,Earth,True,TRAPPIST-1e,27.0,False,0.0,0.0,0.0,0.0,0.0,0.0,1,6992,3,0,G,1131.0,P,6,0.0
6632,6632,6994_01,Europa,True,TRAPPIST-1e,22.0,False,0.0,0.0,0.0,0.0,0.0,0.0,1,6994,2,0,B,267.0,S,8,0.0
6633,6633,6994_02,Europa,True,TRAPPIST-1e,20.0,False,0.0,275.0,1690.0,580.0,5499.0,8044.0,0,6994,2,0,B,267.0,S,3,8044.0
6634,6634,6995_01,Earth,True,55 Cancri e,24.0,False,0.0,58.0,618.0,0.0,41.0,717.0,0,6995,1,1,F,1334.0,S,11,717.0
6635,6635,6996_01,Earth,True,55 Cancri e,34.0,False,0.0,442.0,175.0,79.0,3.0,699.0,0,6996,1,1,F,1452.0,P,7,699.0
6636,6636,6997_01,Mars,True,TRAPPIST-1e,42.0,False,1058.0,0.0,0.0,0.0,0.0,1058.0,0,6997,2,0,D,220.0,P,6,1058.0
6637,6637,6997_02,Mars,True,TRAPPIST-1e,24.0,False,2261.0,0.0,95.0,10.0,0.0,2366.0,0,6997,2,0,F,1453.0,P,6,2366.0
6638,6638,6998_01,Earth,True,TRAPPIST-1e,28.0,False,0.0,0.0,285.0,136.0,337.0,758.0,0,6998,1,1,F,1454.0,P,4,758.0
6639,6639,6999_01,Mars,True,TRAPPIST-1e,29.0,False,907.0,0.0,0.0,142.0,0.0,1049.0,0,6999,1,1,E,449.0,P,6,1049.0
6640,6640,7001_01,Europa,True,TRAPPIST-1e,31.0,False,0.0,0.0,0.0,0.0,0.0,0.0,1,7001,1,1,D,213.0,S,2,0.0
6641,6641,7002_01,Earth,True,TRAPPIST-1e,29.0,False,888.0,0.0,1.0,0.0,0.0,889.0,0,7002,1,1,G,1141.0,S,4,889.0
6642,6642,7004_01,Earth,True,55 Cancri e,14.0,False,121.94845360824742,1.0,400.0,297.0,0.0,698.0,0,7004,1,1,F,1337.0,S,8,819.9484536082474
6643,6643,7005_01,Earth,True,55 Cancri e,16.0,False,0.0,17.0,1211.0,0.0,25.0,1253.0,0,7005,1,1,F,1338.0,S,7,1253.0
6644,6644,7006_01,Earth,True,PSO J318.5-22,16.0,False,0.0,0.0,0.0,0.0,0.0,0.0,1,7006,1,1,G,1142.0,S,2,0.0
6645,6645,7007_01,Europa,True,TRAPPIST-1e,27.0,False,0.0,2897.0,659.0,485.0,11.0,4052.0,0,7007,2,0,E,450.0,P,5,4052.0
6646,6646,7007_02,Europa,True,TRAPPIST-1e,32.0,False,0.0,996.0,0.0,726.0,813.0,2535.0,0,7007,2,0,E,450.0,P,5,2535.0
6647,6647,7008_01,Earth,True,TRAPPIST-1e,23.0,False,779.0,7.0,9.0,9.0,0.0,804.0,0,7008,1,1,F,1339.0,S,6,804.0
6648,6648,7010_01,Earth,True,TRAPPIST-1e,16.0,False,418.0,195.0,100.0,88.0,90.0,891.0,0,7010,2,0,G,1143.0,S,9,891.0
6649,6649,7010_02,Earth,True,TRAPPIST-1e,30.0,False,0.0,6.0,0.0,0.0,1435.0,1441.0,0,7010,2,0,F,1340.0,S,9,1441.0
6650,6650,7011_01,Earth,True,TRAPPIST-1e,24.0,False,468.0,0.0,163.0,0.0,0.0,631.0,0,7011,1,1,F,1455.0,P,13,631.0
6651,6651,7013_01,Earth,True,TRAPPIST-1e,36.0,False,0.0,0.0,0.0,0.0,0.0,0.0,1,7013,1,1,G,1144.0,S,6,0.0
6652,6652,7014_01,Europa,True,55 Cancri e,25.0,False,0.0,3512.0,20.0,24.0,1459.0,5015.0,0,7014,1,1,C,257.0,S,4,5015.0
6653,6653,7015_01,Europa,True,TRAPPIST-1e,29.0,False,0.0,0.0,0.0,0.0,0.0,0.0,1,7015,1,1,C,227.0,P,2,0.0
6654,6654,7016_01,Earth,True,PSO J318.5-22,21.0,False,0.0,0.0,0.0,0.0,0.0,0.0,1,7016,1,1,G,1132.0,P,5,0.0
6655,6655,7017_01,Earth,True,TRAPPIST-1e,26.0,False,0.0,0.0,0.0,0.0,0.0,0.0,1,7017,1,1,G,1133.0,P,5,0.0
6656,6656,7018_01,Mars,True,TRAPPIST-1e,30.0,False,0.0,0.0,0.0,0.0,0.0,0.0,1,7018,1,1,E,467.0,S,8,0.0
6657,6657,7019_01,Earth,True,TRAPPIST-1e,31.0,False,0.0,0.0,717.0,0.0,0.0,717.0,0,7019,2,0,F,1457.0,P,8,717.0
6658,6658,7019_02,Earth,True,TRAPPIST-1e,20.0,False,0.0,750.0,957.0,0.0,722.0,2429.0,0,7019,2,0,F,1457.0,P,8,2429.0
6659,6659,7020_01,Earth,True,TRAPPIST-1e,24.0,False,0.0,0.0,0.0,0.0,0.0,0.0,1,7020,1,1,G,1145.0,S,5,0.0
6660,6660,7021_01,Earth,True,55 Cancri e,33.0,False,0.0,0.0,0.0,0.0,0.0,0.0,1,7021,1,1,G,1146.0,S,10,0.0
6661,6661,7022_01,Europa,True,TRAPPIST-1e,35.0,False,0.0,5552.0,6.0,8.0,226.0,5792.0,0,7022,2,0,D,215.0,S,2,5792.0
6662,6662,7022_02,Europa,True,TRAPPIST-1e,46.0,False,0.0,664.0,0.0,2.0,2177.0,2843.0,0,7022,2,0,D,215.0,S,2,2843.0
6663,6663,7025_01,Earth,True,TRAPPIST-1e,63.0,False,0.0,0.0,0.0,0.0,0.0,0.0,1,7025,1,1,G,1147.0,S,12,0.0
6664,6664,7026_01,Europa,True,55 Cancri e,37.0,False,0.0,1678.0,0.0,36.0,3128.0,4842.0,0,7026,1,1,A,86.0,S,2,4842.0
6665,6665,7027_01,Earth,True,TRAPPIST-1e,23.0,False,26.0,266.0,404.0,0.0,0.0,696.0,0,7027,1,1,E,451.0,P,4,696.0
6666,6666,7028_01,Earth,True,55 Cancri e,5.0,False,0.0,0.0,0.0,0.0,0.0,0.0,1,7028,2,0,G,1148.0,S,4,0.0
6667,6667,7028_02,Earth,True,TRAPPIST-1e,16.0,False,0.0,0.0,0.0,0.0,0.0,0.0,1,7028,2,0,G,1148.0,S,4,0.0
6668,6668,7029_01,Earth,True,TRAPPIST-1e,20.0,False,0.0,0.0,2330.0,120.0,0.0,2450.0,0,7029,2,0,F,1458.0,P,6,2450.0
6669,6669,7029_02,Earth,True,PSO J318.5-22,49.0,False,0.0,0.0,0.0,0.0,0.0,0.0,1,7029,2,0,F,1458.0,P,6,0.0
6670,6670,7031_01,Earth,True,TRAPPIST-1e,3.0,False,0.0,0.0,0.0,0.0,0.0,0.0,1,7031,1,1,G,1135.0,P,11,0.0
6671,6671,7032_01,Earth,True,TRAPPIST-1e,41.0,False,0.0,176.0,414.0,133.0,0.0,723.0,0,7032,1,1,F,1459.0,P,6,723.0
6672,6672,7034_01,Mars,True,TRAPPIST-1e,31.0,False,1216.0,0.0,30.0,43.0,0.0,1289.0,0,7034,1,1,F,1341.0,S,10,1289.0
6673,6673,7036_01,Earth,True,TRAPPIST-1e,14.0,False,0.0,0.0,0.0,0.0,0.0,0.0,1,7036,1,1,G,1136.0,P,9,0.0
6674,6674,7037_01,Mars,True,TRAPPIST-1e,26.0,False,782.0,0.0,0.0,2503.0,1.0,3286.0,0,7037,1,1,D,216.0,S,7,3286.0
6675,6675,7038_01,Earth,True,TRAPPIST-1e,51.0,False,0.0,0.0,0.0,0.0,0.0,0.0,1,7038,1,1,G,1137.0,P,2,0.0
6676,6676,7039_01,Earth,True,PSO J318.5-22,36.0,False,56.0,168.6144578313253,81.0,0.0,468.0,605.0,0,7039,1,1,F,1461.0,P,13,773.6144578313254
6677,6677,7040_01,Earth,True,TRAPPIST-1e,16.0,False,0.0,0.0,0.0,0.0,0.0,0.0,1,7040,1,1,G,1150.0,S,11,0.0
6678,6678,7041_01,Mars,True,TRAPPIST-1e,18.0,False,0.0,0.0,0.0,0.0,0.0,0.0,1,7041,1,1,F,1343.0,S,7,0.0
6679,6679,7042_01,Earth,True,PSO J318.5-22,48.0,False,0.0,0.0,0.0,0.0,0.0,0.0,1,7042,1,1,G,1138.0,P,6,0.0
6680,6680,7044_01,Mars,True,TRAPPIST-1e,24.0,False,235.0,0.0,1642.0,1042.0,229.0,3148.0,0,7044,1,1,D,221.0,P,3,3148.0
6681,6681,7045_01,Mars,True,55 Cancri e,19.0,False,1043.0,0.0,138.0,0.0,0.0,1181.0,0,7045,1,1,D,222.0,P,3,1181.0
6682,6682,7047_01,Earth,True,55 Cancri e,21.0,False,0.0,0.0,0.0,0.0,0.0,0.0,1,7047,1,1,G,1152.0,S,12,0.0
6683,6683,7048_01,Earth,True,TRAPPIST-1e,24.0,False,332.0,9.0,356.0,0.0,0.0,697.0,0,7048,1,1,F,1462.0,P,4,697.0
6684,6684,7049_01,Earth,True,TRAPPIST-1e,21.0,False,0.0,0.0,0.0,0.0,0.0,0.0,1,7049,1,1,G,1153.0,S,8,0.0
6685,6685,7050_01,Earth,True,TRAPPIST-1e,13.0,False,0.0,999.0,0.0,0.0,4.0,1003.0,0,7050,1,1,F,1344.0,S,5,1003.0
6686,6686,7051_01,Mars,True,TRAPPIST-1e,39.0,False,42.0,0.0,352.0,1.0,369.0,764.0,0,7051,1,1,D,223.0,P,7,764.0
6687,6687,7052_01,Europa,False,55 Cancri e,27.0,False,0.0,0.0,0.0,0.0,0.0,0.0,1,7052,1,1,E,469.0,S,5,0.0
6688,6688,7053_01,Earth,True,PSO J318.5-22,23.0,False,64.0,4.0,0.0,1125.0,171.25925925925927,1193.0,0,7053,1,1,F,1463.0,P,8,1364.2592592592594
6689,6689,7056_01,Europa,True,55 Cancri e,43.0,False,0.0,2093.0,0.0,3409.0,30.0,5532.0,0,7056,1,1,D,217.0,S,5,5532.0
6690,6690,7057_01,Mars,True,TRAPPIST-1e,19.0,False,3332.0,878.0,926.0,781.0,0.0,5917.0,0,7057,1,1,F,1346.0,S,7,5917.0
6691,6691,7058_01,Mars,True,55 Cancri e,30.0,False,0.0,0.0,0.0,0.0,0.0,0.0,1,7058,1,1,F,1347.0,S,8,0.0
6692,6692,7059_01,Earth,True,TRAPPIST-1e,52.0,False,0.0,0.0,0.0,0.0,0.0,0.0,1,7059,1,1,G,1154.0,S,7,0.0
6693,6693,7060_01,Earth,True,TRAPPIST-1e,35.0,False,2224.0,228.70454545454547,105.0,1.0,0.0,2330.0,0,7060,1,1,G,1155.0,S,2,2558.7045454545455
6694,6694,7061_01,Earth,True,TRAPPIST-1e,16.0,False,4.0,1666.0,0.0,35.0,40.0,1745.0,0,7061,1,1,G,1156.0,S,8,1745.0
6695,6695,7062_01,Earth,True,TRAPPIST-1e,21.0,False,0.0,13.0,0.0,720.0,170.0,903.0,0,7062,1,1,F,1464.0,P,9,903.0
6696,6696,7068_01,Earth,True,PSO J318.5-22,45.0,False,0.0,0.0,0.0,0.0,595.0,595.0,0,7068,1,1,F,1350.0,S,9,595.0
6697,6697,7069_01,Earth,True,TRAPPIST-1e,22.0,False,0.0,125.0,0.0,663.0,0.0,788.0,0,7069,3,0,E,472.0,S,10,788.0
6698,6698,7069_02,Earth,True,55 Cancri e,7.0,False,0.0,0.0,0.0,0.0,0.0,0.0,1,7069,3,0,G,1159.0,S,10,0.0
6699,6699,7069_03,Earth,True,TRAPPIST-1e,0.0,False,0.0,0.0,0.0,0.0,0.0,0.0,1,7069,3,0,G,1159.0,S,10,0.0
6700,6700,7071_01,Earth,True,PSO J318.5-22,63.0,False,526.0,2.0,0.0,0.0,0.0,528.0,0,7071,1,1,G,1160.0,S,12,528.0
6701,6701,7072_01,Earth,True,PSO J318.5-22,56.0,False,1.0,2.0,0.0,102.0,98.72727272727273,105.0,0,7072,1,1,F,1351.0,S,9,203.72727272727275
6702,6702,7073_01,Earth,True,TRAPPIST-1e,40.0,False,0.0,0.0,0.0,0.0,0.0,0.0,1,7073,1,1,G,1161.0,S,8,0.0
6703,6703,7074_01,Earth,True,TRAPPIST-1e,1.0,False,0.0,0.0,0.0,0.0,0.0,0.0,1,7074,2,0,G,1162.0,S,5,0.0
6704,6704,7074_02,Earth,True,TRAPPIST-1e,24.0,False,0.0,158.4025974025974,3.0,797.0,5.0,805.0,0,7074,2,0,F,1352.0,S,5,963.4025974025974
6705,6705,7077_01,Earth,True,TRAPPIST-1e,36.0,False,21.0,0.0,844.0,0.0,0.0,865.0,0,7077,1,1,F,1353.0,S,7,865.0
6706,6706,7078_01,Earth,True,TRAPPIST-1e,13.0,False,244.0,0.0,100.0,423.0,14.0,781.0,0,7078,1,1,G,1163.0,S,12,781.0
6707,6707,7079_01,Earth,True,55 Cancri e,13.0,False,0.0,722.0,0.0,37.0,8.0,767.0,0,7079,1,1,F,1354.0,S,4,767.0
6708,6708,7080_01,Earth,True,55 Cancri e,37.0,False,0.0,0.0,0.0,0.0,0.0,0.0,1,7080,1,1,G,1140.0,P,9,0.0
6709,6709,7082_01,Earth,True,TRAPPIST-1e,44.0,False,143.0,47.0,0.0,717.0,87.0,994.0,0,7082,1,1,E,473.0,S,6,994.0
6710,6710,7083_01,Europa,True,TRAPPIST-1e,32.0,False,0.0,0.0,0.0,0.0,0.0,0.0,1,7083,2,0,C,259.0,S,11,0.0
6711,6711,7083_02,Europa,False,55 Cancri e,57.0,False,0.0,0.0,0.0,0.0,0.0,0.0,1,7083,2,0,C,259.0,S,11,0.0
6712,6712,7084_01,Earth,True,55 Cancri e,26.0,False,0.0,158.0,0.0,0.0,912.0,1070.0,0,7084,1,1,F,1355.0,S,2,1070.0
6713,6713,7085_01,Mars,True,TRAPPIST-1e,62.0,False,453.0,1.0,1911.0,0.0,0.0,2365.0,0,7085,3,0,F,1466.0,P,12,2365.0
6714,6714,7085_02,Mars,True,55 Cancri e,2.0,False,0.0,0.0,0.0,0.0,0.0,0.0,1,7085,3,0,F,1466.0,P,12,0.0
6715,6715,7085_03,Mars,True,TRAPPIST-1e,1.0,False,0.0,0.0,0.0,0.0,0.0,0.0,1,7085,3,0,F,1466.0,P,7,0.0
6716,6716,7086_01,Earth,True,TRAPPIST-1e,24.0,False,590.0,0.0,1.0,168.0,16.0,775.0,0,7086,1,1,F,1467.0,P,7,775.0
6717,6717,7087_01,Earth,True,TRAPPIST-1e,1.0,False,0.0,0.0,0.0,0.0,0.0,0.0,1,7087,1,1,G,1141.0,P,6,0.0
6718,6718,7088_01,Earth,True,TRAPPIST-1e,63.0,False,0.0,742.0,0.0,125.0,3.0,870.0,0,7088,1,1,F,1468.0,P,5,870.0
6719,6719,7089_01,Europa,True,TRAPPIST-1e,20.0,False,1040.0,2487.0,0.0,174.0,182.0,3883.0,0,7089,1,1,D,218.0,S,1,3883.0
6720,6720,7090_01,Earth,True,TRAPPIST-1e,15.0,False,0.0,610.0,267.0,100.416,0.0,877.0,0,7090,1,1,F,1469.0,P,7,977.4159999999999
6721,6721,7091_01,Earth,True,TRAPPIST-1e,32.0,False,0.0,0.0,0.0,0.0,0.0,0.0,1,7091,1,1,G,1142.0,P,6,0.0
6722,6722,7092_01,Earth,True,TRAPPIST-1e,24.0,False,61.0,397.0,185.0,1.0,0.0,644.0,0,7092,1,1,F,1470.0,P,11,644.0
6723,6723,7093_01,Earth,True,TRAPPIST-1e,32.0,False,0.0,0.0,0.0,0.0,0.0,0.0,1,7093,1,1,G,1143.0,P,9,0.0
6724,6724,7094_01,Europa,True,TRAPPIST-1e,36.0,False,10.0,2478.0,2080.0,19.0,328.0,4915.0,0,7094,1,1,E,454.0,P,7,4915.0
6725,6725,7095_01,Earth,True,PSO J318.5-22,13.0,False,0.0,0.0,0.0,0.0,0.0,0.0,1,7095,1,1,G,1144.0,P,9,0.0
6726,6726,7096_01,Europa,True,TRAPPIST-1e,29.0,False,0.0,0.0,0.0,0.0,0.0,0.0,1,7096,3,0,C,260.0,S,4,0.0
6727,6727,7096_02,Europa,True,TRAPPIST-1e,27.0,False,0.0,14.0,0.0,0.0,2325.0,2339.0,0,7096,3,0,C,260.0,S,4,2339.0
6728,6728,7096_03,Europa,True,TRAPPIST-1e,30.0,False,0.0,0.0,0.0,0.0,0.0,0.0,1,7096,3,0,C,260.0,S,4,0.0
6729,6729,7097_01,Europa,True,55 Cancri e,27.0,False,0.0,44.0,4761.0,5.0,41.0,4851.0,0,7097,4,0,A,75.0,P,8,4851.0
6730,6730,7097_02,Europa,True,TRAPPIST-1e,14.0,False,0.0,3124.0,40.0,219.0,189.0,3572.0,0,7097,4,0,A,75.0,P,8,3572.0
6731,6731,7097_03,Europa,True,TRAPPIST-1e,32.0,True,527.0,1863.0,0.0,417.0,2905.0,5712.0,0,7097,4,0,A,75.0,P,8,5712.0
6732,6732,7097_04,Europa,True,55 Cancri e,33.0,True,0.0,16.0,12.0,2349.0,12.0,2389.0,0,7097,4,0,A,75.0,P,3,2389.0
6733,6733,7098_01,Earth,True,TRAPPIST-1e,35.0,False,3.0,0.0,651.0,0.0,78.0,732.0,0,7098,1,1,F,1356.0,S,15,732.0
6734,6734,7099_01,Earth,True,55 Cancri e,21.0,False,301.0,182.398406374502,19.0,0.0,0.0,320.0,0,7099,1,1,F,1471.0,P,7,502.398406374502
6735,6735,7104_01,Europa,True,TRAPPIST-1e,57.0,False,906.0,22.0,0.0,8293.0,391.0,9612.0,0,7104,2,0,C,228.0,P,3,9612.0
6736,6736,7104_02,Europa,True,TRAPPIST-1e,42.0,False,159.0,4387.0,2.0,3.0,485.0,5036.0,0,7104,2,0,C,228.0,P,3,5036.0
6737,6737,7105_01,Earth,True,55 Cancri e,20.0,False,0.0,6.0,552.0,20.0,0.0,578.0,0,7105,1,1,F,1473.0,P,6,578.0
6738,6738,7106_01,Mars,True,TRAPPIST-1e,18.0,False,0.0,0.0,0.0,0.0,0.0,0.0,1,7106,1,1,F,1357.0,S,6,0.0
6739,6739,7109_01,Europa,True,55 Cancri e,49.0,False,0.0,7683.0,0.0,13016.0,0.0,20699.0,0,7109,1,1,B,268.0,S,10,20699.0
6740,6740,7110_01,Earth,True,PSO J318.5-22,23.0,False,0.0,3.0,0.0,0.0,546.0,549.0,0,7110,1,1,F,1358.0,S,5,549.0
6741,6741,7111_01,Mars,True,TRAPPIST-1e,24.0,False,1058.0,0.0,0.0,280.0,0.0,1338.0,0,7111,1,1,F,1359.0,S,5,1338.0
6742,6742,7113_01,Earth,True,TRAPPIST-1e,24.0,False,0.0,0.0,0.0,0.0,757.0,757.0,0,7113,2,0,F,1361.0,S,8,757.0
6743,6743,7113_02,Earth,True,55 Cancri e,23.0,False,9.0,1.0,0.0,492.0,109.0,611.0,0,7113,2,0,F,1361.0,S,8,611.0
6744,6744,7114_01,Earth,True,TRAPPIST-1e,24.0,False,0.0,489.0,21.0,0.0,184.0,694.0,0,7114,1,1,F,1362.0,S,7,694.0
6745,6745,7116_01,Earth,True,PSO J318.5-22,26.0,False,0.0,0.0,0.0,0.0,0.0,0.0,1,7116,1,1,G,1146.0,P,6,0.0
6746,6746,7117_01,Europa,True,55 Cancri e,28.0,False,0.0,0.0,0.0,0.0,0.0,0.0,1,7117,1,1,B,236.0,P,5,0.0
6747,6747,7118_01,Earth,True,PSO J318.5-22,17.0,False,0.0,1381.0,2.0,0.0,0.0,1383.0,0,7118,1,1,F,1475.0,P,5,1383.0
6748,6748,7119_01,Earth,True,TRAPPIST-1e,20.0,False,415.0,479.0,0.0,1019.0,239.0,2152.0,0,7119,1,1,F,1476.0,P,6,2152.0
6749,6749,7120_01,Earth,True,TRAPPIST-1e,22.0,False,0.0,0.0,0.0,0.0,1201.0,1201.0,0,7120,1,1,F,1363.0,S,4,1201.0
6750,6750,7121_01,Europa,True,55 Cancri e,23.0,False,0.0,0.0,0.0,0.0,0.0,0.0,1,7121,2,0,B,269.0,S,3,0.0
6751,6751,7121_02,Europa,True,55 Cancri e,22.0,False,0.0,0.0,0.0,0.0,0.0,0.0,1,7121,2,0,B,269.0,S,3,0.0
6752,6752,7126_01,Earth,True,TRAPPIST-1e,29.0,False,3.0,0.0,664.0,683.0,34.0,1384.0,0,7126,1,1,F,1366.0,S,3,1384.0
6753,6753,7127_01,Europa,True,TRAPPIST-1e,34.5,False,0.0,4155.0,0.0,1368.0,42.0,5565.0,0,7127,2,0,B,237.0,P,8,5565.0
6754,6754,7127_02,Europa,True,TRAPPIST-1e,31.0,False,0.0,0.0,0.0,0.0,0.0,0.0,1,7127,2,0,B,237.0,P,8,0.0
6755,6755,7128_01,Europa,True,55 Cancri e,37.0,False,1.0,4462.0,1.0,9206.0,3.0,13673.0,0,7128,3,0,B,238.0,P,2,13673.0
6756,6756,7128_02,Europa,True,55 Cancri e,44.0,False,0.0,4322.0,3.0,153.0,52.0,4530.0,0,7128,3,0,B,238.0,P,6,4530.0
6757,6757,7128_03,Europa,True,55 Cancri e,34.0,False,0.0,2612.0,1.0,131.0,2714.0,5458.0,0,7128,3,0,B,238.0,P,6,5458.0
6758,6758,7132_01,Earth,True,55 Cancri e,23.0,False,602.0,0.0,0.0,0.0,24.0,626.0,0,7132,1,1,G,1165.0,S,7,626.0
6759,6759,7133_01,Earth,True,TRAPPIST-1e,18.0,False,457.0,0.0,11.0,335.0,0.0,803.0,0,7133,1,1,F,1368.0,S,5,803.0
6760,6760,7134_01,Earth,True,PSO J318.5-22,18.0,False,0.0,0.0,0.0,0.0,0.0,0.0,1,7134,1,1,G,1148.0,P,6,0.0
6761,6761,7137_01,Earth,True,TRAPPIST-1e,23.0,False,119.35918367346939,134.0,482.0,137.52083333333334,27.0,643.0,0,7137,1,1,F,1479.0,P,4,899.8800170068027
6762,6762,7140_01,Earth,True,TRAPPIST-1e,18.0,False,0.0,10.0,0.0,0.0,738.0,748.0,0,7140,1,1,F,1371.0,S,15,748.0
6763,6763,7142_01,Mars,True,TRAPPIST-1e,22.0,False,0.0,0.0,1128.0,0.0,45.0,1173.0,0,7142,3,0,E,474.0,S,9,1173.0
6764,6764,7142_02,Mars,True,TRAPPIST-1e,10.0,False,0.0,0.0,0.0,0.0,0.0,0.0,1,7142,3,0,E,474.0,S,9,0.0
6765,6765,7142_03,Mars,True,TRAPPIST-1e,26.0,False,0.0,0.0,0.0,0.0,0.0,0.0,1,7142,3,0,E,474.0,S,9,0.0
6766,6766,7143_01,Mars,True,TRAPPIST-1e,31.0,False,907.0,0.0,437.0,2.0,0.0,1346.0,0,7143,1,1,F,1372.0,S,11,1346.0
6767,6767,7144_01,Earth,True,TRAPPIST-1e,48.0,False,0.0,0.0,0.0,0.0,0.0,0.0,1,7144,1,1,G,1150.0,P,2,0.0
6768,6768,7148_01,Europa,True,55 Cancri e,51.0,True,0.0,287.0,0.0,1442.0,66.0,1795.0,0,7148,1,1,A,87.0,S,3,1795.0
6769,6769,7149_01,Mars,True,PSO J318.5-22,25.0,False,0.0,0.0,0.0,0.0,0.0,0.0,1,7149,1,1,F,1482.0,P,3,0.0
6770,6770,7151_01,Mars,True,TRAPPIST-1e,32.0,False,288.0,0.0,592.0,670.0,40.0,1590.0,0,7151,1,1,E,459.0,P,7,1590.0
6771,6771,7152_01,Earth,True,TRAPPIST-1e,8.0,False,0.0,0.0,0.0,0.0,0.0,0.0,1,7152,2,0,G,1167.0,S,17,0.0
6772,6772,7152_02,Earth,True,PSO J318.5-22,49.0,False,0.0,0.0,0.0,0.0,0.0,0.0,1,7152,2,0,G,1167.0,S,17,0.0
6773,6773,7155_01,Earth,True,PSO J318.5-22,28.0,False,0.0,0.0,0.0,669.0,16.0,685.0,0,7155,1,1,F,1375.0,S,4,685.0
6774,6774,7156_01,Mars,True,TRAPPIST-1e,3.0,False,0.0,0.0,0.0,0.0,0.0,0.0,1,7156,4,0,E,475.0,S,9,0.0
6775,6775,7156_02,Mars,True,TRAPPIST-1e,26.0,False,0.0,0.0,0.0,0.0,0.0,0.0,1,7156,4,0,E,475.0,S,9,0.0
6776,6776,7156_03,Mars,True,TRAPPIST-1e,31.0,False,0.0,0.0,0.0,0.0,0.0,0.0,1,7156,4,0,E,475.0,S,9,0.0
6777,6777,7156_04,Mars,True,TRAPPIST-1e,11.0,False,0.0,0.0,0.0,0.0,0.0,0.0,1,7156,4,0,E,475.0,S,9,0.0
6778,6778,7157_01,Mars,True,TRAPPIST-1e,27.0,False,0.0,0.0,0.0,0.0,0.0,0.0,1,7157,2,0,D,221.0,S,6,0.0
6779,6779,7157_02,Mars,True,TRAPPIST-1e,33.0,False,1631.0,0.0,754.0,0.0,0.0,2385.0,0,7157,2,0,D,219.0,S,6,2385.0
6780,6780,7159_01,Europa,True,PSO J318.5-22,32.0,False,0.0,0.0,0.0,0.0,0.0,0.0,1,7159,1,1,C,263.0,S,4,0.0
6781,6781,7160_01,Earth,True,TRAPPIST-1e,20.0,False,0.0,0.0,0.0,0.0,0.0,0.0,1,7160,1,1,G,1152.0,P,6,0.0
6782,6782,7161_01,Europa,True,TRAPPIST-1e,33.0,False,0.0,3624.0,0.0,1537.0,498.0,5659.0,0,7161,1,1,E,476.0,S,3,5659.0
6783,6783,7162_01,Earth,True,TRAPPIST-1e,65.0,False,43.0,21.0,22.0,50.0,731.0,867.0,0,7162,1,1,F,1485.0,P,5,867.0
6784,6784,7165_01,Mars,True,TRAPPIST-1e,18.0,False,0.0,0.0,0.0,0.0,0.0,0.0,1,7165,1,1,F,1377.0,S,3,0.0
6785,6785,7166_01,Mars,True,TRAPPIST-1e,19.0,False,862.0,0.0,5.0,2032.0,0.0,2899.0,0,7166,1,1,F,1378.0,S,11,2899.0
6786,6786,7167_01,Europa,True,55 Cancri e,33.0,False,0.0,3676.0,0.0,1743.0,1.0,5420.0,0,7167,1,1,B,270.0,S,3,5420.0
6787,6787,7168_01,Earth,True,TRAPPIST-1e,26.0,False,0.0,11.0,793.0,0.0,84.0,888.0,0,7168,1,1,G,1168.0,S,2,888.0
6788,6788,7170_01,Earth,True,PSO J318.5-22,31.0,False,0.0,0.0,0.0,0.0,0.0,0.0,1,7170,1,1,G,1154.0,P,6,0.0
6789,6789,7171_01,Earth,True,TRAPPIST-1e,37.0,False,0.0,0.0,0.0,0.0,0.0,0.0,1,7171,1,1,G,1155.0,P,10,0.0
6790,6790,7173_01,Earth,True,PSO J318.5-22,19.0,False,0.0,0.0,0.0,0.0,0.0,0.0,1,7173,1,1,G,1156.0,P,14,0.0
6791,6791,7175_01,Earth,True,TRAPPIST-1e,18.0,False,0.0,0.0,773.0,0.0,4.0,777.0,0,7175,1,1,F,1486.0,P,7,777.0
6792,6792,7176_01,Europa,True,55 Cancri e,47.0,False,0.0,0.0,0.0,0.0,0.0,0.0,1,7176,3,0,C,232.0,P,3,0.0
6793,6793,7176_02,Europa,True,TRAPPIST-1e,26.0,False,0.0,6050.0,0.0,662.0,920.0,7632.0,0,7176,3,0,C,232.0,P,3,7632.0
6794,6794,7176_03,Europa,True,TRAPPIST-1e,25.0,False,0.0,3590.0,0.0,27.0,0.0,3617.0,0,7176,3,0,C,232.0,P,3,3617.0
6795,6795,7177_01,Earth,True,TRAPPIST-1e,38.0,False,102.0,12.0,14.0,669.0,0.0,797.0,0,7177,1,1,F,1380.0,S,5,797.0
6796,6796,7179_01,Earth,True,TRAPPIST-1e,53.0,False,3.0,2251.0,0.0,95.0,12.0,2361.0,0,7179,1,1,E,460.0,P,5,2361.0
6797,6797,7180_01,Earth,True,TRAPPIST-1e,38.0,False,0.0,338.0,0.0,453.0,0.0,791.0,0,7180,1,1,E,478.0,S,12,791.0
6798,6798,7181_01,Mars,True,TRAPPIST-1e,28.0,False,0.0,0.0,0.0,0.0,0.0,0.0,1,7181,1,1,F,1488.0,P,6,0.0
6799,6799,7182_01,Earth,True,TRAPPIST-1e,46.0,False,438.0,283.0,944.0,0.0,355.0,2020.0,0,7182,1,1,G,1162.0,Z,5,2020.0
6800,6800,7184_01,Earth,True,TRAPPIST-1e,18.0,False,3.0,688.0,0.0,0.0,23.0,714.0,0,7184,1,1,G,1170.0,S,6,714.0
6801,6801,7186_01,Europa,True,TRAPPIST-1e,14.0,False,0.0,0.0,0.0,0.0,0.0,0.0,1,7186,3,0,E,461.0,P,5,0.0
6802,6802,7186_02,Europa,True,TRAPPIST-1e,32.0,False,0.0,1369.0,29.0,662.0,22.0,2082.0,0,7186,3,0,E,461.0,P,14,2082.0
6803,6803,7186_03,Europa,True,TRAPPIST-1e,44.0,False,0.0,0.0,16.0,72.0,4304.0,4392.0,0,7186,3,0,E,461.0,P,14,4392.0
6804,6804,7187_01,Earth,True,PSO J318.5-22,28.0,False,0.0,0.0,0.0,0.0,0.0,0.0,1,7187,1,1,G,1158.0,P,4,0.0
6805,6805,7188_01,Europa,True,TRAPPIST-1e,2.0,False,0.0,0.0,0.0,0.0,0.0,0.0,1,7188,3,0,C,233.0,P,3,0.0
6806,6806,7188_02,Europa,True,TRAPPIST-1e,28.0,False,0.0,2896.0,46.0,5248.0,8169.0,16359.0,0,7188,3,0,C,233.0,P,3,16359.0
6807,6807,7188_03,Europa,True,TRAPPIST-1e,27.0,True,0.0,0.0,0.0,0.0,0.0,0.0,1,7188,3,0,C,233.0,P,3,0.0
6808,6808,7189_01,Europa,True,TRAPPIST-1e,29.0,False,0.0,0.0,0.0,0.0,0.0,0.0,1,7189,1,1,C,234.0,P,2,0.0
6809,6809,7190_01,Earth,True,55 Cancri e,14.0,False,0.0,0.0,0.0,0.0,0.0,0.0,1,7190,1,1,G,1171.0,S,4,0.0
6810,6810,7191_01,Earth,True,TRAPPIST-1e,14.0,False,0.0,0.0,766.0,0.0,0.0,766.0,0,7191,1,1,F,1490.0,P,8,766.0
6811,6811,7192_01,Earth,True,TRAPPIST-1e,17.0,False,0.0,0.0,0.0,0.0,0.0,0.0,1,7192,1,1,G,1172.0,S,6,0.0
6812,6812,7193_01,Earth,True,TRAPPIST-1e,35.0,False,150.0,0.0,96.0,638.0,0.0,884.0,0,7193,1,1,F,1381.0,S,8,884.0
6813,6813,7194_01,Earth,True,TRAPPIST-1e,36.0,False,0.0,129.0,0.0,177.0,444.0,750.0,0,7194,1,1,F,1382.0,S,7,750.0
6814,6814,7197_01,Mars,True,TRAPPIST-1e,51.0,False,106.0,1942.0,115.0,41.666666666666664,0.0,2163.0,0,7197,1,1,F,1383.0,S,1,2204.6666666666665
6815,6815,7199_01,Earth,True,TRAPPIST-1e,54.0,False,1.0,0.0,109.0,261.5263157894737,1.0,111.0,0,7199,1,1,G,1174.0,S,11,372.5263157894737
6816,6816,7200_01,Europa,True,TRAPPIST-1e,37.0,False,300.0,3434.0,0.0,1.0,171.0,3906.0,0,7200,1,1,C,264.0,S,3,3906.0
6817,6817,7202_01,Earth,True,TRAPPIST-1e,37.0,False,541.0,38.0,713.0,316.0,0.0,1608.0,0,7202,1,1,E,462.0,P,7,1608.0
6818,6818,7203_01,Earth,True,TRAPPIST-1e,24.0,False,1.0,194.0,0.0,0.0,632.0,827.0,0,7203,1,1,E,463.0,P,7,827.0
6819,6819,7205_01,Mars,True,TRAPPIST-1e,31.0,False,1030.0,0.0,158.0,0.0,28.0,1216.0,0,7205,1,1,F,1386.0,S,2,1216.0
6820,6820,7206_01,Earth,True,TRAPPIST-1e,38.0,False,622.0,1319.0,42.0,1.0,444.0,2428.0,0,7206,1,1,F,1387.0,S,12,2428.0
6821,6821,7207_01,Earth,True,TRAPPIST-1e,28.0,False,0.0,0.0,0.0,0.0,0.0,0.0,1,7207,1,1,G,1160.0,P,7,0.0
6822,6822,7208_01,Earth,True,TRAPPIST-1e,0.0,False,0.0,0.0,0.0,0.0,0.0,0.0,1,7208,2,0,G,1161.0,P,17,0.0
6823,6823,7208_02,Earth,True,TRAPPIST-1e,16.0,False,23.0,479.0,0.0,0.0,373.0,875.0,0,7208,2,0,F,1492.0,P,17,875.0
6824,6824,7210_01,Earth,True,TRAPPIST-1e,25.0,False,0.0,0.0,879.0,0.0,0.0,879.0,0,7210,1,1,F,1493.0,P,9,879.0
6825,6825,7214_01,Earth,True,55 Cancri e,22.0,False,30.0,0.0,690.0,41.0,0.0,761.0,0,7214,1,1,F,1389.0,S,8,761.0
6826,6826,7215_01,Mars,True,TRAPPIST-1e,24.0,False,0.0,0.0,0.0,0.0,0.0,0.0,1,7215,1,1,F,1494.0,P,4,0.0
6827,6827,7216_01,Earth,True,PSO J318.5-22,37.0,False,501.0,0.0,179.0,1.0,0.0,681.0,0,7216,1,1,E,464.0,P,5,681.0
6828,6828,7217_01,Mars,True,TRAPPIST-1e,21.0,False,21.0,0.0,874.0,226.0,0.0,1121.0,0,7217,1,1,F,1495.0,P,5,1121.0
6829,6829,7218_01,Europa,True,TRAPPIST-1e,53.0,False,0.0,0.0,0.0,0.0,0.0,0.0,1,7218,1,1,B,271.0,S,2,0.0
6830,6830,7219_01,Europa,True,TRAPPIST-1e,0.0,False,0.0,0.0,0.0,0.0,0.0,0.0,1,7219,6,0,C,235.0,P,7,0.0
6831,6831,7219_02,Europa,True,TRAPPIST-1e,2.0,False,0.0,0.0,0.0,0.0,0.0,0.0,1,7219,6,0,C,235.0,P,7,0.0
6832,6832,7219_03,Europa,True,TRAPPIST-1e,64.0,False,0.0,0.0,0.0,0.0,0.0,0.0,1,7219,6,0,C,235.0,P,7,0.0
6833,6833,7219_04,Europa,True,TRAPPIST-1e,24.0,False,0.0,2921.0,5.0,795.0,3155.0,6876.0,0,7219,6,0,C,251.0,P,7,6876.0
6834,6834,7219_05,Europa,True,TRAPPIST-1e,40.0,False,0.0,0.0,0.0,0.0,0.0,0.0,1,7219,6,0,C,235.0,P,7,0.0
6835,6835,7219_06,Europa,True,TRAPPIST-1e,32.0,False,0.0,163.0,0.0,6953.0,50.0,7166.0,0,7219,6,0,C,235.0,P,7,7166.0
6836,6836,7221_01,Europa,True,55 Cancri e,54.0,True,0.0,316.0,1.0,2038.0,388.0,2743.0,0,7221,1,1,B,239.0,P,1,2743.0
6837,6837,7224_01,Earth,True,TRAPPIST-1e,30.0,False,0.0,0.0,0.0,0.0,0.0,0.0,1,7224,1,1,G,1175.0,S,8,0.0
6838,6838,7225_01,Europa,True,55 Cancri e,37.0,False,0.0,1379.0,130.0,1488.0,75.0,3072.0,0,7225,1,1,A,77.0,P,5,3072.0
6839,6839,7226_01,Mars,True,TRAPPIST-1e,20.0,False,3191.0,0.0,211.0,21.0,117.0,3540.0,0,7226,1,1,E,481.0,S,10,3540.0
6840,6840,7227_01,Mars,True,TRAPPIST-1e,22.0,False,741.0,0.0,1028.0,0.0,0.0,1769.0,0,7227,1,1,F,1497.0,P,2,1769.0
6841,6841,7229_01,Earth,True,PSO J318.5-22,57.0,False,0.0,1.0,0.0,664.0,19.0,684.0,0,7229,1,1,F,1391.0,S,5,684.0
6842,6842,7230_01,Earth,True,TRAPPIST-1e,34.0,False,0.0,0.0,0.0,0.0,0.0,0.0,1,7230,1,1,G,1177.0,S,11,0.0
6843,6843,7232_01,Europa,True,TRAPPIST-1e,51.0,False,0.0,980.0,273.0,2775.0,419.0,4447.0,0,7232,1,1,B,240.0,P,1,4447.0
6844,6844,7233_01,Mars,True,TRAPPIST-1e,47.0,False,0.0,0.0,0.0,0.0,0.0,0.0,1,7233,1,1,E,465.0,P,11,0.0
6845,6845,7234_01,Earth,True,TRAPPIST-1e,22.0,False,593.0,34.0,0.0,0.0,0.0,627.0,0,7234,1,1,G,1163.0,P,11,627.0
6846,6846,7235_01,Europa,True,TRAPPIST-1e,36.0,False,0.0,1606.0,511.0,89.0,2220.0,4426.0,0,7235,1,1,B,241.0,P,6,4426.0
6847,6847,7236_01,Earth,True,TRAPPIST-1e,16.0,False,0.0,0.0,0.0,0.0,0.0,0.0,1,7236,1,1,G,1171.0,P,5,0.0
6848,6848,7238_01,Mars,True,TRAPPIST-1e,60.0,False,180.0,0.0,414.0,1181.0,0.0,1775.0,0,7238,1,1,F,1499.0,P,6,1775.0
6849,6849,7240_01,Mars,True,TRAPPIST-1e,39.0,False,197.0,0.0,2401.0,0.0,0.0,2598.0,0,7240,2,0,F,1392.0,S,5,2598.0
6850,6850,7240_02,Mars,True,TRAPPIST-1e,18.0,False,49.0,0.0,2885.0,1.0,0.0,2935.0,0,7240,2,0,F,1392.0,S,5,2935.0
6851,6851,7242_01,Europa,True,55 Cancri e,30.0,False,0.0,0.0,0.0,0.0,0.0,0.0,1,7242,1,1,B,273.0,S,11,0.0
6852,6852,7246_01,Mars,True,TRAPPIST-1e,45.0,False,1781.0,0.0,17.0,0.0,23.0,1821.0,0,7246,1,1,F,1395.0,S,6,1821.0
6853,6853,7247_01,Earth,True,TRAPPIST-1e,30.0,False,0.0,0.0,0.0,0.0,1150.0,1150.0,0,7247,1,1,F,1396.0,S,7,1150.0
6854,6854,7249_01,Mars,True,TRAPPIST-1e,21.0,False,1046.0,1.0,0.0,1.0,0.0,1048.0,0,7249,2,0,E,482.0,S,6,1048.0
6855,6855,7249_02,Mars,True,TRAPPIST-1e,0.0,False,0.0,0.0,0.0,0.0,0.0,0.0,1,7249,2,0,F,1397.0,S,6,0.0
6856,6856,7250_01,Mars,True,55 Cancri e,51.0,False,40.0,716.0,1907.0,0.0,0.0,2663.0,0,7250,1,1,F,1501.0,P,7,2663.0
6857,6857,7252_01,Mars,True,TRAPPIST-1e,22.0,False,100.0,0.0,1050.0,0.0,23.0,1173.0,0,7252,1,1,E,466.0,P,2,1173.0
6858,6858,7253_01,Europa,True,TRAPPIST-1e,26.0,False,0.0,896.0,0.0,690.0,1.0,1587.0,0,7253,1,1,D,225.0,P,4,1587.0
6859,6859,7255_01,Earth,True,TRAPPIST-1e,10.0,False,0.0,0.0,0.0,0.0,0.0,0.0,1,7255,1,1,G,1166.0,P,7,0.0
6860,6860,7256_01,Earth,True,TRAPPIST-1e,21.0,False,42.0,606.0,1.0,38.0,100.0,787.0,0,7256,1,1,E,484.0,S,6,787.0
6861,6861,7257_01,Earth,True,55 Cancri e,14.0,False,0.0,0.0,0.0,0.0,0.0,0.0,1,7257,2,0,G,1167.0,P,7,0.0
6862,6862,7257_02,Earth,True,TRAPPIST-1e,25.0,False,0.0,1.0,12.0,0.0,779.0,792.0,0,7257,2,0,E,467.0,P,7,792.0
6863,6863,7258_01,Earth,True,TRAPPIST-1e,43.0,False,473.0,1390.0,0.0,0.0,0.0,1863.0,0,7258,1,1,F,1502.0,P,0,1863.0
6864,6864,7259_01,Earth,True,PSO J318.5-22,22.0,False,28.0,194.0,2.0,0.0,370.0,594.0,0,7259,1,1,F,1503.0,P,4,594.0
6865,6865,7260_01,Earth,True,TRAPPIST-1e,22.0,False,401.0,0.0,196.0,0.0,126.0,723.0,0,7260,1,1,F,1398.0,S,8,723.0
6866,6866,7261_01,Earth,True,PSO J318.5-22,23.0,False,0.0,0.0,0.0,0.0,0.0,0.0,1,7261,1,1,G,1168.0,P,5,0.0
6867,6867,7267_01,Europa,True,TRAPPIST-1e,25.0,False,0.0,0.0,0.0,0.0,0.0,0.0,1,7267,2,0,C,265.0,S,4,0.0
6868,6868,7267_02,Europa,True,TRAPPIST-1e,35.0,False,0.0,0.0,0.0,0.0,0.0,0.0,1,7267,2,0,C,265.0,S,4,0.0
6869,6869,7268_01,Earth,True,TRAPPIST-1e,30.0,False,0.0,0.0,0.0,27.0,764.0,791.0,0,7268,1,1,E,468.0,P,7,791.0
6870,6870,7270_01,Earth,True,TRAPPIST-1e,37.0,False,0.0,0.0,0.0,0.0,0.0,0.0,1,7270,1,1,G,1170.0,P,8,0.0
6871,6871,7271_01,Earth,True,55 Cancri e,21.0,False,61.0,201.0,222.0,161.0,60.0,705.0,0,7271,1,1,G,1171.0,P,0,705.0
6872,6872,7273_01,Earth,True,55 Cancri e,36.0,False,207.0,0.0,450.0,94.0,0.0,751.0,0,7273,1,1,G,1183.0,S,8,751.0
6873,6873,7274_01,Earth,True,TRAPPIST-1e,13.0,False,305.0,582.0,12.0,19.0,0.0,918.0,0,7274,1,1,F,1506.0,P,4,918.0
6874,6874,7276_01,Earth,True,55 Cancri e,22.0,False,0.0,642.0,0.0,52.0,0.0,694.0,0,7276,1,1,F,1507.0,P,6,694.0
6875,6875,7277_01,Earth,True,TRAPPIST-1e,36.0,False,0.0,0.0,0.0,0.0,0.0,0.0,1,7277,1,1,G,1184.0,S,7,0.0
6876,6876,7278_01,Earth,True,TRAPPIST-1e,17.0,False,217.43396226415095,188.0,795.0,0.0,0.0,983.0,0,7278,1,1,E,485.0,S,6,1200.433962264151
6877,6877,7279_01,Europa,True,55 Cancri e,38.0,False,0.0,0.0,0.0,0.0,0.0,0.0,1,7279,1,1,C,236.0,P,5,0.0
6878,6878,7280_01,Mars,True,TRAPPIST-1e,34.0,False,5959.0,0.0,3.0,0.0,0.0,5962.0,0,7280,1,1,F,1508.0,P,6,5962.0
6879,6879,7283_01,Mars,False,TRAPPIST-1e,20.0,False,0.0,0.0,0.0,0.0,0.0,0.0,1,7283,1,1,F,1509.0,P,3,0.0
6880,6880,7284_01,Earth,True,TRAPPIST-1e,17.0,False,217.43396226415095,647.0,49.0,74.0,0.0,770.0,0,7284,1,1,G,1174.0,P,6,987.433962264151
6881,6881,7285_01,Earth,True,PSO J318.5-22,36.0,False,0.0,0.0,0.0,0.0,0.0,0.0,1,7285,1,1,G,1185.0,S,13,0.0
6882,6882,7289_01,Europa,True,55 Cancri e,52.0,False,360.0,1314.0,8.0,641.0,66.0,2389.0,0,7289,1,1,A,78.0,P,4,2389.0
6883,6883,7290_01,Europa,True,55 Cancri e,32.0,False,0.0,0.0,0.0,0.0,0.0,0.0,1,7290,5,0,D,227.0,P,6,0.0
6884,6884,7290_02,Europa,True,55 Cancri e,35.0,False,0.0,0.0,0.0,0.0,0.0,0.0,1,7290,5,0,D,227.0,P,6,0.0
6885,6885,7290_03,Europa,True,55 Cancri e,22.5,False,0.0,0.0,0.0,0.0,0.0,0.0,1,7290,5,0,D,227.0,P,6,0.0
6886,6886,7290_04,Europa,True,TRAPPIST-1e,36.0,False,83.0,1186.0,0.0,2160.0,736.0,4165.0,0,7290,5,0,D,227.0,P,6,4165.0
6887,6887,7290_05,Europa,True,TRAPPIST-1e,36.0,False,31.0,3585.0,31.0,1400.0,0.0,5047.0,0,7290,5,0,D,227.0,P,6,5047.0
6888,6888,7292_01,Mars,True,55 Cancri e,21.0,False,787.1363636363636,0.0,0.0,1.0,378.0,379.0,0,7292,1,1,D,220.0,S,4,1166.1363636363635
6889,6889,7296_01,Mars,True,TRAPPIST-1e,33.0,False,627.0,0.0,171.0,254.0,130.0,1182.0,0,7296,1,1,D,228.0,P,11,1182.0
6890,6890,7297_01,Earth,True,TRAPPIST-1e,40.0,False,678.0,0.0,229.0,0.0,0.0,907.0,0,7297,1,1,G,1188.0,S,0,907.0
6891,6891,7298_01,Earth,True,TRAPPIST-1e,24.0,False,185.0,0.0,478.0,29.0,0.0,692.0,0,7298,1,1,F,1510.0,P,5,692.0
6892,6892,7300_01,Earth,True,TRAPPIST-1e,35.0,False,0.0,0.0,885.0,0.0,0.0,885.0,0,7300,1,1,G,1189.0,S,15,885.0
6893,6893,7301_01,Mars,True,TRAPPIST-1e,29.0,False,0.0,0.0,0.0,0.0,0.0,0.0,1,7301,1,1,F,1511.0,P,5,0.0
6894,6894,7302_01,Mars,True,TRAPPIST-1e,33.0,False,728.0,0.0,285.0,0.0,0.0,1013.0,0,7302,1,1,E,486.0,S,4,1013.0
6895,6895,7303_01,Earth,True,TRAPPIST-1e,51.0,False,3.0,33.0,12.0,38.0,896.0,982.0,0,7303,1,1,E,487.0,S,10,982.0
6896,6896,7304_01,Mars,True,TRAPPIST-1e,10.0,False,0.0,0.0,0.0,0.0,0.0,0.0,1,7304,1,1,F,1512.0,P,7,0.0
6897,6897,7305_01,Earth,True,TRAPPIST-1e,41.0,False,0.0,0.0,0.0,0.0,0.0,0.0,1,7305,1,1,G,1190.0,S,11,0.0
6898,6898,7306_01,Earth,True,55 Cancri e,26.0,False,1.0,0.0,0.0,0.0,718.0,719.0,0,7306,1,1,E,471.0,P,4,719.0
6899,6899,7307_01,Earth,True,TRAPPIST-1e,39.0,False,19.0,102.0,0.0,678.0,0.0,799.0,0,7307,1,1,F,1405.0,S,8,799.0
6900,6900,7309_01,Mars,True,TRAPPIST-1e,14.0,False,738.0,5.0,297.0,0.0,0.0,1040.0,0,7309,1,1,F,1513.0,P,8,1040.0
6901,6901,7310_01,Mars,True,TRAPPIST-1e,28.0,False,1059.0,0.0,6.0,117.0,0.0,1182.0,0,7310,1,1,D,229.0,P,2,1182.0
6902,6902,7311_01,Earth,True,TRAPPIST-1e,18.0,False,0.0,949.0,0.0,0.0,0.0,949.0,0,7311,1,1,F,1514.0,P,12,949.0
6903,6903,7313_01,Mars,True,TRAPPIST-1e,41.0,False,2754.0,398.0,21.0,0.0,0.0,3173.0,0,7313,1,1,D,231.0,P,8,3173.0
6904,6904,7314_01,Europa,False,TRAPPIST-1e,33.0,False,0.0,0.0,0.0,1139.7708333333333,0.0,0.0,0,7314,1,1,C,237.0,P,2,1139.7708333333333
6905,6905,7320_01,Earth,True,TRAPPIST-1e,26.0,False,814.0,0.0,29.0,16.0,181.0,1040.0,0,7320,1,1,F,1517.0,P,7,1040.0
6906,6906,7321_01,Mars,True,TRAPPIST-1e,31.0,False,0.0,0.0,0.0,0.0,0.0,0.0,1,7321,1,1,F,1518.0,P,7,0.0
6907,6907,7322_01,Earth,True,TRAPPIST-1e,63.0,False,0.0,0.0,424.0,0.0,2027.0,2451.0,0,7322,1,1,F,1408.0,S,7,2451.0
6908,6908,7323_01,Earth,True,TRAPPIST-1e,30.0,False,0.0,0.0,547.0,257.2236842105263,423.0,970.0,0,7323,1,1,F,1409.0,S,9,1227.2236842105262
6909,6909,7324_01,Europa,True,TRAPPIST-1e,27.0,False,15.0,2886.0,0.0,249.0,71.0,3221.0,0,7324,1,1,C,238.0,P,1,3221.0
6910,6910,7326_01,Earth,True,TRAPPIST-1e,47.0,False,2916.0,0.0,14.0,63.0,0.0,2993.0,0,7326,1,1,F,1519.0,P,14,2993.0
6911,6911,7327_01,Mars,True,TRAPPIST-1e,37.0,False,1413.0,0.0,584.0,3.0,0.0,2000.0,0,7327,1,1,F,1520.0,P,8,2000.0
6912,6912,7328_01,Earth,True,TRAPPIST-1e,14.0,False,399.0,22.0,458.0,506.0,187.0,1572.0,0,7328,1,1,F,1410.0,S,6,1572.0
6913,6913,7330_01,Europa,True,TRAPPIST-1e,27.0,False,0.0,63.0,8.0,129.0,2960.0,3160.0,0,7330,1,1,C,268.0,S,3,3160.0
6914,6914,7331_01,Mars,True,TRAPPIST-1e,61.0,False,1711.0,0.0,0.0,0.0,8.0,1719.0,0,7331,1,1,D,232.0,P,6,1719.0
6915,6915,7332_01,Earth,True,TRAPPIST-1e,39.0,False,2.0,0.0,0.0,2.0,787.0,791.0,0,7332,1,1,E,488.0,S,4,791.0
6916,6916,7334_01,Earth,True,TRAPPIST-1e,22.0,False,0.0,0.0,787.0,1.0,187.62704918032787,788.0,0,7334,1,1,E,490.0,S,10,975.6270491803278
6917,6917,7336_01,Earth,True,TRAPPIST-1e,30.0,False,2.0,0.0,5.0,1.0,962.0,970.0,0,7336,2,0,F,1411.0,S,8,970.0
6918,6918,7336_02,Earth,True,TRAPPIST-1e,26.0,False,0.0,0.0,902.0,0.0,0.0,902.0,0,7336,2,0,F,1411.0,S,6,902.0
6919,6919,7337_01,Europa,True,TRAPPIST-1e,25.0,False,0.0,115.0,0.0,1823.0,4041.0,5979.0,0,7337,1,1,A,89.0,S,2,5979.0
6920,6920,7338_01,Mars,True,TRAPPIST-1e,42.0,False,1318.0,0.0,1386.0,34.23809523809524,106.31818181818181,2704.0,0,7338,1,1,D,233.0,P,12,2844.5562770562774
6921,6921,7339_01,Europa,True,TRAPPIST-1e,33.0,False,0.0,2107.0,0.0,15586.0,473.0,18166.0,0,7339,1,1,E,474.0,P,4,18166.0
6922,6922,7340_01,Europa,True,TRAPPIST-1e,60.0,False,0.0,307.0,0.0,484.0,1967.0,2758.0,0,7340,1,1,E,475.0,P,2,2758.0
6923,6923,7341_01,Earth,True,55 Cancri e,16.0,False,0.0,0.0,0.0,0.0,0.0,0.0,1,7341,1,1,G,1191.0,S,7,0.0
6924,6924,7342_01,Earth,True,TRAPPIST-1e,50.0,False,0.0,185.0,0.0,1.0,558.0,744.0,0,7342,1,1,G,1178.0,P,7,744.0
6925,6925,7343_01,Earth,True,TRAPPIST-1e,22.0,False,0.0,0.0,1.0,95.0,605.0,701.0,0,7343,1,1,F,1412.0,S,10,701.0
6926,6926,7344_01,Earth,True,PSO J318.5-22,15.0,False,0.0,0.0,9.0,0.0,952.0,961.0,0,7344,1,1,F,1413.0,S,15,961.0
6927,6927,7346_01,Mars,True,TRAPPIST-1e,27.0,False,0.0,0.0,0.0,0.0,65.50980392156863,0.0,0,7346,1,1,E,476.0,P,7,65.50980392156863
6928,6928,7347_01,Earth,True,55 Cancri e,58.0,False,0.0,435.0,2.0,0.0,239.0,676.0,0,7347,1,1,G,1179.0,P,7,676.0
6929,6929,7350_01,Earth,True,TRAPPIST-1e,48.0,False,0.0,0.0,0.0,0.0,0.0,0.0,1,7350,1,1,G,1192.0,S,11,0.0
6930,6930,7351_01,Europa,True,55 Cancri e,36.0,False,0.0,0.0,0.0,0.0,0.0,0.0,1,7351,1,1,D,221.0,S,2,0.0
6931,6931,7353_01,Europa,True,TRAPPIST-1e,60.0,False,0.0,3435.0,0.0,5458.0,10.0,8903.0,0,7353,3,0,C,269.0,S,10,8903.0
6932,6932,7353_02,Europa,True,TRAPPIST-1e,46.0,False,0.0,0.0,0.0,0.0,0.0,0.0,1,7353,3,0,C,269.0,S,10,0.0
6933,6933,7353_03,Europa,True,TRAPPIST-1e,58.0,False,0.0,1386.0,2.0,128.0,2577.0,4093.0,0,7353,3,0,C,256.0,S,10,4093.0
6934,6934,7356_01,Earth,True,TRAPPIST-1e,40.0,False,0.0,0.0,0.0,0.0,0.0,0.0,1,7356,2,0,G,1181.0,P,8,0.0
6935,6935,7356_02,Earth,True,TRAPPIST-1e,3.0,False,0.0,0.0,0.0,0.0,0.0,0.0,1,7356,2,0,G,1181.0,P,8,0.0
6936,6936,7358_01,Earth,True,55 Cancri e,23.0,False,3.0,0.0,2.0,61.0,634.0,700.0,0,7358,1,1,F,1522.0,P,8,700.0
6937,6937,7359_01,Earth,True,PSO J318.5-22,21.0,False,0.0,434.0,0.0,75.0,135.0,644.0,0,7359,1,1,E,492.0,S,12,644.0
6938,6938,7360_01,Earth,True,55 Cancri e,29.0,False,0.0,0.0,0.0,0.0,0.0,0.0,1,7360,1,1,G,1194.0,S,10,0.0
6939,6939,7361_01,Europa,True,55 Cancri e,23.0,False,0.0,0.0,0.0,0.0,0.0,0.0,1,7361,2,0,C,239.0,P,3,0.0
6940,6940,7361_02,Europa,True,55 Cancri e,41.0,False,0.0,0.0,0.0,0.0,0.0,0.0,1,7361,2,0,C,239.0,P,3,0.0
6941,6941,7365_01,Earth,True,TRAPPIST-1e,20.0,False,0.0,802.0,0.0,16.0,0.0,818.0,0,7365,1,1,G,1183.0,P,12,818.0
6942,6942,7366_01,Earth,True,TRAPPIST-1e,24.0,False,821.0,0.0,0.0,68.0,0.0,889.0,0,7366,1,1,G,1184.0,P,6,889.0
6943,6943,7367_01,Mars,True,TRAPPIST-1e,21.0,False,2611.0,0.0,103.0,4.0,0.0,2718.0,0,7367,2,0,D,234.0,P,6,2718.0
6944,6944,7367_02,Mars,True,TRAPPIST-1e,55.0,False,1236.0,0.0,52.0,0.0,0.0,1288.0,0,7367,2,0,F,1523.0,P,6,1288.0
6945,6945,7370_01,Earth,True,TRAPPIST-1e,21.0,False,0.0,70.0,2.0,0.0,486.0,558.0,0,7370,1,1,F,1525.0,P,9,558.0
6946,6946,7371_01,Earth,True,55 Cancri e,42.0,False,0.0,0.0,0.0,0.0,0.0,0.0,1,7371,1,1,G,1185.0,P,7,0.0
6947,6947,7372_01,Earth,True,TRAPPIST-1e,40.0,False,2.0,147.0,0.0,1695.0,1147.0,2991.0,0,7372,1,1,F,1526.0,P,6,2991.0
6948,6948,7374_01,Mars,True,TRAPPIST-1e,30.0,False,0.0,0.0,0.0,0.0,0.0,0.0,1,7374,1,1,F,1527.0,P,7,0.0
6949,6949,7376_01,Europa,True,TRAPPIST-1e,26.0,False,0.0,0.0,0.0,0.0,0.0,0.0,1,7376,1,1,E,477.0,P,5,0.0
6950,6950,7377_01,Earth,True,PSO J318.5-22,43.0,False,0.0,0.0,0.0,0.0,0.0,0.0,1,7377,1,1,G,1186.0,P,4,0.0
6951,6951,7379_01,Earth,True,TRAPPIST-1e,20.0,False,9.0,0.0,1540.0,0.0,0.0,1549.0,0,7379,1,1,F,1416.0,S,6,1549.0
6952,6952,7385_01,Earth,True,PSO J318.5-22,19.0,False,40.0,0.0,77.0,572.0,0.0,689.0,0,7385,1,1,F,1417.0,S,2,689.0
6953,6953,7387_01,Europa,True,TRAPPIST-1e,40.0,False,0.0,3508.0,761.0,12.0,32.0,4313.0,0,7387,1,1,C,240.0,P,2,4313.0
6954,6954,7388_01,Earth,True,PSO J318.5-22,17.0,False,0.0,0.0,0.0,0.0,0.0,0.0,1,7388,1,1,G,1198.0,S,19,0.0
6955,6955,7390_01,Earth,True,TRAPPIST-1e,62.0,False,240.0,0.0,0.0,586.0,10.0,836.0,0,7390,1,1,G,1190.0,P,7,836.0
6956,6956,7391_01,Earth,True,TRAPPIST-1e,32.0,False,0.0,0.0,0.0,0.0,0.0,0.0,1,7391,1,1,G,1191.0,P,4,0.0
6957,6957,7392_01,Earth,True,TRAPPIST-1e,37.0,False,0.0,0.0,0.0,0.0,0.0,0.0,1,7392,1,1,G,1192.0,P,7,0.0
6958,6958,7393_01,Earth,True,TRAPPIST-1e,40.0,False,0.0,0.0,0.0,7.0,782.0,789.0,0,7393,1,1,E,478.0,P,7,789.0
6959,6959,7394_01,Earth,True,55 Cancri e,25.0,False,0.0,653.0,21.0,0.0,0.0,674.0,0,7394,1,1,G,1193.0,P,11,674.0
6960,6960,7395_01,Europa,True,55 Cancri e,17.0,False,0.0,0.0,0.0,0.0,0.0,0.0,1,7395,4,0,B,277.0,S,6,0.0
6961,6961,7395_02,Europa,True,TRAPPIST-1e,46.0,False,0.0,0.0,0.0,0.0,0.0,0.0,1,7395,4,0,B,277.0,S,6,0.0
6962,6962,7395_03,Europa,True,TRAPPIST-1e,38.0,False,4.0,5974.0,0.0,3682.0,197.0,9857.0,0,7395,4,0,B,277.0,S,6,9857.0
6963,6963,7395_04,Europa,True,55 Cancri e,43.0,True,0.0,486.0,0.0,0.0,2470.0,2956.0,0,7395,4,0,B,277.0,S,6,2956.0
6964,6964,7396_01,Europa,True,55 Cancri e,28.0,False,6.0,3392.0,3944.0,987.0,0.0,8329.0,0,7396,3,0,C,271.0,S,4,8329.0
6965,6965,7396_02,Europa,True,TRAPPIST-1e,31.0,True,0.0,0.0,0.0,0.0,0.0,0.0,1,7396,3,0,C,271.0,S,9,0.0
6966,6966,7396_03,Europa,True,PSO J318.5-22,35.0,False,0.0,0.0,0.0,0.0,0.0,0.0,1,7396,3,0,C,271.0,S,2,0.0
6967,6967,7398_01,Earth,True,TRAPPIST-1e,19.0,False,105.0,271.0,1.0,377.0,17.0,771.0,0,7398,1,1,F,1531.0,P,4,771.0
6968,6968,7399_01,Earth,True,TRAPPIST-1e,24.0,False,0.0,0.0,217.0,0.0,544.0,761.0,0,7399,1,1,F,1418.0,S,18,761.0
6969,6969,7401_01,Mars,False,55 Cancri e,20.0,False,0.0,0.0,399.30232558139534,0.0,0.0,0.0,0,7401,1,1,E,479.0,P,6,399.30232558139534
6970,6970,7402_01,Europa,True,TRAPPIST-1e,16.0,False,0.0,1417.0,3.0,27.0,186.0,1633.0,0,7402,2,0,C,272.0,S,5,1633.0
6971,6971,7402_02,Europa,True,55 Cancri e,45.0,False,0.0,0.0,0.0,0.0,0.0,0.0,1,7402,2,0,C,272.0,S,5,0.0
6972,6972,7403_01,Earth,True,TRAPPIST-1e,19.0,False,294.0,79.0,536.0,0.0,0.0,909.0,0,7403,1,1,G,1194.0,P,17,909.0
6973,6973,7405_01,Earth,True,TRAPPIST-1e,23.0,False,0.0,1089.0,311.0,0.0,0.0,1400.0,0,7405,1,1,F,1419.0,S,7,1400.0
6974,6974,7406_01,Earth,True,TRAPPIST-1e,19.0,False,0.0,78.0,801.0,0.0,7.0,886.0,0,7406,1,1,G,1195.0,P,7,886.0
6975,6975,7408_01,Mars,True,TRAPPIST-1e,32.0,False,193.0,15.565217391304348,1116.0,0.0,0.0,1309.0,0,7408,1,1,F,1420.0,S,7,1324.5652173913043
6976,6976,7410_01,Earth,True,TRAPPIST-1e,41.0,False,85.0,804.0,0.0,0.0,0.0,889.0,0,7410,1,1,G,1201.0,S,11,889.0
6977,6977,7411_01,Earth,True,TRAPPIST-1e,30.0,False,1110.0,0.0,439.0,5.0,0.0,1554.0,0,7411,1,1,F,1533.0,P,9,1554.0
6978,6978,7416_01,Europa,True,55 Cancri e,41.0,False,0.0,10049.0,214.0,5287.0,1845.0,17395.0,0,7416,1,1,B,278.0,S,6,17395.0
6979,6979,7418_01,Mars,True,TRAPPIST-1e,7.0,False,0.0,0.0,0.0,0.0,0.0,0.0,1,7418,1,1,F,1534.0,P,6,0.0
6980,6980,7419_01,Earth,True,TRAPPIST-1e,39.0,False,1.0,875.0,0.0,6.0,0.0,882.0,0,7419,2,0,G,1197.0,P,5,882.0
6981,6981,7419_02,Earth,True,TRAPPIST-1e,47.0,False,0.0,61.0,805.0,0.0,6.0,872.0,0,7419,2,0,F,1535.0,P,5,872.0
6982,6982,7422_01,Earth,True,TRAPPIST-1e,21.0,False,550.0,0.0,61.0,4.0,5.0,620.0,0,7422,1,1,G,1204.0,S,5,620.0
6983,6983,7425_01,Earth,True,TRAPPIST-1e,29.0,False,0.0,0.0,0.0,0.0,0.0,0.0,1,7425,2,0,G,1200.0,P,9,0.0
6984,6984,7425_02,Earth,True,TRAPPIST-1e,19.0,False,879.0,0.0,0.0,10.0,0.0,889.0,0,7425,2,0,G,1200.0,P,9,889.0
6985,6985,7427_01,Mars,False,TRAPPIST-1e,50.0,False,0.0,0.0,0.0,0.0,0.0,0.0,1,7427,1,1,F,1423.0,S,7,0.0
6986,6986,7428_01,Europa,True,TRAPPIST-1e,28.0,False,0.0,132.0,4.0,1915.0,0.0,2051.0,0,7428,1,1,A,79.0,P,4,2051.0
6987,6987,7429_01,Mars,True,TRAPPIST-1e,38.0,False,1126.0,0.0,23.0,34.0,0.0,1183.0,0,7429,1,1,F,1478.0,S,12,1183.0
6988,6988,7430_01,Earth,True,PSO J318.5-22,24.0,False,549.0,3.0,201.0,0.0,0.0,753.0,0,7430,1,1,G,1205.0,S,10,753.0
6989,6989,7431_01,Europa,True,55 Cancri e,31.0,False,61.62162162162162,2954.0,0.0,170.0,756.0,3880.0,0,7431,1,1,A,90.0,S,3,3941.6216216216217
6990,6990,7432_01,Europa,True,TRAPPIST-1e,38.0,False,0.0,0.0,0.0,0.0,0.0,0.0,1,7432,1,1,E,481.0,P,1,0.0
6991,6991,7435_01,Europa,True,55 Cancri e,26.0,False,0.0,0.0,0.0,0.0,0.0,0.0,1,7435,1,1,B,244.0,P,3,0.0
6992,6992,7436_01,Earth,False,TRAPPIST-1e,28.0,False,0.0,0.0,0.0,0.0,0.0,0.0,1,7436,1,1,G,1202.0,P,9,0.0
6993,6993,7437_01,Europa,True,55 Cancri e,45.0,False,0.0,0.0,0.0,0.0,0.0,0.0,1,7437,3,0,B,279.0,S,5,0.0
6994,6994,7437_02,Europa,True,TRAPPIST-1e,47.0,False,0.0,0.0,0.0,0.0,0.0,0.0,1,7437,3,0,B,279.0,S,5,0.0
6995,6995,7437_03,Europa,True,TRAPPIST-1e,60.0,False,0.0,0.0,0.0,0.0,0.0,0.0,1,7437,3,0,B,279.0,S,7,0.0
6996,6996,7438_01,Earth,True,55 Cancri e,42.0,False,0.0,279.0,30.0,409.0,0.0,718.0,0,7438,1,1,E,483.0,P,13,718.0
6997,6997,7442_01,Earth,True,TRAPPIST-1e,43.0,False,20.0,0.0,726.0,416.4375,0.0,746.0,0,7442,2,0,E,495.0,S,8,1162.4375
6998,6998,7442_02,Earth,True,PSO J318.5-22,17.0,False,0.0,0.0,0.0,0.0,0.0,0.0,1,7442,2,0,E,482.0,S,8,0.0
6999,6999,7444_01,Earth,True,TRAPPIST-1e,17.0,False,0.0,0.0,0.0,0.0,0.0,0.0,1,7444,1,1,G,1203.0,P,12,0.0
7000,7000,7445_01,Earth,True,TRAPPIST-1e,20.0,False,0.0,0.0,0.0,0.0,0.0,0.0,1,7445,1,1,G,1208.0,S,13,0.0
7001,7001,7446_01,Earth,True,TRAPPIST-1e,18.0,False,960.0,672.0,0.0,0.0,168.0,1800.0,0,7446,1,1,G,1204.0,P,8,1800.0
7002,7002,7447_01,Mars,True,TRAPPIST-1e,24.0,False,251.6818181818182,0.0,299.0,814.0,0.0,1113.0,0,7447,1,1,F,1539.0,P,2,1364.6818181818182
7003,7003,7448_01,Earth,True,55 Cancri e,25.0,False,244.0,0.0,40.0,294.0,124.0,702.0,0,7448,1,1,F,1540.0,P,10,702.0
7004,7004,7449_01,Earth,True,PSO J318.5-22,20.0,False,120.0,321.0,0.0,932.0,175.0,1548.0,0,7449,1,1,F,1541.0,P,9,1548.0
7005,7005,7450_01,Earth,True,TRAPPIST-1e,23.0,False,509.0,0.0,193.0,0.0,2.0,704.0,0,7450,1,1,G,1205.0,P,8,704.0
7006,7006,7452_01,Europa,True,TRAPPIST-1e,48.0,False,0.0,0.0,0.0,0.0,0.0,0.0,1,7452,3,0,B,281.0,S,7,0.0
7007,7007,7452_02,Europa,True,55 Cancri e,26.0,False,286.0,3387.0,575.0,213.0,548.0,5009.0,0,7452,3,0,B,281.0,S,7,5009.0
7008,7008,7452_03,Europa,True,55 Cancri e,36.0,False,0.0,0.0,0.0,0.0,0.0,0.0,1,7452,3,0,B,281.0,S,7,0.0
7009,7009,7453_01,Europa,True,55 Cancri e,27.0,False,0.0,0.0,0.0,0.0,0.0,0.0,1,7453,1,1,C,275.0,S,3,0.0
7010,7010,7455_01,Europa,True,55 Cancri e,41.0,False,0.0,1616.0,0.0,758.0,400.0,2774.0,0,7455,1,1,A,80.0,P,7,2774.0
7011,7011,7456_01,Earth,True,TRAPPIST-1e,21.0,False,0.0,0.0,0.0,0.0,0.0,0.0,1,7456,1,1,G,1210.0,S,8,0.0
7012,7012,7457_01,Mars,True,TRAPPIST-1e,71.0,False,1243.0,0.0,5.0,16.0,34.0,1298.0,0,7457,1,1,E,496.0,S,2,1298.0
7013,7013,7458_01,Earth,True,TRAPPIST-1e,64.0,False,0.0,0.0,0.0,0.0,0.0,0.0,1,7458,1,1,G,1211.0,S,15,0.0
7014,7014,7459_01,Europa,True,TRAPPIST-1e,33.0,False,0.0,397.0,0.0,1249.0,845.0,2491.0,0,7459,1,1,B,282.0,S,9,2491.0
7015,7015,7460_01,Earth,True,55 Cancri e,24.0,False,786.0,0.0,0.0,309.0,0.0,1095.0,0,7460,1,1,F,1543.0,P,3,1095.0
7016,7016,7461_01,Europa,True,TRAPPIST-1e,35.0,False,0.0,0.0,0.0,0.0,0.0,0.0,1,7461,1,1,D,223.0,S,3,0.0
7017,7017,7462_01,Earth,True,PSO J318.5-22,13.0,False,0.0,0.0,0.0,0.0,0.0,0.0,1,7462,1,1,G,1206.0,P,8,0.0
7018,7018,7464_01,Earth,True,TRAPPIST-1e,11.0,False,0.0,0.0,0.0,0.0,0.0,0.0,1,7464,1,1,G,1207.0,P,10,0.0
7019,7019,7472_01,Mars,True,TRAPPIST-1e,29.5,False,0.0,0.0,0.0,0.0,0.0,0.0,1,7472,1,1,F,1426.0,S,0,0.0
7020,7020,7475_01,Mars,True,TRAPPIST-1e,43.0,False,0.0,0.0,0.0,0.0,0.0,0.0,1,7475,2,0,F,1545.0,P,6,0.0
7021,7021,7475_02,Mars,True,TRAPPIST-1e,36.0,False,0.0,0.0,0.0,0.0,0.0,0.0,1,7475,2,0,F,1545.0,P,6,0.0
7022,7022,7477_01,Earth,True,PSO J318.5-22,22.0,False,27.0,0.0,0.0,663.0,0.0,690.0,0,7477,1,1,F,1546.0,P,9,690.0
7023,7023,7478_01,Europa,True,TRAPPIST-1e,56.0,False,0.0,5711.0,0.0,0.0,50.0,5761.0,0,7478,1,1,C,276.0,S,3,5761.0
7024,7024,7479_01,Mars,True,TRAPPIST-1e,34.0,False,0.0,0.0,0.0,0.0,0.0,0.0,1,7479,1,1,F,1429.0,S,7,0.0
7025,7025,7481_01,Earth,True,TRAPPIST-1e,46.0,False,0.0,0.0,1.0,0.0,1778.0,1779.0,0,7481,1,1,G,1215.0,S,5,1779.0
7026,7026,7483_01,Mars,True,PSO J318.5-22,43.0,False,244.0,0.0,358.0,160.0,800.0,1562.0,0,7483,1,1,E,485.0,P,8,1562.0
7027,7027,7484_01,Earth,True,55 Cancri e,25.0,False,0.0,1435.0,0.0,0.0,0.0,1435.0,0,7484,1,1,G,1209.0,P,5,1435.0
7028,7028,7485_01,Europa,True,TRAPPIST-1e,26.0,False,36.0,2285.0,0.0,2287.0,159.0,4767.0,0,7485,1,1,C,260.0,S,5,4767.0
7029,7029,7486_01,Earth,True,55 Cancri e,14.0,False,0.0,184.0,16.0,1234.0,0.0,1434.0,0,7486,1,1,G,1210.0,P,6,1434.0
7030,7030,7487_01,Earth,True,TRAPPIST-1e,63.0,False,174.0,282.0,321.0,8.0,0.0,785.0,0,7487,1,1,G,1216.0,S,10,785.0
7031,7031,7488_01,Mars,True,TRAPPIST-1e,29.0,False,558.0,0.0,386.0,355.0,0.0,1299.0,0,7488,2,0,E,486.0,P,7,1299.0
7032,7032,7488_02,Mars,True,PSO J318.5-22,45.0,False,0.0,0.0,0.0,0.0,0.0,0.0,1,7488,2,0,E,486.0,P,7,0.0
7033,7033,7490_01,Earth,True,TRAPPIST-1e,15.0,False,0.0,0.0,0.0,0.0,0.0,0.0,1,7490,1,1,G,1217.0,S,6,0.0
7034,7034,7492_01,Mars,True,TRAPPIST-1e,19.0,False,193.0,0.0,2956.0,0.0,0.0,3149.0,0,7492,1,1,D,224.0,S,7,3149.0
7035,7035,7494_01,Earth,True,TRAPPIST-1e,53.0,False,2.0,794.0,425.0,0.0,397.0,1618.0,0,7494,1,1,E,487.0,P,10,1618.0
7036,7036,7495_01,Mars,True,TRAPPIST-1e,45.0,False,2.0,36.0,1110.0,9.0,0.0,1157.0,0,7495,1,1,F,1431.0,S,8,1157.0
7037,7037,7496_01,Europa,True,55 Cancri e,41.0,False,0.0,2383.0,0.0,2.0,97.0,2482.0,0,7496,1,1,C,278.0,S,5,2482.0
7038,7038,7498_01,Mars,True,TRAPPIST-1e,68.0,True,523.0,0.0,859.0,201.0,782.0,2365.0,0,7498,3,0,F,1550.0,P,11,2365.0
7039,7039,7498_02,Mars,True,TRAPPIST-1e,5.0,False,0.0,0.0,0.0,0.0,0.0,0.0,1,7498,3,0,F,1550.0,P,11,0.0
7040,7040,7498_03,Mars,True,TRAPPIST-1e,27.0,True,30.0,0.0,910.0,0.0,0.0,940.0,0,7498,3,0,F,1550.0,P,11,940.0
7041,7041,7499_01,Earth,True,55 Cancri e,20.0,False,30.0,132.0,1121.0,0.0,0.0,1283.0,0,7499,1,1,F,1551.0,P,10,1283.0
7042,7042,7500_01,Mars,True,TRAPPIST-1e,54.0,True,1770.0,7.0,228.0,0.0,0.0,2005.0,0,7500,1,1,F,1432.0,S,6,2005.0
7043,7043,7501_01,Earth,True,TRAPPIST-1e,18.0,False,0.0,0.0,0.0,484.0,320.0,804.0,0,7501,1,1,F,1433.0,S,6,804.0
7044,7044,7502_01,Europa,True,55 Cancri e,45.0,False,66.0,5974.0,0.0,0.0,625.0,6665.0,0,7502,1,1,C,241.0,P,2,6665.0
7045,7045,7503_01,Europa,True,TRAPPIST-1e,26.0,False,0.0,0.0,0.0,0.0,0.0,0.0,1,7503,2,0,B,283.0,S,4,0.0
7046,7046,7503_02,Europa,True,TRAPPIST-1e,37.0,False,1577.0,11396.0,0.0,1014.0,560.0,14547.0,0,7503,2,0,B,283.0,S,4,14547.0
7047,7047,7504_01,Earth,True,TRAPPIST-1e,30.0,False,0.0,2.0,0.0,690.0,86.0,778.0,0,7504,1,1,F,1552.0,P,0,778.0
7048,7048,7505_01,Mars,True,TRAPPIST-1e,51.0,True,511.0,0.0,291.0,4212.0,0.0,5014.0,0,7505,3,0,F,1553.0,P,11,5014.0
7049,7049,7505_02,Mars,True,TRAPPIST-1e,3.0,False,0.0,0.0,0.0,0.0,0.0,0.0,1,7505,3,0,F,1553.0,P,11,0.0
7050,7050,7505_03,Mars,True,TRAPPIST-1e,3.0,False,0.0,0.0,0.0,0.0,0.0,0.0,1,7505,3,0,F,1553.0,P,11,0.0
7051,7051,7506_01,Earth,True,TRAPPIST-1e,19.0,False,2110.0,0.0,0.0,0.0,1.0,2111.0,0,7506,1,1,F,1554.0,P,10,2111.0
7052,7052,7507_01,Earth,True,TRAPPIST-1e,19.0,False,0.0,789.0,0.0,0.0,0.0,789.0,0,7507,3,0,E,499.0,S,8,789.0
7053,7053,7507_02,Earth,True,TRAPPIST-1e,6.0,False,0.0,0.0,0.0,0.0,0.0,0.0,1,7507,3,0,E,499.0,S,8,0.0
7054,7054,7507_03,Earth,True,55 Cancri e,4.0,False,0.0,0.0,0.0,0.0,0.0,0.0,1,7507,3,0,E,499.0,S,8,0.0
7055,7055,7508_01,Europa,True,TRAPPIST-1e,23.0,False,3580.0,564.0,103.0,643.8125,90.0,4337.0,0,7508,1,1,B,284.0,S,2,4980.8125
7056,7056,7509_01,Earth,True,TRAPPIST-1e,37.0,False,1442.0,4.0,0.0,3.0,0.0,1449.0,0,7509,1,1,F,1434.0,S,8,1449.0
7057,7057,7510_01,Mars,True,55 Cancri e,18.0,False,1092.0,0.0,208.0,150.0,0.0,1450.0,0,7510,1,1,F,1435.0,S,7,1450.0
7058,7058,7512_01,Earth,True,PSO J318.5-22,29.0,False,5.0,598.0,145.18691588785046,0.0,0.0,603.0,0,7512,1,1,F,1436.0,S,5,748.1869158878504
7059,7059,7513_01,Earth,True,TRAPPIST-1e,25.0,False,0.0,779.0,0.0,2.0,6.0,787.0,0,7513,1,1,E,488.0,P,12,787.0
7060,7060,7514_01,Earth,True,TRAPPIST-1e,52.0,False,0.0,0.0,47.0,2059.0,0.0,2106.0,0,7514,1,1,F,1555.0,P,6,2106.0
7061,7061,7515_01,Mars,True,TRAPPIST-1e,24.0,False,0.0,0.0,0.0,0.0,0.0,0.0,1,7515,2,0,F,1437.0,S,3,0.0
7062,7062,7515_02,Mars,True,TRAPPIST-1e,0.0,False,0.0,0.0,0.0,0.0,0.0,0.0,1,7515,2,0,F,1437.0,S,3,0.0
7063,7063,7517_01,Earth,True,PSO J318.5-22,25.0,False,15.0,3.0,0.0,635.0,0.0,653.0,0,7517,1,1,F,1557.0,P,10,653.0
7064,7064,7518_01,Europa,True,TRAPPIST-1e,26.0,False,0.0,0.0,0.0,0.0,0.0,0.0,1,7518,2,0,B,246.0,P,6,0.0
7065,7065,7518_02,Europa,True,PSO J318.5-22,32.0,True,2502.0,700.0,1104.0,13902.0,484.0,18692.0,0,7518,2,0,B,246.0,P,6,18692.0
7066,7066,7520_01,Earth,True,TRAPPIST-1e,58.0,False,1366.0,257.0,0.0,0.0,311.0,1934.0,0,7520,1,1,F,1559.0,P,6,1934.0
7067,7067,7521_01,Earth,True,TRAPPIST-1e,44.0,False,657.0,0.0,103.0,0.0,394.0,1154.0,0,7521,1,1,F,1560.0,P,5,1154.0
7068,7068,7522_01,Earth,True,TRAPPIST-1e,41.0,False,0.0,0.0,0.0,0.0,908.0,908.0,0,7522,1,1,G,1214.0,P,13,908.0
7069,7069,7523_01,Earth,True,TRAPPIST-1e,24.0,False,0.0,0.0,643.0,167.0,0.0,810.0,0,7523,1,1,G,1219.0,S,3,810.0
7070,7070,7524_01,Earth,True,TRAPPIST-1e,41.0,False,0.0,0.0,0.0,0.0,0.0,0.0,1,7524,2,0,G,1215.0,P,13,0.0
7071,7071,7524_02,Earth,True,PSO J318.5-22,23.0,False,0.0,0.0,0.0,0.0,0.0,0.0,1,7524,2,0,G,1215.0,P,13,0.0
7072,7072,7525_01,Europa,True,TRAPPIST-1e,27.0,False,390.0,1377.0,0.0,2809.0,4914.0,9490.0,0,7525,2,0,C,279.0,S,5,9490.0
7073,7073,7525_02,Europa,True,55 Cancri e,61.0,False,0.0,0.0,0.0,0.0,0.0,0.0,1,7525,2,0,C,279.0,S,5,0.0
7074,7074,7527_01,Earth,True,TRAPPIST-1e,18.0,False,0.0,732.0,2.0,13.0,47.0,794.0,0,7527,1,1,F,1561.0,P,10,794.0
7075,7075,7529_01,Earth,True,TRAPPIST-1e,18.0,False,0.0,0.0,0.0,0.0,0.0,0.0,1,7529,1,1,G,1221.0,S,5,0.0
7076,7076,7531_01,Europa,True,TRAPPIST-1e,27.0,False,0.0,0.0,0.0,0.0,0.0,0.0,1,7531,2,0,B,286.0,S,4,0.0
7077,7077,7531_02,Europa,True,55 Cancri e,15.0,False,0.0,0.0,0.0,0.0,0.0,0.0,1,7531,2,0,B,286.0,S,4,0.0
7078,7078,7533_01,Earth,True,55 Cancri e,12.0,False,0.0,0.0,0.0,0.0,0.0,0.0,1,7533,1,1,G,1223.0,S,7,0.0
7079,7079,7534_01,Earth,True,PSO J318.5-22,40.0,False,420.0,0.0,345.0,1.0,0.0,766.0,0,7534,1,1,F,1439.0,S,16,766.0
7080,7080,7535_01,Earth,True,TRAPPIST-1e,19.0,False,122.0,2.0,0.0,480.0,565.0,1169.0,0,7535,1,1,F,1562.0,P,2,1169.0
7081,7081,7536_01,Mars,True,TRAPPIST-1e,18.0,False,0.0,0.0,0.0,0.0,0.0,0.0,1,7536,1,1,F,1440.0,S,1,0.0
7082,7082,7538_01,Europa,True,TRAPPIST-1e,48.0,True,313.0,2864.0,0.0,0.0,12424.0,15601.0,0,7538,2,0,A,81.0,P,3,15601.0
7083,7083,7538_02,Europa,True,55 Cancri e,37.0,False,18.0,2669.0,0.0,1229.0,623.4230769230769,3916.0,0,7538,2,0,A,81.0,P,3,4539.423076923077
7084,7084,7542_01,Earth,True,TRAPPIST-1e,35.0,False,4.0,53.0,0.0,0.0,844.0,901.0,0,7542,1,1,F,1442.0,S,9,901.0
7085,7085,7543_01,Earth,True,TRAPPIST-1e,29.0,False,0.0,0.0,702.0,0.0,56.0,758.0,0,7543,1,1,F,1564.0,P,8,758.0
7086,7086,7544_01,Earth,True,TRAPPIST-1e,54.0,False,118.0,0.0,0.0,669.0,0.0,787.0,0,7544,1,1,E,501.0,S,10,787.0
7087,7087,7545_01,Earth,True,TRAPPIST-1e,24.0,False,0.0,0.0,0.0,0.0,0.0,0.0,1,7545,1,1,G,1225.0,S,4,0.0
7088,7088,7549_01,Earth,True,TRAPPIST-1e,22.0,False,0.0,19.0,1468.0,2.0,119.0,1608.0,0,7549,1,1,E,489.0,P,5,1608.0
7089,7089,7550_01,Earth,True,PSO J318.5-22,18.0,False,0.0,0.0,0.0,0.0,0.0,0.0,1,7550,1,1,G,1216.0,P,11,0.0
7090,7090,7552_01,Earth,True,TRAPPIST-1e,26.0,False,0.0,652.0,97.0,43.0,0.0,792.0,0,7552,1,1,E,490.0,P,7,792.0
7091,7091,7553_01,Earth,True,PSO J318.5-22,19.0,False,10.0,24.0,0.0,0.0,565.0,599.0,0,7553,1,1,F,1444.0,S,8,599.0
7092,7092,7559_01,Earth,True,TRAPPIST-1e,22.0,False,0.0,0.0,441.0,0.0,423.0,864.0,0,7559,1,1,F,1569.0,P,16,864.0
7093,7093,7560_01,Europa,False,TRAPPIST-1e,17.0,False,0.0,0.0,0.0,0.0,0.0,0.0,1,7560,1,1,C,244.0,P,4,0.0
7094,7094,7561_01,Earth,True,TRAPPIST-1e,18.0,False,388.0,182.0,0.0,66.0,140.0,776.0,0,7561,1,1,F,1445.0,S,0,776.0
7095,7095,7563_01,Mars,True,55 Cancri e,39.0,False,0.0,0.0,0.0,0.0,0.0,0.0,1,7563,1,1,F,1570.0,P,0,0.0
7096,7096,7565_01,Europa,True,TRAPPIST-1e,37.0,False,2.0,7272.0,0.0,50.0,1282.0,8606.0,0,7565,4,0,B,247.0,P,5,8606.0
7097,7097,7565_02,Europa,True,55 Cancri e,17.0,False,0.0,0.0,0.0,0.0,0.0,0.0,1,7565,4,0,B,247.0,P,5,0.0
7098,7098,7565_03,Europa,True,55 Cancri e,25.0,False,0.0,772.0,0.0,125.0,5913.0,6810.0,0,7565,4,0,B,247.0,P,5,6810.0
7099,7099,7565_04,Europa,True,TRAPPIST-1e,9.0,False,0.0,0.0,0.0,0.0,0.0,0.0,1,7565,4,0,B,247.0,P,5,0.0
7100,7100,7567_01,Earth,True,55 Cancri e,15.0,False,0.0,0.0,0.0,0.0,0.0,0.0,1,7567,1,1,G,1227.0,S,8,0.0
7101,7101,7568_01,Earth,True,TRAPPIST-1e,19.0,False,380.0,0.0,416.0,0.0,8.0,804.0,0,7568,1,1,F,1571.0,P,11,804.0
7102,7102,7569_01,Mars,True,TRAPPIST-1e,18.0,False,3591.0,0.0,158.0,0.0,120.0,3869.0,0,7569,2,0,E,493.0,P,2,3869.0
7103,7103,7569_02,Mars,True,TRAPPIST-1e,50.0,True,828.0,0.0,572.0,1367.0,0.0,2767.0,0,7569,2,0,D,237.0,P,2,2767.0
7104,7104,7572_01,Earth,True,TRAPPIST-1e,14.0,False,0.0,0.0,0.0,0.0,0.0,0.0,1,7572,1,1,G,1228.0,S,7,0.0
7105,7105,7573_01,Earth,True,PSO J318.5-22,19.0,False,0.0,0.0,0.0,0.0,0.0,0.0,1,7573,1,1,G,1217.0,P,6,0.0
7106,7106,7574_01,Europa,True,55 Cancri e,33.0,False,0.0,0.0,0.0,0.0,0.0,0.0,1,7574,1,1,B,287.0,S,4,0.0
7107,7107,7576_01,Europa,True,TRAPPIST-1e,23.0,False,30.0,2237.0,1.0,49.0,52.0,2369.0,0,7576,2,0,D,239.0,P,3,2369.0
7108,7108,7576_02,Europa,True,TRAPPIST-1e,39.0,False,2.0,530.0,0.0,542.3414634146342,1360.0,1892.0,0,7576,2,0,D,239.0,P,3,2434.3414634146343
7109,7109,7577_01,Earth,True,PSO J318.5-22,14.0,False,80.0,130.0,0.0,1323.0,0.0,1533.0,0,7577,1,1,E,502.0,S,5,1533.0
7110,7110,7578_01,Earth,True,55 Cancri e,14.0,False,653.0,0.0,4.0,0.0,0.0,657.0,0,7578,1,1,F,1572.0,P,5,657.0
7111,7111,7579_01,Earth,True,PSO J318.5-22,45.0,False,1.0,7.0,56.0,613.0,0.0,677.0,0,7579,1,1,G,1229.0,S,7,677.0
7112,7112,7580_01,Earth,True,TRAPPIST-1e,22.0,False,0.0,0.0,0.0,0.0,0.0,0.0,1,7580,1,1,G,1230.0,S,6,0.0
7113,7113,7583_01,Mars,True,TRAPPIST-1e,36.0,False,32.0,355.0,1826.0,9.0,0.0,2222.0,0,7583,1,1,F,1574.0,P,4,2222.0
7114,7114,7584_01,Europa,False,TRAPPIST-1e,19.0,False,0.0,0.0,0.0,0.0,0.0,0.0,1,7584,3,0,B,288.0,S,8,0.0
7115,7115,7584_02,Europa,True,TRAPPIST-1e,59.0,False,0.0,0.0,0.0,0.0,0.0,0.0,1,7584,3,0,B,288.0,S,8,0.0
7116,7116,7584_03,Europa,True,TRAPPIST-1e,31.0,False,0.0,1000.0,0.0,19.0,1776.0,2795.0,0,7584,3,0,B,288.0,S,8,2795.0
7117,7117,7585_01,Europa,True,55 Cancri e,31.0,False,0.0,0.0,0.0,0.0,0.0,0.0,1,7585,4,0,C,281.0,S,4,0.0
7118,7118,7585_02,Europa,True,TRAPPIST-1e,39.0,False,8209.0,18.0,432.0,3560.0,54.0,12273.0,0,7585,4,0,C,281.0,S,4,12273.0
7119,7119,7585_03,Europa,True,TRAPPIST-1e,28.0,False,0.0,2674.0,1309.0,18.0,11.0,4012.0,0,7585,4,0,C,281.0,S,4,4012.0
7120,7120,7585_04,Europa,True,TRAPPIST-1e,19.0,False,0.0,0.0,0.0,0.0,0.0,0.0,1,7585,4,0,C,281.0,S,4,0.0
7121,7121,7586_01,Europa,True,TRAPPIST-1e,29.0,False,220.0,1130.0,0.0,7.0,951.0,2308.0,0,7586,1,1,C,245.0,P,6,2308.0
7122,7122,7588_01,Earth,True,55 Cancri e,0.0,False,0.0,0.0,0.0,0.0,0.0,0.0,1,7588,2,0,G,1219.0,P,7,0.0
7123,7123,7588_02,Earth,True,55 Cancri e,15.0,False,0.0,714.0,0.0,0.0,0.0,714.0,0,7588,2,0,G,1219.0,P,7,714.0
7124,7124,7592_01,Earth,True,TRAPPIST-1e,18.0,False,0.0,0.0,0.0,1586.0,0.0,1586.0,0,7592,1,1,F,1450.0,S,7,1586.0
7125,7125,7594_01,Europa,True,55 Cancri e,49.0,False,0.0,0.0,0.0,0.0,0.0,0.0,1,7594,1,1,C,282.0,S,3,0.0
7126,7126,7595_01,Earth,True,TRAPPIST-1e,36.0,False,0.0,7.0,661.0,0.0,93.0,761.0,0,7595,1,1,F,1451.0,S,5,761.0
7127,7127,7596_01,Europa,True,55 Cancri e,40.0,False,0.0,0.0,0.0,0.0,0.0,0.0,1,7596,2,0,C,283.0,S,6,0.0
7128,7128,7596_02,Europa,True,TRAPPIST-1e,56.0,False,0.0,0.0,0.0,0.0,0.0,0.0,1,7596,2,0,C,283.0,S,6,0.0
7129,7129,7598_01,Earth,True,PSO J318.5-22,67.0,False,0.0,0.0,0.0,0.0,0.0,0.0,1,7598,1,1,G,1231.0,S,12,0.0
7130,7130,7599_01,Earth,True,TRAPPIST-1e,44.0,False,0.0,204.0,135.0,225.0,223.0,787.0,0,7599,1,1,E,495.0,P,0,787.0
7131,7131,7601_01,Earth,True,TRAPPIST-1e,17.0,False,214.0,552.0,0.0,241.0,0.0,1007.0,0,7601,1,1,G,1232.0,S,7,1007.0
7132,7132,7604_01,Mars,True,TRAPPIST-1e,27.0,False,0.0,0.0,0.0,0.0,0.0,0.0,1,7604,2,0,F,1579.0,P,6,0.0
7133,7133,7604_02,Mars,True,TRAPPIST-1e,23.0,False,463.0,0.0,658.0,0.0,0.0,1121.0,0,7604,2,0,F,1579.0,P,6,1121.0
7134,7134,7605_01,Mars,True,55 Cancri e,28.0,False,2484.0,136.0,42.0,0.0,0.0,2662.0,0,7605,1,1,F,1452.0,S,12,2662.0
7135,7135,7606_01,Mars,True,TRAPPIST-1e,54.0,False,0.0,0.0,0.0,0.0,0.0,0.0,1,7606,1,1,F,1453.0,S,8,0.0
7136,7136,7608_01,Mars,True,TRAPPIST-1e,26.0,False,0.0,0.0,0.0,0.0,0.0,0.0,1,7608,1,1,F,1454.0,S,3,0.0
7137,7137,7609_01,Europa,True,55 Cancri e,40.0,True,0.0,21.0,0.0,1503.0,1392.0,2916.0,0,7609,2,0,A,83.0,P,11,2916.0
7138,7138,7609_02,Europa,True,TRAPPIST-1e,39.0,False,0.0,0.0,0.0,0.0,0.0,0.0,1,7609,2,0,A,83.0,P,11,0.0
7139,7139,7614_01,Europa,True,55 Cancri e,40.0,False,0.0,0.0,0.0,0.0,0.0,0.0,1,7614,1,1,C,246.0,P,4,0.0
7140,7140,7616_01,Earth,True,PSO J318.5-22,20.0,False,11.0,725.0,0.0,0.0,0.0,736.0,0,7616,1,1,F,1457.0,S,8,736.0
7141,7141,7618_01,Earth,True,TRAPPIST-1e,18.0,False,761.0,21.0,27.0,0.0,0.0,809.0,0,7618,1,1,G,1235.0,S,6,809.0
7142,7142,7620_01,Mars,True,TRAPPIST-1e,17.0,False,3651.0,0.0,2228.0,38.0,0.0,5917.0,0,7620,1,1,F,1583.0,P,4,5917.0
7143,7143,7621_01,Europa,True,55 Cancri e,35.0,False,0.0,0.0,0.0,0.0,0.0,0.0,1,7621,1,1,B,250.0,P,1,0.0
7144,7144,7622_01,Earth,True,TRAPPIST-1e,31.0,False,0.0,0.0,185.0,584.0,0.0,769.0,0,7622,1,1,G,1237.0,S,5,769.0
7145,7145,7623_01,Earth,True,TRAPPIST-1e,40.0,False,0.0,0.0,84.0,798.0,0.0,882.0,0,7623,1,1,G,1223.0,P,8,882.0
7146,7146,7624_01,Europa,True,PSO J318.5-22,50.0,False,0.0,0.0,0.0,0.0,0.0,0.0,1,7624,1,1,C,284.0,S,7,0.0
7147,7147,7625_01,Earth,True,TRAPPIST-1e,21.0,False,0.0,0.0,114.0,2.0,683.0,799.0,0,7625,1,1,F,1458.0,S,4,799.0
7148,7148,7626_01,Earth,True,TRAPPIST-1e,29.0,False,767.0,16.0,9.0,0.0,0.0,792.0,0,7626,1,1,E,496.0,P,7,792.0
7149,7149,7627_01,Europa,True,55 Cancri e,63.0,False,0.0,5036.0,4.0,519.0,0.0,5559.0,0,7627,1,1,A,92.0,S,11,5559.0
7150,7150,7628_01,Mars,True,TRAPPIST-1e,19.0,False,37.0,0.0,1288.0,0.0,0.0,1325.0,0,7628,2,0,F,1584.0,P,11,1325.0
7151,7151,7628_02,Mars,True,TRAPPIST-1e,36.0,False,1103.0,3.0,0.0,0.0,659.0,1765.0,0,7628,2,0,D,240.0,P,4,1765.0
7152,7152,7630_01,Earth,True,55 Cancri e,48.0,False,0.0,172.0,115.0,1.0,645.0,933.0,0,7630,1,1,F,1585.0,P,9,933.0
7153,7153,7631_01,Europa,True,TRAPPIST-1e,33.0,False,81.0,1125.0,481.0,505.0,1261.0,3453.0,0,7631,1,1,E,497.0,P,10,3453.0
7154,7154,7632_01,Mars,True,TRAPPIST-1e,28.0,False,2703.0,0.0,4.0,1.0,0.0,2708.0,0,7632,1,1,D,226.0,S,2,2708.0
7155,7155,7633_01,Earth,True,TRAPPIST-1e,39.0,False,0.0,0.0,0.0,847.0,1.0,848.0,0,7633,1,1,G,1224.0,P,10,848.0
7156,7156,7634_01,Earth,True,TRAPPIST-1e,27.0,False,0.0,0.0,0.0,0.0,0.0,0.0,1,7634,1,1,G,1239.0,S,7,0.0
7157,7157,7635_01,Europa,True,55 Cancri e,58.0,False,0.0,0.0,0.0,0.0,0.0,0.0,1,7635,1,1,B,289.0,S,5,0.0
7158,7158,7639_01,Europa,True,55 Cancri e,44.0,False,0.0,0.0,0.0,0.0,0.0,0.0,1,7639,1,1,B,290.0,S,12,0.0
7159,7159,7640_01,Earth,True,TRAPPIST-1e,23.0,False,0.0,0.0,0.0,0.0,0.0,0.0,1,7640,1,1,G,1226.0,P,6,0.0
7160,7160,7641_01,Earth,True,55 Cancri e,21.0,False,618.0,33.0,1.0,2.0,0.0,654.0,0,7641,1,1,F,1586.0,P,10,654.0
7161,7161,7643_01,Europa,True,55 Cancri e,53.0,False,8.0,1489.0,0.0,2723.0,7401.0,11621.0,0,7643,2,0,C,247.0,P,6,11621.0
7162,7162,7643_02,Europa,True,TRAPPIST-1e,14.0,False,0.0,0.0,0.0,0.0,0.0,0.0,1,7643,2,0,C,247.0,P,6,0.0
7163,7163,7644_01,Earth,True,PSO J318.5-22,17.0,False,0.0,0.0,0.0,0.0,0.0,0.0,1,7644,1,1,G,1227.0,P,5,0.0
7164,7164,7646_01,Europa,True,55 Cancri e,25.0,False,0.0,16016.0,1025.0,189.0,1037.0,18267.0,0,7646,3,0,C,285.0,S,5,18267.0
7165,7165,7646_02,Europa,True,55 Cancri e,44.0,True,3010.0,26.0,0.0,62.0,904.0,4002.0,0,7646,3,0,C,285.0,S,5,4002.0
7166,7166,7646_03,Europa,True,55 Cancri e,24.0,False,145.0,4224.0,0.0,5.0,61.0,4435.0,0,7646,3,0,C,285.0,S,5,4435.0
7167,7167,7647_01,Earth,True,TRAPPIST-1e,24.0,False,0.0,7.0,127.0,639.0,37.0,810.0,0,7647,1,1,G,1240.0,S,10,810.0
7168,7168,7649_01,Earth,True,TRAPPIST-1e,24.0,False,0.0,0.0,0.0,0.0,0.0,0.0,1,7649,1,1,G,1241.0,S,7,0.0
7169,7169,7650_01,Earth,True,TRAPPIST-1e,0.0,False,0.0,0.0,0.0,0.0,0.0,0.0,1,7650,5,0,G,1242.0,S,7,0.0
7170,7170,7650_02,Earth,True,55 Cancri e,7.0,False,0.0,0.0,0.0,0.0,0.0,0.0,1,7650,5,0,G,1242.0,S,14,0.0
7171,7171,7650_03,Earth,True,PSO J318.5-22,3.0,False,0.0,0.0,0.0,0.0,0.0,0.0,1,7650,5,0,G,1242.0,S,14,0.0
7172,7172,7650_04,Earth,True,TRAPPIST-1e,18.0,False,711.0,12.0,0.0,83.0,0.0,806.0,0,7650,5,0,F,1461.0,S,14,806.0
7173,7173,7650_05,Earth,True,TRAPPIST-1e,4.0,False,0.0,0.0,0.0,0.0,0.0,0.0,1,7650,5,0,G,1242.0,S,7,0.0
7174,7174,7652_01,Europa,True,55 Cancri e,40.0,False,0.0,0.0,0.0,0.0,0.0,0.0,1,7652,1,1,B,292.0,S,3,0.0
7175,7175,7656_01,Earth,True,TRAPPIST-1e,16.0,False,0.0,0.0,0.0,0.0,0.0,0.0,1,7656,1,1,G,1244.0,S,19,0.0
7176,7176,7660_01,Europa,True,55 Cancri e,25.0,False,0.0,0.0,0.0,0.0,0.0,0.0,1,7660,1,1,B,294.0,S,2,0.0
7177,7177,7661_01,Earth,True,TRAPPIST-1e,10.0,False,0.0,0.0,0.0,0.0,0.0,0.0,1,7661,1,1,G,1245.0,S,3,0.0
7178,7178,7665_01,Earth,True,TRAPPIST-1e,40.0,False,0.0,0.0,0.0,0.0,0.0,0.0,1,7665,1,1,G,1229.0,P,8,0.0
7179,7179,7666_01,Mars,True,TRAPPIST-1e,19.0,False,0.0,0.0,0.0,0.0,0.0,0.0,1,7666,1,1,F,1591.0,P,9,0.0
7180,7180,7667_01,Europa,True,55 Cancri e,15.0,False,0.0,0.0,0.0,0.0,0.0,0.0,1,7667,1,1,B,251.0,P,4,0.0
7181,7181,7669_01,Earth,True,TRAPPIST-1e,24.0,False,170.35664335664336,636.0,136.0,37.0,0.0,809.0,0,7669,1,1,G,1230.0,P,10,979.3566433566434
7182,7182,7670_01,Mars,True,TRAPPIST-1e,21.0,False,0.0,0.0,0.0,0.0,0.0,0.0,1,7670,1,1,F,1465.0,S,4,0.0
7183,7183,7671_01,Earth,True,TRAPPIST-1e,29.0,False,0.0,7.0,31.0,700.0,0.0,738.0,0,7671,1,1,F,1466.0,S,9,738.0
7184,7184,7676_01,Mars,True,TRAPPIST-1e,37.0,True,2771.0,0.0,6.0,1.0,10.0,2788.0,0,7676,1,1,D,227.0,S,6,2788.0
7185,7185,7677_01,Earth,True,PSO J318.5-22,49.0,False,0.0,0.0,0.0,0.0,0.0,0.0,1,7677,1,1,G,1247.0,S,9,0.0
7186,7186,7678_01,Earth,True,TRAPPIST-1e,42.0,False,1132.0,0.0,0.0,77.0,608.0,1817.0,0,7678,2,0,G,1231.0,P,10,1817.0
7187,7187,7678_02,Earth,True,TRAPPIST-1e,54.0,False,0.0,0.0,0.0,0.0,0.0,0.0,1,7678,2,0,G,1231.0,P,10,0.0
7188,7188,7679_01,Earth,True,TRAPPIST-1e,33.0,False,0.0,0.0,0.0,0.0,0.0,0.0,1,7679,1,1,G,1232.0,P,11,0.0
7189,7189,7680_01,Europa,True,TRAPPIST-1e,27.0,False,0.0,6.0,0.0,7786.0,0.0,7792.0,0,7680,1,1,C,250.0,P,14,7792.0
7190,7190,7682_01,Earth,True,TRAPPIST-1e,53.0,False,0.0,0.0,0.0,0.0,0.0,0.0,1,7682,1,1,G,1248.0,S,13,0.0
7191,7191,7683_01,Earth,True,TRAPPIST-1e,28.0,False,0.0,817.0,58.0,0.0,25.0,900.0,0,7683,1,1,F,1467.0,S,7,900.0
7192,7192,7684_01,Europa,True,TRAPPIST-1e,24.0,False,812.0,5450.0,0.0,1.0,262.0,6525.0,0,7684,1,1,C,286.0,S,2,6525.0
7193,7193,7687_01,Earth,True,PSO J318.5-22,20.0,False,0.0,0.0,8.0,1.0,1175.0,1184.0,0,7687,1,1,F,1596.0,P,5,1184.0
7194,7194,7688_01,Earth,True,TRAPPIST-1e,0.0,False,0.0,0.0,0.0,0.0,0.0,0.0,1,7688,1,1,G,1233.0,P,7,0.0
7195,7195,7689_01,Earth,True,TRAPPIST-1e,24.0,False,0.0,96.0,0.0,597.0,0.0,693.0,0,7689,1,1,F,1597.0,P,12,693.0
7196,7196,7690_01,Earth,False,TRAPPIST-1e,28.0,False,0.0,0.0,0.0,0.0,0.0,0.0,1,7690,1,1,G,1234.0,P,5,0.0
7197,7197,7691_01,Mars,True,TRAPPIST-1e,42.0,False,0.0,0.0,0.0,0.0,0.0,0.0,1,7691,1,1,F,1598.0,P,8,0.0
7198,7198,7692_01,Europa,True,55 Cancri e,32.0,True,0.0,48.0,0.0,3204.0,112.0,3364.0,0,7692,1,1,C,287.0,S,6,3364.0
7199,7199,7693_01,Europa,True,TRAPPIST-1e,36.0,False,0.0,2979.0,0.0,68.0,347.0,3394.0,0,7693,2,0,B,252.0,P,6,3394.0
7200,7200,7693_02,Europa,True,TRAPPIST-1e,40.0,False,0.0,0.0,0.0,0.0,0.0,0.0,1,7693,2,0,B,252.0,P,6,0.0
7201,7201,7694_01,Earth,True,TRAPPIST-1e,30.0,False,574.0,0.0,149.71052631578948,25.0,2.0,601.0,0,7694,1,1,F,1599.0,P,4,750.7105263157895
7202,7202,7696_01,Mars,True,TRAPPIST-1e,34.0,False,751.0,0.0,185.0,0.0,77.0,1013.0,0,7696,2,0,E,499.0,P,2,1013.0
7203,7203,7696_02,Mars,True,TRAPPIST-1e,37.0,False,1000.0,0.0,80.0,40.0,0.0,1120.0,0,7696,2,0,F,1601.0,P,6,1120.0
7204,7204,7697_01,Europa,False,TRAPPIST-1e,41.0,False,0.0,0.0,0.0,0.0,0.0,0.0,1,7697,2,0,B,295.0,S,3,0.0
7205,7205,7697_02,Europa,True,55 Cancri e,25.0,False,0.0,0.0,0.0,0.0,0.0,0.0,1,7697,2,0,B,295.0,S,3,0.0
7206,7206,7698_01,Mars,True,TRAPPIST-1e,39.0,False,332.0,0.0,728.0,2.0,86.0,1148.0,0,7698,1,1,F,1602.0,P,5,1148.0
7207,7207,7699_01,Earth,True,55 Cancri e,0.0,False,0.0,0.0,0.0,0.0,0.0,0.0,1,7699,1,1,G,1235.0,P,9,0.0
7208,7208,7700_01,Mars,True,TRAPPIST-1e,54.0,False,1144.0,140.0,2.0,2.0,0.0,1288.0,0,7700,1,1,F,1603.0,P,7,1288.0
7209,7209,7702_01,Earth,True,TRAPPIST-1e,16.0,False,0.0,0.0,0.0,0.0,0.0,0.0,1,7702,1,1,G,1236.0,P,5,0.0
7210,7210,7703_01,Earth,True,TRAPPIST-1e,0.0,False,0.0,0.0,0.0,0.0,0.0,0.0,1,7703,2,0,G,1251.0,S,12,0.0
7211,7211,7703_02,Earth,True,TRAPPIST-1e,13.0,False,0.0,0.0,0.0,0.0,0.0,0.0,1,7703,2,0,G,1251.0,S,12,0.0
7212,7212,7705_01,Mars,True,TRAPPIST-1e,46.0,False,5888.0,4.9411764705882355,13.0,12.0,0.0,5913.0,0,7705,1,1,F,1470.0,S,5,5917.941176470588
7213,7213,7707_01,Earth,True,TRAPPIST-1e,23.0,False,40.0,4.0,9.0,318.0,1413.0,1784.0,0,7707,1,1,G,1237.0,P,8,1784.0
7214,7214,7708_01,Earth,True,TRAPPIST-1e,18.0,False,110.0,103.0,471.0,11.0,1.0,696.0,0,7708,1,1,F,1471.0,S,9,696.0
7215,7215,7709_01,Earth,True,PSO J318.5-22,27.0,False,2647.0,0.0,0.0,42.0,32.0,2721.0,0,7709,2,0,F,1604.0,P,13,2721.0
7216,7216,7709_02,Earth,True,PSO J318.5-22,24.0,False,0.0,0.0,0.0,0.0,0.0,0.0,1,7709,2,0,G,1238.0,P,13,0.0
7217,7217,7710_01,Europa,True,TRAPPIST-1e,27.0,False,118.0,1769.0,4127.0,118.0,619.0,6751.0,0,7710,1,1,B,253.0,P,3,6751.0
7218,7218,7711_01,Europa,True,TRAPPIST-1e,24.0,False,0.0,82.0,0.0,1624.0,77.0,1783.0,0,7711,1,1,D,241.0,P,3,1783.0
7219,7219,7712_01,Europa,True,TRAPPIST-1e,25.0,True,1.0,4298.0,0.0,0.0,2.0,4301.0,0,7712,1,1,A,93.0,S,5,4301.0
7220,7220,7713_01,Europa,True,TRAPPIST-1e,30.0,False,0.0,0.0,0.0,0.0,0.0,0.0,1,7713,1,1,B,296.0,S,4,0.0
7221,7221,7714_01,Earth,True,TRAPPIST-1e,19.0,False,0.0,28.0,62.0,24.0,1686.0,1800.0,0,7714,1,1,G,1239.0,P,11,1800.0
7222,7222,7715_01,Earth,True,55 Cancri e,18.0,False,1.0,5.0,305.0,347.0,0.0,658.0,0,7715,1,1,F,1605.0,P,7,658.0
7223,7223,7716_01,Europa,True,55 Cancri e,49.0,False,0.0,0.0,0.0,0.0,0.0,0.0,1,7716,1,1,E,500.0,P,9,0.0
7224,7224,7717_01,Earth,True,TRAPPIST-1e,64.0,False,0.0,0.0,0.0,563.0,344.0,907.0,0,7717,1,1,G,1240.0,P,9,907.0
7225,7225,7719_01,Mars,True,TRAPPIST-1e,26.0,False,0.0,0.0,0.0,0.0,0.0,0.0,1,7719,1,1,E,506.0,S,6,0.0
7226,7226,7720_01,Earth,True,55 Cancri e,53.0,False,0.0,0.0,754.0,46.0,0.0,800.0,0,7720,1,1,F,1606.0,P,3,800.0
7227,7227,7721_01,Mars,True,TRAPPIST-1e,27.0,False,83.0,0.0,2621.0,5.0,0.0,2709.0,0,7721,1,1,D,242.0,P,6,2709.0
7228,7228,7723_01,Europa,True,TRAPPIST-1e,27.0,False,0.0,0.0,0.0,0.0,0.0,0.0,1,7723,1,1,B,254.0,P,2,0.0
7229,7229,7724_01,Mars,True,TRAPPIST-1e,25.0,False,338.0,319.0,32.0,15.0,0.0,704.0,0,7724,1,1,F,1472.0,S,6,704.0
7230,7230,7727_01,Earth,True,55 Cancri e,33.0,False,0.0,0.0,0.0,436.0,224.0,660.0,0,7727,1,1,E,507.0,S,7,660.0
7231,7231,7728_01,Europa,True,TRAPPIST-1e,27.0,False,0.0,9.0,0.0,40.0,7621.0,7670.0,0,7728,1,1,C,289.0,S,1,7670.0
7232,7232,7729_01,Europa,True,55 Cancri e,20.0,False,0.0,0.0,0.0,0.0,0.0,0.0,1,7729,1,1,C,251.0,P,3,0.0
7233,7233,7731_01,Europa,True,55 Cancri e,39.0,False,0.0,0.0,0.0,0.0,0.0,0.0,1,7731,1,1,B,255.0,P,4,0.0
7234,7234,7736_01,Mars,True,TRAPPIST-1e,27.0,False,1730.0,0.0,379.0,5.0,0.0,2114.0,0,7736,1,1,E,502.0,P,2,2114.0
7235,7235,7738_01,Mars,True,TRAPPIST-1e,19.0,False,0.0,0.0,0.0,0.0,0.0,0.0,1,7738,1,1,F,1476.0,S,7,0.0
7236,7236,7739_01,Earth,True,TRAPPIST-1e,22.0,False,60.0,48.0,0.0,0.0,500.0,608.0,0,7739,1,1,F,1609.0,P,6,608.0
7237,7237,7741_01,Earth,True,TRAPPIST-1e,3.0,False,0.0,0.0,0.0,0.0,0.0,0.0,1,7741,2,0,G,1252.0,S,11,0.0
7238,7238,7741_02,Earth,True,TRAPPIST-1e,24.0,False,9.0,769.0,9.0,0.0,0.0,787.0,0,7741,2,0,E,508.0,S,11,787.0
7239,7239,7742_01,Mars,True,TRAPPIST-1e,41.0,False,0.0,0.0,0.0,0.0,0.0,0.0,1,7742,2,0,F,1477.0,S,3,0.0
7240,7240,7742_02,Mars,True,TRAPPIST-1e,18.0,False,0.0,0.0,0.0,0.0,0.0,0.0,1,7742,2,0,F,1477.0,S,3,0.0
7241,7241,7743_01,Earth,True,TRAPPIST-1e,63.0,False,0.0,243.0,0.0,777.0,0.0,1020.0,0,7743,1,1,G,1244.0,P,8,1020.0
7242,7242,7744_01,Europa,True,TRAPPIST-1e,19.0,False,0.0,4534.0,0.0,617.0,1156.0,6307.0,0,7744,2,0,B,298.0,S,5,6307.0
7243,7243,7744_02,Europa,True,TRAPPIST-1e,39.0,False,0.0,0.0,0.0,0.0,0.0,0.0,1,7744,2,0,B,298.0,S,5,0.0
7244,7244,7746_01,Europa,True,55 Cancri e,35.0,False,0.0,0.0,0.0,0.0,0.0,0.0,1,7746,1,1,C,269.0,S,4,0.0
7245,7245,7747_01,Mars,True,TRAPPIST-1e,41.0,False,688.0,31.0,1880.0,0.0,23.318181818181817,2599.0,0,7747,1,1,F,1611.0,P,11,2622.318181818182
7246,7246,7748_01,Europa,True,TRAPPIST-1e,44.0,False,18.0,1451.0,0.0,279.0,64.0,1812.0,0,7748,2,0,A,94.0,S,6,1812.0
7247,7247,7748_02,Europa,True,TRAPPIST-1e,39.0,True,0.0,395.0,0.0,1012.0,1080.0,2487.0,0,7748,2,0,A,94.0,S,6,2487.0
7248,7248,7749_01,Mars,True,55 Cancri e,29.0,False,0.0,0.0,0.0,0.0,0.0,0.0,1,7749,2,0,D,244.0,P,3,0.0
7249,7249,7749_02,Mars,True,TRAPPIST-1e,37.0,False,416.0,56.0,1912.0,0.0,0.0,2384.0,0,7749,2,0,D,244.0,P,3,2384.0
7250,7250,7751_01,Europa,True,55 Cancri e,41.0,False,0.0,0.0,0.0,0.0,0.0,0.0,1,7751,1,1,C,252.0,P,5,0.0
7251,7251,7752_01,Earth,True,PSO J318.5-22,18.0,False,0.0,0.0,0.0,746.0,1.0,747.0,0,7752,1,1,F,1480.0,S,6,747.0
7252,7252,7753_01,Earth,True,55 Cancri e,22.0,False,0.0,0.0,0.0,0.0,0.0,0.0,1,7753,1,1,G,1245.0,P,9,0.0
7253,7253,7754_01,Europa,True,55 Cancri e,55.0,False,1.0,2670.0,34.0,542.0,1339.0,4586.0,0,7754,1,1,B,299.0,S,1,4586.0
7254,7254,7755_01,Earth,True,TRAPPIST-1e,21.0,False,0.0,0.0,0.0,0.0,0.0,0.0,1,7755,1,1,E,503.0,P,5,0.0
7255,7255,7757_01,Europa,True,TRAPPIST-1e,28.0,False,0.0,0.0,0.0,0.0,0.0,0.0,1,7757,2,0,B,300.0,S,2,0.0
7256,7256,7757_02,Europa,True,TRAPPIST-1e,43.0,False,0.0,8948.0,0.0,153.0,872.0,9973.0,0,7757,2,0,B,300.0,S,4,9973.0
7257,7257,7760_01,Earth,True,PSO J318.5-22,32.0,False,0.0,494.0,0.0,0.0,213.0,707.0,0,7760,1,1,G,1253.0,S,11,707.0
7258,7258,7761_01,Earth,True,TRAPPIST-1e,23.0,False,1.0,0.0,0.0,237.0,553.0,791.0,0,7761,2,0,F,1612.0,P,5,791.0
7259,7259,7761_02,Earth,True,55 Cancri e,5.0,False,0.0,0.0,0.0,0.0,0.0,0.0,1,7761,2,0,G,1246.0,P,3,0.0
7260,7260,7763_01,Earth,True,55 Cancri e,14.0,False,325.0,0.0,19.0,506.0,2.0,852.0,0,7763,1,1,G,1254.0,S,5,852.0
7261,7261,7764_01,Earth,True,TRAPPIST-1e,24.0,False,1405.0,0.0,14.0,2.0,163.0,1584.0,0,7764,1,1,F,1613.0,P,4,1584.0
7262,7262,7767_01,Earth,True,PSO J318.5-22,22.0,False,0.0,0.0,0.0,0.0,0.0,0.0,1,7767,1,1,G,1257.0,S,9,0.0
7263,7263,7768_01,Earth,True,TRAPPIST-1e,14.0,False,0.0,268.0,239.0,127.0,0.0,634.0,0,7768,1,1,F,1484.0,S,7,634.0
7264,7264,7769_01,Earth,True,TRAPPIST-1e,20.0,False,98.0,499.0,0.0,142.0,52.0,791.0,0,7769,1,1,E,504.0,P,9,791.0
7265,7265,7770_01,Earth,True,TRAPPIST-1e,17.0,False,527.0,124.0,37.0,290.0,30.0,1008.0,0,7770,2,0,G,1258.0,S,16,1008.0
7266,7266,7770_02,Earth,True,55 Cancri e,20.0,False,748.0,0.0,0.0,0.0,487.0,1235.0,0,7770,2,0,F,1485.0,S,16,1235.0
7267,7267,7771_01,Earth,True,TRAPPIST-1e,22.0,False,0.0,107.29508196721312,692.0,18.0,0.0,710.0,0,7771,1,1,G,1259.0,S,13,817.2950819672132
7268,7268,7773_01,Earth,True,TRAPPIST-1e,15.0,False,0.0,0.0,0.0,0.0,0.0,0.0,1,7773,1,1,G,1248.0,P,4,0.0
7269,7269,7774_01,Mars,True,55 Cancri e,67.0,False,1146.0,16.0,39.0,0.0,518.0,1719.0,0,7774,1,1,D,245.0,P,8,1719.0
7270,7270,7775_01,Europa,True,55 Cancri e,28.0,False,7.0,489.0,0.0,4.0,6027.0,6527.0,0,7775,1,1,C,253.0,P,7,6527.0
7271,7271,7776_01,Europa,True,TRAPPIST-1e,57.0,False,0.0,412.0,0.0,5491.0,234.0,6137.0,0,7776,1,1,D,246.0,P,5,6137.0
7272,7272,7777_01,Earth,True,PSO J318.5-22,21.0,False,0.0,0.0,0.0,0.0,0.0,0.0,1,7777,1,1,G,1249.0,P,6,0.0
7273,7273,7778_01,Mars,True,TRAPPIST-1e,34.0,False,1199.0,33.0,346.0,0.0,0.0,1578.0,0,7778,2,0,F,1486.0,S,7,1578.0
7274,7274,7778_02,Mars,True,TRAPPIST-1e,17.0,False,0.0,0.0,0.0,0.0,0.0,0.0,1,7778,2,0,E,510.0,S,7,0.0
7275,7275,7780_01,Earth,True,55 Cancri e,33.0,False,0.0,53.0,615.0,9.0,0.0,677.0,0,7780,1,1,F,1614.0,P,5,677.0
7276,7276,7782_01,Europa,True,55 Cancri e,33.0,False,0.0,73.0,31.0,8493.0,9065.0,17662.0,0,7782,2,0,C,291.0,S,5,17662.0
7277,7277,7782_02,Europa,True,TRAPPIST-1e,28.0,False,0.0,180.0,0.0,778.0,4973.0,5931.0,0,7782,2,0,C,291.0,S,5,5931.0
7278,7278,7783_01,Mars,True,TRAPPIST-1e,18.0,False,0.0,0.0,0.0,0.0,0.0,0.0,1,7783,1,1,F,1487.0,S,9,0.0
7279,7279,7784_01,Mars,True,TRAPPIST-1e,28.0,False,0.0,0.0,0.0,0.0,0.0,0.0,1,7784,1,1,F,1615.0,P,7,0.0
7280,7280,7785_01,Earth,True,TRAPPIST-1e,13.0,False,406.0,0.0,52.0,0.0,387.0,845.0,0,7785,1,1,G,1261.0,S,12,845.0
7281,7281,7786_01,Earth,True,TRAPPIST-1e,38.0,False,0.0,0.0,0.0,45.0,3372.0,3417.0,0,7786,1,1,F,1616.0,P,4,3417.0
7282,7282,7787_01,Europa,True,55 Cancri e,39.0,False,258.0,1541.0,0.0,542.3414634146342,621.0,2420.0,0,7787,2,0,B,301.0,S,5,2962.3414634146343
7283,7283,7787_02,Europa,True,TRAPPIST-1e,18.0,False,0.0,0.0,0.0,0.0,0.0,0.0,1,7787,2,0,B,279.0,S,5,0.0
7284,7284,7788_01,Earth,True,PSO J318.5-22,43.0,False,0.0,0.0,110.0,538.0,0.0,648.0,0,7788,1,1,F,1488.0,S,15,648.0
7285,7285,7789_01,Earth,True,TRAPPIST-1e,32.0,False,86.175,368.0,0.0,304.0,741.0,1413.0,0,7789,1,1,F,1489.0,S,7,1499.175
7286,7286,7790_01,Mars,True,TRAPPIST-1e,29.0,False,0.0,0.0,0.0,0.0,0.0,0.0,1,7790,3,0,F,1490.0,S,10,0.0
7287,7287,7790_02,Mars,True,55 Cancri e,45.0,False,810.0,0.0,132.0,198.0,0.0,1140.0,0,7790,3,0,F,1490.0,S,10,1140.0
7288,7288,7790_03,Mars,True,TRAPPIST-1e,25.0,False,0.0,0.0,0.0,0.0,0.0,0.0,1,7790,3,0,F,1490.0,S,10,0.0
7289,7289,7791_01,Earth,True,55 Cancri e,64.0,False,19.0,261.0,208.0,0.0,214.0,702.0,0,7791,1,1,F,1491.0,S,7,702.0
7290,7290,7793_01,Earth,True,TRAPPIST-1e,18.0,False,0.0,0.0,0.0,0.0,2141.0,2141.0,0,7793,1,1,F,1617.0,P,9,2141.0
7291,7291,7797_01,Earth,True,TRAPPIST-1e,44.0,False,358.0,303.0,0.0,0.0,131.0,792.0,0,7797,1,1,E,506.0,P,7,792.0
7292,7292,7800_01,Earth,True,TRAPPIST-1e,15.0,False,0.0,0.0,0.0,0.0,0.0,0.0,1,7800,1,1,G,1251.0,P,10,0.0
7293,7293,7801_01,Earth,True,55 Cancri e,21.0,False,1720.0,2337.0,0.0,1.0,335.0,4393.0,0,7801,1,1,F,1553.0,Z,6,4393.0
7294,7294,7802_01,Mars,True,TRAPPIST-1e,33.0,False,166.0,634.0,419.0,201.0,1178.0,2598.0,0,7802,1,1,F,1620.0,P,5,2598.0
7295,7295,7803_01,Earth,True,55 Cancri e,3.0,False,0.0,0.0,0.0,0.0,0.0,0.0,1,7803,2,0,G,1253.0,P,15,0.0
7296,7296,7803_02,Earth,True,55 Cancri e,19.0,False,0.0,0.0,0.0,0.0,0.0,0.0,1,7803,2,0,G,1253.0,P,15,0.0
7297,7297,7805_01,Earth,True,TRAPPIST-1e,37.0,False,0.0,0.0,0.0,0.0,0.0,0.0,1,7805,1,1,G,1254.0,P,9,0.0
7298,7298,7806_01,Earth,True,55 Cancri e,24.0,False,0.0,688.0,0.0,0.0,1.0,689.0,0,7806,1,1,F,1621.0,P,14,689.0
7299,7299,7808_01,Earth,True,TRAPPIST-1e,26.0,False,0.0,79.0,53.0,136.89473684210526,0.0,132.0,0,7808,1,1,G,1256.0,P,6,268.89473684210526
7300,7300,7809_01,Mars,True,TRAPPIST-1e,26.0,False,0.0,0.0,0.0,0.0,0.0,0.0,1,7809,2,0,F,1493.0,S,5,0.0
7301,7301,7809_02,Mars,True,TRAPPIST-1e,26.0,False,0.0,0.0,0.0,0.0,0.0,0.0,1,7809,2,0,F,1493.0,S,5,0.0
7302,7302,7810_01,Earth,True,TRAPPIST-1e,22.0,False,769.0,0.0,0.0,1.0,729.0,1499.0,0,7810,1,1,F,1494.0,S,9,1499.0
7303,7303,7812_01,Mars,True,TRAPPIST-1e,26.0,False,1333.0,0.0,50.0,0.0,0.0,1383.0,0,7812,1,1,F,1495.0,S,2,1383.0
7304,7304,7813_01,Earth,True,TRAPPIST-1e,27.0,False,0.0,55.0,0.0,740.0,85.0,880.0,0,7813,1,1,F,1622.0,P,5,880.0
7305,7305,7815_01,Earth,True,PSO J318.5-22,27.0,False,0.0,605.0,0.0,0.0,0.0,605.0,0,7815,1,1,F,1496.0,S,6,605.0
7306,7306,7816_01,Earth,True,PSO J318.5-22,37.0,False,0.0,925.0,0.0,0.0,0.0,925.0,0,7816,1,1,F,1497.0,S,19,925.0
7307,7307,7818_01,Earth,True,TRAPPIST-1e,22.0,False,0.0,0.0,0.0,0.0,0.0,0.0,1,7818,1,1,G,1257.0,P,15,0.0
7308,7308,7820_01,Earth,True,55 Cancri e,24.0,False,0.0,0.0,809.0,0.0,0.0,809.0,0,7820,1,1,G,1258.0,P,8,809.0
7309,7309,7821_01,Earth,True,TRAPPIST-1e,23.0,False,535.0,3.0,17.0,0.0,214.0,769.0,0,7821,1,1,G,1264.0,S,5,769.0
7310,7310,7824_01,Earth,True,PSO J318.5-22,18.0,False,0.0,76.0,0.0,993.0,6.0,1075.0,0,7824,1,1,F,1624.0,P,9,1075.0
7311,7311,7828_01,Earth,True,TRAPPIST-1e,28.0,False,0.0,0.0,0.0,0.0,0.0,0.0,1,7828,1,1,G,1266.0,S,7,0.0
7312,7312,7829_01,Earth,True,TRAPPIST-1e,4.0,False,0.0,0.0,0.0,0.0,0.0,0.0,1,7829,1,1,G,1267.0,S,6,0.0
7313,7313,7830_01,Earth,True,PSO J318.5-22,23.0,False,0.0,0.0,0.0,0.0,0.0,0.0,1,7830,4,0,G,1268.0,S,19,0.0
7314,7314,7830_02,Earth,True,PSO J318.5-22,2.0,False,0.0,0.0,0.0,0.0,0.0,0.0,1,7830,4,0,G,1268.0,S,19,0.0
7315,7315,7830_03,Earth,True,TRAPPIST-1e,46.0,False,0.0,54.285714285714285,0.0,17.0,655.0,672.0,0,7830,4,0,G,1268.0,S,19,726.2857142857142
7316,7316,7830_04,Earth,True,TRAPPIST-1e,0.0,False,0.0,0.0,0.0,0.0,0.0,0.0,1,7830,4,0,G,1268.0,S,19,0.0
7317,7317,7831_01,Mars,True,TRAPPIST-1e,16.0,False,1095.0,0.0,54.0,0.0,0.0,1149.0,0,7831,1,1,F,1626.0,P,0,1149.0
7318,7318,7832_01,Mars,True,TRAPPIST-1e,19.0,False,1823.0,36.0,81.0,0.0,0.0,1940.0,0,7832,1,1,D,228.0,S,4,1940.0
7319,7319,7833_01,Europa,True,55 Cancri e,34.0,False,0.0,3424.0,6.0,2445.0,1128.0,7003.0,0,7833,2,0,B,305.0,S,8,7003.0
7320,7320,7833_02,Europa,True,TRAPPIST-1e,34.0,False,11.0,3299.0,0.0,1013.0,15.0,4338.0,0,7833,2,0,B,305.0,S,8,4338.0
7321,7321,7834_01,Earth,True,TRAPPIST-1e,24.0,False,482.0,967.0,349.0,19.0,0.0,1817.0,0,7834,1,1,G,1269.0,S,11,1817.0
7322,7322,7835_01,Earth,True,PSO J318.5-22,28.0,False,0.0,0.0,0.0,0.0,0.0,0.0,1,7835,1,1,G,1270.0,S,8,0.0
7323,7323,7837_01,Europa,True,55 Cancri e,44.0,False,0.0,0.0,0.0,0.0,0.0,0.0,1,7837,2,0,B,306.0,S,11,0.0
7324,7324,7837_02,Europa,True,TRAPPIST-1e,35.0,False,0.0,0.0,0.0,0.0,0.0,0.0,1,7837,2,0,B,306.0,S,11,0.0
7325,7325,7839_01,Earth,True,TRAPPIST-1e,20.0,False,0.0,0.0,0.0,0.0,0.0,0.0,1,7839,1,1,G,1259.0,P,4,0.0
7326,7326,7840_01,Earth,True,PSO J318.5-22,18.0,False,328.0,0.0,0.0,24.0,309.0,661.0,0,7840,1,1,F,1500.0,S,7,661.0
7327,7327,7841_01,Earth,True,PSO J318.5-22,43.0,False,6.0,25.0,0.0,5250.0,0.0,5281.0,0,7841,2,0,G,1260.0,P,9,5281.0
7328,7328,7841_02,Earth,True,PSO J318.5-22,48.0,False,0.0,0.0,501.0,242.0,0.0,743.0,0,7841,2,0,F,1627.0,P,9,743.0
7329,7329,7842_01,Mars,True,TRAPPIST-1e,46.0,False,52.0,0.0,1185.0,61.0,0.0,1298.0,0,7842,1,1,E,513.0,S,1,1298.0
7330,7330,7843_01,Mars,True,TRAPPIST-1e,75.0,False,0.0,0.0,0.0,0.0,0.0,0.0,1,7843,1,1,F,1561.0,Z,2,0.0
7331,7331,7845_01,Europa,True,55 Cancri e,24.0,False,0.0,0.0,0.0,0.0,0.0,0.0,1,7845,1,1,B,307.0,S,6,0.0
7332,7332,7847_01,Earth,True,TRAPPIST-1e,34.0,False,0.0,9.0,617.0,0.0,281.0,907.0,0,7847,1,1,G,1261.0,P,8,907.0
7333,7333,7848_01,Mars,True,TRAPPIST-1e,29.0,False,1052.0,0.0,635.0,0.0,0.0,1687.0,0,7848,2,0,F,1562.0,S,9,1687.0
7334,7334,7848_02,Mars,True,TRAPPIST-1e,46.0,False,0.0,0.0,0.0,0.0,0.0,0.0,1,7848,2,0,F,1501.0,S,9,0.0
7335,7335,7849_01,Earth,True,TRAPPIST-1e,22.0,False,558.0,63.0,0.0,0.0,0.0,621.0,0,7849,1,1,G,1271.0,S,6,621.0
7336,7336,7850_01,Mars,True,TRAPPIST-1e,42.0,False,0.0,0.0,0.0,0.0,0.0,0.0,1,7850,1,1,E,514.0,S,3,0.0
7337,7337,7851_01,Mars,True,TRAPPIST-1e,46.0,False,0.0,0.0,0.0,0.0,0.0,0.0,1,7851,1,1,F,1629.0,P,4,0.0
7338,7338,7852_01,Earth,True,TRAPPIST-1e,15.0,False,0.0,6.0,0.0,981.0,0.0,987.0,0,7852,1,1,E,508.0,P,6,987.0
7339,7339,7853_01,Mars,True,TRAPPIST-1e,42.0,False,1227.0,773.0,14.0,0.0,0.0,2014.0,0,7853,3,0,F,1502.0,S,6,2014.0
7340,7340,7853_02,Mars,True,TRAPPIST-1e,31.0,False,166.0,0.0,297.0,835.0,0.0,1298.0,0,7853,3,0,E,515.0,S,6,1298.0
7341,7341,7853_03,Mars,True,TRAPPIST-1e,9.0,False,0.0,0.0,0.0,0.0,0.0,0.0,1,7853,3,0,F,1502.0,S,6,0.0
7342,7342,7856_01,Earth,True,TRAPPIST-1e,34.0,False,0.0,0.0,0.0,156.0,620.0,776.0,0,7856,1,1,F,1503.0,S,7,776.0
7343,7343,7858_01,Earth,True,TRAPPIST-1e,21.0,False,9.0,0.0,0.0,25.0,811.0,845.0,0,7858,3,0,G,1264.0,P,6,845.0
7344,7344,7858_02,Earth,True,55 Cancri e,16.0,False,0.0,11.0,0.0,863.0,0.0,874.0,0,7858,3,0,F,1630.0,P,6,874.0
7345,7345,7858_03,Earth,True,TRAPPIST-1e,40.0,False,634.0,60.0,134.0,0.0,0.0,828.0,0,7858,3,0,F,1630.0,P,6,828.0
7346,7346,7859_01,Mars,True,TRAPPIST-1e,23.0,False,550.0,0.0,738.0,0.0,0.0,1288.0,0,7859,1,1,F,1504.0,S,3,1288.0
7347,7347,7861_01,Earth,True,TRAPPIST-1e,6.0,False,0.0,0.0,0.0,0.0,0.0,0.0,1,7861,1,1,G,1265.0,P,7,0.0
7348,7348,7863_01,Earth,True,TRAPPIST-1e,17.0,False,99.0,516.0,1967.0,0.0,6.0,2588.0,0,7863,1,1,F,1505.0,S,5,2588.0
7349,7349,7864_01,Earth,True,55 Cancri e,37.0,False,19.0,443.0,1769.0,0.0,3.0,2234.0,0,7864,1,1,F,1506.0,S,10,2234.0
7350,7350,7865_01,Europa,True,PSO J318.5-22,30.0,False,0.0,0.0,0.0,0.0,0.0,0.0,1,7865,3,0,C,293.0,S,5,0.0
7351,7351,7865_02,Europa,True,TRAPPIST-1e,32.0,False,0.0,0.0,0.0,0.0,0.0,0.0,1,7865,3,0,C,293.0,S,5,0.0
7352,7352,7865_03,Europa,True,55 Cancri e,41.0,False,0.0,0.0,0.0,0.0,0.0,0.0,1,7865,3,0,C,293.0,S,5,0.0
7353,7353,7866_01,Europa,True,55 Cancri e,43.0,False,0.0,16856.0,0.0,4344.0,977.0,22177.0,0,7866,1,1,C,255.0,P,5,22177.0
7354,7354,7868_01,Earth,True,55 Cancri e,17.0,False,6256.0,0.0,0.0,1.0,21.0,6278.0,0,7868,1,1,E,517.0,S,7,6278.0
7355,7355,7870_01,Europa,True,TRAPPIST-1e,37.0,False,0.0,0.0,0.0,0.0,0.0,0.0,1,7870,1,1,B,257.0,P,2,0.0
7356,7356,7871_01,Earth,True,TRAPPIST-1e,18.0,False,0.0,0.0,0.0,0.0,0.0,0.0,1,7871,1,1,G,1274.0,S,10,0.0
7357,7357,7872_01,Earth,False,TRAPPIST-1e,1.0,False,0.0,0.0,0.0,0.0,0.0,0.0,1,7872,6,0,G,1267.0,P,10,0.0
7358,7358,7872_02,Earth,True,TRAPPIST-1e,38.0,False,0.0,0.0,0.0,1714.0,0.0,1714.0,0,7872,6,0,G,1267.0,P,13,1714.0
7359,7359,7872_03,Earth,True,TRAPPIST-1e,25.0,False,131.0,124.0,408.0,196.0,9.0,868.0,0,7872,6,0,F,1633.0,P,10,868.0
7360,7360,7872_04,Earth,True,TRAPPIST-1e,6.0,False,0.0,0.0,0.0,0.0,0.0,0.0,1,7872,6,0,G,1267.0,P,10,0.0
7361,7361,7872_05,Earth,True,TRAPPIST-1e,1.0,False,0.0,0.0,0.0,0.0,0.0,0.0,1,7872,6,0,G,1267.0,P,10,0.0
7362,7362,7872_06,Earth,True,PSO J318.5-22,7.0,False,0.0,0.0,0.0,0.0,0.0,0.0,1,7872,6,0,G,1267.0,P,10,0.0
7363,7363,7873_01,Earth,True,TRAPPIST-1e,24.0,False,569.0,156.0,0.0,12.0,0.0,737.0,0,7873,2,0,F,1634.0,P,7,737.0
7364,7364,7873_02,Earth,True,TRAPPIST-1e,19.0,False,0.0,721.0,0.0,25.0,1.0,747.0,0,7873,2,0,F,1634.0,P,7,747.0
7365,7365,7875_01,Europa,True,55 Cancri e,26.0,False,0.0,0.0,0.0,0.0,0.0,0.0,1,7875,1,1,B,309.0,S,7,0.0
7366,7366,7877_01,Earth,True,TRAPPIST-1e,49.0,False,0.0,1738.0,0.0,19.0,0.0,1757.0,0,7877,1,1,G,1268.0,P,9,1757.0
7367,7367,7878_01,Earth,True,TRAPPIST-1e,18.0,False,0.0,0.0,32.0,0.0,673.0,705.0,0,7878,1,1,G,1269.0,P,4,705.0
7368,7368,7879_01,Earth,True,TRAPPIST-1e,25.0,False,0.0,478.0,71.0,11.0,162.0,722.0,0,7879,1,1,G,1270.0,P,4,722.0
7369,7369,7881_01,Earth,True,TRAPPIST-1e,46.0,False,248.0,95.1875,0.0,4.0,0.0,252.0,0,7881,1,1,F,1507.0,S,4,347.1875
7370,7370,7882_01,Earth,True,TRAPPIST-1e,33.0,False,0.0,0.0,0.0,0.0,0.0,0.0,1,7882,2,0,G,1271.0,P,10,0.0
7371,7371,7882_02,Earth,True,TRAPPIST-1e,10.0,False,0.0,0.0,0.0,0.0,0.0,0.0,1,7882,2,0,G,1271.0,P,10,0.0
7372,7372,7883_01,Earth,True,TRAPPIST-1e,38.0,False,0.0,0.0,0.0,0.0,0.0,0.0,1,7883,1,1,G,1272.0,P,7,0.0
7373,7373,7884_01,Mars,True,TRAPPIST-1e,23.0,False,1610.0,2.0,465.0,0.0,0.0,2077.0,0,7884,1,1,E,512.0,P,9,2077.0
7374,7374,7885_01,Earth,True,TRAPPIST-1e,26.0,False,0.0,0.0,0.0,0.0,0.0,0.0,1,7885,1,1,G,1273.0,P,14,0.0
7375,7375,7886_01,Earth,True,TRAPPIST-1e,16.0,False,0.0,11.0,0.0,8.0,827.0,846.0,0,7886,1,1,G,1274.0,P,5,846.0
7376,7376,7888_01,Earth,True,TRAPPIST-1e,29.0,False,37.0,0.0,644.0,0.0,177.0,858.0,0,7888,1,1,E,518.0,S,11,858.0
7377,7377,7889_01,Europa,True,PSO J318.5-22,35.0,False,0.0,0.0,0.0,0.0,0.0,0.0,1,7889,1,1,C,256.0,P,6,0.0
7378,7378,7890_01,Earth,True,TRAPPIST-1e,58.0,False,0.0,268.0,0.0,109.0,594.0,971.0,0,7890,3,0,F,1508.0,S,11,971.0
7379,7379,7890_02,Earth,True,55 Cancri e,17.0,False,0.0,0.0,0.0,0.0,0.0,0.0,1,7890,3,0,G,1273.0,S,11,0.0
7380,7380,7890_03,Earth,True,TRAPPIST-1e,16.0,False,0.0,0.0,0.0,0.0,0.0,0.0,1,7890,3,0,F,1570.0,S,6,0.0
7381,7381,7891_01,Earth,True,55 Cancri e,2.0,False,0.0,0.0,0.0,0.0,0.0,0.0,1,7891,2,0,G,1274.0,S,4,0.0
7382,7382,7891_02,Earth,True,TRAPPIST-1e,13.0,False,34.0,1.0,0.0,824.0,29.0,888.0,0,7891,2,0,G,1278.0,S,4,888.0
7383,7383,7892_01,Mars,True,TRAPPIST-1e,18.0,False,196.0,0.0,744.0,0.0,0.0,940.0,0,7892,1,1,F,1636.0,P,6,940.0
7384,7384,7894_01,Earth,True,55 Cancri e,29.0,False,46.0,68.0,589.0,88.0,0.0,791.0,0,7894,1,1,E,519.0,S,9,791.0
7385,7385,7895_01,Earth,True,55 Cancri e,21.0,False,102.0,9.0,21.0,464.0,104.0,700.0,0,7895,1,1,F,1509.0,S,10,700.0
7386,7386,7897_01,Europa,True,55 Cancri e,43.0,False,0.0,0.0,0.0,0.0,0.0,0.0,1,7897,1,1,C,295.0,S,1,0.0
7387,7387,7899_01,Earth,True,TRAPPIST-1e,69.0,False,0.0,0.0,0.0,0.0,0.0,0.0,1,7899,3,0,G,1275.0,S,7,0.0
7388,7388,7899_02,Earth,True,TRAPPIST-1e,40.0,False,0.0,0.0,14.0,785.0,10.0,809.0,0,7899,3,0,G,1275.0,S,7,809.0
7389,7389,7899_03,Earth,True,TRAPPIST-1e,1.0,False,0.0,0.0,0.0,0.0,0.0,0.0,1,7899,3,0,G,1275.0,S,7,0.0
7390,7390,7901_01,Mars,True,TRAPPIST-1e,36.0,False,0.0,0.0,0.0,0.0,0.0,0.0,1,7901,1,1,F,1512.0,S,4,0.0
7391,7391,7902_01,Earth,False,TRAPPIST-1e,60.0,False,0.0,0.0,0.0,0.0,0.0,0.0,1,7902,4,0,G,1276.0,P,11,0.0
7392,7392,7902_02,Earth,True,PSO J318.5-22,17.0,False,0.0,0.0,0.0,0.0,0.0,0.0,1,7902,4,0,G,1276.0,P,16,0.0
7393,7393,7902_03,Earth,True,TRAPPIST-1e,49.0,False,0.0,0.0,0.0,0.0,0.0,0.0,1,7902,4,0,G,1276.0,P,16,0.0
7394,7394,7902_04,Earth,True,TRAPPIST-1e,23.0,False,1.0,700.0,0.0,7.0,136.0,844.0,0,7902,4,0,G,1276.0,P,11,844.0
7395,7395,7903_01,Earth,True,TRAPPIST-1e,39.0,False,472.0,0.0,0.0,173.0,0.0,645.0,0,7903,1,1,F,1638.0,P,5,645.0
7396,7396,7904_01,Earth,True,TRAPPIST-1e,53.0,False,0.0,0.0,0.0,0.0,0.0,0.0,1,7904,2,0,G,1280.0,P,13,0.0
7397,7397,7904_02,Earth,True,TRAPPIST-1e,26.0,False,485.0,8.0,3958.0,0.0,0.0,4451.0,0,7904,2,0,G,1277.0,P,13,4451.0
7398,7398,7905_01,Europa,True,TRAPPIST-1e,31.0,False,0.0,87.0,0.0,2263.0,224.0,2574.0,0,7905,3,0,C,296.0,S,3,2574.0
7399,7399,7905_02,Europa,True,TRAPPIST-1e,48.0,False,0.0,0.0,0.0,0.0,0.0,0.0,1,7905,3,0,C,296.0,S,3,0.0
7400,7400,7905_03,Europa,True,55 Cancri e,26.0,False,1432.0,1283.0,0.0,178.0,5034.0,7927.0,0,7905,3,0,C,296.0,S,3,7927.0
7401,7401,7907_01,Mars,True,TRAPPIST-1e,25.0,False,0.0,0.0,0.0,0.0,0.0,0.0,1,7907,1,1,F,1513.0,S,8,0.0
7402,7402,7908_01,Europa,True,55 Cancri e,25.0,False,0.0,0.0,0.0,0.0,0.0,0.0,1,7908,1,1,B,310.0,S,5,0.0
7403,7403,7910_01,Earth,True,TRAPPIST-1e,30.0,False,4.0,637.0,0.0,0.0,3.0,644.0,0,7910,1,1,F,1639.0,P,6,644.0
7404,7404,7913_01,Earth,True,TRAPPIST-1e,24.0,False,0.0,0.0,0.0,0.0,0.0,0.0,1,7913,1,1,G,1278.0,S,5,0.0
7405,7405,7914_01,Earth,True,TRAPPIST-1e,23.0,False,0.0,0.0,0.0,0.0,0.0,0.0,1,7914,3,0,G,1278.0,P,5,0.0
7406,7406,7914_02,Earth,True,TRAPPIST-1e,24.0,False,0.0,80.0,106.0,344.0,0.0,530.0,0,7914,3,0,G,1278.0,P,5,530.0
7407,7407,7914_03,Earth,True,TRAPPIST-1e,47.0,False,397.0,0.0,321.0,0.0,5.0,723.0,0,7914,3,0,G,1278.0,P,5,723.0
7408,7408,7916_01,Earth,True,TRAPPIST-1e,37.0,False,0.0,0.0,0.0,0.0,0.0,0.0,1,7916,1,1,G,1279.0,P,15,0.0
7409,7409,7918_01,Mars,True,TRAPPIST-1e,24.0,False,0.0,0.0,0.0,0.0,0.0,0.0,1,7918,1,1,F,1640.0,P,8,0.0
7410,7410,7919_01,Earth,True,TRAPPIST-1e,21.0,False,90.0,0.0,817.0,0.0,0.0,907.0,0,7919,1,1,G,1281.0,P,8,907.0
7411,7411,7920_01,Mars,True,TRAPPIST-1e,42.0,False,0.0,0.0,0.0,0.0,0.0,0.0,1,7920,1,1,F,1515.0,S,6,0.0
7412,7412,7922_01,Earth,True,TRAPPIST-1e,39.0,False,3030.0,79.0,0.0,0.0,0.0,3109.0,0,7922,1,1,F,1517.0,S,9,3109.0
7413,7413,7924_01,Earth,True,TRAPPIST-1e,28.0,False,589.0,57.0,0.0,0.0,0.0,646.0,0,7924,1,1,F,1642.0,P,5,646.0
7414,7414,7926_01,Earth,True,TRAPPIST-1e,32.0,False,0.0,0.0,128.46835443037975,365.0,1216.0,1581.0,0,7926,1,1,E,514.0,P,7,1709.4683544303798
7415,7415,7929_01,Europa,True,TRAPPIST-1e,31.0,False,0.0,910.0,58.0,1654.0,1217.0,3839.0,0,7929,1,1,B,311.0,S,4,3839.0
7416,7416,7930_01,Earth,True,TRAPPIST-1e,13.0,False,0.0,0.0,0.0,0.0,0.0,0.0,1,7930,1,1,G,1284.0,P,7,0.0
7417,7417,7935_01,Earth,True,TRAPPIST-1e,41.0,False,84.0,0.0,6.0,811.0,2.0,903.0,0,7935,1,1,F,1520.0,S,7,903.0
7418,7418,7936_01,Earth,True,TRAPPIST-1e,21.0,False,7.0,0.0,622.0,0.0,0.0,629.0,0,7936,3,0,F,1644.0,P,11,629.0
7419,7419,7936_02,Earth,True,TRAPPIST-1e,9.0,False,0.0,0.0,0.0,0.0,0.0,0.0,1,7936,3,0,G,1284.0,P,11,0.0
7420,7420,7936_03,Earth,True,TRAPPIST-1e,9.0,False,0.0,0.0,0.0,0.0,0.0,0.0,1,7936,3,0,G,1284.0,P,4,0.0
7421,7421,7937_01,Europa,True,TRAPPIST-1e,36.0,False,0.0,9532.0,0.0,2326.0,461.0,12319.0,0,7937,2,0,D,229.0,S,2,12319.0
7422,7422,7937_02,Europa,True,55 Cancri e,30.0,False,0.0,0.0,0.0,0.0,0.0,0.0,1,7937,2,0,D,229.0,S,2,0.0
7423,7423,7939_01,Earth,True,TRAPPIST-1e,27.0,False,0.0,593.0,0.0,259.0,0.0,852.0,0,7939,1,1,G,1281.0,S,10,852.0
7424,7424,7940_01,Earth,True,TRAPPIST-1e,40.0,False,580.0,0.0,447.0,6.0,0.0,1033.0,0,7940,1,1,F,1521.0,S,18,1033.0
7425,7425,7941_01,Europa,True,TRAPPIST-1e,41.0,False,0.0,116.0,10705.0,9181.0,10.0,20012.0,0,7941,1,1,C,257.0,P,2,20012.0
7426,7426,7943_01,Europa,True,55 Cancri e,16.0,False,0.0,0.0,0.0,0.0,0.0,0.0,1,7943,2,0,B,258.0,P,8,0.0
7427,7427,7943_02,Europa,True,PSO J318.5-22,36.0,True,2.0,6504.0,0.0,98.0,4.0,6608.0,0,7943,2,0,B,258.0,P,8,6608.0
7428,7428,7944_01,Europa,True,TRAPPIST-1e,15.0,False,31.0,804.0,1.0,4732.0,2577.0,8145.0,0,7944,2,0,D,230.0,S,3,8145.0
7429,7429,7944_02,Europa,True,TRAPPIST-1e,39.0,False,0.0,0.0,0.0,0.0,0.0,0.0,1,7944,2,0,D,230.0,S,3,0.0
7430,7430,7945_01,Mars,True,TRAPPIST-1e,21.0,False,0.0,0.0,0.0,0.0,0.0,0.0,1,7945,1,1,F,1522.0,S,16,0.0
7431,7431,7946_01,Earth,True,PSO J318.5-22,24.0,False,0.0,0.0,604.0,0.0,91.0,695.0,0,7946,1,1,F,1645.0,P,3,695.0
7432,7432,7947_01,Mars,True,TRAPPIST-1e,28.0,False,1811.0,1.0,57.0,0.0,0.0,1869.0,0,7947,1,1,F,1646.0,P,8,1869.0
7433,7433,7949_01,Earth,True,TRAPPIST-1e,47.0,False,0.0,14.0,0.0,2330.0,0.0,2344.0,0,7949,1,1,G,1283.0,S,5,2344.0
7434,7434,7950_01,Earth,True,TRAPPIST-1e,55.0,False,0.0,1620.0,159.0,90.08333333333333,0.0,1779.0,0,7950,4,0,G,1287.0,P,12,1869.0833333333333
7435,7435,7950_02,Earth,True,TRAPPIST-1e,9.0,False,0.0,0.0,0.0,0.0,0.0,0.0,1,7950,4,0,G,1287.0,P,12,0.0
7436,7436,7950_03,Earth,True,55 Cancri e,22.0,False,10.0,0.0,624.0,0.0,85.0,719.0,0,7950,4,0,E,516.0,P,12,719.0
7437,7437,7950_04,Earth,True,TRAPPIST-1e,26.0,False,0.0,0.0,0.0,0.0,0.0,0.0,1,7950,4,0,G,1287.0,P,12,0.0
7438,7438,7952_01,Mars,True,TRAPPIST-1e,62.0,False,100.0,0.0,38.0,1211.0,0.0,1349.0,0,7952,2,0,F,1523.0,S,7,1349.0
7439,7439,7952_02,Mars,True,TRAPPIST-1e,53.0,False,868.0,0.0,686.0,520.0,24.0,2098.0,0,7952,2,0,E,524.0,S,7,2098.0
7440,7440,7954_01,Earth,True,55 Cancri e,29.0,False,30.0,0.0,0.0,0.0,780.0,810.0,0,7954,1,1,G,1284.0,S,4,810.0
7441,7441,7955_01,Earth,True,TRAPPIST-1e,21.0,False,640.0,0.0,144.0,104.0,0.0,888.0,0,7955,1,1,G,1288.0,P,9,888.0
7442,7442,7957_01,Earth,True,PSO J318.5-22,18.0,False,0.0,0.0,0.0,0.0,0.0,0.0,1,7957,1,1,G,1285.0,S,9,0.0
7443,7443,7958_01,Mars,True,TRAPPIST-1e,34.0,False,0.0,0.0,0.0,0.0,0.0,0.0,1,7958,1,1,E,525.0,S,5,0.0
7444,7444,7960_01,Earth,True,TRAPPIST-1e,19.0,False,1.0,7.0,182.25925925925927,689.0,0.0,697.0,0,7960,1,1,F,1648.0,P,9,879.2592592592592
7445,7445,7962_01,Earth,True,TRAPPIST-1e,14.0,False,0.0,360.0,0.0,25.0,1340.0,1725.0,0,7962,1,1,G,1290.0,P,3,1725.0
7446,7446,7967_01,Earth,True,TRAPPIST-1e,21.0,False,691.0,0.0,0.0,156.9402390438247,15.0,706.0,0,7967,1,1,G,1288.0,S,5,862.9402390438247
7447,7447,7968_01,Mars,True,TRAPPIST-1e,55.0,False,376.0,0.0,858.0,0.0,31.0,1265.0,0,7968,1,1,D,232.0,S,7,1265.0
7448,7448,7970_01,Europa,True,55 Cancri e,18.0,False,0.0,3492.0,0.0,506.0,8.0,4006.0,0,7970,1,1,C,258.0,P,8,4006.0
7449,7449,7972_01,Europa,True,55 Cancri e,33.0,False,0.0,0.0,0.0,0.0,0.0,0.0,1,7972,2,0,B,260.0,P,7,0.0
7450,7450,7972_02,Europa,True,TRAPPIST-1e,35.0,False,143.0888888888889,246.0,25.0,42.0,3730.0,4043.0,0,7972,2,0,B,260.0,P,7,4186.0888888888885
7451,7451,7973_01,Europa,True,TRAPPIST-1e,31.0,False,0.0,0.0,0.0,0.0,0.0,0.0,1,7973,1,1,C,297.0,S,6,0.0
7452,7452,7974_01,Europa,True,TRAPPIST-1e,27.0,False,0.0,2318.0,1127.0,2423.0,115.0,5983.0,0,7974,2,0,C,259.0,P,3,5983.0
7453,7453,7974_02,Europa,True,TRAPPIST-1e,32.0,False,0.0,36.0,89.0,948.0,927.0,2000.0,0,7974,2,0,C,259.0,P,3,2000.0
7454,7454,7976_01,Earth,True,PSO J318.5-22,13.0,False,0.0,0.0,0.0,0.0,0.0,0.0,1,7976,1,1,G,1289.0,S,5,0.0
7455,7455,7981_01,Earth,True,TRAPPIST-1e,24.0,False,24.0,174.0,0.0,509.0,15.0,722.0,0,7981,2,0,F,1652.0,P,5,722.0
7456,7456,7981_02,Earth,True,TRAPPIST-1e,22.0,False,31.0,0.0,1.0,25.0,757.0,814.0,0,7981,2,0,G,1293.0,P,5,814.0
7457,7457,7982_01,Europa,True,TRAPPIST-1e,32.0,False,0.0,0.0,0.0,0.0,0.0,0.0,1,7982,2,0,B,261.0,P,5,0.0
7458,7458,7982_02,Europa,True,TRAPPIST-1e,18.0,False,0.0,0.0,0.0,0.0,0.0,0.0,1,7982,2,0,B,261.0,P,5,0.0
7459,7459,7983_01,Europa,True,TRAPPIST-1e,53.0,False,0.0,0.0,0.0,0.0,0.0,0.0,1,7983,1,1,C,278.0,S,8,0.0
7460,7460,7984_01,Mars,True,TRAPPIST-1e,4.0,False,0.0,0.0,0.0,0.0,0.0,0.0,1,7984,4,0,F,1653.0,P,11,0.0
7461,7461,7984_02,Mars,True,TRAPPIST-1e,24.0,False,0.0,0.0,0.0,0.0,0.0,0.0,1,7984,4,0,F,1653.0,P,11,0.0
7462,7462,7984_03,Mars,True,TRAPPIST-1e,23.0,False,649.0,0.0,622.0,0.0,0.0,1271.0,0,7984,4,0,F,1653.0,P,11,1271.0
7463,7463,7984_04,Mars,True,TRAPPIST-1e,1.0,False,0.0,0.0,0.0,0.0,0.0,0.0,1,7984,4,0,F,1653.0,P,11,0.0
7464,7464,7985_01,Earth,True,TRAPPIST-1e,18.0,False,1969.0,0.0,310.0,0.0,0.0,2279.0,0,7985,1,1,F,1654.0,P,7,2279.0
7465,7465,7986_01,Mars,True,TRAPPIST-1e,21.0,False,838.0,45.0,455.0,0.0,0.0,1338.0,0,7986,1,1,F,1655.0,P,11,1338.0
7466,7466,7987_01,Mars,True,TRAPPIST-1e,40.0,False,3809.0,0.0,21.0,0.0,1.0,3831.0,0,7987,1,1,D,248.0,P,5,3831.0
7467,7467,7988_01,Europa,True,TRAPPIST-1e,49.0,False,0.0,0.0,0.0,0.0,0.0,0.0,1,7988,1,1,B,313.0,S,7,0.0
7468,7468,7989_01,Earth,True,PSO J318.5-22,25.0,False,0.0,0.0,0.0,0.0,0.0,0.0,1,7989,1,1,G,1290.0,S,6,0.0
7469,7469,7990_01,Earth,True,55 Cancri e,21.0,False,0.0,0.0,0.0,0.0,0.0,0.0,1,7990,1,1,G,1294.0,P,2,0.0
7470,7470,7993_01,Europa,True,TRAPPIST-1e,40.0,False,0.0,0.0,0.0,0.0,0.0,0.0,1,7993,2,0,A,96.0,S,2,0.0
7471,7471,7993_02,Europa,True,55 Cancri e,47.0,True,0.0,0.0,0.0,0.0,0.0,0.0,1,7993,2,0,A,96.0,S,2,0.0
7472,7472,7994_01,Earth,True,PSO J318.5-22,25.0,False,153.0,0.0,0.0,388.0,0.0,541.0,0,7994,1,1,G,1295.0,P,5,541.0
7473,7473,7995_01,Europa,True,TRAPPIST-1e,36.0,False,0.0,0.0,0.0,0.0,0.0,0.0,1,7995,1,1,C,278.0,S,5,0.0
7474,7474,7996_01,Earth,True,TRAPPIST-1e,39.0,False,17.0,334.0,708.0,17.0,366.0,1442.0,0,7996,1,1,F,1657.0,P,10,1442.0
7475,7475,7999_01,Europa,True,55 Cancri e,26.0,False,0.0,0.0,0.0,0.0,0.0,0.0,1,7999,1,1,B,262.0,P,5,0.0
7476,7476,8000_01,Earth,True,TRAPPIST-1e,0.0,False,0.0,0.0,0.0,0.0,0.0,0.0,1,8000,2,0,G,1292.0,S,12,0.0
7477,7477,8000_02,Earth,True,TRAPPIST-1e,14.0,False,0.0,0.0,0.0,0.0,0.0,0.0,1,8000,2,0,G,1292.0,S,12,0.0
7478,7478,8003_01,Mars,True,TRAPPIST-1e,7.0,False,0.0,0.0,0.0,0.0,0.0,0.0,1,8003,1,1,F,1659.0,P,5,0.0
7479,7479,8004_01,Mars,True,55 Cancri e,50.0,False,0.0,0.0,0.0,0.0,0.0,0.0,1,8004,1,1,F,1527.0,S,6,0.0
7480,7480,8005_01,Earth,True,55 Cancri e,22.0,False,0.0,15.0,0.0,548.0,124.0,687.0,0,8005,3,0,F,1528.0,S,7,687.0
7481,7481,8005_02,Earth,True,PSO J318.5-22,17.0,False,0.0,0.0,0.0,0.0,0.0,0.0,1,8005,3,0,G,1293.0,S,7,0.0
7482,7482,8005_03,Earth,True,TRAPPIST-1e,35.0,False,676.0,0.0,0.0,0.0,40.0,716.0,0,8005,3,0,F,1528.0,S,7,716.0
7483,7483,8006_01,Earth,True,TRAPPIST-1e,22.0,False,0.0,1145.0,0.0,0.0,371.0,1516.0,0,8006,1,1,F,1529.0,S,8,1516.0
7484,7484,8007_01,Earth,True,TRAPPIST-1e,26.0,False,0.0,0.0,1.0,886.0,0.0,887.0,0,8007,2,0,G,1296.0,P,11,887.0
7485,7485,8007_02,Earth,True,PSO J318.5-22,24.0,False,0.0,0.0,92.0,1492.0,0.0,1584.0,0,8007,2,0,E,517.0,P,11,1584.0
7486,7486,8010_01,Europa,True,TRAPPIST-1e,59.0,False,0.0,2593.0,0.0,98.0,0.0,2691.0,0,8010,1,1,C,300.0,S,0,2691.0
7487,7487,8012_01,Mars,True,TRAPPIST-1e,24.0,False,0.0,0.0,0.0,0.0,0.0,0.0,1,8012,3,0,F,1531.0,S,5,0.0
7488,7488,8012_02,Mars,True,TRAPPIST-1e,17.0,False,0.0,0.0,0.0,0.0,0.0,0.0,1,8012,3,0,E,530.0,S,5,0.0
7489,7489,8012_03,Mars,True,TRAPPIST-1e,28.0,False,0.0,0.0,0.0,0.0,0.0,0.0,1,8012,3,0,F,1531.0,S,5,0.0
7490,7490,8014_01,Earth,True,TRAPPIST-1e,38.0,False,0.0,0.0,0.0,0.0,0.0,0.0,1,8014,1,1,G,1294.0,S,10,0.0
7491,7491,8015_01,Europa,False,TRAPPIST-1e,2.0,False,0.0,0.0,0.0,0.0,0.0,0.0,1,8015,3,0,B,315.0,S,5,0.0
7492,7492,8015_02,Europa,True,TRAPPIST-1e,36.0,False,0.0,244.0,0.0,5432.0,2302.0,7978.0,0,8015,3,0,B,315.0,S,5,7978.0
7493,7493,8015_03,Europa,True,55 Cancri e,32.0,False,0.0,0.0,0.0,0.0,0.0,0.0,1,8015,3,0,B,315.0,S,5,0.0
7494,7494,8016_01,Earth,True,TRAPPIST-1e,15.0,False,0.0,10.0,0.0,595.0,381.0,986.0,0,8016,1,1,E,531.0,S,7,986.0
7495,7495,8018_01,Earth,True,TRAPPIST-1e,54.0,False,0.0,0.0,5.0,1268.0,26.0,1299.0,0,8018,1,1,F,1532.0,S,5,1299.0
7496,7496,8019_01,Mars,True,TRAPPIST-1e,18.0,False,0.0,0.0,0.0,0.0,0.0,0.0,1,8019,1,1,F,1660.0,P,6,0.0
7497,7497,8020_01,Earth,True,TRAPPIST-1e,22.0,False,668.0,79.0,0.0,0.0,1.0,748.0,0,8020,1,1,F,1661.0,P,7,748.0
7498,7498,8021_01,Earth,True,TRAPPIST-1e,23.0,False,0.0,0.0,0.0,0.0,0.0,0.0,1,8021,1,1,G,1298.0,P,6,0.0
7499,7499,8023_01,Europa,True,TRAPPIST-1e,14.0,False,0.0,4545.0,271.0,199.0,1377.0,6392.0,0,8023,2,0,D,249.0,P,8,6392.0
7500,7500,8023_02,Europa,True,TRAPPIST-1e,26.0,False,0.0,0.0,0.0,0.0,0.0,0.0,1,8023,2,0,D,249.0,P,8,0.0
7501,7501,8024_01,Earth,True,TRAPPIST-1e,73.0,False,16.0,0.0,722.0,2.0,89.0,829.0,0,8024,1,1,F,1533.0,S,12,829.0
7502,7502,8025_01,Europa,True,TRAPPIST-1e,29.0,False,0.0,0.0,0.0,0.0,0.0,0.0,1,8025,1,1,B,263.0,P,5,0.0
7503,7503,8026_01,Mars,True,TRAPPIST-1e,29.0,False,0.0,0.0,0.0,0.0,0.0,0.0,1,8026,1,1,F,1534.0,S,3,0.0
7504,7504,8027_01,Earth,True,TRAPPIST-1e,12.0,False,0.0,0.0,0.0,0.0,0.0,0.0,1,8027,2,0,G,1297.0,S,9,0.0
7505,7505,8027_02,Earth,True,55 Cancri e,27.0,False,31.0,225.0,331.0,0.0,14.0,601.0,0,8027,2,0,F,1535.0,S,14,601.0
7506,7506,8029_01,Earth,True,TRAPPIST-1e,31.0,False,779.0,0.0,3.0,57.0,0.0,839.0,0,8029,1,1,G,1298.0,S,16,839.0
7507,7507,8030_01,Earth,True,PSO J318.5-22,26.0,False,0.0,0.0,0.0,0.0,0.0,0.0,1,8030,1,1,G,1299.0,S,7,0.0
7508,7508,8031_01,Europa,True,55 Cancri e,35.0,False,0.0,0.0,0.0,0.0,0.0,0.0,1,8031,1,1,D,250.0,P,3,0.0
7509,7509,8032_01,Europa,True,TRAPPIST-1e,25.0,False,0.0,0.0,0.0,0.0,0.0,0.0,1,8032,2,0,A,85.0,P,3,0.0
7510,7510,8032_02,Europa,True,TRAPPIST-1e,40.0,False,0.0,0.0,0.0,0.0,0.0,0.0,1,8032,2,0,A,85.0,P,3,0.0
7511,7511,8034_01,Mars,True,TRAPPIST-1e,18.0,False,0.0,0.0,0.0,0.0,0.0,0.0,1,8034,2,0,E,532.0,S,4,0.0
7512,7512,8034_02,Mars,True,TRAPPIST-1e,52.0,False,1222.0,2.0,74.0,0.0,0.0,1298.0,0,8034,2,0,E,532.0,S,4,1298.0
7513,7513,8035_01,Mars,True,TRAPPIST-1e,35.0,False,0.0,0.0,0.0,0.0,0.0,0.0,1,8035,1,1,F,1536.0,S,7,0.0
7514,7514,8036_01,Earth,True,TRAPPIST-1e,51.0,False,172.0,350.0,0.0,16.0,1005.0,1543.0,0,8036,2,0,F,1537.0,S,3,1543.0
7515,7515,8036_02,Earth,True,TRAPPIST-1e,35.0,False,0.0,0.0,62.0,0.0,891.0,953.0,0,8036,2,0,F,1537.0,S,3,953.0
7516,7516,8037_01,Earth,True,TRAPPIST-1e,14.0,False,0.0,476.0,249.0,177.0,0.0,902.0,0,8037,1,1,F,1538.0,S,6,902.0
7517,7517,8038_01,Europa,True,55 Cancri e,30.0,False,0.0,0.0,0.0,0.0,0.0,0.0,1,8038,2,0,C,301.0,S,6,0.0
7518,7518,8038_02,Europa,True,55 Cancri e,26.0,False,0.0,0.0,0.0,0.0,0.0,0.0,1,8038,2,0,C,301.0,S,6,0.0
7519,7519,8042_01,Earth,True,55 Cancri e,21.0,False,0.0,0.0,0.0,0.0,0.0,0.0,1,8042,1,1,G,1299.0,P,8,0.0
7520,7520,8043_01,Europa,True,55 Cancri e,45.0,False,5.0,17901.0,0.0,79.0,281.0,18266.0,0,8043,4,0,A,97.0,S,4,18266.0
7521,7521,8043_02,Europa,True,TRAPPIST-1e,29.0,False,0.0,1408.0,0.0,408.0,1.0,1817.0,0,8043,4,0,A,97.0,S,4,1817.0
7522,7522,8043_03,Europa,True,TRAPPIST-1e,39.0,True,1.0,392.0,64.0,148.0,1367.0,1972.0,0,8043,4,0,A,97.0,S,4,1972.0
7523,7523,8043_04,Europa,True,55 Cancri e,37.0,False,0.0,0.0,0.0,0.0,0.0,0.0,1,8043,4,0,A,97.0,S,4,0.0
7524,7524,8046_01,Earth,True,PSO J318.5-22,22.0,False,0.0,0.0,0.0,0.0,0.0,0.0,1,8046,1,1,G,1300.0,P,7,0.0
7525,7525,8049_01,Earth,True,TRAPPIST-1e,22.0,False,6.0,21.0,0.0,782.0,0.0,809.0,0,8049,1,1,G,1301.0,P,9,809.0
7526,7526,8050_01,Earth,True,PSO J318.5-22,30.0,False,0.0,34.0,143.0,275.0,0.0,452.0,0,8050,3,0,G,1300.0,S,8,452.0
7527,7527,8050_02,Earth,True,TRAPPIST-1e,1.0,False,0.0,0.0,0.0,0.0,0.0,0.0,1,8050,3,0,G,1304.0,S,8,0.0
7528,7528,8050_03,Earth,True,PSO J318.5-22,0.0,False,0.0,0.0,0.0,0.0,0.0,0.0,1,8050,3,0,G,1300.0,S,8,0.0
7529,7529,8052_01,Earth,True,TRAPPIST-1e,9.0,False,0.0,0.0,0.0,0.0,0.0,0.0,1,8052,2,0,G,1302.0,S,10,0.0
7530,7530,8052_02,Earth,True,PSO J318.5-22,18.0,False,0.0,0.0,0.0,1.0,335.0,336.0,0,8052,2,0,G,1302.0,S,10,336.0
7531,7531,8053_01,Mars,True,TRAPPIST-1e,29.0,False,1544.0,1.0,206.0,0.0,0.0,1751.0,0,8053,1,1,F,1663.0,P,3,1751.0
7532,7532,8054_01,Mars,True,55 Cancri e,52.0,False,439.77777777777777,0.0,262.0,1425.0,571.0,2258.0,0,8054,1,1,F,1540.0,S,5,2697.777777777778
7533,7533,8055_01,Earth,True,TRAPPIST-1e,27.0,False,0.0,0.0,846.0,59.0,0.0,905.0,0,8055,1,1,E,533.0,S,5,905.0
7534,7534,8056_01,Europa,True,TRAPPIST-1e,54.0,False,0.0,793.0,0.0,87.0,1567.0,2447.0,0,8056,2,0,C,262.0,P,3,2447.0
7535,7535,8056_02,Europa,True,TRAPPIST-1e,28.0,False,40.0,9012.0,0.0,111.0,551.0,9714.0,0,8056,2,0,C,262.0,P,3,9714.0
7536,7536,8057_01,Europa,True,TRAPPIST-1e,65.0,False,0.0,0.0,0.0,0.0,0.0,0.0,1,8057,2,0,B,267.0,P,2,0.0
7537,7537,8057_02,Europa,True,55 Cancri e,26.0,False,0.0,0.0,0.0,0.0,0.0,0.0,1,8057,2,0,B,267.0,P,2,0.0
7538,7538,8058_01,Earth,True,TRAPPIST-1e,29.0,False,12.0,2.0,0.0,432.0,1548.0,1994.0,0,8058,1,1,F,1664.0,P,6,1994.0
7539,7539,8059_01,Earth,True,TRAPPIST-1e,20.0,False,0.0,38.0,0.0,0.0,1779.0,1817.0,0,8059,1,1,G,1302.0,P,3,1817.0
7540,7540,8060_01,Mars,True,TRAPPIST-1e,39.0,False,1369.0,259.0,960.0,1.0,29.0,2618.0,0,8060,2,0,F,1541.0,S,6,2618.0
7541,7541,8060_02,Mars,True,TRAPPIST-1e,37.0,False,0.0,0.0,0.0,0.0,0.0,0.0,1,8060,2,0,F,1541.0,S,6,0.0
7542,7542,8063_01,Earth,True,TRAPPIST-1e,20.0,False,189.30973451327435,25.0,0.0,11.0,0.0,36.0,0,8063,1,1,F,1543.0,S,13,225.30973451327435
7543,7543,8064_01,Mars,True,TRAPPIST-1e,40.0,False,0.0,0.0,0.0,0.0,0.0,0.0,1,8064,3,0,E,522.0,S,4,0.0
7544,7544,8064_02,Mars,True,TRAPPIST-1e,0.0,False,0.0,0.0,0.0,0.0,0.0,0.0,1,8064,3,0,E,534.0,S,4,0.0
7545,7545,8064_03,Mars,True,TRAPPIST-1e,33.0,False,0.0,0.0,0.0,0.0,0.0,0.0,1,8064,3,0,E,534.0,S,6,0.0
7546,7546,8066_01,Mars,True,TRAPPIST-1e,23.0,False,0.0,0.0,0.0,0.0,0.0,0.0,1,8066,1,1,F,1544.0,S,7,0.0
7547,7547,8067_01,Earth,True,55 Cancri e,32.0,False,1.0,0.0,128.46835443037975,9.0,663.0,673.0,0,8067,1,1,F,1666.0,P,5,801.4683544303798
7548,7548,8068_01,Earth,True,TRAPPIST-1e,20.0,False,0.0,52.0,0.0,110.0,614.0,776.0,0,8068,1,1,F,1545.0,S,6,776.0
7549,7549,8069_01,Europa,True,55 Cancri e,60.0,False,0.0,0.0,0.0,0.0,0.0,0.0,1,8069,1,1,D,234.0,S,2,0.0
7550,7550,8071_01,Earth,True,TRAPPIST-1e,53.0,False,0.0,0.0,716.0,0.0,0.0,716.0,0,8071,1,1,F,1546.0,S,7,716.0
7551,7551,8072_01,Europa,True,TRAPPIST-1e,26.0,False,0.0,0.0,0.0,0.0,0.0,0.0,1,8072,2,0,D,236.0,S,5,0.0
7552,7552,8072_02,Europa,True,55 Cancri e,35.0,False,0.0,5500.0,0.0,180.0,3173.0,8853.0,0,8072,2,0,D,236.0,S,5,8853.0
7553,7553,8075_01,Earth,True,55 Cancri e,19.0,False,355.0,0.0,0.0,0.0,284.0,639.0,0,8075,1,1,F,1547.0,S,7,639.0
7554,7554,8076_01,Europa,True,55 Cancri e,43.0,False,1.0,2060.0,146.66666666666666,1.0,2764.0,4826.0,0,8076,2,0,C,263.0,P,7,4972.666666666666
7555,7555,8076_02,Europa,True,55 Cancri e,29.0,False,2686.0,0.0,0.0,2854.0,2553.0,8093.0,0,8076,2,0,C,263.0,P,7,8093.0
7556,7556,8077_01,Earth,True,TRAPPIST-1e,20.0,False,721.0,122.0,0.0,0.0,0.0,843.0,0,8077,1,1,G,1304.0,P,5,843.0
7557,7557,8078_01,Earth,True,TRAPPIST-1e,19.0,False,0.0,0.0,134.0,1931.0,144.5185185185185,2065.0,0,8078,1,1,F,1667.0,P,2,2209.5185185185187
7558,7558,8079_01,Earth,True,PSO J318.5-22,21.0,False,505.0,0.0,0.0,0.0,110.0,615.0,0,8079,1,1,F,1548.0,S,8,615.0
7559,7559,8081_01,Europa,True,55 Cancri e,39.0,False,2.0,15450.0,336.0,1.0,904.0,16693.0,0,8081,1,1,D,251.0,P,8,16693.0
7560,7560,8082_01,Earth,True,TRAPPIST-1e,12.0,False,0.0,0.0,0.0,0.0,0.0,0.0,1,8082,2,0,G,1305.0,P,9,0.0
7561,7561,8082_02,Earth,True,55 Cancri e,20.0,False,1842.0,0.0,0.0,0.0,0.0,1842.0,0,8082,2,0,F,1668.0,P,9,1842.0
7562,7562,8083_01,Earth,True,TRAPPIST-1e,18.0,False,595.0,134.0,7.0,0.0,0.0,736.0,0,8083,1,1,F,1669.0,P,7,736.0
7563,7563,8084_01,Europa,True,TRAPPIST-1e,31.0,False,61.62162162162162,745.0,0.0,6688.0,2161.0,9594.0,0,8084,1,1,C,264.0,P,5,9655.621621621622
7564,7564,8085_01,Earth,True,PSO J318.5-22,35.0,False,635.0,3.0,0.0,121.26436781609195,25.0,663.0,0,8085,1,1,F,1549.0,S,2,784.264367816092
7565,7565,8086_01,Earth,True,PSO J318.5-22,44.0,False,0.0,0.0,0.0,0.0,0.0,0.0,1,8086,1,1,G,1306.0,P,2,0.0
7566,7566,8087_01,Europa,True,TRAPPIST-1e,62.0,False,33.0,3518.0,0.0,394.0,0.0,3945.0,0,8087,1,1,B,268.0,P,14,3945.0
7567,7567,8088_01,Mars,True,TRAPPIST-1e,23.0,False,1.0,0.0,11.0,0.0,2336.0,2348.0,0,8088,2,0,E,521.0,P,2,2348.0
7568,7568,8088_02,Mars,True,TRAPPIST-1e,23.0,True,3.0,0.0,0.0,1677.0,0.0,1680.0,0,8088,2,0,F,1670.0,P,6,1680.0
7569,7569,8089_01,Earth,True,TRAPPIST-1e,19.0,False,0.0,0.0,1761.0,0.0,36.0,1797.0,0,8089,1,1,F,1671.0,P,10,1797.0
7570,7570,8091_01,Earth,True,TRAPPIST-1e,29.0,False,18.0,7.0,0.0,0.0,779.0,804.0,0,8091,1,1,F,1672.0,P,12,804.0
7571,7571,8092_01,Europa,True,TRAPPIST-1e,31.0,False,0.0,4655.0,135.0,2075.0,402.0,7267.0,0,8092,3,0,D,238.0,S,5,7267.0
7572,7572,8092_02,Europa,True,55 Cancri e,33.0,True,0.0,0.0,0.0,0.0,0.0,0.0,1,8092,3,0,D,238.0,S,5,0.0
7573,7573,8092_03,Europa,True,TRAPPIST-1e,41.0,False,0.0,3216.0,0.0,433.0,517.0,4166.0,0,8092,3,0,D,238.0,S,5,4166.0
7574,7574,8094_01,Europa,True,TRAPPIST-1e,60.0,False,19.0,7316.0,0.0,0.0,1781.0,9116.0,0,8094,1,1,C,265.0,P,4,9116.0
7575,7575,8097_01,Europa,True,TRAPPIST-1e,41.0,False,0.0,0.0,0.0,0.0,0.0,0.0,1,8097,1,1,B,317.0,S,3,0.0
7576,7576,8098_01,Europa,True,TRAPPIST-1e,69.0,True,0.0,269.0,0.0,190.0,9033.0,9492.0,0,8098,4,0,B,269.0,P,14,9492.0
7577,7577,8098_02,Europa,True,55 Cancri e,44.0,False,9.0,2311.0,0.0,633.0,1.0,2954.0,0,8098,4,0,B,269.0,P,14,2954.0
7578,7578,8098_03,Europa,True,55 Cancri e,18.0,False,0.0,0.0,0.0,0.0,0.0,0.0,1,8098,4,0,B,269.0,P,14,0.0
7579,7579,8098_04,Europa,True,55 Cancri e,26.0,False,0.0,11598.0,0.0,3.0,386.0,11987.0,0,8098,4,0,B,269.0,P,14,11987.0
7580,7580,8102_01,Earth,True,TRAPPIST-1e,30.0,False,4.0,0.0,442.0,2441.0,0.0,2887.0,0,8102,1,1,F,1674.0,P,7,2887.0
7581,7581,8103_01,Mars,True,TRAPPIST-1e,34.0,False,81.0,0.0,492.0,122.0,0.0,695.0,0,8103,1,1,F,1675.0,P,4,695.0
7582,7582,8105_01,Earth,True,PSO J318.5-22,18.0,False,0.0,0.0,15.0,570.0,84.0,669.0,0,8105,1,1,F,1677.0,P,11,669.0
7583,7583,8106_01,Earth,True,55 Cancri e,49.0,False,0.0,0.0,0.0,0.0,0.0,0.0,1,8106,1,1,G,1306.0,S,12,0.0
7584,7584,8107_01,Earth,True,PSO J318.5-22,71.0,False,48.0,43.0,0.0,78.0,534.0,703.0,0,8107,1,1,F,1678.0,P,6,703.0
7585,7585,8108_01,Earth,True,PSO J318.5-22,19.0,False,150.0,605.0,0.0,0.0,1.0,756.0,0,8108,1,1,F,1552.0,S,4,756.0
7586,7586,8112_01,Earth,True,PSO J318.5-22,23.0,False,90.0,4.0,0.0,7.0,588.0,689.0,0,8112,1,1,F,1553.0,S,16,689.0
7587,7587,8115_01,Europa,True,TRAPPIST-1e,31.0,False,0.0,0.0,0.0,0.0,0.0,0.0,1,8115,2,0,B,318.0,S,4,0.0
7588,7588,8115_02,Europa,True,TRAPPIST-1e,40.0,False,0.0,0.0,0.0,0.0,0.0,0.0,1,8115,2,0,B,318.0,S,4,0.0
7589,7589,8116_01,Mars,True,55 Cancri e,28.0,False,49.0,0.0,0.0,2.0,1136.0,1187.0,0,8116,1,1,D,252.0,P,8,1187.0
7590,7590,8117_01,Europa,True,TRAPPIST-1e,17.0,False,0.0,0.0,0.0,0.0,0.0,0.0,1,8117,3,0,B,319.0,S,7,0.0
7591,7591,8117_02,Europa,True,TRAPPIST-1e,24.0,False,0.0,809.0,0.0,4928.0,143.0,5880.0,0,8117,3,0,B,319.0,S,7,5880.0
7592,7592,8117_03,Europa,True,55 Cancri e,54.0,False,0.0,0.0,0.0,0.0,0.0,0.0,1,8117,3,0,B,319.0,S,7,0.0
7593,7593,8118_01,Earth,True,TRAPPIST-1e,21.0,False,0.0,0.0,0.0,0.0,0.0,0.0,1,8118,1,1,G,1310.0,P,15,0.0
7594,7594,8119_01,Earth,True,55 Cancri e,2.0,False,0.0,0.0,0.0,0.0,0.0,0.0,1,8119,3,0,F,1555.0,S,9,0.0
7595,7595,8119_02,Earth,True,55 Cancri e,20.0,False,6.0,1119.0,0.0,24.0,13.0,1162.0,0,8119,3,0,F,1555.0,S,9,1162.0
7596,7596,8119_03,Earth,True,55 Cancri e,20.0,False,97.0,279.0,0.0,301.0,39.0,716.0,0,8119,3,0,F,1555.0,S,9,716.0
7597,7597,8120_01,Europa,True,55 Cancri e,36.0,False,0.0,4260.0,0.0,0.0,1678.0,5938.0,0,8120,1,1,D,253.0,P,1,5938.0
7598,7598,8121_01,Earth,True,TRAPPIST-1e,25.0,False,0.0,0.0,0.0,0.0,0.0,0.0,1,8121,1,1,G,1311.0,P,6,0.0
7599,7599,8122_01,Europa,True,55 Cancri e,58.0,False,0.0,226.0,0.0,5481.0,1111.6666666666667,5707.0,0,8122,3,0,C,302.0,S,5,6818.666666666667
7600,7600,8122_02,Europa,True,TRAPPIST-1e,37.0,False,79.0,218.0,0.0,442.0,659.0,1398.0,0,8122,3,0,C,302.0,S,5,1398.0
7601,7601,8122_03,Europa,True,TRAPPIST-1e,26.0,False,0.0,13.0,0.0,3803.0,3557.0,7373.0,0,8122,3,0,C,302.0,S,5,7373.0
7602,7602,8123_01,Earth,True,TRAPPIST-1e,45.0,False,0.0,0.0,0.0,0.0,0.0,0.0,1,8123,1,1,G,1312.0,P,7,0.0
7603,7603,8124_01,Earth,True,TRAPPIST-1e,44.0,False,0.0,903.0,0.0,0.0,0.0,903.0,0,8124,1,1,F,1681.0,P,7,903.0
7604,7604,8128_01,Mars,True,TRAPPIST-1e,24.0,False,0.0,0.0,0.0,0.0,0.0,0.0,1,8128,1,1,F,1682.0,P,6,0.0
7605,7605,8129_01,Earth,True,55 Cancri e,13.0,False,0.0,0.0,0.0,0.0,0.0,0.0,1,8129,5,0,F,1618.0,P,18,0.0
7606,7606,8129_02,Earth,True,TRAPPIST-1e,4.0,False,0.0,0.0,0.0,0.0,0.0,0.0,1,8129,5,0,G,1313.0,P,18,0.0
7607,7607,8129_03,Earth,True,TRAPPIST-1e,24.0,False,381.0,925.0,342.0,0.0,642.0,2290.0,0,8129,5,0,F,1683.0,P,18,2290.0
7608,7608,8129_04,Earth,True,55 Cancri e,27.0,False,3.0,13.0,0.0,0.0,788.0,804.0,0,8129,5,0,F,1683.0,P,18,804.0
7609,7609,8129_05,Earth,True,TRAPPIST-1e,39.0,False,44.0,1620.0,0.0,6.0,0.0,1670.0,0,8129,5,0,E,522.0,P,18,1670.0
7610,7610,8130_01,Earth,True,TRAPPIST-1e,23.0,False,0.0,0.0,0.0,0.0,0.0,0.0,1,8130,3,0,G,1308.0,S,10,0.0
7611,7611,8130_02,Earth,True,55 Cancri e,4.0,False,0.0,0.0,0.0,0.0,0.0,0.0,1,8130,3,0,G,1308.0,S,10,0.0
7612,7612,8130_03,Earth,True,TRAPPIST-1e,0.0,False,0.0,0.0,0.0,0.0,0.0,0.0,1,8130,3,0,G,1308.0,S,10,0.0
7613,7613,8131_01,Mars,True,TRAPPIST-1e,22.0,False,0.0,0.0,0.0,0.0,0.0,0.0,1,8131,1,1,F,1557.0,S,8,0.0
7614,7614,8133_01,Mars,True,TRAPPIST-1e,27.0,False,831.0,0.0,0.0,867.0,20.0,1718.0,0,8133,1,1,D,254.0,P,1,1718.0
7615,7615,8135_01,Europa,True,TRAPPIST-1e,22.0,False,0.0,0.0,0.0,0.0,0.0,0.0,1,8135,1,1,C,267.0,P,5,0.0
7616,7616,8136_01,Europa,True,55 Cancri e,26.0,False,0.0,0.0,0.0,0.0,0.0,0.0,1,8136,2,0,C,268.0,P,2,0.0
7617,7617,8136_02,Europa,True,TRAPPIST-1e,60.0,False,0.0,5998.0,0.0,4794.0,8.0,10800.0,0,8136,2,0,C,268.0,P,2,10800.0
7618,7618,8137_01,Earth,True,TRAPPIST-1e,18.0,False,0.0,297.0,0.0,588.0,23.0,908.0,0,8137,1,1,G,1314.0,P,9,908.0
7619,7619,8138_01,Earth,True,55 Cancri e,20.0,False,0.0,0.0,0.0,0.0,0.0,0.0,1,8138,1,1,G,1315.0,P,6,0.0
7620,7620,8139_01,Earth,True,TRAPPIST-1e,25.0,False,11.0,780.0,0.0,0.0,0.0,791.0,0,8139,1,1,E,523.0,P,14,791.0
7621,7621,8140_01,Earth,True,PSO J318.5-22,24.0,False,0.0,0.0,0.0,0.0,0.0,0.0,1,8140,1,1,G,1309.0,S,5,0.0
7622,7622,8141_01,Earth,True,TRAPPIST-1e,38.0,False,0.0,0.0,0.0,0.0,0.0,0.0,1,8141,1,1,G,1310.0,S,19,0.0
7623,7623,8143_01,Earth,True,TRAPPIST-1e,18.0,False,0.0,17.0,5.0,0.0,712.0,734.0,0,8143,1,1,F,1558.0,S,4,734.0
7624,7624,8144_01,Europa,True,55 Cancri e,45.0,False,0.0,0.0,0.0,0.0,0.0,0.0,1,8144,4,0,B,270.0,P,6,0.0
7625,7625,8144_02,Europa,True,TRAPPIST-1e,13.0,False,0.0,3680.0,0.0,1529.0,3854.0,9063.0,0,8144,4,0,B,270.0,P,5,9063.0
7626,7626,8144_03,Europa,True,TRAPPIST-1e,28.0,False,0.0,3317.0,77.0,0.0,130.0,3524.0,0,8144,4,0,B,270.0,P,5,3524.0
7627,7627,8144_04,Europa,True,TRAPPIST-1e,5.0,False,0.0,0.0,0.0,0.0,0.0,0.0,1,8144,4,0,B,270.0,P,6,0.0
7628,7628,8147_01,Earth,True,TRAPPIST-1e,20.0,False,0.0,142.0,0.0,3528.0,92.0,3762.0,0,8147,4,0,G,1317.0,P,13,3762.0
7629,7629,8147_02,Earth,True,TRAPPIST-1e,2.0,False,0.0,0.0,0.0,0.0,0.0,0.0,1,8147,4,0,G,1319.0,P,13,0.0
7630,7630,8147_03,Earth,True,TRAPPIST-1e,42.0,False,18.0,5.0,470.0,356.0,57.0,906.0,0,8147,4,0,G,1317.0,P,13,906.0
7631,7631,8147_04,Earth,True,55 Cancri e,0.0,False,0.0,0.0,0.0,0.0,0.0,0.0,1,8147,4,0,G,1317.0,P,13,0.0
7632,7632,8148_01,Earth,True,TRAPPIST-1e,18.0,False,0.0,508.0,0.0,44.0,257.0,809.0,0,8148,1,1,G,1318.0,P,14,809.0
7633,7633,8149_01,Earth,True,PSO J318.5-22,26.0,False,0.0,0.0,0.0,0.0,0.0,0.0,1,8149,1,1,G,1319.0,P,7,0.0
7634,7634,8150_01,Mars,True,55 Cancri e,3.0,False,0.0,0.0,0.0,0.0,0.0,0.0,1,8150,3,0,E,539.0,S,6,0.0
7635,7635,8150_02,Mars,True,PSO J318.5-22,49.0,False,0.0,0.0,0.0,0.0,0.0,0.0,1,8150,3,0,E,539.0,S,6,0.0
7636,7636,8150_03,Mars,True,TRAPPIST-1e,19.0,False,691.0,0.0,10.0,561.0,25.0,1287.0,0,8150,3,0,E,539.0,S,6,1287.0
7637,7637,8152_01,Earth,True,TRAPPIST-1e,19.0,False,0.0,0.0,0.0,0.0,0.0,0.0,1,8152,1,1,G,1312.0,S,3,0.0
7638,7638,8153_01,Earth,True,TRAPPIST-1e,15.0,False,0.0,0.0,0.0,0.0,0.0,0.0,1,8153,1,1,G,1320.0,P,10,0.0
7639,7639,8156_01,Earth,True,PSO J318.5-22,53.0,False,90.0,29.0,102.0,244.0,56.0,521.0,0,8156,1,1,G,1321.0,P,13,521.0
7640,7640,8157_01,Earth,True,TRAPPIST-1e,0.0,False,0.0,0.0,0.0,0.0,0.0,0.0,1,8157,6,0,G,1313.0,S,11,0.0
7641,7641,8157_02,Earth,True,55 Cancri e,39.0,False,1663.0,0.0,262.0,229.0,0.0,2154.0,0,8157,6,0,F,1560.0,S,11,2154.0
7642,7642,8157_03,Earth,True,TRAPPIST-1e,45.0,False,0.0,0.0,2778.0,1910.0,0.0,4688.0,0,8157,6,0,G,1313.0,S,11,4688.0
7643,7643,8157_04,Earth,True,TRAPPIST-1e,10.0,False,0.0,0.0,0.0,0.0,0.0,0.0,1,8157,6,0,G,1313.0,S,11,0.0
7644,7644,8157_05,Earth,True,55 Cancri e,1.0,False,0.0,0.0,0.0,0.0,0.0,0.0,1,8157,6,0,G,1313.0,S,11,0.0
7645,7645,8157_06,Earth,True,TRAPPIST-1e,9.0,False,0.0,0.0,0.0,0.0,0.0,0.0,1,8157,6,0,G,1313.0,S,11,0.0
7646,7646,8158_01,Mars,True,TRAPPIST-1e,40.0,False,953.0,0.0,356.0,0.0,0.0,1309.0,0,8158,1,1,F,1686.0,P,3,1309.0
7647,7647,8159_01,Earth,True,TRAPPIST-1e,26.0,False,0.0,0.0,0.0,622.0,8.0,630.0,0,8159,1,1,F,1687.0,P,15,630.0
7648,7648,8161_01,Earth,True,TRAPPIST-1e,18.0,False,1157.0,28.0,50.0,0.0,0.0,1235.0,0,8161,1,1,F,1688.0,P,12,1235.0
7649,7649,8162_01,Europa,True,TRAPPIST-1e,47.0,False,0.0,314.0,0.0,889.0,1090.0,2293.0,0,8162,1,1,E,524.0,P,4,2293.0
7650,7650,8164_01,Earth,True,TRAPPIST-1e,31.0,False,0.0,918.0,0.0,0.0,900.0,1818.0,0,8164,1,1,G,1314.0,S,12,1818.0
7651,7651,8165_01,Mars,True,TRAPPIST-1e,28.5,False,279.0,11.0,40.0,718.0,0.0,1048.0,0,8165,1,1,E,525.0,P,3,1048.0
7652,7652,8167_01,Earth,True,PSO J318.5-22,23.0,False,0.0,0.0,0.0,0.0,0.0,0.0,1,8167,1,1,G,1315.0,S,10,0.0
7653,7653,8168_01,Earth,True,55 Cancri e,32.0,False,7.0,723.0,115.72413793103448,6.0,13.0,749.0,0,8168,8,0,F,1561.0,S,7,864.7241379310344
7654,7654,8168_02,Earth,True,TRAPPIST-1e,32.0,False,293.0,889.0,1.0,1.0,200.0,1384.0,0,8168,8,0,F,1561.0,S,7,1384.0
7655,7655,8168_03,Earth,True,TRAPPIST-1e,21.0,False,644.0,0.0,0.0,0.0,2.0,646.0,0,8168,8,0,F,1561.0,S,7,646.0
7656,7656,8168_04,Earth,True,TRAPPIST-1e,28.0,False,4.0,0.0,9.0,20.0,831.0,864.0,0,8168,8,0,F,1561.0,S,7,864.0
7657,7657,8168_05,Earth,True,TRAPPIST-1e,22.0,False,753.0,0.0,0.0,0.0,0.0,753.0,0,8168,8,0,G,1316.0,S,7,753.0
7658,7658,8168_06,Earth,True,TRAPPIST-1e,18.0,False,0.0,858.0,2.0,207.3939393939394,0.0,860.0,0,8168,8,0,G,1316.0,S,7,1067.3939393939395
7659,7659,8168_07,Earth,True,PSO J318.5-22,28.0,False,0.0,0.0,0.0,0.0,0.0,0.0,1,8168,8,0,G,1316.0,S,7,0.0
7660,7660,8168_08,Earth,True,TRAPPIST-1e,38.0,False,0.0,0.0,0.0,0.0,0.0,0.0,1,8168,8,0,G,1316.0,S,7,0.0
7661,7661,8171_01,Earth,True,TRAPPIST-1e,46.0,False,0.0,0.0,594.0,154.0,0.0,748.0,0,8171,1,1,F,1690.0,P,7,748.0
7662,7662,8173_01,Europa,True,TRAPPIST-1e,44.0,False,0.0,3771.0,0.0,521.0,4.0,4296.0,0,8173,1,1,C,304.0,S,7,4296.0
7663,7663,8175_01,Europa,True,TRAPPIST-1e,38.0,False,0.0,0.0,0.0,0.0,0.0,0.0,1,8175,1,1,C,305.0,S,5,0.0
7664,7664,8176_01,Europa,True,55 Cancri e,28.0,False,5.0,8252.0,0.0,181.0,3027.0,11465.0,0,8176,1,1,A,98.0,S,1,11465.0
7665,7665,8177_01,Earth,True,TRAPPIST-1e,31.0,False,116.0,224.1123595505618,298.0,2.0,227.0,643.0,0,8177,1,1,G,1317.0,S,6,867.1123595505618
7666,7666,8178_01,Earth,True,TRAPPIST-1e,18.0,False,0.0,0.0,0.0,0.0,0.0,0.0,1,8178,1,1,G,1318.0,S,9,0.0
7667,7667,8182_01,Earth,True,PSO J318.5-22,18.0,False,0.0,220.0,4.0,0.0,532.0,756.0,0,8182,1,1,F,1564.0,S,18,756.0
7668,7668,8186_01,Earth,True,55 Cancri e,4.0,False,0.0,0.0,0.0,0.0,0.0,0.0,1,8186,4,0,G,1319.0,S,6,0.0
7669,7669,8186_02,Earth,True,PSO J318.5-22,0.0,False,0.0,0.0,0.0,0.0,0.0,0.0,1,8186,4,0,G,1319.0,S,6,0.0
7670,7670,8186_03,Earth,True,TRAPPIST-1e,0.0,False,0.0,0.0,0.0,0.0,0.0,0.0,1,8186,4,0,G,1319.0,S,6,0.0
7671,7671,8186_04,Earth,True,PSO J318.5-22,23.0,False,0.0,0.0,0.0,0.0,0.0,0.0,1,8186,4,0,G,1319.0,S,6,0.0
7672,7672,8189_01,Europa,True,TRAPPIST-1e,35.0,False,0.0,747.0,0.0,0.0,2478.0,3225.0,0,8189,1,1,C,271.0,P,3,3225.0
7673,7673,8190_01,Europa,True,55 Cancri e,43.0,False,0.0,0.0,0.0,0.0,0.0,0.0,1,8190,1,1,B,320.0,S,4,0.0
7674,7674,8191_01,Earth,True,PSO J318.5-22,18.0,False,0.0,0.0,19.0,751.0,4.0,774.0,0,8191,1,1,G,1320.0,S,5,774.0
7675,7675,8192_01,Earth,True,TRAPPIST-1e,18.0,False,539.0,2.0,3.0,900.0,0.0,1444.0,0,8192,1,1,F,1566.0,S,11,1444.0
7676,7676,8194_01,Earth,True,TRAPPIST-1e,18.0,False,0.0,0.0,662.0,30.0,0.0,692.0,0,8194,1,1,F,1567.0,S,9,692.0
7677,7677,8197_01,Earth,True,55 Cancri e,49.0,False,598.0,0.0,0.0,118.0,0.0,716.0,0,8197,1,1,F,1693.0,P,7,716.0
7678,7678,8199_01,Earth,True,TRAPPIST-1e,19.0,False,0.0,0.0,0.0,0.0,0.0,0.0,1,8199,1,1,G,1329.0,P,9,0.0
7679,7679,8200_01,Earth,True,PSO J318.5-22,22.0,False,0.0,0.0,0.0,0.0,0.0,0.0,1,8200,1,1,G,1330.0,P,7,0.0
7680,7680,8202_01,Europa,True,TRAPPIST-1e,4.0,False,0.0,0.0,0.0,0.0,0.0,0.0,1,8202,6,0,C,306.0,S,12,0.0
7681,7681,8202_02,Europa,True,TRAPPIST-1e,0.0,False,0.0,0.0,0.0,0.0,0.0,0.0,1,8202,6,0,C,306.0,S,12,0.0
7682,7682,8202_03,Europa,True,TRAPPIST-1e,29.0,False,0.0,0.0,0.0,0.0,0.0,0.0,1,8202,6,0,C,306.0,S,12,0.0
7683,7683,8202_04,Europa,True,TRAPPIST-1e,39.0,False,19.0,3603.0,0.0,421.0,517.0,4560.0,0,8202,6,0,C,306.0,S,12,4560.0
7684,7684,8202_05,Europa,True,55 Cancri e,36.0,False,0.0,8151.0,5.0,0.0,8182.0,16338.0,0,8202,6,0,C,306.0,S,12,16338.0
7685,7685,8202_06,Europa,True,TRAPPIST-1e,53.0,False,0.0,0.0,0.0,0.0,0.0,0.0,1,8202,6,0,C,306.0,S,12,0.0
7686,7686,8203_01,Europa,True,55 Cancri e,23.0,False,0.0,395.0,0.0,6.0,1545.6842105263158,401.0,0,8203,2,0,C,307.0,S,7,1946.6842105263158
7687,7687,8203_02,Europa,True,TRAPPIST-1e,24.0,False,0.0,0.0,0.0,0.0,0.0,0.0,1,8203,2,0,C,307.0,S,7,0.0
7688,7688,8204_01,Europa,True,TRAPPIST-1e,25.0,False,0.0,1003.0,1629.0,73.0,748.0,3453.0,0,8204,2,0,E,541.0,S,13,3453.0
7689,7689,8204_02,Europa,True,TRAPPIST-1e,30.0,False,209.0,157.0,2566.0,171.0,472.0,3575.0,0,8204,2,0,E,541.0,S,13,3575.0
7690,7690,8205_01,Earth,True,TRAPPIST-1e,20.0,False,625.0,0.0,2.0,0.0,0.0,627.0,0,8205,1,1,G,1331.0,P,14,627.0
7691,7691,8207_01,Mars,True,TRAPPIST-1e,40.0,False,0.0,0.0,0.0,0.0,0.0,0.0,1,8207,1,1,F,1695.0,P,11,0.0
7692,7692,8208_01,Earth,True,PSO J318.5-22,18.0,False,0.0,0.0,0.0,0.0,0.0,0.0,1,8208,1,1,G,1322.0,S,16,0.0
7693,7693,8209_01,Earth,True,TRAPPIST-1e,57.0,False,6.0,510.0,372.0,0.0,0.0,888.0,0,8209,1,1,G,1332.0,P,6,888.0
7694,7694,8210_01,Mars,True,TRAPPIST-1e,47.0,False,1282.0,0.0,5.0,495.0,0.0,1782.0,0,8210,1,1,D,241.0,S,9,1782.0
7695,7695,8211_01,Earth,True,55 Cancri e,26.0,False,0.0,0.0,0.0,0.0,0.0,0.0,1,8211,1,1,G,1323.0,S,7,0.0
7696,7696,8212_01,Earth,True,PSO J318.5-22,29.0,False,487.0,0.0,60.0,12.0,0.0,559.0,0,8212,1,1,F,1569.0,S,9,559.0
7697,7697,8213_01,Earth,True,TRAPPIST-1e,32.0,False,0.0,2.0,1.0,0.0,881.0,884.0,0,8213,1,1,G,1333.0,P,12,884.0
7698,7698,8214_01,Europa,True,TRAPPIST-1e,30.0,False,0.0,0.0,0.0,0.0,0.0,0.0,1,8214,1,1,D,242.0,S,5,0.0
7699,7699,8216_01,Earth,True,TRAPPIST-1e,18.0,False,22.0,0.0,681.0,0.0,1.0,704.0,0,8216,1,1,G,1334.0,P,8,704.0
7700,7700,8217_01,Earth,True,TRAPPIST-1e,49.0,False,0.0,4.0,50.0,0.0,746.0,800.0,0,8217,1,1,F,1570.0,S,10,800.0
7701,7701,8218_01,Europa,True,TRAPPIST-1e,33.0,False,0.0,0.0,0.0,0.0,0.0,0.0,1,8218,1,1,B,272.0,P,7,0.0
7702,7702,8219_01,Earth,True,TRAPPIST-1e,18.0,False,3.0,0.0,3.0,1773.0,0.0,1779.0,0,8219,1,1,G,1335.0,P,9,1779.0
7703,7703,8220_01,Europa,True,TRAPPIST-1e,29.0,False,0.0,5157.0,1.0,136.0,32.0,5326.0,0,8220,1,1,A,99.0,S,6,5326.0
7704,7704,8221_01,Mars,True,TRAPPIST-1e,34.0,False,0.0,0.0,0.0,0.0,0.0,0.0,1,8221,1,1,F,1696.0,P,5,0.0
7705,7705,8222_01,Mars,True,TRAPPIST-1e,43.0,False,1054.0,109.0,576.0,645.0,0.0,2384.0,0,8222,2,0,D,257.0,P,9,2384.0
7706,7706,8222_02,Mars,True,TRAPPIST-1e,18.0,False,32.0,1255.0,1.0,0.0,0.0,1288.0,0,8222,2,0,F,1697.0,P,9,1288.0
7707,7707,8224_01,Earth,True,TRAPPIST-1e,31.0,False,0.0,0.0,0.0,0.0,0.0,0.0,1,8224,1,1,G,1325.0,S,12,0.0
7708,7708,8225_01,Mars,True,TRAPPIST-1e,15.0,False,85.0,0.0,1130.0,0.0,248.0,1463.0,0,8225,1,1,F,1637.0,P,4,1463.0
7709,7709,8226_01,Mars,True,TRAPPIST-1e,3.0,False,0.0,0.0,0.0,0.0,0.0,0.0,1,8226,3,0,F,1572.0,S,12,0.0
7710,7710,8226_02,Mars,True,TRAPPIST-1e,37.0,False,0.0,0.0,0.0,0.0,0.0,0.0,1,8226,3,0,F,1572.0,S,12,0.0
7711,7711,8226_03,Mars,True,TRAPPIST-1e,1.0,False,0.0,0.0,0.0,0.0,0.0,0.0,1,8226,3,0,F,1572.0,S,12,0.0
7712,7712,8227_01,Earth,True,TRAPPIST-1e,27.0,False,14.0,1186.0,460.0,12.0,9.0,1681.0,0,8227,1,1,E,527.0,P,6,1681.0
7713,7713,8229_01,Earth,True,TRAPPIST-1e,15.0,False,0.0,0.0,0.0,0.0,0.0,0.0,1,8229,1,1,G,1336.0,P,9,0.0
7714,7714,8231_01,Earth,True,TRAPPIST-1e,33.0,False,201.0,819.0,0.0,0.0,0.0,1020.0,0,8231,2,0,G,1327.0,S,15,1020.0
7715,7715,8231_02,Earth,True,TRAPPIST-1e,65.0,False,0.0,0.0,113.0,208.0,587.0,908.0,0,8231,2,0,G,1327.0,S,15,908.0
7716,7716,8232_01,Earth,True,TRAPPIST-1e,19.0,False,5.0,666.0,0.0,123.0,440.0,1234.0,0,8232,1,1,F,1574.0,S,5,1234.0
7717,7717,8233_01,Earth,True,TRAPPIST-1e,30.0,False,0.0,0.0,779.0,0.0,18.0,797.0,0,8233,2,0,F,1575.0,S,9,797.0
7718,7718,8233_02,Earth,True,TRAPPIST-1e,37.0,False,72.0,0.0,18.0,0.0,809.0,899.0,0,8233,2,0,F,1575.0,S,9,899.0
7719,7719,8235_01,Earth,True,TRAPPIST-1e,15.0,False,0.0,21.0,22.0,1149.0,249.0,1441.0,0,8235,1,1,F,1576.0,S,10,1441.0
7720,7720,8237_01,Earth,True,TRAPPIST-1e,19.0,False,511.0,0.0,0.0,267.0,0.0,778.0,0,8237,1,1,F,1577.0,S,10,778.0
7721,7721,8238_01,Earth,True,TRAPPIST-1e,20.0,False,749.0,16.0,0.0,0.0,29.0,794.0,0,8238,2,0,F,1578.0,S,6,794.0
7722,7722,8238_02,Earth,True,55 Cancri e,19.0,False,0.0,0.0,0.0,0.0,0.0,0.0,1,8238,2,0,G,1328.0,S,6,0.0
7723,7723,8239_01,Earth,True,55 Cancri e,21.0,False,499.0,0.0,193.0,1.0,1.0,694.0,0,8239,1,1,F,1579.0,S,15,694.0
7724,7724,8242_01,Earth,True,TRAPPIST-1e,20.0,False,2.0,2.0,876.0,8.0,0.0,888.0,0,8242,1,1,G,1330.0,S,6,888.0
7725,7725,8243_01,Earth,True,TRAPPIST-1e,18.0,False,0.0,44.0,0.0,795.0,69.0,908.0,0,8243,1,1,G,1331.0,S,7,908.0
7726,7726,8244_01,Earth,True,TRAPPIST-1e,27.0,False,1007.0,0.0,0.0,9.0,0.0,1016.0,0,8244,1,1,G,1337.0,P,7,1016.0
7727,7727,8247_01,Europa,True,TRAPPIST-1e,23.0,False,0.0,2984.0,23.0,686.0,173.0,3866.0,0,8247,1,1,D,258.0,P,0,3866.0
7728,7728,8248_01,Earth,True,TRAPPIST-1e,25.0,False,0.0,0.0,0.0,0.0,0.0,0.0,1,8248,2,0,G,1339.0,P,14,0.0
7729,7729,8248_02,Earth,True,PSO J318.5-22,72.0,False,309.0,0.0,0.0,0.0,463.0,772.0,0,8248,2,0,G,1339.0,P,14,772.0
7730,7730,8251_01,Earth,True,TRAPPIST-1e,35.0,False,0.0,0.0,0.0,0.0,0.0,0.0,1,8251,1,1,G,1332.0,S,3,0.0
7731,7731,8252_01,Earth,True,55 Cancri e,29.0,False,52.0,196.02702702702703,612.0,465.0,79.0,1208.0,0,8252,3,0,F,1699.0,P,4,1404.027027027027
7732,7732,8252_02,Earth,False,TRAPPIST-1e,11.0,False,0.0,0.0,0.0,0.0,0.0,0.0,1,8252,3,0,G,1341.0,P,4,0.0
7733,7733,8252_03,Earth,True,TRAPPIST-1e,7.0,False,0.0,0.0,0.0,0.0,0.0,0.0,1,8252,3,0,G,1341.0,P,4,0.0
7734,7734,8254_01,Mars,True,TRAPPIST-1e,29.0,False,0.0,0.0,0.0,0.0,0.0,0.0,1,8254,1,1,F,1700.0,P,9,0.0
7735,7735,8255_01,Earth,True,TRAPPIST-1e,28.0,False,0.0,1.0,12.0,875.0,0.0,888.0,0,8255,1,1,G,1333.0,S,10,888.0
7736,7736,8257_01,Mars,True,TRAPPIST-1e,41.0,False,396.0,0.0,653.0,0.0,0.0,1049.0,0,8257,1,1,E,529.0,P,7,1049.0
7737,7737,8259_01,Earth,True,TRAPPIST-1e,28.0,False,0.0,0.0,486.0,324.0,0.0,810.0,0,8259,1,1,G,1342.0,P,7,810.0
7738,7738,8260_01,Earth,True,55 Cancri e,19.0,False,84.0,4.0,4.0,629.0,0.0,721.0,0,8260,3,0,F,1582.0,S,6,721.0
7739,7739,8260_02,Earth,True,55 Cancri e,8.0,False,0.0,0.0,0.0,0.0,0.0,0.0,1,8260,3,0,G,1334.0,S,5,0.0
7740,7740,8260_03,Earth,True,55 Cancri e,4.0,False,0.0,0.0,0.0,0.0,0.0,0.0,1,8260,3,0,G,1334.0,S,6,0.0
7741,7741,8261_01,Earth,True,PSO J318.5-22,38.0,False,0.0,0.0,0.0,0.0,0.0,0.0,1,8261,1,1,G,1343.0,P,6,0.0
7742,7742,8264_01,Mars,True,TRAPPIST-1e,21.0,False,32.0,0.0,1008.0,0.0,0.0,1040.0,0,8264,1,1,F,1584.0,S,10,1040.0
7743,7743,8265_01,Earth,True,TRAPPIST-1e,18.0,False,0.0,0.0,0.0,0.0,0.0,0.0,1,8265,1,1,G,1344.0,P,3,0.0
7744,7744,8266_01,Earth,True,TRAPPIST-1e,10.0,False,0.0,0.0,0.0,0.0,0.0,0.0,1,8266,1,1,G,1345.0,P,12,0.0
7745,7745,8267_01,Mars,True,TRAPPIST-1e,29.0,False,304.0,0.0,48.0,946.0,0.0,1298.0,0,8267,2,0,E,530.0,P,6,1298.0
7746,7746,8267_02,Mars,True,TRAPPIST-1e,25.0,False,0.0,0.0,0.0,0.0,0.0,0.0,1,8267,2,0,F,1701.0,P,6,0.0
7747,7747,8268_01,Europa,True,TRAPPIST-1e,40.0,False,0.0,0.0,0.0,0.0,0.0,0.0,1,8268,2,0,B,321.0,S,4,0.0
7748,7748,8268_02,Europa,True,TRAPPIST-1e,19.0,False,0.0,3.0,0.0,918.0,2346.0,3267.0,0,8268,2,0,B,321.0,S,4,3267.0
7749,7749,8270_01,Mars,True,TRAPPIST-1e,38.0,False,86.0,1144.0,783.0,0.0,0.0,2013.0,0,8270,1,1,F,1702.0,P,4,2013.0
7750,7750,8271_01,Earth,True,TRAPPIST-1e,19.0,False,29.0,2633.0,0.0,0.0,124.0,2786.0,0,8271,1,1,F,1586.0,S,8,2786.0
7751,7751,8272_01,Mars,True,TRAPPIST-1e,0.0,False,0.0,0.0,0.0,0.0,0.0,0.0,1,8272,3,0,F,1587.0,S,7,0.0
7752,7752,8272_02,Mars,True,TRAPPIST-1e,4.0,False,0.0,0.0,0.0,0.0,0.0,0.0,1,8272,3,0,F,1587.0,S,7,0.0
7753,7753,8272_03,Mars,True,TRAPPIST-1e,29.0,False,0.0,0.0,0.0,0.0,0.0,0.0,1,8272,3,0,F,1587.0,S,7,0.0
7754,7754,8273_01,Earth,True,TRAPPIST-1e,46.0,False,0.0,0.0,0.0,369.0,515.0,884.0,0,8273,1,1,G,1346.0,P,11,884.0
7755,7755,8275_01,Mars,True,TRAPPIST-1e,32.0,False,0.0,0.0,0.0,0.0,0.0,0.0,1,8275,1,1,F,1588.0,S,8,0.0
7756,7756,8276_01,Europa,False,TRAPPIST-1e,26.0,False,0.0,0.0,0.0,0.0,0.0,0.0,1,8276,2,0,C,273.0,P,4,0.0
7757,7757,8276_02,Europa,True,TRAPPIST-1e,23.0,False,0.0,0.0,0.0,0.0,0.0,0.0,1,8276,2,0,C,273.0,P,6,0.0
7758,7758,8277_01,Earth,True,55 Cancri e,32.0,False,0.0,0.0,0.0,0.0,0.0,0.0,1,8277,1,1,G,1348.0,P,11,0.0
7759,7759,8279_01,Earth,True,TRAPPIST-1e,31.0,False,0.0,4334.0,55.0,56.0,110.25842696629213,4445.0,0,8279,1,1,G,1349.0,P,11,4555.258426966292
7760,7760,8280_01,Earth,True,TRAPPIST-1e,34.0,False,0.0,0.0,880.0,22.0,0.0,902.0,0,8280,1,1,F,1703.0,P,6,902.0
7761,7761,8281_01,Earth,True,TRAPPIST-1e,45.0,False,0.0,1.0,233.0,453.0,17.0,704.0,0,8281,1,1,F,1704.0,P,7,704.0
7762,7762,8282_01,Earth,True,TRAPPIST-1e,61.0,False,67.0,0.0,654.0,0.0,86.0,807.0,0,8282,1,1,G,1336.0,S,10,807.0
7763,7763,8287_01,Mars,True,TRAPPIST-1e,21.0,False,1242.0,0.0,654.0,0.0,0.0,1896.0,0,8287,1,1,E,542.0,S,4,1896.0
7764,7764,8288_01,Mars,True,TRAPPIST-1e,29.0,False,1852.0,0.0,870.0,0.0,7.0,2729.0,0,8288,2,0,D,259.0,P,9,2729.0
7765,7765,8288_02,Mars,True,TRAPPIST-1e,15.0,False,1150.0,0.0,175.0,1.0,11.0,1337.0,0,8288,2,0,F,1705.0,P,9,1337.0
7766,7766,8289_01,Earth,True,TRAPPIST-1e,14.0,False,0.0,0.0,0.0,0.0,0.0,0.0,1,8289,1,1,G,1350.0,P,6,0.0
7767,7767,8291_01,Earth,True,TRAPPIST-1e,18.0,False,0.0,0.0,0.0,0.0,0.0,0.0,1,8291,1,1,G,1339.0,S,5,0.0
7768,7768,8292_01,Europa,True,TRAPPIST-1e,39.0,False,0.0,0.0,0.0,0.0,0.0,0.0,1,8292,1,1,C,310.0,S,2,0.0
7769,7769,8294_01,Mars,True,TRAPPIST-1e,62.0,False,0.0,0.0,0.0,0.0,0.0,0.0,1,8294,1,1,E,543.0,S,0,0.0
7770,7770,8295_01,Mars,True,TRAPPIST-1e,40.0,False,1309.0,0.0,0.0,0.0,0.0,1309.0,0,8295,1,1,F,1591.0,S,7,1309.0
7771,7771,8297_01,Earth,True,TRAPPIST-1e,21.0,False,5.0,0.0,0.0,22.0,639.0,666.0,0,8297,1,1,F,1592.0,S,8,666.0
7772,7772,8298_01,Mars,True,TRAPPIST-1e,12.0,False,0.0,0.0,0.0,0.0,0.0,0.0,1,8298,1,1,F,1593.0,S,6,0.0
7773,7773,8300_01,Europa,True,TRAPPIST-1e,27.0,False,0.0,1637.8297872340424,0.0,1866.0,676.0,2542.0,0,8300,1,1,C,274.0,P,1,4179.829787234043
7774,7774,8301_01,Europa,True,TRAPPIST-1e,28.0,False,1722.0,5063.0,0.0,87.0,920.0,7792.0,0,8301,1,1,C,275.0,P,5,7792.0
7775,7775,8302_01,Earth,True,TRAPPIST-1e,0.0,False,0.0,0.0,0.0,0.0,0.0,0.0,1,8302,2,0,G,1340.0,S,10,0.0
7776,7776,8302_02,Earth,True,TRAPPIST-1e,17.0,False,4.0,0.0,867.0,0.0,0.0,871.0,0,8302,2,0,F,1594.0,S,10,871.0
7777,7777,8303_01,Mars,True,55 Cancri e,23.0,False,218.0,0.0,2267.0,497.0,0.0,2982.0,0,8303,1,1,F,1595.0,S,2,2982.0
7778,7778,8306_01,Earth,True,TRAPPIST-1e,6.0,False,0.0,0.0,0.0,0.0,0.0,0.0,1,8306,3,0,G,1351.0,P,4,0.0
7779,7779,8306_02,Earth,True,PSO J318.5-22,29.0,False,0.0,0.0,0.0,0.0,0.0,0.0,1,8306,3,0,G,1351.0,P,4,0.0
7780,7780,8306_03,Earth,True,TRAPPIST-1e,41.0,False,836.0,0.0,0.0,447.6111111111111,49.0,885.0,0,8306,3,0,G,1351.0,P,4,1332.611111111111
7781,7781,8307_01,Europa,True,55 Cancri e,27.0,True,0.0,1337.0,1929.0,0.0,0.0,3266.0,0,8307,2,0,A,100.0,S,3,3266.0
7782,7782,8307_02,Europa,True,TRAPPIST-1e,34.0,False,0.0,0.0,0.0,0.0,0.0,0.0,1,8307,2,0,A,100.0,S,3,0.0
7783,7783,8310_01,Europa,True,55 Cancri e,36.0,False,0.0,0.0,0.0,0.0,0.0,0.0,1,8310,1,1,E,545.0,S,1,0.0
7784,7784,8313_01,Earth,True,TRAPPIST-1e,30.0,False,467.0,0.0,0.0,0.0,287.0,754.0,0,8313,1,1,G,1341.0,S,13,754.0
7785,7785,8314_01,Europa,True,TRAPPIST-1e,30.0,False,0.0,640.0,0.0,31.0,6201.0,6872.0,0,8314,2,0,D,245.0,S,9,6872.0
7786,7786,8314_02,Europa,True,55 Cancri e,29.0,True,0.0,2949.0,0.0,2.0,654.0,3605.0,0,8314,2,0,D,245.0,S,9,3605.0
7787,7787,8315_01,Earth,True,TRAPPIST-1e,21.0,False,380.0,177.0,161.0,0.0,85.0,803.0,0,8315,1,1,F,1598.0,S,8,803.0
7788,7788,8316_01,Earth,True,55 Cancri e,21.0,False,532.0,4.0,37.0,1.0,0.0,574.0,0,8316,1,1,F,1709.0,P,7,574.0
7789,7789,8317_01,Earth,True,55 Cancri e,18.0,False,2.0,83.0,576.0,37.0,0.0,698.0,0,8317,1,1,F,1710.0,P,10,698.0
7790,7790,8318_01,Mars,True,TRAPPIST-1e,11.0,False,0.0,0.0,0.0,0.0,0.0,0.0,1,8318,4,0,F,1711.0,P,8,0.0
7791,7791,8318_02,Mars,True,TRAPPIST-1e,65.0,False,1399.0,0.0,0.0,0.0,0.0,1399.0,0,8318,4,0,F,1711.0,P,8,1399.0
7792,7792,8318_03,Mars,True,55 Cancri e,25.0,False,149.0,0.0,194.0,731.0,0.0,1074.0,0,8318,4,0,F,1711.0,P,8,1074.0
7793,7793,8318_04,Mars,True,55 Cancri e,0.0,False,0.0,0.0,0.0,0.0,0.0,0.0,1,8318,4,0,F,1711.0,P,8,0.0
7794,7794,8319_01,Earth,True,TRAPPIST-1e,24.0,False,0.0,0.0,729.0,153.4425087108014,75.0,804.0,0,8319,1,1,F,1712.0,P,8,957.4425087108013
7795,7795,8320_01,Earth,True,PSO J318.5-22,19.0,False,0.0,0.0,0.0,0.0,0.0,0.0,1,8320,1,1,G,1352.0,P,13,0.0
7796,7796,8321_01,Earth,True,TRAPPIST-1e,23.0,False,0.0,0.0,0.0,0.0,693.0,693.0,0,8321,1,1,F,1713.0,P,7,693.0
7797,7797,8322_01,Europa,True,PSO J318.5-22,45.0,True,508.5,49.0,0.0,4864.0,3902.0,8815.0,0,8322,2,0,C,289.0,S,3,9323.5
7798,7798,8322_02,Europa,True,55 Cancri e,52.0,False,0.0,0.0,0.0,0.0,0.0,0.0,1,8322,2,0,C,312.0,S,3,0.0
7799,7799,8323_01,Earth,True,PSO J318.5-22,55.0,False,0.0,465.0,277.0,48.0,0.0,790.0,0,8323,1,1,E,546.0,S,9,790.0
7800,7800,8324_01,Earth,True,PSO J318.5-22,24.0,False,0.0,0.0,0.0,0.0,0.0,0.0,1,8324,1,1,G,1353.0,P,12,0.0
7801,7801,8326_01,Earth,True,TRAPPIST-1e,31.0,False,773.0,0.0,0.0,126.09302325581395,1.0,774.0,0,8326,1,1,G,1354.0,P,6,900.0930232558139
7802,7802,8328_01,Earth,True,TRAPPIST-1e,18.0,False,0.0,0.0,0.0,0.0,0.0,0.0,1,8328,1,1,G,1356.0,P,3,0.0
7803,7803,8329_01,Earth,True,TRAPPIST-1e,22.0,False,0.0,0.0,0.0,0.0,0.0,0.0,1,8329,1,1,G,1357.0,P,3,0.0
7804,7804,8330_01,Earth,True,TRAPPIST-1e,39.0,False,799.0,0.0,0.0,4.0,0.0,803.0,0,8330,1,1,F,1600.0,S,7,803.0
7805,7805,8332_01,Earth,True,PSO J318.5-22,19.0,False,0.0,0.0,0.0,0.0,0.0,0.0,1,8332,1,1,G,1358.0,P,3,0.0
7806,7806,8333_01,Europa,True,55 Cancri e,33.0,False,988.0,0.0,0.0,2274.0,3098.0,6360.0,0,8333,1,1,C,313.0,S,5,6360.0
7807,7807,8334_01,Earth,True,PSO J318.5-22,14.0,False,0.0,0.0,0.0,0.0,0.0,0.0,1,8334,1,1,G,1359.0,P,10,0.0
7808,7808,8335_01,Mars,True,TRAPPIST-1e,30.0,False,697.0,0.0,602.0,0.0,0.0,1299.0,0,8335,1,1,E,531.0,P,10,1299.0
7809,7809,8336_01,Mars,True,TRAPPIST-1e,30.0,False,0.0,0.0,0.0,0.0,0.0,0.0,1,8336,1,1,E,547.0,S,5,0.0
7810,7810,8338_01,Mars,True,TRAPPIST-1e,21.0,False,0.0,0.0,0.0,0.0,0.0,0.0,1,8338,3,0,F,1716.0,P,7,0.0
7811,7811,8338_02,Mars,True,TRAPPIST-1e,45.0,False,506.0,0.0,2.0,829.0,0.0,1337.0,0,8338,3,0,F,1716.0,P,7,1337.0
7812,7812,8338_03,Mars,True,TRAPPIST-1e,17.0,False,0.0,0.0,0.0,0.0,0.0,0.0,1,8338,3,0,F,1716.0,P,7,0.0
7813,7813,8339_01,Europa,True,TRAPPIST-1e,39.0,False,0.0,261.0,51.395348837209305,1831.0,1797.0,3889.0,0,8339,2,0,D,246.0,S,9,3940.3953488372094
7814,7814,8339_02,Europa,True,TRAPPIST-1e,22.0,False,0.0,3716.0,0.0,1098.0,2065.0,6879.0,0,8339,2,0,D,246.0,S,9,6879.0
7815,7815,8341_01,Earth,True,TRAPPIST-1e,37.0,False,477.0,0.0,167.0,0.0,46.0,690.0,0,8341,1,1,F,1601.0,S,13,690.0
7816,7816,8342_01,Europa,True,TRAPPIST-1e,48.0,False,0.0,782.074074074074,0.0,408.0,293.0,701.0,0,8342,3,0,E,548.0,S,7,1483.074074074074
7817,7817,8342_02,Europa,True,TRAPPIST-1e,33.0,False,0.0,0.0,0.0,0.0,0.0,0.0,1,8342,3,0,E,548.0,S,7,0.0
7818,7818,8342_03,Europa,True,55 Cancri e,37.0,False,0.0,2215.0,2.0,1294.0,274.0,3785.0,0,8342,3,0,E,548.0,S,7,3785.0
7819,7819,8343_01,Earth,True,TRAPPIST-1e,27.0,False,1403.0,169.0,1081.0,0.0,0.0,2653.0,0,8343,1,1,F,1717.0,P,6,2653.0
7820,7820,8344_01,Mars,True,TRAPPIST-1e,29.0,False,0.0,0.0,0.0,0.0,0.0,0.0,1,8344,3,0,D,247.0,S,5,0.0
7821,7821,8344_02,Mars,True,TRAPPIST-1e,38.0,False,30.0,434.0,117.0,372.0,0.0,953.0,0,8344,3,0,D,247.0,S,5,953.0
7822,7822,8344_03,Mars,True,TRAPPIST-1e,16.0,False,0.0,0.0,0.0,0.0,0.0,0.0,1,8344,3,0,D,247.0,S,10,0.0
7823,7823,8345_01,Earth,True,PSO J318.5-22,18.0,False,0.0,0.0,1792.0,16.0,248.0,2056.0,0,8345,1,1,F,1602.0,S,9,2056.0
7824,7824,8346_01,Earth,True,TRAPPIST-1e,24.0,False,41.0,23.0,63.0,0.0,647.0,774.0,0,8346,1,1,F,1718.0,P,11,774.0
7825,7825,8348_01,Mars,True,TRAPPIST-1e,47.0,False,0.0,0.0,0.0,0.0,0.0,0.0,1,8348,1,1,E,532.0,P,6,0.0
7826,7826,8354_01,Europa,True,TRAPPIST-1e,15.0,False,0.0,0.0,0.0,0.0,0.0,0.0,1,8354,2,0,B,323.0,S,2,0.0
7827,7827,8354_02,Europa,True,TRAPPIST-1e,13.0,False,0.0,0.0,0.0,0.0,0.0,0.0,1,8354,2,0,B,323.0,S,2,0.0
7828,7828,8356_01,Earth,True,PSO J318.5-22,19.0,False,0.0,0.0,0.0,0.0,0.0,0.0,1,8356,1,1,G,1361.0,P,7,0.0
7829,7829,8360_01,Europa,True,TRAPPIST-1e,17.0,False,0.0,0.0,0.0,0.0,0.0,0.0,1,8360,2,0,B,326.0,S,6,0.0
7830,7830,8360_02,Europa,True,TRAPPIST-1e,31.0,False,0.0,0.0,0.0,0.0,0.0,0.0,1,8360,2,0,B,326.0,S,6,0.0
7831,7831,8362_01,Earth,True,TRAPPIST-1e,19.0,False,49.0,680.0,0.0,0.0,46.0,775.0,0,8362,1,1,F,1720.0,P,18,775.0
7832,7832,8363_01,Europa,True,55 Cancri e,25.0,False,0.0,1673.0,0.0,642.0,612.0,2927.0,0,8363,2,0,A,101.0,S,2,2927.0
7833,7833,8363_02,Europa,True,TRAPPIST-1e,26.0,False,0.0,690.0,1.0,1030.0,2273.0,3994.0,0,8363,2,0,A,101.0,S,2,3994.0
7834,7834,8365_01,Earth,True,55 Cancri e,25.0,False,0.0,0.0,0.0,0.0,0.0,0.0,1,8365,1,1,G,1363.0,P,5,0.0
7835,7835,8366_01,Earth,True,TRAPPIST-1e,2.0,False,0.0,0.0,0.0,0.0,0.0,0.0,1,8366,5,0,G,1364.0,P,6,0.0
7836,7836,8366_02,Earth,True,TRAPPIST-1e,7.0,False,0.0,0.0,0.0,0.0,0.0,0.0,1,8366,5,0,G,1355.0,P,6,0.0
7837,7837,8366_03,Earth,True,TRAPPIST-1e,2.0,False,0.0,0.0,0.0,0.0,0.0,0.0,1,8366,5,0,G,1364.0,P,5,0.0
7838,7838,8366_04,Earth,True,TRAPPIST-1e,19.0,False,0.0,0.0,0.0,171.25862068965517,616.0,616.0,0,8366,5,0,G,1364.0,P,6,787.2586206896551
7839,7839,8366_05,Earth,False,TRAPPIST-1e,1.0,False,0.0,0.0,0.0,0.0,0.0,0.0,1,8366,5,0,G,1364.0,P,6,0.0
7840,7840,8368_01,Earth,True,TRAPPIST-1e,4.0,False,0.0,0.0,0.0,0.0,0.0,0.0,1,8368,2,0,G,1365.0,P,6,0.0
7841,7841,8368_02,Earth,True,55 Cancri e,49.0,False,336.0,64.0,377.0,0.0,0.0,777.0,0,8368,2,0,F,1721.0,P,6,777.0
7842,7842,8369_01,Mars,True,TRAPPIST-1e,61.0,False,0.0,0.0,0.0,0.0,0.0,0.0,1,8369,2,0,F,1604.0,S,5,0.0
7843,7843,8369_02,Mars,True,TRAPPIST-1e,57.0,True,435.0,22.0,1435.0,4.0,0.0,1896.0,0,8369,2,0,E,549.0,S,5,1896.0
7844,7844,8371_01,Earth,True,55 Cancri e,52.0,False,0.0,0.0,638.0,115.0,0.0,753.0,0,8371,1,1,F,1605.0,S,5,753.0
7845,7845,8373_01,Earth,True,TRAPPIST-1e,22.0,False,1.0,2.0,243.0,0.0,484.0,730.0,0,8373,1,1,F,1606.0,S,4,730.0
7846,7846,8374_01,Europa,True,55 Cancri e,37.0,False,0.0,0.0,0.0,0.0,0.0,0.0,1,8374,1,1,C,291.0,P,5,0.0
7847,7847,8375_01,Earth,True,PSO J318.5-22,15.0,False,64.0,0.0,0.0,0.0,640.0,704.0,0,8375,1,1,G,1356.0,P,11,704.0
7848,7848,8376_01,Mars,True,TRAPPIST-1e,28.0,False,0.0,0.0,0.0,0.0,0.0,0.0,1,8376,1,1,F,1607.0,S,8,0.0
7849,7849,8377_01,Mars,True,TRAPPIST-1e,40.0,False,963.0,14.0,320.0,1.0,0.0,1298.0,0,8377,1,1,E,537.0,P,4,1298.0
7850,7850,8378_01,Earth,True,TRAPPIST-1e,13.0,False,0.0,0.0,505.0,2810.0,9.0,3324.0,0,8378,1,1,F,1608.0,S,4,3324.0
7851,7851,8379_01,Earth,True,TRAPPIST-1e,24.0,False,462.0,0.0,0.0,0.0,240.0,702.0,0,8379,1,1,F,1609.0,S,6,702.0
7852,7852,8380_01,Earth,True,PSO J318.5-22,25.0,False,0.0,0.0,0.0,0.0,0.0,0.0,1,8380,1,1,G,1367.0,P,7,0.0
7853,7853,8381_01,Earth,True,TRAPPIST-1e,25.0,False,0.0,0.0,0.0,788.0,3.0,791.0,0,8381,1,1,E,550.0,S,9,791.0
7854,7854,8382_01,Europa,True,TRAPPIST-1e,43.0,False,0.0,7269.0,0.0,2750.0,2367.0,12386.0,0,8382,1,1,C,277.0,P,0,12386.0
7855,7855,8383_01,Earth,True,TRAPPIST-1e,46.0,False,0.0,0.0,0.0,0.0,0.0,0.0,1,8383,7,0,G,1368.0,P,17,0.0
7856,7856,8383_02,Earth,True,TRAPPIST-1e,3.0,False,0.0,0.0,0.0,0.0,0.0,0.0,1,8383,7,0,G,1368.0,P,17,0.0
7857,7857,8383_03,Earth,True,TRAPPIST-1e,3.0,False,0.0,0.0,0.0,0.0,0.0,0.0,1,8383,7,0,G,1368.0,P,17,0.0
7858,7858,8383_04,Earth,True,TRAPPIST-1e,3.0,False,0.0,0.0,0.0,0.0,0.0,0.0,1,8383,7,0,G,1368.0,P,17,0.0
7859,7859,8383_05,Earth,True,TRAPPIST-1e,8.0,False,0.0,0.0,0.0,0.0,0.0,0.0,1,8383,7,0,G,1368.0,P,17,0.0
7860,7860,8383_06,Earth,True,TRAPPIST-1e,57.0,False,0.0,839.0,1.0,0.0,2.0,842.0,0,8383,7,0,G,1368.0,P,17,842.0
7861,7861,8383_07,Earth,True,TRAPPIST-1e,11.0,False,0.0,0.0,0.0,0.0,0.0,0.0,1,8383,7,0,G,1368.0,P,17,0.0
7862,7862,8384_01,Earth,True,TRAPPIST-1e,20.0,False,0.0,0.0,0.0,1535.0,0.0,1535.0,0,8384,1,1,F,1722.0,P,7,1535.0
7863,7863,8386_01,Earth,True,55 Cancri e,27.0,False,0.0,1283.0,0.0,2256.0,0.0,3539.0,0,8386,1,1,G,1369.0,P,9,3539.0
7864,7864,8388_01,Earth,True,TRAPPIST-1e,20.0,False,781.0,0.0,33.0,183.44298245614036,0.0,814.0,0,8388,1,1,F,1724.0,P,9,997.4429824561404
7865,7865,8390_01,Earth,True,PSO J318.5-22,14.0,False,0.0,0.0,0.0,0.0,0.0,0.0,1,8390,1,1,G,1370.0,P,12,0.0
7866,7866,8392_01,Earth,True,PSO J318.5-22,24.0,False,86.0,669.0,1.0,0.0,0.0,756.0,0,8392,1,1,F,1610.0,S,10,756.0
7867,7867,8393_01,Earth,True,TRAPPIST-1e,21.0,False,163.0,146.0,54.0,245.0,95.0,703.0,0,8393,1,1,F,1725.0,P,8,703.0
7868,7868,8394_01,Europa,True,55 Cancri e,33.0,True,9.0,1365.0,0.0,5577.0,1483.0,8434.0,0,8394,1,1,B,276.0,P,2,8434.0
7869,7869,8395_01,Europa,True,TRAPPIST-1e,32.0,False,0.0,13.0,0.0,2148.0,319.0,2480.0,0,8395,1,1,D,260.0,P,4,2480.0
7870,7870,8397_01,Earth,True,PSO J318.5-22,22.0,False,2.0,104.0,404.0,0.0,0.0,510.0,0,8397,1,1,G,1371.0,P,12,510.0
7871,7871,8398_01,Europa,True,TRAPPIST-1e,15.0,False,0.0,0.0,0.0,0.0,0.0,0.0,1,8398,2,0,B,329.0,S,3,0.0
7872,7872,8398_02,Europa,True,TRAPPIST-1e,41.0,False,0.0,0.0,0.0,0.0,0.0,0.0,1,8398,2,0,B,329.0,S,3,0.0
7873,7873,8401_01,Europa,True,55 Cancri e,31.0,False,0.0,0.0,0.0,0.0,0.0,0.0,1,8401,1,1,C,315.0,S,7,0.0
7874,7874,8403_01,Europa,True,55 Cancri e,35.0,False,0.0,0.0,0.0,0.0,0.0,0.0,1,8403,1,1,C,316.0,S,5,0.0
7875,7875,8404_01,Earth,True,TRAPPIST-1e,48.0,False,0.0,0.0,0.0,0.0,0.0,0.0,1,8404,2,0,G,1346.0,S,7,0.0
7876,7876,8404_02,Earth,True,TRAPPIST-1e,15.0,False,0.0,0.0,0.0,0.0,0.0,0.0,1,8404,2,0,G,1346.0,S,7,0.0
7877,7877,8405_01,Earth,True,TRAPPIST-1e,37.0,False,0.0,0.0,1025.0,0.0,0.0,1025.0,0,8405,1,1,G,1372.0,P,4,1025.0
7878,7878,8406_01,Mars,True,TRAPPIST-1e,21.0,False,1214.0,179.0,566.0,60.45454545454545,619.0,2578.0,0,8406,1,1,D,250.0,S,6,2638.4545454545455
7879,7879,8407_01,Earth,True,TRAPPIST-1e,34.0,False,44.0,1290.0,51.0,0.0,9.0,1394.0,0,8407,1,1,F,1613.0,S,6,1394.0
7880,7880,8409_01,Earth,True,TRAPPIST-1e,19.0,False,0.0,0.0,0.0,0.0,0.0,0.0,1,8409,1,1,G,1373.0,P,8,0.0
7881,7881,8410_01,Earth,True,TRAPPIST-1e,52.0,False,289.0,302.0,0.0,112.0,0.0,703.0,0,8410,1,1,F,1615.0,S,6,703.0
7882,7882,8411_01,Earth,True,TRAPPIST-1e,15.0,False,0.0,3137.0,0.0,0.0,0.0,3137.0,0,8411,1,1,F,1726.0,P,9,3137.0
7883,7883,8414_01,Earth,True,TRAPPIST-1e,24.0,False,0.0,171.0,591.0,22.0,0.0,784.0,0,8414,1,1,G,1374.0,P,6,784.0
7884,7884,8416_01,Earth,True,TRAPPIST-1e,45.0,False,0.0,0.0,635.0,2.0,0.0,637.0,0,8416,1,1,E,553.0,S,9,637.0
7885,7885,8418_01,Europa,True,55 Cancri e,13.0,False,0.0,0.0,0.0,0.0,0.0,0.0,1,8418,2,0,B,330.0,S,4,0.0
7886,7886,8418_02,Europa,True,TRAPPIST-1e,18.0,False,0.0,0.0,0.0,206.0,2684.0,2890.0,0,8418,2,0,B,330.0,S,4,2890.0
7887,7887,8419_01,Earth,True,TRAPPIST-1e,19.0,False,0.0,168.0,481.0,0.0,0.0,649.0,0,8419,2,0,F,1618.0,S,6,649.0
7888,7888,8419_02,Earth,True,TRAPPIST-1e,20.0,False,0.0,0.0,0.0,0.0,0.0,0.0,1,8419,2,0,G,1349.0,S,6,0.0
7889,7889,8420_01,Earth,True,TRAPPIST-1e,20.0,False,4210.0,4.0,0.0,58.0,0.0,4272.0,0,8420,1,1,E,554.0,S,10,4272.0
7890,7890,8421_01,Earth,True,TRAPPIST-1e,27.0,False,1.0,30.0,739.0,0.0,33.0,803.0,0,8421,1,1,F,1619.0,S,9,803.0
7891,7891,8423_01,Earth,True,TRAPPIST-1e,22.0,False,0.0,0.0,6.0,0.0,733.0,739.0,0,8423,1,1,F,1620.0,S,8,739.0
7892,7892,8427_01,Earth,True,PSO J318.5-22,17.0,False,0.0,0.0,0.0,0.0,0.0,0.0,1,8427,1,1,G,1376.0,P,6,0.0
7893,7893,8429_01,Earth,True,55 Cancri e,23.0,False,0.0,0.0,0.0,0.0,0.0,0.0,1,8429,1,1,G,1351.0,S,5,0.0
7894,7894,8430_01,Earth,True,TRAPPIST-1e,29.0,False,324.0,0.0,546.0,0.0,0.0,870.0,0,8430,1,1,F,1621.0,S,6,870.0
7895,7895,8431_01,Europa,True,55 Cancri e,24.0,False,0.0,0.0,0.0,0.0,0.0,0.0,1,8431,2,0,B,277.0,P,9,0.0
7896,7896,8431_02,Europa,True,55 Cancri e,26.0,False,1.0,4680.0,25.0,564.0,13.0,5283.0,0,8431,2,0,B,277.0,P,9,5283.0
7897,7897,8432_01,Earth,True,TRAPPIST-1e,36.0,False,0.0,0.0,0.0,0.0,0.0,0.0,1,8432,1,1,G,1377.0,P,11,0.0
7898,7898,8433_01,Earth,True,TRAPPIST-1e,25.0,False,341.0,608.0,2.0,2.0,16.0,969.0,0,8433,1,1,F,1729.0,P,6,969.0
7899,7899,8437_01,Earth,True,PSO J318.5-22,36.0,False,52.0,0.0,132.0,334.0,176.0,694.0,0,8437,1,1,G,1366.0,Z,5,694.0
7900,7900,8438_01,Mars,True,TRAPPIST-1e,32.0,False,725.0,0.0,1641.0,0.0,0.0,2366.0,0,8438,1,1,F,1624.0,S,4,2366.0
7901,7901,8441_01,Earth,True,55 Cancri e,16.0,False,0.0,0.0,0.0,0.0,0.0,0.0,1,8441,1,1,G,1352.0,S,9,0.0
7902,7902,8442_01,Mars,True,TRAPPIST-1e,32.0,False,857.0,158.0,0.0,33.0,0.0,1048.0,0,8442,1,1,E,540.0,P,4,1048.0
7903,7903,8444_01,Earth,True,TRAPPIST-1e,48.0,False,0.0,1570.0,1.0,0.0,2.0,1573.0,0,8444,1,1,F,1733.0,P,13,1573.0
7904,7904,8447_01,Earth,True,TRAPPIST-1e,25.0,False,1.0,0.0,1.0,14.0,1491.0,1507.0,0,8447,1,1,F,1734.0,P,7,1507.0
7905,7905,8448_01,Europa,True,55 Cancri e,46.0,False,0.0,0.0,0.0,0.0,0.0,0.0,1,8448,1,1,B,278.0,P,2,0.0
7906,7906,8449_01,Europa,True,55 Cancri e,32.0,False,0.0,2154.0,0.0,9655.0,859.0,12668.0,0,8449,2,0,C,317.0,S,4,12668.0
7907,7907,8449_02,Europa,True,TRAPPIST-1e,50.0,False,0.0,3070.0,0.0,44.0,562.0,3676.0,0,8449,2,0,C,317.0,S,4,3676.0
7908,7908,8451_01,Mars,True,55 Cancri e,31.0,False,1997.0,0.0,0.0,0.0,0.0,1997.0,0,8451,2,0,F,1625.0,S,7,1997.0
7909,7909,8451_02,Mars,True,TRAPPIST-1e,27.0,False,0.0,0.0,0.0,0.0,0.0,0.0,1,8451,2,0,F,1625.0,S,7,0.0
7910,7910,8452_01,Europa,True,55 Cancri e,52.0,True,0.0,831.0,1536.0,0.0,7953.0,10320.0,0,8452,4,0,C,279.0,P,5,10320.0
7911,7911,8452_02,Europa,True,TRAPPIST-1e,34.0,False,0.0,0.0,0.0,0.0,0.0,0.0,1,8452,4,0,C,279.0,P,5,0.0
7912,7912,8452_03,Europa,True,55 Cancri e,40.0,False,0.0,0.0,0.0,0.0,0.0,0.0,1,8452,4,0,C,279.0,P,5,0.0
7913,7913,8452_04,Europa,True,TRAPPIST-1e,36.0,False,0.0,1055.0,18.0,1669.0,49.0,2791.0,0,8452,4,0,C,279.0,P,5,2791.0
7914,7914,8454_01,Earth,True,TRAPPIST-1e,19.0,False,112.0,0.0,265.0,396.0,0.0,773.0,0,8454,1,1,G,1354.0,S,9,773.0
7915,7915,8456_01,Europa,True,55 Cancri e,33.0,False,0.0,0.0,0.0,0.0,0.0,0.0,1,8456,1,1,C,280.0,P,6,0.0
7916,7916,8457_01,Earth,True,TRAPPIST-1e,23.0,False,29.0,0.0,173.739837398374,332.0,270.0,631.0,0,8457,1,1,F,1627.0,S,10,804.739837398374
7917,7917,8458_01,Europa,True,55 Cancri e,57.0,False,0.0,4301.0,31.0,665.0,6329.0,11326.0,0,8458,6,0,C,319.0,S,5,11326.0
7918,7918,8458_02,Europa,True,55 Cancri e,24.0,False,0.0,0.0,0.0,0.0,0.0,0.0,1,8458,6,0,C,319.0,S,5,0.0
7919,7919,8458_03,Europa,True,55 Cancri e,19.0,False,0.0,0.0,0.0,0.0,0.0,0.0,1,8458,6,0,C,319.0,S,5,0.0
7920,7920,8458_04,Europa,True,TRAPPIST-1e,54.0,False,0.0,0.0,0.0,0.0,0.0,0.0,1,8458,6,0,C,319.0,S,5,0.0
7921,7921,8458_05,Europa,True,TRAPPIST-1e,28.0,False,1004.0,2423.0,0.0,0.0,17.0,3444.0,0,8458,6,0,C,319.0,S,5,3444.0
7922,7922,8458_06,Europa,True,TRAPPIST-1e,26.0,True,1.0,5610.0,0.0,5.0,119.0,5735.0,0,8458,6,0,C,319.0,S,5,5735.0
7923,7923,8459_01,Earth,True,PSO J318.5-22,43.0,False,0.0,0.0,0.0,0.0,0.0,0.0,1,8459,1,1,G,1355.0,S,3,0.0
7924,7924,8460_01,Earth,True,TRAPPIST-1e,39.0,False,0.0,21.0,63.0,677.0,0.0,761.0,0,8460,1,1,F,1628.0,S,6,761.0
7925,7925,8462_01,Earth,True,TRAPPIST-1e,21.0,False,32.0,640.0,0.0,0.0,0.0,672.0,0,8462,1,1,F,1629.0,S,7,672.0
7926,7926,8463_01,Earth,True,55 Cancri e,24.0,False,0.0,0.0,608.0,37.0,0.0,645.0,0,8463,1,1,F,1630.0,S,10,645.0
7927,7927,8465_01,Mars,True,TRAPPIST-1e,35.0,False,0.0,0.0,0.0,0.0,0.0,0.0,1,8465,2,0,E,542.0,P,6,0.0
7928,7928,8465_02,Mars,True,TRAPPIST-1e,61.0,False,0.0,0.0,0.0,0.0,0.0,0.0,1,8465,2,0,F,1736.0,P,6,0.0
7929,7929,8466_01,Earth,True,TRAPPIST-1e,21.0,False,0.0,5.0,0.0,687.0,10.0,702.0,0,8466,1,1,F,1737.0,P,5,702.0
7930,7930,8467_01,Earth,True,55 Cancri e,14.0,False,0.0,0.0,0.0,0.0,0.0,0.0,1,8467,1,1,G,1379.0,P,10,0.0
7931,7931,8468_01,Mars,True,55 Cancri e,38.0,False,1161.0,0.0,19.0,0.0,0.0,1180.0,0,8468,1,1,D,263.0,P,11,1180.0
7932,7932,8469_01,Earth,True,55 Cancri e,23.0,False,0.0,0.0,0.0,0.0,0.0,0.0,1,8469,1,1,G,1356.0,S,4,0.0
7933,7933,8470_01,Europa,True,55 Cancri e,31.0,True,8243.0,280.0,0.0,3220.0,2285.0,14028.0,0,8470,1,1,C,281.0,P,7,14028.0
7934,7934,8471_01,Europa,True,55 Cancri e,66.0,True,0.0,1828.0,1.0,1873.0,45.0,3747.0,0,8471,1,1,E,556.0,S,3,3747.0
7935,7935,8472_01,Earth,True,TRAPPIST-1e,56.0,False,0.0,0.0,0.0,0.0,0.0,0.0,1,8472,1,1,G,1380.0,P,8,0.0
7936,7936,8474_01,Earth,True,55 Cancri e,21.0,False,39.0,53.0,94.0,33.0,518.0,737.0,0,8474,1,1,F,1632.0,S,9,737.0
7937,7937,8475_01,Europa,True,55 Cancri e,49.0,False,0.0,2808.0,1083.0,110.0,1132.0,5133.0,0,8475,2,0,B,331.0,S,4,5133.0
7938,7938,8475_02,Europa,True,55 Cancri e,21.0,False,2.0,4887.0,64.0,4952.0,1734.0,11639.0,0,8475,2,0,B,331.0,S,4,11639.0
7939,7939,8476_01,Mars,True,TRAPPIST-1e,27.0,False,244.0,0.0,492.0,297.0,23.0,1056.0,0,8476,1,1,D,252.0,S,12,1056.0
7940,7940,8477_01,Earth,True,TRAPPIST-1e,23.0,False,0.0,1.0,51.0,1711.0,219.0,1982.0,0,8477,1,1,F,1633.0,S,10,1982.0
7941,7941,8479_01,Earth,True,TRAPPIST-1e,27.0,False,0.0,0.0,0.0,716.0,0.0,716.0,0,8479,1,1,F,1738.0,P,11,716.0
7942,7942,8480_01,Earth,True,TRAPPIST-1e,49.0,False,188.0,0.0,143.0,1443.0,555.0,2329.0,0,8480,2,0,G,1382.0,P,11,2329.0
7943,7943,8480_02,Earth,True,TRAPPIST-1e,38.0,False,0.0,847.0,3.0,34.0,0.0,884.0,0,8480,2,0,G,1382.0,P,11,884.0
7944,7944,8481_01,Europa,True,TRAPPIST-1e,60.0,False,0.0,0.0,0.0,0.0,0.0,0.0,1,8481,1,1,B,332.0,S,4,0.0
7945,7945,8482_01,Earth,True,55 Cancri e,47.0,False,0.0,0.0,0.0,0.0,0.0,0.0,1,8482,1,1,G,1358.0,S,8,0.0
7946,7946,8483_01,Europa,True,TRAPPIST-1e,29.0,True,0.0,0.0,0.0,0.0,0.0,0.0,1,8483,1,1,D,253.0,S,2,0.0
7947,7947,8486_01,Earth,True,TRAPPIST-1e,19.0,False,0.0,0.0,0.0,0.0,0.0,0.0,1,8486,1,1,G,1360.0,S,9,0.0
7948,7948,8487_01,Europa,True,55 Cancri e,32.0,True,65.0,3698.0,0.0,88.0,9811.0,9964.0,0,8487,1,1,C,282.0,P,5,13662.0
7949,7949,8489_01,Earth,True,PSO J318.5-22,22.0,False,0.0,0.0,0.0,0.0,0.0,0.0,1,8489,1,1,G,1383.0,P,3,0.0
7950,7950,8491_01,Mars,True,55 Cancri e,35.0,False,319.0,0.0,6331.0,8.0,0.0,6658.0,0,8491,1,1,F,1635.0,S,7,6658.0
7951,7951,8492_01,Earth,True,TRAPPIST-1e,28.0,False,0.0,62.0,3.0,667.0,0.0,732.0,0,8492,1,1,F,1740.0,P,9,732.0
7952,7952,8493_01,Earth,True,PSO J318.5-22,22.0,False,0.0,0.0,0.0,0.0,0.0,0.0,1,8493,1,1,G,1384.0,P,4,0.0
7953,7953,8494_01,Mars,True,TRAPPIST-1e,42.0,False,770.0,0.0,1301.0,34.23809523809524,0.0,2071.0,0,8494,1,1,E,543.0,P,5,2105.2380952380954
7954,7954,8495_01,Europa,True,55 Cancri e,37.0,False,18.0,4754.0,1.0,1254.0,2.0,6029.0,0,8495,1,1,C,283.0,P,1,6029.0
7955,7955,8500_01,Mars,True,TRAPPIST-1e,31.0,False,49.0,322.0,977.0,0.0,0.0,1348.0,0,8500,1,1,F,1743.0,P,11,1348.0
7956,7956,8502_01,Mars,True,TRAPPIST-1e,33.0,True,1264.0,1787.0,36.0,473.0,337.0,3897.0,0,8502,1,1,D,254.0,S,11,3897.0
7957,7957,8503_01,Europa,True,TRAPPIST-1e,48.0,False,3784.0,917.0,146.0,1770.0,880.0,7497.0,0,8503,3,0,B,279.0,P,8,7497.0
7958,7958,8503_02,Europa,True,TRAPPIST-1e,31.0,False,0.0,529.0,0.0,1008.0408163265306,3884.0,4413.0,0,8503,3,0,B,279.0,P,8,5421.040816326531
7959,7959,8503_03,Europa,True,55 Cancri e,18.0,False,0.0,0.0,0.0,0.0,0.0,0.0,1,8503,3,0,B,279.0,P,8,0.0
7960,7960,8504_01,Earth,True,TRAPPIST-1e,44.0,False,0.0,0.0,2036.0,2.0,1.0,2039.0,0,8504,2,0,F,1744.0,P,4,2039.0
7961,7961,8504_02,Earth,True,55 Cancri e,22.0,False,0.0,0.0,0.0,0.0,0.0,0.0,1,8504,2,0,G,1385.0,P,4,0.0
7962,7962,8506_01,Earth,True,TRAPPIST-1e,18.0,False,490.0,0.0,54.0,195.0,0.0,739.0,0,8506,1,1,F,1746.0,P,13,739.0
7963,7963,8508_01,Mars,True,TRAPPIST-1e,48.0,False,0.0,0.0,0.0,0.0,0.0,0.0,1,8508,3,0,F,1747.0,P,7,0.0
7964,7964,8508_02,Mars,True,TRAPPIST-1e,2.0,False,0.0,0.0,0.0,0.0,0.0,0.0,1,8508,3,0,F,1747.0,P,7,0.0
7965,7965,8508_03,Mars,True,TRAPPIST-1e,0.0,False,0.0,0.0,0.0,0.0,0.0,0.0,1,8508,3,0,F,1747.0,P,7,0.0
7966,7966,8509_01,Earth,True,TRAPPIST-1e,43.0,False,21.0,0.0,863.0,0.0,0.0,884.0,0,8509,1,1,G,1364.0,S,3,884.0
7967,7967,8511_01,Earth,True,PSO J318.5-22,51.0,False,590.0,28.0,73.0,0.0,82.0,773.0,0,8511,1,1,G,1365.0,S,6,773.0
7968,7968,8512_01,Earth,True,55 Cancri e,48.0,False,0.0,717.0,0.0,0.0,10.0,727.0,0,8512,1,1,F,1637.0,S,2,727.0
7969,7969,8514_01,Mars,True,TRAPPIST-1e,51.0,False,870.0,28.0,278.0,154.0,1288.0,2618.0,0,8514,1,1,F,1748.0,P,10,2618.0
7970,7970,8516_01,Earth,True,TRAPPIST-1e,20.0,False,189.30973451327435,0.0,0.0,327.0,0.0,327.0,0,8516,1,1,F,1750.0,P,8,516.3097345132744
7971,7971,8521_01,Europa,True,TRAPPIST-1e,41.0,False,0.0,0.0,0.0,0.0,0.0,0.0,1,8521,1,1,A,102.0,S,2,0.0
7972,7972,8522_01,Earth,True,TRAPPIST-1e,27.0,False,3.0,184.26168224299064,10.0,4.0,855.0,872.0,0,8522,1,1,F,1751.0,P,9,1056.2616822429907
7973,7973,8523_01,Europa,True,55 Cancri e,56.0,False,53.0,3033.0,0.0,140.0,6102.0,9328.0,0,8523,1,1,C,320.0,S,4,9328.0
7974,7974,8524_01,Europa,True,55 Cancri e,26.0,False,0.0,0.0,0.0,0.0,0.0,0.0,1,8524,1,1,B,333.0,S,3,0.0
7975,7975,8528_01,Earth,True,TRAPPIST-1e,21.0,False,11.0,0.0,0.0,839.0,0.0,850.0,0,8528,1,1,G,1369.0,S,5,850.0
7976,7976,8530_01,Mars,True,TRAPPIST-1e,31.0,False,2502.0,0.0,44.0,23.0,29.0,2598.0,0,8530,1,1,F,1640.0,S,6,2598.0
7977,7977,8535_01,Earth,True,55 Cancri e,23.0,False,348.0,210.0,0.0,0.0,1.0,559.0,0,8535,1,1,F,1642.0,S,11,559.0
7978,7978,8536_01,Europa,True,55 Cancri e,28.0,False,0.0,101.0,0.0,0.0,12143.0,12244.0,0,8536,1,1,E,559.0,S,5,12244.0
7979,7979,8537_01,Mars,True,TRAPPIST-1e,40.0,False,0.0,0.0,0.0,0.0,0.0,0.0,1,8537,3,0,F,1643.0,S,7,0.0
7980,7980,8537_02,Mars,True,TRAPPIST-1e,39.0,False,5327.0,0.0,290.0,0.0,0.0,5617.0,0,8537,3,0,F,1643.0,S,7,5617.0
7981,7981,8537_03,Mars,True,TRAPPIST-1e,16.0,False,0.0,0.0,0.0,0.0,0.0,0.0,1,8537,3,0,F,1643.0,S,7,0.0
7982,7982,8539_01,Earth,True,TRAPPIST-1e,20.0,False,59.0,29.0,27.0,183.44298245614036,0.0,115.0,0,8539,1,1,G,1372.0,S,9,298.4429824561404
7983,7983,8540_01,Earth,True,TRAPPIST-1e,24.0,False,686.0,0.0,13.0,0.0,0.0,699.0,0,8540,1,1,F,1645.0,S,12,699.0
7984,7984,8541_01,Mars,True,TRAPPIST-1e,45.0,True,1093.0,950.0,341.0,0.0,0.0,2384.0,0,8541,2,0,D,266.0,P,5,2384.0
7985,7985,8541_02,Mars,True,55 Cancri e,33.0,False,1914.0,5.0,0.0,0.0,228.0,2147.0,0,8541,2,0,D,266.0,P,5,2147.0
7986,7986,8542_01,Mars,True,TRAPPIST-1e,19.0,False,0.0,0.0,0.0,0.0,0.0,0.0,1,8542,1,1,E,544.0,P,10,0.0
7987,7987,8544_01,Earth,True,TRAPPIST-1e,15.0,False,114.0,161.0,22.0,419.0,0.0,716.0,0,8544,1,1,F,1647.0,S,4,716.0
7988,7988,8545_01,Earth,True,TRAPPIST-1e,18.0,False,0.0,0.0,7.0,717.0,0.0,724.0,0,8545,1,1,F,1753.0,P,9,724.0
7989,7989,8548_01,Earth,True,TRAPPIST-1e,21.0,False,129.0,106.0,280.0,183.0,18.0,716.0,0,8548,1,1,F,1755.0,P,0,716.0
7990,7990,8549_01,Mars,True,TRAPPIST-1e,37.0,False,0.0,0.0,0.0,0.0,0.0,0.0,1,8549,1,1,F,1648.0,S,7,0.0
7991,7991,8551_01,Europa,True,TRAPPIST-1e,53.0,False,0.0,847.0,294.0,630.0,2060.0,3537.0,0,8551,1,1,D,257.0,S,7,3831.0
7992,7992,8552_01,Mars,True,TRAPPIST-1e,19.0,False,0.0,0.0,0.0,0.0,0.0,0.0,1,8552,2,0,E,545.0,P,9,0.0
7993,7993,8552_02,Mars,True,TRAPPIST-1e,17.0,False,387.0,0.0,28.0,2183.0,0.0,2598.0,0,8552,2,0,F,1756.0,P,9,2598.0
7994,7994,8554_01,Earth,True,PSO J318.5-22,58.0,False,487.0,0.0,195.0,0.0,7.0,689.0,0,8554,1,1,E,547.0,P,11,689.0
7995,7995,8556_01,Europa,True,TRAPPIST-1e,18.0,False,0.0,1878.0,0.0,18572.0,10028.0,30478.0,0,8556,2,0,B,280.0,P,2,30478.0
7996,7996,8556_02,Europa,True,55 Cancri e,25.0,True,0.0,3978.0,0.0,266.0,597.0,4841.0,0,8556,2,0,B,280.0,P,2,4841.0
7997,7997,8557_01,Europa,True,TRAPPIST-1e,39.0,False,0.0,0.0,0.0,0.0,0.0,0.0,1,8557,2,0,B,334.0,S,8,0.0
7998,7998,8557_02,Europa,True,55 Cancri e,40.0,False,0.0,0.0,0.0,0.0,0.0,0.0,1,8557,2,0,B,334.0,S,8,0.0
7999,7999,8559_01,Mars,True,TRAPPIST-1e,27.0,True,3.0,952.0,208.0,951.0,0.0,2114.0,0,8559,3,0,E,548.0,P,11,2114.0
8000,8000,8559_02,Mars,True,TRAPPIST-1e,3.0,False,0.0,0.0,0.0,0.0,0.0,0.0,1,8559,3,0,F,1758.0,P,11,0.0
8001,8001,8559_03,Mars,True,TRAPPIST-1e,18.0,False,0.0,0.0,0.0,0.0,0.0,0.0,1,8559,3,0,F,1758.0,P,11,0.0
8002,8002,8560_01,Earth,True,55 Cancri e,18.0,False,0.0,0.0,0.0,0.0,0.0,0.0,1,8560,1,1,G,1391.0,P,8,0.0
8003,8003,8561_01,Earth,True,PSO J318.5-22,29.0,False,0.0,0.0,0.0,0.0,0.0,0.0,1,8561,1,1,G,1375.0,S,4,0.0
8004,8004,8566_01,Earth,True,TRAPPIST-1e,22.0,False,3.0,214.0,0.0,0.0,591.0,808.0,0,8566,1,1,G,1392.0,P,8,808.0
8005,8005,8569_01,Europa,True,TRAPPIST-1e,34.0,False,0.0,3636.0,0.0,70.0,27.0,3733.0,0,8569,1,1,A,88.0,P,2,3733.0
8006,8006,8570_01,Earth,True,PSO J318.5-22,19.0,False,0.0,0.0,0.0,0.0,0.0,0.0,1,8570,1,1,G,1377.0,S,5,0.0
8007,8007,8571_01,Mars,True,TRAPPIST-1e,26.0,False,5757.0,0.0,206.0,0.0,0.0,5963.0,0,8571,1,1,F,1651.0,S,3,5963.0
8008,8008,8572_01,Europa,True,TRAPPIST-1e,33.0,False,0.0,739.0,0.0,140.0,6901.0,7780.0,0,8572,1,1,A,89.0,P,5,7780.0
8009,8009,8573_01,Earth,True,TRAPPIST-1e,34.0,False,10.0,4.0,1.0,0.0,791.0,806.0,0,8573,2,0,F,1652.0,S,7,806.0
8010,8010,8573_02,Earth,True,TRAPPIST-1e,18.0,False,0.0,0.0,0.0,0.0,0.0,0.0,1,8573,2,0,G,1378.0,S,14,0.0
8011,8011,8574_01,Mars,True,TRAPPIST-1e,40.0,False,0.0,0.0,0.0,0.0,0.0,0.0,1,8574,5,0,F,1653.0,S,11,0.0
8012,8012,8574_02,Mars,True,TRAPPIST-1e,53.0,False,1042.0,0.0,2.0,1.0,11.0,1056.0,0,8574,5,0,D,258.0,S,11,1056.0
8013,8013,8574_03,Mars,True,TRAPPIST-1e,8.0,False,0.0,0.0,0.0,0.0,0.0,0.0,1,8574,5,0,F,1653.0,S,5,0.0
8014,8014,8574_04,Mars,True,TRAPPIST-1e,54.0,False,1763.0,0.0,11.0,0.0,0.0,1774.0,0,8574,5,0,F,1653.0,S,11,1774.0
8015,8015,8574_05,Mars,True,55 Cancri e,29.0,False,0.0,0.0,0.0,0.0,0.0,0.0,1,8574,5,0,F,1653.0,S,11,0.0
8016,8016,8577_01,Mars,True,TRAPPIST-1e,56.0,False,0.0,0.0,0.0,0.0,0.0,0.0,1,8577,1,1,F,1654.0,S,1,0.0
8017,8017,8580_01,Earth,True,PSO J318.5-22,21.0,False,4.0,3.0,149.0,17.0,442.0,615.0,0,8580,1,1,G,1379.0,S,5,615.0
8018,8018,8581_01,Europa,True,TRAPPIST-1e,25.0,True,0.0,0.0,0.0,0.0,0.0,0.0,1,8581,2,0,C,323.0,S,5,0.0
8019,8019,8581_02,Europa,True,TRAPPIST-1e,33.0,False,0.0,0.0,0.0,0.0,0.0,0.0,1,8581,2,0,C,323.0,S,3,0.0
8020,8020,8584_01,Earth,True,TRAPPIST-1e,22.0,False,4.0,0.0,72.0,21.0,600.0,697.0,0,8584,1,1,F,1655.0,S,9,697.0
8021,8021,8585_01,Mars,True,TRAPPIST-1e,50.0,False,748.0,164.0,269.0,0.0,0.0,1181.0,0,8585,1,1,D,259.0,S,2,1181.0
8022,8022,8586_01,Mars,True,55 Cancri e,24.0,False,0.0,0.0,396.0,256.0,1482.0,2134.0,0,8586,1,1,E,550.0,P,10,2134.0
8023,8023,8587_01,Earth,True,TRAPPIST-1e,25.0,False,637.0,0.0,89.0,312.0,2.0,1040.0,0,8587,1,1,F,1763.0,P,8,1040.0
8024,8024,8588_01,Mars,True,TRAPPIST-1e,59.0,False,0.0,0.0,0.0,0.0,0.0,0.0,1,8588,1,1,E,562.0,S,5,0.0
8025,8025,8589_01,Europa,True,55 Cancri e,26.0,False,6.0,728.0,0.0,1273.0,1116.0,3123.0,0,8589,1,1,D,267.0,P,5,3123.0
8026,8026,8592_01,Europa,True,TRAPPIST-1e,19.0,False,0.0,1406.0,0.0,4199.0,2123.0,7728.0,0,8592,1,1,D,268.0,P,3,7728.0
8027,8027,8594_01,Earth,True,TRAPPIST-1e,37.0,False,210.0,3.0,601.0,1.0,68.0,883.0,0,8594,1,1,G,1381.0,S,3,883.0
8028,8028,8595_01,Mars,True,TRAPPIST-1e,22.0,False,0.0,0.0,0.0,0.0,0.0,0.0,1,8595,1,1,E,551.0,P,3,0.0
8029,8029,8596_01,Europa,True,TRAPPIST-1e,44.0,False,0.0,0.0,0.0,0.0,0.0,0.0,1,8596,2,0,C,284.0,P,10,0.0
8030,8030,8596_02,Europa,True,55 Cancri e,25.0,False,0.0,0.0,0.0,0.0,0.0,0.0,1,8596,2,0,C,284.0,P,10,0.0
8031,8031,8597_01,Earth,True,TRAPPIST-1e,23.0,False,0.0,0.0,0.0,0.0,0.0,0.0,1,8597,1,1,G,1382.0,S,6,0.0
8032,8032,8598_01,Earth,True,55 Cancri e,6.0,False,0.0,0.0,0.0,0.0,0.0,0.0,1,8598,3,0,G,1394.0,P,6,0.0
8033,8033,8598_02,Earth,True,PSO J318.5-22,39.0,False,0.0,0.0,0.0,0.0,0.0,0.0,1,8598,3,0,G,1394.0,P,6,0.0
8034,8034,8598_03,Earth,True,55 Cancri e,26.0,False,12.0,71.0,0.0,103.0,624.0,810.0,0,8598,3,0,G,1393.0,P,6,810.0
8035,8035,8599_01,Earth,True,55 Cancri e,14.0,False,547.0,145.0,5.0,0.0,9.0,706.0,0,8599,1,1,G,1383.0,S,7,706.0
8036,8036,8602_01,Earth,True,TRAPPIST-1e,3.0,False,0.0,0.0,0.0,0.0,0.0,0.0,1,8602,3,0,G,1396.0,P,7,0.0
8037,8037,8602_02,Earth,True,PSO J318.5-22,21.0,False,10.0,1028.0,3.0,2519.0,0.0,3560.0,0,8602,3,0,G,1396.0,P,7,3560.0
8038,8038,8602_03,Earth,True,TRAPPIST-1e,24.0,False,0.0,0.0,0.0,0.0,0.0,0.0,1,8602,3,0,G,1396.0,P,7,0.0
8039,8039,8603_01,Earth,True,PSO J318.5-22,18.0,False,0.0,0.0,0.0,0.0,0.0,0.0,1,8603,1,1,G,1393.0,Z,5,0.0
8040,8040,8604_01,Mars,True,TRAPPIST-1e,37.0,False,50.0,0.0,343.0,2205.0,0.0,2598.0,0,8604,2,0,F,1765.0,P,9,2598.0
8041,8041,8604_02,Mars,True,TRAPPIST-1e,21.0,False,0.0,0.0,0.0,0.0,0.0,0.0,1,8604,2,0,F,1765.0,P,9,0.0
8042,8042,8605_01,Europa,True,TRAPPIST-1e,67.0,False,0.0,82.0,0.0,2279.0,293.0,2654.0,0,8605,5,0,C,324.0,S,7,2654.0
8043,8043,8605_02,Europa,True,TRAPPIST-1e,28.0,False,0.0,0.0,0.0,0.0,0.0,0.0,1,8605,5,0,C,299.0,S,7,0.0
8044,8044,8605_03,Europa,True,55 Cancri e,13.0,False,0.0,0.0,0.0,0.0,0.0,0.0,1,8605,5,0,C,324.0,S,7,0.0
8045,8045,8605_04,Europa,True,TRAPPIST-1e,26.0,False,0.0,226.0,0.0,436.0,4051.0,4713.0,0,8605,5,0,C,324.0,S,7,4713.0
8046,8046,8605_05,Europa,True,55 Cancri e,33.0,False,0.0,0.0,0.0,0.0,0.0,0.0,1,8605,5,0,C,324.0,S,7,0.0
8047,8047,8606_01,Earth,True,TRAPPIST-1e,18.0,False,0.0,0.0,0.0,0.0,0.0,0.0,1,8606,3,0,G,1386.0,S,11,0.0
8048,8048,8606_02,Earth,True,TRAPPIST-1e,24.0,False,13.0,221.0,0.0,1154.0,0.0,1388.0,0,8606,3,0,F,1658.0,S,11,1388.0
8049,8049,8606_03,Earth,True,TRAPPIST-1e,26.0,False,0.0,0.0,148.0,551.0,89.0,788.0,0,8606,3,0,E,563.0,S,11,788.0
8050,8050,8607_01,Earth,True,PSO J318.5-22,21.0,False,0.0,2202.0,9.0,71.0,100.0,2382.0,0,8607,1,1,G,1387.0,S,16,2382.0
8051,8051,8609_01,Earth,True,TRAPPIST-1e,27.0,False,0.0,0.0,2.0,994.0,0.0,996.0,0,8609,1,1,E,564.0,S,9,996.0
8052,8052,8610_01,Earth,True,PSO J318.5-22,15.0,False,0.0,0.0,0.0,0.0,0.0,0.0,1,8610,1,1,G,1398.0,P,8,0.0
8053,8053,8611_01,Earth,True,55 Cancri e,24.0,False,2.0,644.0,0.0,0.0,0.0,646.0,0,8611,1,1,F,1766.0,P,9,646.0
8054,8054,8612_01,Earth,True,TRAPPIST-1e,31.0,False,4.0,9.0,870.0,0.0,0.0,883.0,0,8612,1,1,G,1399.0,P,12,883.0
8055,8055,8613_01,Earth,True,TRAPPIST-1e,10.0,False,0.0,0.0,0.0,0.0,0.0,0.0,1,8613,1,1,G,1388.0,S,0,0.0
8056,8056,8614_01,Earth,True,TRAPPIST-1e,23.0,False,4.0,3.0,1785.0,0.0,0.0,1792.0,0,8614,1,1,G,1400.0,P,0,1792.0
8057,8057,8615_01,Earth,True,55 Cancri e,50.0,False,0.0,0.0,117.0,712.0,0.0,829.0,0,8615,2,0,E,565.0,S,19,829.0
8058,8058,8615_02,Earth,True,55 Cancri e,13.0,False,0.0,0.0,0.0,0.0,0.0,0.0,1,8615,2,0,G,1389.0,S,19,0.0
8059,8059,8616_01,Mars,True,TRAPPIST-1e,43.0,False,27.0,0.0,797.0,830.0,161.0,1815.0,0,8616,2,0,F,1767.0,P,7,1815.0
8060,8060,8616_02,Mars,True,55 Cancri e,20.0,False,0.0,0.0,0.0,0.0,0.0,0.0,1,8616,2,0,F,1767.0,P,7,0.0
8061,8061,8617_01,Earth,True,TRAPPIST-1e,21.0,False,11.0,1475.0,0.0,0.0,0.0,1486.0,0,8617,1,1,F,1768.0,P,9,1486.0
8062,8062,8618_01,Europa,True,55 Cancri e,18.0,False,0.0,694.0,0.0,0.0,1370.0,2064.0,0,8618,2,0,B,336.0,S,6,2064.0
8063,8063,8618_02,Europa,True,TRAPPIST-1e,16.0,False,0.0,0.0,0.0,0.0,0.0,0.0,1,8618,2,0,B,336.0,S,6,0.0
8064,8064,8619_01,Europa,True,TRAPPIST-1e,47.0,False,187.0,268.0,977.0,3441.0,236.0,5109.0,0,8619,1,1,E,566.0,S,4,5109.0
8065,8065,8620_01,Mars,True,TRAPPIST-1e,35.0,True,1234.0,35.0,7.0,0.0,0.0,1276.0,0,8620,1,1,F,1659.0,S,12,1276.0
8066,8066,8623_01,Earth,True,TRAPPIST-1e,15.0,False,9.0,731.0,85.0,0.0,537.0,1362.0,0,8623,1,1,G,1397.0,P,9,1362.0
8067,8067,8624_01,Earth,True,TRAPPIST-1e,46.0,False,135.0,0.0,0.0,0.0,928.0,1063.0,0,8624,2,0,F,1661.0,S,6,1063.0
8068,8068,8624_02,Earth,True,TRAPPIST-1e,6.0,False,0.0,0.0,0.0,0.0,0.0,0.0,1,8624,2,0,G,1390.0,S,6,0.0
8069,8069,8626_01,Earth,True,TRAPPIST-1e,26.0,False,1.0,0.0,1.0,15.0,854.0,871.0,0,8626,1,1,F,1770.0,P,10,871.0
8070,8070,8628_01,Earth,True,PSO J318.5-22,49.0,False,0.0,18.0,0.0,0.0,686.0,704.0,0,8628,1,1,F,1664.0,S,4,704.0
8071,8071,8629_01,Earth,True,TRAPPIST-1e,28.0,False,0.0,0.0,0.0,0.0,0.0,0.0,1,8629,1,1,G,1391.0,S,11,0.0
8072,8072,8631_01,Mars,True,TRAPPIST-1e,37.0,False,0.0,0.0,0.0,0.0,0.0,0.0,1,8631,1,1,E,553.0,P,9,0.0
8073,8073,8633_01,Earth,True,TRAPPIST-1e,17.0,False,2.0,33.0,97.0,553.0,241.8190476190476,685.0,0,8633,1,1,F,1665.0,S,12,926.8190476190476
8074,8074,8634_01,Earth,True,TRAPPIST-1e,38.0,False,1739.0,0.0,0.0,83.0,0.0,1822.0,0,8634,1,1,G,1392.0,S,10,1822.0
8075,8075,8635_01,Earth,True,TRAPPIST-1e,18.0,False,224.0,0.0,0.0,0.0,1384.0,1608.0,0,8635,1,1,E,554.0,P,12,1608.0
8076,8076,8636_01,Mars,True,TRAPPIST-1e,55.0,False,0.0,0.0,0.0,0.0,0.0,0.0,1,8636,1,1,F,1772.0,P,3,0.0
8077,8077,8637_01,Mars,True,TRAPPIST-1e,28.0,False,0.0,0.0,0.0,0.0,0.0,0.0,1,8637,3,0,F,1773.0,P,12,0.0
8078,8078,8637_02,Mars,True,TRAPPIST-1e,25.0,False,987.0,0.0,6221.0,141.0,0.0,7349.0,0,8637,3,0,F,1773.0,P,12,7349.0
8079,8079,8637_03,Mars,True,TRAPPIST-1e,17.0,False,330.0,1.0,967.0,0.0,0.0,1298.0,0,8637,3,0,E,555.0,P,12,1298.0
8080,8080,8638_01,Earth,True,TRAPPIST-1e,22.0,False,0.0,0.0,0.0,0.0,0.0,0.0,1,8638,3,0,G,1402.0,P,4,0.0
8081,8081,8638_02,Earth,True,TRAPPIST-1e,4.0,False,0.0,0.0,0.0,0.0,0.0,0.0,1,8638,3,0,G,1402.0,P,4,0.0
8082,8082,8638_03,Earth,True,55 Cancri e,3.0,False,0.0,0.0,0.0,0.0,0.0,0.0,1,8638,3,0,G,1402.0,P,4,0.0
8083,8083,8639_01,Mars,True,TRAPPIST-1e,21.0,False,0.0,0.0,0.0,0.0,0.0,0.0,1,8639,2,0,E,567.0,S,9,0.0
8084,8084,8639_02,Mars,True,TRAPPIST-1e,24.0,False,1455.0,2207.0,163.0,2354.0,0.0,6179.0,0,8639,2,0,D,260.0,S,9,6179.0
8085,8085,8640_01,Earth,True,TRAPPIST-1e,50.0,False,133.0,0.0,525.0,0.0,31.0,689.0,0,8640,1,1,F,1666.0,S,7,689.0
8086,8086,8641_01,Mars,True,TRAPPIST-1e,3.0,False,0.0,0.0,0.0,0.0,0.0,0.0,1,8641,3,0,F,1667.0,S,12,0.0
8087,8087,8641_02,Mars,True,TRAPPIST-1e,19.0,False,1146.0,0.0,3.0,0.0,0.0,1149.0,0,8641,3,0,F,1667.0,S,12,1149.0
8088,8088,8641_03,Mars,True,TRAPPIST-1e,22.0,False,0.0,0.0,0.0,0.0,0.0,0.0,1,8641,3,0,F,1667.0,S,12,0.0
8089,8089,8642_01,Earth,True,PSO J318.5-22,20.0,False,0.0,4.0,0.0,0.0,625.0,629.0,0,8642,1,1,F,1774.0,P,6,629.0
8090,8090,8643_01,Mars,True,TRAPPIST-1e,18.0,False,2048.0,0.0,2.0,848.0,0.0,2898.0,0,8643,1,1,F,1775.0,P,9,2898.0
8091,8091,8644_01,Earth,True,TRAPPIST-1e,27.0,False,20.0,0.0,11.0,0.0,848.0,879.0,0,8644,2,0,F,1668.0,S,5,879.0
8092,8092,8644_02,Earth,True,TRAPPIST-1e,29.0,False,0.0,0.0,0.0,0.0,1972.0,1972.0,0,8644,2,0,F,1668.0,S,5,1972.0
8093,8093,8645_01,Earth,True,55 Cancri e,23.0,False,1.0,26.0,1908.0,318.0,0.0,2253.0,0,8645,1,1,F,1776.0,P,9,2253.0
8094,8094,8646_01,Europa,True,TRAPPIST-1e,48.0,False,0.0,0.0,0.0,0.0,0.0,0.0,1,8646,4,0,C,325.0,S,6,0.0
8095,8095,8646_02,Europa,True,TRAPPIST-1e,32.0,False,0.0,1285.0,0.0,3030.0,334.0,4649.0,0,8646,4,0,C,325.0,S,6,4649.0
8096,8096,8646_03,Europa,True,TRAPPIST-1e,55.0,False,0.0,0.0,0.0,0.0,0.0,0.0,1,8646,4,0,C,325.0,S,6,0.0
8097,8097,8646_04,Europa,True,55 Cancri e,49.0,False,3.0,1108.0,2.0,5775.0,1964.0,8852.0,0,8646,4,0,C,325.0,S,6,8852.0
8098,8098,8650_01,Earth,True,TRAPPIST-1e,15.0,False,0.0,0.0,0.0,0.0,0.0,0.0,1,8650,1,1,G,1404.0,P,5,0.0
8099,8099,8653_01,Earth,True,TRAPPIST-1e,50.0,False,0.0,0.0,0.0,0.0,0.0,0.0,1,8653,1,1,G,1393.0,S,5,0.0
8100,8100,8654_01,Earth,True,TRAPPIST-1e,35.0,False,777.0,0.0,23.0,0.0,61.0,861.0,0,8654,1,1,F,1779.0,P,4,861.0
8101,8101,8656_01,Europa,True,TRAPPIST-1e,29.0,False,0.0,4455.0,0.0,1663.0,4435.0,10553.0,0,8656,3,0,A,103.0,S,3,10553.0
8102,8102,8656_02,Europa,True,55 Cancri e,38.0,True,0.0,1298.0,0.0,1841.0,1547.0,4686.0,0,8656,3,0,A,103.0,S,4,4686.0
8103,8103,8656_03,Europa,True,55 Cancri e,29.0,True,0.0,0.0,0.0,0.0,0.0,0.0,1,8656,3,0,A,103.0,S,3,0.0
8104,8104,8657_01,Mars,True,TRAPPIST-1e,39.0,False,200.0,0.0,1083.0,65.0,0.0,1348.0,0,8657,1,1,F,1780.0,P,7,1348.0
8105,8105,8658_01,Mars,True,TRAPPIST-1e,49.0,False,0.0,1.0,1364.0,226.0,0.0,1591.0,0,8658,2,0,E,568.0,S,4,1591.0
8106,8106,8658_02,Mars,True,TRAPPIST-1e,39.0,False,345.0,0.0,848.0,0.0,116.0,1309.0,0,8658,2,0,F,1673.0,S,4,1309.0
8107,8107,8659_01,Earth,True,TRAPPIST-1e,19.0,False,125.0,556.0,23.0,0.0,0.0,704.0,0,8659,1,1,F,1781.0,P,3,704.0
8108,8108,8661_01,Earth,True,TRAPPIST-1e,19.0,False,886.0,0.0,0.0,1587.0,12.0,2485.0,0,8661,1,1,F,1675.0,S,8,2485.0
8109,8109,8663_01,Earth,True,TRAPPIST-1e,14.0,False,450.0,4791.0,896.0,0.0,0.0,6137.0,0,8663,2,0,G,1394.0,S,7,6137.0
8110,8110,8663_02,Earth,True,55 Cancri e,40.0,False,0.0,0.0,0.0,0.0,0.0,0.0,1,8663,2,0,G,1403.0,S,7,0.0
8111,8111,8664_01,Earth,True,TRAPPIST-1e,40.0,False,909.0,0.0,0.0,0.0,0.0,909.0,0,8664,1,1,G,1395.0,S,5,909.0
8112,8112,8667_01,Mars,True,TRAPPIST-1e,20.0,False,733.0,0.0,455.0,53.04651162790697,0.0,1188.0,0,8667,1,1,F,1676.0,S,5,1241.046511627907
8113,8113,8668_01,Mars,True,TRAPPIST-1e,6.0,False,0.0,0.0,0.0,0.0,0.0,0.0,1,8668,3,0,F,1783.0,P,8,0.0
8114,8114,8668_02,Mars,True,TRAPPIST-1e,41.0,False,806.0,16.0,125.0,1008.0,0.0,1955.0,0,8668,3,0,D,269.0,P,8,1955.0
8115,8115,8668_03,Mars,True,TRAPPIST-1e,37.0,False,0.0,0.0,0.0,0.0,0.0,0.0,1,8668,3,0,E,556.0,P,8,0.0
8116,8116,8669_01,Earth,True,TRAPPIST-1e,31.0,False,949.0,0.0,22.0,0.0,0.0,971.0,0,8669,3,0,F,1677.0,S,9,971.0
8117,8117,8669_02,Earth,True,TRAPPIST-1e,8.0,False,0.0,0.0,0.0,0.0,0.0,0.0,1,8669,3,0,G,1397.0,S,9,0.0
8118,8118,8669_03,Earth,True,TRAPPIST-1e,55.0,False,506.0,0.0,456.0,0.0,0.0,962.0,0,8669,3,0,F,1677.0,S,9,962.0
8119,8119,8670_01,Earth,True,PSO J318.5-22,16.0,False,0.0,0.0,0.0,0.0,0.0,0.0,1,8670,1,1,G,1398.0,S,6,0.0
8120,8120,8671_01,Europa,True,55 Cancri e,29.0,False,1.0,764.0,1.0,265.0,1539.0,2570.0,0,8671,1,1,A,90.0,P,2,2570.0
8121,8121,8672_01,Earth,True,TRAPPIST-1e,40.0,False,21.0,155.0,0.0,267.0,0.0,443.0,0,8672,1,1,G,1406.0,P,15,443.0
8122,8122,8673_01,Europa,True,TRAPPIST-1e,27.0,False,0.0,0.0,0.0,0.0,0.0,0.0,1,8673,1,1,C,285.0,P,3,0.0
8123,8123,8674_01,Mars,True,TRAPPIST-1e,21.0,False,4924.0,0.0,49.0,2.0,0.0,4975.0,0,8674,1,1,F,1784.0,P,3,4975.0
8124,8124,8675_01,Europa,True,TRAPPIST-1e,25.0,False,0.0,0.0,0.0,0.0,0.0,0.0,1,8675,1,1,B,281.0,P,6,0.0
8125,8125,8680_01,Mars,True,TRAPPIST-1e,44.0,False,675.7142857142857,971.0,700.0,0.0,0.0,1671.0,0,8680,1,1,F,1786.0,P,5,2346.714285714286
8126,8126,8681_01,Mars,True,TRAPPIST-1e,34.0,False,368.0,499.0,1729.0,0.0,2.0,2598.0,0,8681,3,0,F,1787.0,P,6,2598.0
8127,8127,8681_02,Mars,True,TRAPPIST-1e,1.0,False,0.0,0.0,0.0,0.0,0.0,0.0,1,8681,3,0,F,1787.0,P,3,0.0
8128,8128,8681_03,Mars,True,TRAPPIST-1e,1.0,False,0.0,0.0,0.0,0.0,0.0,0.0,1,8681,3,0,F,1787.0,P,6,0.0
8129,8129,8683_01,Earth,True,PSO J318.5-22,42.0,False,51.0,6.0,87.0,21.0,404.0,569.0,0,8683,1,1,F,1679.0,S,6,569.0
8130,8130,8684_01,Earth,True,TRAPPIST-1e,18.0,False,1.0,1.0,0.0,226.0,488.0,716.0,0,8684,1,1,F,1788.0,P,6,716.0
8131,8131,8685_01,Earth,True,55 Cancri e,21.0,False,0.0,0.0,0.0,0.0,0.0,0.0,1,8685,1,1,G,1400.0,S,6,0.0
8132,8132,8687_01,Earth,True,TRAPPIST-1e,24.0,False,0.0,172.16724738675958,594.0,95.0,0.0,689.0,0,8687,1,1,F,1680.0,S,9,861.1672473867595
8133,8133,8688_01,Earth,True,TRAPPIST-1e,24.0,False,0.0,0.0,0.0,595.0,0.0,595.0,0,8688,1,1,F,1681.0,S,6,595.0
8134,8134,8691_01,Earth,True,PSO J318.5-22,18.0,False,0.0,0.0,0.0,0.0,0.0,0.0,1,8691,1,1,G,1409.0,P,8,0.0
8135,8135,8693_01,Earth,True,PSO J318.5-22,27.0,False,0.0,0.0,0.0,0.0,0.0,0.0,1,8693,1,1,G,1410.0,P,5,0.0
8136,8136,8694_01,Earth,True,TRAPPIST-1e,13.0,False,0.0,0.0,0.0,0.0,0.0,0.0,1,8694,3,0,G,1411.0,P,10,0.0
8137,8137,8694_02,Earth,True,TRAPPIST-1e,10.0,False,0.0,0.0,0.0,0.0,0.0,0.0,1,8694,3,0,G,1411.0,P,10,0.0
8138,8138,8694_03,Earth,True,TRAPPIST-1e,8.0,False,0.0,0.0,0.0,0.0,0.0,0.0,1,8694,3,0,G,1411.0,P,10,0.0
8139,8139,8695_01,Mars,True,TRAPPIST-1e,40.0,False,76.0,0.0,1169.0,0.0,64.0,1309.0,0,8695,1,1,F,1683.0,S,8,1309.0
8140,8140,8696_01,Europa,True,PSO J318.5-22,35.0,False,0.0,0.0,0.0,0.0,0.0,0.0,1,8696,1,1,C,326.0,S,2,0.0
8141,8141,8700_01,Mars,True,TRAPPIST-1e,13.0,False,217.0,7.0,928.0,0.0,728.0,1880.0,0,8700,1,1,F,1684.0,S,6,1880.0
8142,8142,8701_01,Mars,True,55 Cancri e,19.0,False,203.0,0.0,172.0,1460.0,151.0,1986.0,0,8701,1,1,F,1789.0,P,5,1986.0
8143,8143,8703_01,Earth,True,TRAPPIST-1e,44.0,False,84.0,0.0,308.0,0.0,1179.0,1571.0,0,8703,1,1,F,1685.0,S,13,1571.0
8144,8144,8704_01,Mars,True,TRAPPIST-1e,36.0,False,0.0,0.0,0.0,0.0,0.0,0.0,1,8704,2,0,F,1686.0,S,5,0.0
8145,8145,8704_02,Mars,True,TRAPPIST-1e,29.0,False,2239.0,0.0,146.0,0.0,0.0,2385.0,0,8704,2,0,D,264.0,S,5,2385.0
8146,8146,8708_01,Earth,True,PSO J318.5-22,28.0,False,679.0,0.0,0.0,0.0,0.0,679.0,0,8708,1,1,G,1413.0,P,9,679.0
8147,8147,8709_01,Earth,True,TRAPPIST-1e,36.0,False,0.0,98.0,456.0,277.0,70.0,901.0,0,8709,1,1,F,1687.0,S,13,901.0
8148,8148,8710_01,Earth,True,PSO J318.5-22,24.0,False,312.0,227.0,50.0,0.0,0.0,589.0,0,8710,1,1,F,1688.0,S,6,589.0
8149,8149,8712_01,Mars,True,TRAPPIST-1e,14.0,False,0.0,0.0,0.0,0.0,0.0,0.0,1,8712,1,1,F,1792.0,P,8,0.0
8150,8150,8714_01,Mars,True,TRAPPIST-1e,50.0,False,1584.0,0.0,36.0,104.0,0.0,1724.0,0,8714,1,1,D,270.0,P,7,1724.0
8151,8151,8716_01,Earth,True,PSO J318.5-22,20.0,False,426.0,0.0,220.0,2.0,0.0,648.0,0,8716,1,1,F,1793.0,P,2,648.0
8152,8152,8717_01,Earth,True,TRAPPIST-1e,38.0,False,139.0,9.0,0.0,0.0,582.0,730.0,0,8717,1,1,F,1689.0,S,4,730.0
8153,8153,8719_01,Europa,True,TRAPPIST-1e,33.0,True,0.0,3076.0,0.0,3.0,994.0,4073.0,0,8719,3,0,A,104.0,S,12,4073.0
8154,8154,8719_02,Europa,True,55 Cancri e,54.0,False,0.0,1821.0,2370.0,949.0,46.0,5186.0,0,8719,3,0,A,104.0,S,5,5186.0
8155,8155,8719_03,Europa,False,55 Cancri e,20.0,False,0.0,0.0,0.0,0.0,0.0,0.0,1,8719,3,0,A,104.0,S,12,0.0
8156,8156,8720_01,Earth,True,55 Cancri e,23.0,False,0.0,247.0,1063.0,36.0,0.0,1346.0,0,8720,1,1,F,1690.0,S,11,1346.0
8157,8157,8721_01,Europa,True,55 Cancri e,65.0,False,0.0,0.0,0.0,0.0,0.0,0.0,1,8721,1,1,B,337.0,S,5,0.0
8158,8158,8722_01,Mars,True,TRAPPIST-1e,51.0,False,0.0,0.0,0.0,0.0,0.0,0.0,1,8722,2,0,E,558.0,P,9,0.0
8159,8159,8722_02,Mars,True,TRAPPIST-1e,36.0,False,2002.0,0.0,10.0,87.0,0.0,2099.0,0,8722,2,0,E,558.0,P,9,2099.0
8160,8160,8723_01,Earth,True,TRAPPIST-1e,38.0,False,32.0,1163.0,0.0,52.0,1935.0,3182.0,0,8723,1,1,F,1794.0,P,8,3182.0
8161,8161,8727_01,Earth,True,55 Cancri e,28.0,False,34.0,0.0,0.0,0.0,658.0,692.0,0,8727,1,1,F,1797.0,P,7,692.0
8162,8162,8728_01,Earth,True,TRAPPIST-1e,32.0,False,258.0,500.0,3.0,15.0,128.0,904.0,0,8728,8,0,F,1798.0,P,14,904.0
8163,8163,8728_02,Earth,True,TRAPPIST-1e,55.0,False,694.0,0.0,1.0,87.0,0.0,782.0,0,8728,8,0,G,1416.0,P,14,782.0
8164,8164,8728_03,Earth,True,TRAPPIST-1e,23.0,False,1254.0,0.0,45.0,0.0,0.0,1299.0,0,8728,8,0,F,1798.0,P,14,1299.0
8165,8165,8728_04,Earth,True,PSO J318.5-22,38.0,False,647.0,23.0,1.0,0.0,0.0,671.0,0,8728,8,0,F,1798.0,P,14,671.0
8166,8166,8728_05,Earth,True,55 Cancri e,18.0,False,0.0,0.0,0.0,0.0,0.0,0.0,1,8728,8,0,G,1416.0,P,14,0.0
8167,8167,8728_06,Earth,True,PSO J318.5-22,32.0,False,0.0,0.0,0.0,0.0,0.0,0.0,1,8728,8,0,G,1416.0,P,14,0.0
8168,8168,8728_07,Earth,True,TRAPPIST-1e,44.0,False,266.0,3.0,2.0,0.0,748.0,1019.0,0,8728,8,0,G,1414.0,P,14,1019.0
8169,8169,8728_08,Earth,True,TRAPPIST-1e,62.0,False,0.0,592.0,164.0,0.0,0.0,756.0,0,8728,8,0,G,1416.0,P,14,756.0
8170,8170,8729_01,Europa,True,TRAPPIST-1e,66.0,False,354.0,2639.0,0.0,1180.0,0.0,4173.0,0,8729,2,0,E,559.0,P,5,4173.0
8171,8171,8729_02,Europa,True,TRAPPIST-1e,20.0,False,119.88888888888889,7759.0,18.0,4925.0,12685.0,25387.0,0,8729,2,0,E,559.0,P,5,25506.88888888889
8172,8172,8732_01,Earth,True,TRAPPIST-1e,19.0,False,193.0,251.0,0.0,165.0,0.0,609.0,0,8732,1,1,F,1691.0,S,9,609.0
8173,8173,8733_01,Earth,True,TRAPPIST-1e,26.0,False,22.0,226.0,0.0,0.0,633.0,881.0,0,8733,1,1,G,1406.0,S,12,881.0
8174,8174,8734_01,Earth,True,PSO J318.5-22,25.0,False,172.76612903225808,0.0,707.0,1.0,0.0,708.0,0,8734,1,1,G,1417.0,P,6,880.766129032258
8175,8175,8735_01,Earth,True,TRAPPIST-1e,20.0,False,227.0,0.0,1.0,0.0,707.0,935.0,0,8735,1,1,F,1799.0,P,3,935.0
8176,8176,8736_01,Mars,True,TRAPPIST-1e,18.0,False,0.0,0.0,0.0,0.0,0.0,0.0,1,8736,2,0,F,1800.0,P,9,0.0
8177,8177,8736_02,Mars,True,TRAPPIST-1e,20.0,False,364.9111111111111,2.0,289.0,976.0,0.0,1267.0,0,8736,2,0,F,1800.0,P,9,1631.911111111111
8178,8178,8741_01,Europa,True,TRAPPIST-1e,14.0,False,0.0,0.0,0.0,0.0,0.0,0.0,1,8741,3,0,A,91.0,P,10,0.0
8179,8179,8741_02,Europa,True,55 Cancri e,49.0,False,0.0,3853.0,0.0,245.0,178.0,4276.0,0,8741,3,0,A,91.0,P,10,4276.0
8180,8180,8741_03,Europa,True,TRAPPIST-1e,49.0,False,4.0,44.0,1401.0,1043.0,0.0,2492.0,0,8741,3,0,A,91.0,P,4,2492.0
8181,8181,8743_01,Earth,True,55 Cancri e,19.0,False,179.0,16.0,246.0,280.0,0.0,721.0,0,8743,1,1,F,1802.0,P,11,721.0
8182,8182,8744_01,Earth,True,TRAPPIST-1e,53.0,False,1613.0,0.0,0.0,0.0,7.0,1620.0,0,8744,1,1,E,570.0,S,7,1620.0
8183,8183,8749_01,Mars,True,TRAPPIST-1e,31.0,False,947.0,83.0,19.0,0.0,0.0,1049.0,0,8749,1,1,E,562.0,P,5,1049.0
8184,8184,8750_01,Earth,True,TRAPPIST-1e,18.0,False,24.0,753.0,0.0,0.0,0.0,777.0,0,8750,1,1,F,1804.0,P,6,777.0
8185,8185,8751_01,Earth,True,TRAPPIST-1e,24.0,False,0.0,0.0,124.0,4.0,471.0,599.0,0,8751,1,1,F,1694.0,S,9,599.0
8186,8186,8752_01,Mars,True,TRAPPIST-1e,35.0,False,2758.0,0.0,1.0,0.0,0.0,2759.0,0,8752,1,1,D,272.0,P,2,2759.0
8187,8187,8753_01,Earth,True,TRAPPIST-1e,27.0,False,0.0,0.0,0.0,545.0,89.0,634.0,0,8753,3,0,F,1805.0,P,7,634.0
8188,8188,8753_02,Earth,True,TRAPPIST-1e,38.0,False,22.0,9.0,40.0,732.0,0.0,803.0,0,8753,3,0,F,1805.0,P,7,803.0
8189,8189,8753_03,Earth,True,TRAPPIST-1e,23.0,False,0.0,0.0,9.0,69.0,1157.0,1235.0,0,8753,3,0,F,1805.0,P,7,1235.0
8190,8190,8754_01,Earth,True,TRAPPIST-1e,22.0,False,151.0,107.29508196721312,613.0,6.0,0.0,770.0,0,8754,1,1,G,1408.0,S,5,877.2950819672132
8191,8191,8755_01,Europa,True,55 Cancri e,38.0,False,0.0,0.0,0.0,0.0,0.0,0.0,1,8755,1,1,D,265.0,S,2,0.0
8192,8192,8757_01,Earth,True,TRAPPIST-1e,28.0,False,1.0,1484.0,210.0,0.0,5.0,1700.0,0,8757,1,1,G,1409.0,S,3,1700.0
8193,8193,8759_01,Mars,True,TRAPPIST-1e,25.0,False,520.0,0.0,139.0,0.0,77.0,736.0,0,8759,2,0,F,1695.0,S,10,736.0
8194,8194,8759_02,Mars,True,TRAPPIST-1e,45.0,False,74.0,0.0,0.0,1130.0,22.0,1226.0,0,8759,2,0,F,1695.0,S,10,1226.0
8195,8195,8760_01,Earth,True,TRAPPIST-1e,22.0,False,804.0,0.0,0.0,0.0,0.0,804.0,0,8760,1,1,F,1696.0,S,8,804.0
8196,8196,8762_01,Earth,True,TRAPPIST-1e,30.0,False,32.0,180.0,497.0,0.0,99.0,808.0,0,8762,1,1,G,1410.0,S,11,808.0
8197,8197,8764_01,Mars,True,55 Cancri e,25.0,False,0.0,0.0,0.0,0.0,0.0,0.0,1,8764,1,1,F,1697.0,S,9,0.0
8198,8198,8766_01,Mars,True,TRAPPIST-1e,24.0,False,0.0,0.0,0.0,0.0,0.0,0.0,1,8766,1,1,F,1807.0,P,1,0.0
8199,8199,8769_01,Mars,True,TRAPPIST-1e,44.0,False,1.0,0.0,2080.0,11.0,0.0,2092.0,0,8769,1,1,F,1700.0,S,6,2092.0
8200,8200,8770_01,Earth,True,TRAPPIST-1e,6.0,False,0.0,0.0,0.0,0.0,0.0,0.0,1,8770,7,0,F,1808.0,P,9,0.0
8201,8201,8770_02,Earth,True,TRAPPIST-1e,0.0,False,0.0,0.0,0.0,0.0,0.0,0.0,1,8770,7,0,F,1808.0,P,9,0.0
8202,8202,8770_03,Earth,True,PSO J318.5-22,14.0,False,476.0,14.0,0.0,328.0,8.0,826.0,0,8770,7,0,F,1746.0,P,8,826.0
8203,8203,8770_04,Earth,True,TRAPPIST-1e,37.0,False,0.0,0.0,11.0,1028.0,7.0,1046.0,0,8770,7,0,F,1808.0,P,8,1046.0
8204,8204,8770_05,Earth,True,TRAPPIST-1e,15.0,False,0.0,912.0,82.0,5.0,0.0,999.0,0,8770,7,0,F,1808.0,P,8,999.0
8205,8205,8770_06,Earth,True,TRAPPIST-1e,0.0,False,0.0,0.0,0.0,0.0,0.0,0.0,1,8770,7,0,F,1808.0,P,9,0.0
8206,8206,8770_07,Earth,True,TRAPPIST-1e,17.0,False,0.0,810.0,66.0,0.0,0.0,876.0,0,8770,7,0,F,1808.0,P,9,876.0
8207,8207,8771_01,Earth,True,TRAPPIST-1e,58.0,False,0.0,805.0,3.0,3.0,0.0,811.0,0,8771,1,1,G,1421.0,P,8,811.0
8208,8208,8772_01,Europa,True,55 Cancri e,15.0,False,0.0,0.0,0.0,0.0,0.0,0.0,1,8772,2,0,B,339.0,S,6,0.0
8209,8209,8772_02,Europa,True,55 Cancri e,53.0,False,0.0,1127.0,0.0,3939.0,1327.0,5066.0,0,8772,2,0,B,315.0,S,6,6393.0
8210,8210,8773_01,Mars,True,TRAPPIST-1e,29.0,False,257.0,0.0,782.0,8.0,3.0,1050.0,0,8773,1,1,D,274.0,P,3,1050.0
8211,8211,8774_01,Earth,True,TRAPPIST-1e,24.0,False,0.0,0.0,0.0,0.0,0.0,0.0,1,8774,1,1,G,1412.0,S,7,0.0
8212,8212,8776_01,Earth,True,TRAPPIST-1e,40.0,False,0.0,0.0,286.0,6.0,570.0,862.0,0,8776,1,1,E,574.0,S,6,862.0
8213,8213,8779_01,Earth,True,55 Cancri e,21.0,False,2.0,182.398406374502,0.0,634.0,0.0,636.0,0,8779,1,1,G,1413.0,S,2,818.398406374502
8214,8214,8780_01,Earth,True,TRAPPIST-1e,30.0,False,0.0,114.0,0.0,726.0,67.0,907.0,0,8780,1,1,G,1414.0,S,5,907.0
8215,8215,8781_01,Earth,True,TRAPPIST-1e,20.0,False,0.0,91.0,2.0,623.0,93.0,809.0,0,8781,1,1,G,1415.0,S,10,809.0
8216,8216,8782_01,Mars,True,TRAPPIST-1e,20.0,False,0.0,0.0,0.0,0.0,0.0,0.0,1,8782,1,1,F,1701.0,S,2,0.0
8217,8217,8783_01,Mars,True,TRAPPIST-1e,18.0,False,697.0,0.0,25.0,0.0,61.0,783.0,0,8783,2,0,D,276.0,P,9,783.0
8218,8218,8783_02,Mars,True,TRAPPIST-1e,36.0,False,0.0,0.0,0.0,0.0,0.0,0.0,1,8783,2,0,D,276.0,P,9,0.0
8219,8219,8785_01,Earth,True,TRAPPIST-1e,20.0,False,874.0,0.0,80.0,197.15277777777777,0.0,954.0,0,8785,2,0,F,1810.0,P,9,1151.1527777777778
8220,8220,8785_02,Earth,True,TRAPPIST-1e,4.0,False,0.0,0.0,0.0,0.0,0.0,0.0,1,8785,2,0,G,1422.0,P,9,0.0
8221,8221,8786_01,Europa,True,55 Cancri e,59.0,False,0.0,0.0,0.0,0.0,0.0,0.0,1,8786,1,1,B,284.0,P,1,0.0
8222,8222,8787_01,Earth,True,TRAPPIST-1e,20.0,False,11.0,0.0,0.0,843.0,0.0,854.0,0,8787,1,1,G,1416.0,S,0,854.0
8223,8223,8789_01,Earth,True,55 Cancri e,4.0,False,0.0,0.0,0.0,0.0,0.0,0.0,1,8789,2,0,G,1417.0,S,14,0.0
8224,8224,8789_02,Earth,True,TRAPPIST-1e,23.0,False,0.0,565.0,0.0,35.0,188.0,788.0,0,8789,2,0,E,576.0,S,14,788.0
8225,8225,8790_01,Europa,True,55 Cancri e,25.0,False,698.0,4978.0,0.0,146.0,0.0,5822.0,0,8790,1,1,D,277.0,P,5,5822.0
8226,8226,8791_01,Earth,True,PSO J318.5-22,20.0,False,0.0,571.0,82.0,0.0,0.0,653.0,0,8791,1,1,F,1812.0,P,6,653.0
8227,8227,8794_01,Earth,True,TRAPPIST-1e,22.0,False,0.0,0.0,637.0,0.0,50.0,687.0,0,8794,1,1,E,563.0,P,3,687.0
8228,8228,8796_01,Earth,True,TRAPPIST-1e,6.0,False,0.0,0.0,0.0,0.0,0.0,0.0,1,8796,8,0,G,1418.0,S,8,0.0
8229,8229,8796_02,Earth,True,TRAPPIST-1e,14.0,False,588.0,144.0,1.0,0.0,168.0,901.0,0,8796,8,0,F,1704.0,S,9,901.0
8230,8230,8796_03,Earth,True,TRAPPIST-1e,0.0,False,0.0,0.0,0.0,0.0,0.0,0.0,1,8796,8,0,G,1418.0,S,9,0.0
8231,8231,8796_04,Earth,True,TRAPPIST-1e,4.0,False,0.0,0.0,0.0,0.0,0.0,0.0,1,8796,8,0,G,1418.0,S,9,0.0
8232,8232,8796_05,Earth,True,TRAPPIST-1e,37.0,False,63.0,0.0,0.0,0.0,661.0,724.0,0,8796,8,0,F,1704.0,S,9,724.0
8233,8233,8796_06,Earth,True,TRAPPIST-1e,14.0,False,0.0,1427.0,148.0,0.0,7.0,1582.0,0,8796,8,0,F,1704.0,S,8,1582.0
8234,8234,8796_07,Earth,True,TRAPPIST-1e,34.0,False,14.0,748.0,0.0,41.0,0.0,803.0,0,8796,8,0,F,1704.0,S,10,803.0
8235,8235,8796_08,Earth,True,55 Cancri e,3.0,False,0.0,0.0,0.0,0.0,0.0,0.0,1,8796,8,0,G,1418.0,S,8,0.0
8236,8236,8797_01,Earth,True,PSO J318.5-22,18.0,False,0.0,3.0,110.0,588.0,0.0,701.0,0,8797,1,1,F,1705.0,S,7,701.0
8237,8237,8798_01,Earth,True,TRAPPIST-1e,27.0,False,1771.0,0.0,242.0,0.0,37.0,2050.0,0,8798,1,1,F,1706.0,S,2,2050.0
8238,8238,8799_01,Earth,True,TRAPPIST-1e,19.0,False,0.0,0.0,855.0,11.0,42.0,908.0,0,8799,1,1,G,1419.0,S,5,908.0
8239,8239,8801_01,Earth,True,TRAPPIST-1e,37.0,False,10.0,557.0,51.0,83.0,0.0,701.0,0,8801,1,1,F,1707.0,S,15,701.0
8240,8240,8802_01,Europa,True,TRAPPIST-1e,29.0,False,0.0,0.0,0.0,0.0,0.0,0.0,1,8802,1,1,D,266.0,S,5,0.0
8241,8241,8805_01,Earth,True,PSO J318.5-22,37.0,False,570.0,0.0,7.0,107.0,0.0,684.0,0,8805,1,1,F,1815.0,P,5,684.0
8242,8242,8806_01,Mars,True,TRAPPIST-1e,32.0,False,81.0,0.0,1363.0,0.0,0.0,1444.0,0,8806,1,1,F,1708.0,S,8,1444.0
8243,8243,8807_01,Earth,True,PSO J318.5-22,22.0,False,0.0,0.0,0.0,617.0,0.0,617.0,0,8807,1,1,G,1420.0,S,9,617.0
8244,8244,8808_01,Earth,True,TRAPPIST-1e,38.0,False,0.0,2532.0,0.0,204.0,0.0,2736.0,0,8808,1,1,F,1816.0,P,6,2736.0
8245,8245,8809_01,Earth,True,TRAPPIST-1e,24.0,False,0.0,0.0,0.0,2019.0,117.0,2136.0,0,8809,1,1,F,1817.0,P,12,2136.0
8246,8246,8811_01,Earth,True,PSO J318.5-22,63.0,False,0.0,0.0,80.0,0.0,2322.0,2402.0,0,8811,1,1,E,577.0,S,2,2402.0
8247,8247,8812_01,Mars,True,TRAPPIST-1e,23.0,False,0.0,0.0,0.0,0.0,0.0,0.0,1,8812,1,1,E,564.0,P,5,0.0
8248,8248,8813_01,Earth,True,PSO J318.5-22,41.0,False,413.0,0.0,0.0,7.0,347.0,767.0,0,8813,1,1,G,1421.0,S,0,767.0
8249,8249,8815_01,Earth,True,55 Cancri e,20.0,False,0.0,0.0,0.0,335.0,957.0,1292.0,0,8815,1,1,F,1818.0,P,15,1292.0
8250,8250,8816_01,Europa,True,TRAPPIST-1e,48.0,False,0.0,0.0,0.0,0.0,0.0,0.0,1,8816,5,0,B,340.0,S,6,0.0
8251,8251,8816_02,Europa,True,55 Cancri e,44.0,False,0.0,0.0,0.0,0.0,0.0,0.0,1,8816,5,0,B,340.0,S,6,0.0
8252,8252,8816_03,Europa,True,55 Cancri e,15.0,False,0.0,0.0,0.0,0.0,0.0,0.0,1,8816,5,0,B,340.0,S,6,0.0
8253,8253,8816_04,Europa,True,55 Cancri e,29.0,False,0.0,0.0,0.0,0.0,0.0,0.0,1,8816,5,0,B,340.0,S,6,0.0
8254,8254,8816_05,Europa,True,TRAPPIST-1e,64.0,False,0.0,1770.0,0.0,4111.0,180.0,6061.0,0,8816,5,0,B,340.0,S,6,6061.0
8255,8255,8817_01,Earth,True,TRAPPIST-1e,19.0,False,586.0,10.0,0.0,30.0,0.0,626.0,0,8817,1,1,G,1426.0,P,14,626.0
8256,8256,8818_01,Earth,True,PSO J318.5-22,28.0,False,0.0,0.0,0.0,0.0,0.0,0.0,1,8818,1,1,G,1427.0,P,9,0.0
8257,8257,8819_01,Earth,True,TRAPPIST-1e,44.0,False,857.0,0.0,1.0,8.0,17.0,883.0,0,8819,1,1,G,1428.0,P,15,883.0
8258,8258,8820_01,Earth,True,TRAPPIST-1e,13.0,False,0.0,0.0,0.0,0.0,0.0,0.0,1,8820,1,1,G,1429.0,P,9,0.0
8259,8259,8821_01,Earth,True,TRAPPIST-1e,45.0,False,198.0,454.0,1.0,0.0,4.0,657.0,0,8821,1,1,E,565.0,P,5,657.0
8260,8260,8822_01,Europa,True,55 Cancri e,25.0,False,0.0,145.0,1359.0,492.0,205.0,2201.0,0,8822,1,1,A,92.0,P,4,2201.0
8261,8261,8823_01,Mars,True,TRAPPIST-1e,19.0,False,0.0,0.0,0.0,0.0,0.0,0.0,1,8823,1,1,F,1710.0,S,4,0.0
8262,8262,8824_01,Earth,True,TRAPPIST-1e,29.0,False,128.0,0.0,130.0,132.0,473.0,863.0,0,8824,1,1,F,1819.0,P,10,863.0
8263,8263,8825_01,Earth,True,55 Cancri e,21.0,False,0.0,0.0,0.0,0.0,0.0,0.0,1,8825,1,1,G,1422.0,S,2,0.0
8264,8264,8826_01,Europa,True,55 Cancri e,13.0,False,1212.0,4485.0,0.0,4016.0,57.0,9770.0,0,8826,3,0,C,290.0,P,8,9770.0
8265,8265,8826_02,Europa,True,55 Cancri e,25.0,False,1369.0,310.0,3.0,4502.0,377.0,6561.0,0,8826,3,0,C,290.0,P,8,6561.0
8266,8266,8826_03,Europa,True,TRAPPIST-1e,46.0,False,1384.0,229.0,0.0,1572.0,1.0,3186.0,0,8826,3,0,C,290.0,P,8,3186.0
8267,8267,8827_01,Earth,True,55 Cancri e,37.0,False,88.0,0.0,719.0,88.0,0.0,895.0,0,8827,1,1,F,1820.0,P,9,895.0
8268,8268,8828_01,Earth,True,55 Cancri e,19.0,False,0.0,6.0,0.0,0.0,1179.0,1185.0,0,8828,1,1,F,1711.0,S,4,1185.0
8269,8269,8830_01,Mars,True,TRAPPIST-1e,29.0,False,230.0,0.0,1404.0,464.0,0.0,2098.0,0,8830,2,0,E,578.0,S,16,2098.0
8270,8270,8830_02,Mars,True,TRAPPIST-1e,21.0,False,0.0,0.0,0.0,0.0,0.0,0.0,1,8830,2,0,F,1712.0,S,16,0.0
8271,8271,8831_01,Mars,True,TRAPPIST-1e,13.0,False,0.0,0.0,0.0,0.0,0.0,0.0,1,8831,1,1,F,1713.0,S,2,0.0
8272,8272,8833_01,Earth,True,55 Cancri e,15.0,False,0.0,0.0,0.0,0.0,0.0,0.0,1,8833,1,1,G,1424.0,S,5,0.0
8273,8273,8834_01,Earth,True,TRAPPIST-1e,42.0,False,4.0,0.0,0.0,0.0,792.0,796.0,0,8834,1,1,F,1715.0,S,3,796.0
8274,8274,8835_01,Earth,True,TRAPPIST-1e,24.0,False,0.0,0.0,0.0,0.0,0.0,0.0,1,8835,1,1,G,1425.0,S,11,0.0
8275,8275,8836_01,Earth,True,TRAPPIST-1e,26.0,False,903.0,0.0,182.0,0.0,27.0,1112.0,0,8836,2,0,F,1821.0,P,9,1112.0
8276,8276,8836_02,Earth,True,TRAPPIST-1e,19.0,False,0.0,0.0,0.0,0.0,0.0,0.0,1,8836,2,0,G,1430.0,P,9,0.0
8277,8277,8838_01,Earth,True,TRAPPIST-1e,18.0,False,0.0,181.0,628.0,0.0,0.0,809.0,0,8838,1,1,G,1431.0,P,5,809.0
8278,8278,8840_01,Earth,True,55 Cancri e,50.0,False,0.0,433.0,4.0,0.0,2020.0,2457.0,0,8840,1,1,F,1716.0,S,17,2457.0
8279,8279,8841_01,Mars,True,TRAPPIST-1e,28.0,False,0.0,0.0,0.0,0.0,0.0,0.0,1,8841,1,1,F,1822.0,P,6,0.0
8280,8280,8842_01,Europa,True,TRAPPIST-1e,24.0,False,3.0,2910.0,0.0,112.0,36.0,3061.0,0,8842,1,1,D,267.0,S,2,3061.0
8281,8281,8843_01,Europa,True,TRAPPIST-1e,31.0,False,61.62162162162162,927.0,0.0,2760.0,1.0,3688.0,0,8843,1,1,C,327.0,S,4,3749.6216216216217
8282,8282,8844_01,Earth,True,55 Cancri e,19.0,False,0.0,0.0,717.0,1.0,0.0,718.0,0,8844,1,1,E,579.0,S,2,718.0
8283,8283,8845_01,Earth,True,TRAPPIST-1e,20.0,False,735.0,0.0,0.0,41.0,1.0,777.0,0,8845,2,0,F,1823.0,P,9,777.0
8284,8284,8845_02,Earth,True,TRAPPIST-1e,23.0,False,0.0,1204.0,40.0,0.0,375.0,1619.0,0,8845,2,0,E,566.0,P,9,1619.0
8285,8285,8848_01,Mars,True,TRAPPIST-1e,19.0,False,1037.0,0.0,40.0,0.0,0.0,1077.0,0,8848,1,1,F,1824.0,P,7,1077.0
8286,8286,8849_01,Earth,True,55 Cancri e,27.0,False,0.0,0.0,0.0,0.0,0.0,0.0,1,8849,1,1,G,1427.0,S,5,0.0
8287,8287,8850_01,Mars,True,TRAPPIST-1e,16.0,False,1032.0,0.0,267.0,0.0,0.0,1299.0,0,8850,1,1,E,580.0,S,4,1299.0
8288,8288,8852_01,Mars,True,TRAPPIST-1e,76.0,False,0.0,0.0,0.0,0.0,0.0,0.0,1,8852,2,0,D,278.0,P,10,0.0
8289,8289,8852_02,Mars,True,TRAPPIST-1e,41.0,True,22.0,484.0,354.0,0.0,0.0,860.0,0,8852,2,0,D,278.0,P,10,860.0
8290,8290,8853_01,Earth,True,PSO J318.5-22,24.0,False,726.0,3488.0,200.0,17.0,275.0,4706.0,0,8853,1,1,G,1433.0,P,15,4706.0
8291,8291,8854_01,Earth,True,TRAPPIST-1e,12.0,False,0.0,0.0,0.0,0.0,0.0,0.0,1,8854,1,1,G,1429.0,S,8,0.0
8292,8292,8856_01,Earth,True,PSO J318.5-22,28.0,False,0.0,0.0,0.0,0.0,0.0,0.0,1,8856,1,1,G,1434.0,P,13,0.0
8293,8293,8858_01,Europa,True,TRAPPIST-1e,36.0,True,0.0,0.0,0.0,0.0,0.0,0.0,1,8858,1,1,B,285.0,P,1,0.0
8294,8294,8860_01,Mars,True,TRAPPIST-1e,20.0,False,0.0,0.0,0.0,0.0,0.0,0.0,1,8860,4,0,F,1825.0,P,6,0.0
8295,8295,8860_02,Mars,True,TRAPPIST-1e,7.0,False,0.0,0.0,0.0,0.0,0.0,0.0,1,8860,4,0,F,1825.0,P,16,0.0
8296,8296,8860_03,Mars,True,TRAPPIST-1e,21.0,False,0.0,0.0,0.0,0.0,0.0,0.0,1,8860,4,0,F,1825.0,P,16,0.0
8297,8297,8860_04,Mars,True,TRAPPIST-1e,33.0,False,1054.0,0.0,222.0,22.0,0.0,1298.0,0,8860,4,0,E,567.0,P,16,1298.0
8298,8298,8861_01,Europa,True,TRAPPIST-1e,32.0,False,0.0,2583.0,3.0,500.0,129.0,3215.0,0,8861,1,1,C,291.0,P,1,3215.0
8299,8299,8862_01,Europa,True,55 Cancri e,34.0,False,0.0,3126.0,0.0,112.0,15.0,3253.0,0,8862,5,0,C,329.0,S,9,3253.0
8300,8300,8862_02,Europa,True,PSO J318.5-22,38.0,True,0.0,2191.0,863.0,207.0,6262.0,9523.0,0,8862,5,0,C,329.0,S,2,9523.0
8301,8301,8862_03,Europa,True,TRAPPIST-1e,29.0,False,0.0,0.0,0.0,0.0,0.0,0.0,1,8862,5,0,C,329.0,S,9,0.0
8302,8302,8862_04,Europa,True,55 Cancri e,28.0,False,0.0,0.0,0.0,0.0,0.0,0.0,1,8862,5,0,C,329.0,S,9,0.0
8303,8303,8862_05,Europa,True,TRAPPIST-1e,25.0,False,0.0,0.0,0.0,0.0,0.0,0.0,1,8862,5,0,C,329.0,S,9,0.0
8304,8304,8863_01,Earth,True,55 Cancri e,24.0,False,0.0,784.0,5.0,0.0,1.0,790.0,0,8863,1,1,E,582.0,S,8,790.0
8305,8305,8864_01,Mars,True,TRAPPIST-1e,18.0,False,0.0,0.0,0.0,0.0,0.0,0.0,1,8864,1,1,F,1717.0,S,4,0.0
8306,8306,8865_01,Earth,True,TRAPPIST-1e,24.0,False,121.0,10.0,341.0,307.0,47.0,826.0,0,8865,1,1,F,1826.0,P,4,826.0
8307,8307,8867_01,Europa,True,55 Cancri e,30.0,False,0.0,0.0,0.0,0.0,0.0,0.0,1,8867,2,0,B,286.0,P,8,0.0
8308,8308,8867_02,Europa,True,55 Cancri e,38.0,False,0.0,0.0,0.0,0.0,0.0,0.0,1,8867,2,0,B,286.0,P,8,0.0
8309,8309,8868_01,Earth,True,TRAPPIST-1e,39.0,False,0.0,798.0,0.0,56.0,0.0,854.0,0,8868,1,1,G,1430.0,S,6,854.0
8310,8310,8869_01,Earth,True,TRAPPIST-1e,31.0,False,0.0,0.0,0.0,0.0,0.0,0.0,1,8869,1,1,G,1431.0,S,7,0.0
8311,8311,8871_01,Earth,True,TRAPPIST-1e,33.0,False,0.0,116.0,412.0,379.0,0.0,907.0,0,8871,2,0,G,1432.0,S,13,907.0
8312,8312,8871_02,Earth,True,PSO J318.5-22,15.0,False,0.0,0.0,0.0,0.0,0.0,0.0,1,8871,2,0,G,1432.0,S,13,0.0
8313,8313,8872_01,Mars,True,TRAPPIST-1e,23.0,False,0.0,0.0,0.0,0.0,0.0,0.0,1,8872,1,1,F,1828.0,P,5,0.0
8314,8314,8874_01,Earth,True,TRAPPIST-1e,24.0,False,0.0,0.0,0.0,0.0,0.0,0.0,1,8874,1,1,G,1436.0,P,5,0.0
8315,8315,8876_01,Europa,True,55 Cancri e,44.0,False,0.0,71.0,7148.0,427.0,394.0,8040.0,0,8876,1,1,B,287.0,P,4,8040.0
8316,8316,8878_01,Earth,True,TRAPPIST-1e,22.0,False,0.0,0.0,0.0,0.0,906.0,906.0,0,8878,1,1,E,568.0,P,5,906.0
8317,8317,8880_01,Mars,True,TRAPPIST-1e,28.0,False,0.0,0.0,0.0,0.0,0.0,0.0,1,8880,1,1,F,1829.0,P,6,0.0
8318,8318,8881_01,Earth,True,55 Cancri e,34.0,False,0.0,0.0,717.0,0.0,0.0,717.0,0,8881,1,1,F,1719.0,S,9,717.0
8319,8319,8883_01,Earth,True,TRAPPIST-1e,8.0,False,0.0,0.0,0.0,0.0,0.0,0.0,1,8883,1,1,G,1438.0,P,13,0.0
8320,8320,8884_01,Earth,True,TRAPPIST-1e,26.0,False,1471.0,0.0,7.0,5.0,0.0,1483.0,0,8884,1,1,F,1830.0,P,7,1483.0
8321,8321,8885_01,Mars,True,TRAPPIST-1e,29.0,False,876.0,1.0,54.0,125.0,0.0,1056.0,0,8885,1,1,D,269.0,S,2,1056.0
8322,8322,8886_01,Earth,True,55 Cancri e,58.0,False,0.0,0.0,620.0,0.0,0.0,620.0,0,8886,3,0,G,1433.0,S,9,620.0
8323,8323,8886_02,Earth,True,TRAPPIST-1e,4.0,False,0.0,0.0,0.0,0.0,0.0,0.0,1,8886,3,0,G,1433.0,S,9,0.0
8324,8324,8886_03,Earth,True,PSO J318.5-22,1.0,False,0.0,0.0,0.0,0.0,0.0,0.0,1,8886,3,0,G,1433.0,S,9,0.0
8325,8325,8889_01,Earth,True,55 Cancri e,17.0,False,0.0,0.0,615.0,0.0,0.0,615.0,0,8889,1,1,G,1439.0,P,3,615.0
8326,8326,8890_01,Earth,True,PSO J318.5-22,27.0,False,0.0,0.0,0.0,1606.0,3675.0,5281.0,0,8890,1,1,G,1434.0,S,9,5281.0
8327,8327,8891_01,Earth,True,TRAPPIST-1e,24.0,False,1186.0,0.0,381.0,3.0,173.0,1743.0,0,8891,2,0,F,1831.0,P,6,1743.0
8328,8328,8891_02,Earth,True,TRAPPIST-1e,16.0,False,0.0,1332.0,0.0,0.0,0.0,1332.0,0,8891,2,0,F,1831.0,P,6,1332.0
8329,8329,8892_01,Earth,True,TRAPPIST-1e,28.0,False,0.0,16.0,496.0,318.0,0.0,830.0,0,8892,1,1,F,1832.0,P,7,830.0
8330,8330,8894_01,Mars,True,TRAPPIST-1e,23.0,False,0.0,0.0,0.0,0.0,0.0,0.0,1,8894,1,1,F,1721.0,S,6,0.0
8331,8331,8896_01,Mars,True,55 Cancri e,33.0,False,0.0,0.0,0.0,0.0,0.0,0.0,1,8896,1,1,F,1722.0,S,4,0.0
8332,8332,8897_01,Earth,True,PSO J318.5-22,24.0,False,0.0,0.0,0.0,0.0,0.0,0.0,1,8897,1,1,G,1440.0,P,13,0.0
8333,8333,8899_01,Earth,True,TRAPPIST-1e,6.0,False,0.0,0.0,0.0,0.0,0.0,0.0,1,8899,1,1,G,1435.0,S,5,0.0
8334,8334,8900_01,Earth,True,TRAPPIST-1e,19.0,False,23.0,659.0,0.0,15.0,113.0,810.0,0,8900,1,1,G,1441.0,P,4,810.0
8335,8335,8901_01,Europa,True,TRAPPIST-1e,31.0,False,0.0,0.0,0.0,0.0,0.0,0.0,1,8901,1,1,B,341.0,S,5,0.0
8336,8336,8902_01,Earth,True,TRAPPIST-1e,19.0,False,16.0,1739.0,9.0,5.0,8.0,1777.0,0,8902,1,1,G,1436.0,S,4,1777.0
8337,8337,8903_01,Earth,True,TRAPPIST-1e,18.0,False,0.0,0.0,0.0,0.0,810.0,810.0,0,8903,1,1,G,1437.0,S,10,810.0
8338,8338,8904_01,Earth,True,TRAPPIST-1e,35.0,False,522.0,0.0,1.0,324.0,60.0,907.0,0,8904,1,1,G,1442.0,P,12,907.0
8339,8339,8905_01,Mars,True,TRAPPIST-1e,32.0,True,0.0,0.0,0.0,0.0,0.0,0.0,1,8905,1,1,E,570.0,P,6,0.0
8340,8340,8906_01,Earth,True,55 Cancri e,19.0,False,720.0,2.0,182.25925925925927,181.83673469387756,0.0,722.0,0,8906,1,1,F,1723.0,S,13,1086.0959939531367
8341,8341,8907_01,Earth,True,PSO J318.5-22,24.0,False,0.0,0.0,0.0,0.0,0.0,0.0,1,8907,1,1,G,1438.0,S,4,0.0
8342,8342,8910_01,Earth,True,TRAPPIST-1e,33.0,False,0.0,3.0,0.0,782.0,7.0,792.0,0,8910,1,1,E,585.0,S,11,792.0
8343,8343,8918_01,Earth,True,TRAPPIST-1e,20.0,False,0.0,1.0,32.0,755.0,21.0,809.0,0,8918,1,1,G,1448.0,P,10,809.0
8344,8344,8919_01,Europa,True,TRAPPIST-1e,27.0,False,0.0,2481.0,0.0,3657.0,93.0,6231.0,0,8919,1,1,C,331.0,S,3,6231.0
8345,8345,8920_01,Europa,True,TRAPPIST-1e,26.0,False,0.0,70.0,0.0,41.0,1303.3488372093022,111.0,0,8920,1,1,D,280.0,P,10,1414.3488372093022
8346,8346,8922_01,Earth,True,TRAPPIST-1e,28.0,False,0.0,0.0,0.0,0.0,0.0,0.0,1,8922,1,1,G,1449.0,P,6,0.0
8347,8347,8923_01,Earth,True,TRAPPIST-1e,19.0,False,0.0,0.0,0.0,0.0,0.0,0.0,1,8923,1,1,G,1450.0,P,7,0.0
8348,8348,8926_01,Earth,True,TRAPPIST-1e,24.0,False,0.0,172.16724738675958,3.0,80.0,0.0,83.0,0,8926,1,1,E,571.0,P,12,255.16724738675958
8349,8349,8928_01,Europa,True,55 Cancri e,52.0,False,0.0,0.0,0.0,0.0,0.0,0.0,1,8928,1,1,C,333.0,S,4,0.0
8350,8350,8930_01,Earth,True,PSO J318.5-22,23.0,False,0.0,471.0,120.0,13.0,6.0,610.0,0,8930,1,1,F,1725.0,S,9,610.0
8351,8351,8932_01,Earth,True,TRAPPIST-1e,23.0,False,0.0,0.0,0.0,912.0,41.0,953.0,0,8932,1,1,F,1727.0,S,6,953.0
8352,8352,8937_01,Europa,True,TRAPPIST-1e,25.0,False,0.0,0.0,0.0,0.0,0.0,0.0,1,8937,1,1,E,574.0,P,3,0.0
8353,8353,8938_01,Mars,True,TRAPPIST-1e,22.0,False,0.0,0.0,0.0,0.0,0.0,0.0,1,8938,2,0,F,1729.0,S,6,0.0
8354,8354,8938_02,Mars,True,TRAPPIST-1e,35.0,False,0.0,0.0,0.0,0.0,0.0,0.0,1,8938,2,0,F,1729.0,S,6,0.0
8355,8355,8939_01,Earth,True,PSO J318.5-22,24.0,False,0.0,0.0,0.0,0.0,0.0,0.0,1,8939,1,1,G,1441.0,S,13,0.0
8356,8356,8940_01,Earth,True,TRAPPIST-1e,24.0,False,771.0,0.0,22.0,0.0,0.0,793.0,0,8940,1,1,E,587.0,S,0,793.0
8357,8357,8941_01,Mars,True,TRAPPIST-1e,26.0,True,1.0,445.0,170.0,614.0,68.0,1298.0,0,8941,3,0,E,575.0,P,10,1298.0
8358,8358,8941_02,Mars,True,TRAPPIST-1e,37.0,False,528.0,0.0,1598.0,62.0,0.0,2188.0,0,8941,3,0,F,1834.0,P,10,2188.0
8359,8359,8941_03,Mars,True,TRAPPIST-1e,14.0,False,1737.0,0.0,336.0,0.0,0.0,2073.0,0,8941,3,0,E,575.0,P,10,2073.0
8360,8360,8942_01,Europa,True,TRAPPIST-1e,36.0,False,0.0,3423.0,0.0,466.0,349.0,4238.0,0,8942,1,1,C,297.0,P,2,4238.0
8361,8361,8944_01,Earth,True,PSO J318.5-22,0.0,False,0.0,0.0,0.0,0.0,0.0,0.0,1,8944,3,0,G,1442.0,S,4,0.0
8362,8362,8944_02,Earth,False,PSO J318.5-22,17.0,False,0.0,0.0,0.0,0.0,0.0,0.0,1,8944,3,0,G,1442.0,S,4,0.0
8363,8363,8944_03,Earth,True,TRAPPIST-1e,18.0,False,327.0,170.0,0.0,0.0,130.0,627.0,0,8944,3,0,G,1442.0,S,4,627.0
8364,8364,8945_01,Europa,True,TRAPPIST-1e,43.0,False,17.363636363636363,1632.0,346.0,957.0,128.0,3063.0,0,8945,2,0,D,270.0,S,5,3080.363636363636
8365,8365,8945_02,Europa,True,TRAPPIST-1e,21.0,False,3036.0,32.0,0.0,2.0,416.0,3486.0,0,8945,2,0,D,270.0,S,5,3486.0
8366,8366,8947_01,Mars,True,TRAPPIST-1e,34.0,False,0.0,0.0,0.0,0.0,0.0,0.0,1,8947,1,1,F,1731.0,S,3,0.0
8367,8367,8948_01,Europa,True,TRAPPIST-1e,57.0,False,0.0,13.0,0.0,52.0,11325.0,11390.0,0,8948,2,0,B,342.0,S,6,11390.0
8368,8368,8948_02,Europa,True,55 Cancri e,18.0,False,0.0,4715.0,0.0,36.0,995.0,5746.0,0,8948,2,0,B,342.0,S,6,5746.0
8369,8369,8954_01,Earth,True,PSO J318.5-22,73.0,False,1806.0,0.0,47.0,0.0,0.0,1853.0,0,8954,1,1,G,1452.0,P,14,1853.0
8370,8370,8955_01,Earth,True,TRAPPIST-1e,31.0,False,0.0,1524.0,0.0,0.0,0.0,1524.0,0,8955,1,1,F,1837.0,P,8,1524.0
8371,8371,8956_01,Earth,True,TRAPPIST-1e,25.0,False,0.0,0.0,0.0,6.0,1989.0,1995.0,0,8956,8,0,F,1838.0,P,13,1995.0
8372,8372,8956_02,Earth,True,TRAPPIST-1e,20.0,False,0.0,0.0,0.0,0.0,0.0,0.0,1,8956,8,0,G,1453.0,P,13,0.0
8373,8373,8956_03,Earth,True,PSO J318.5-22,24.0,False,0.0,0.0,40.0,0.0,575.0,615.0,0,8956,8,0,G,1453.0,P,13,615.0
8374,8374,8956_04,Earth,True,TRAPPIST-1e,26.0,False,194.0,1.0,10.0,629.0,0.0,834.0,0,8956,8,0,G,1453.0,P,13,834.0
8375,8375,8956_05,Earth,True,TRAPPIST-1e,21.0,False,0.0,0.0,0.0,0.0,0.0,0.0,1,8956,8,0,G,1453.0,P,13,0.0
8376,8376,8956_06,Earth,True,PSO J318.5-22,22.0,False,0.0,29.0,165.0,404.0,0.0,598.0,0,8956,8,0,F,1838.0,P,13,598.0
8377,8377,8956_07,Earth,True,55 Cancri e,39.0,False,0.0,0.0,1291.0,224.0,0.0,1515.0,0,8956,8,0,F,1838.0,P,13,1515.0
8378,8378,8956_08,Earth,True,TRAPPIST-1e,26.0,False,0.0,0.0,0.0,0.0,741.0,741.0,0,8956,8,0,F,1838.0,P,13,741.0
8379,8379,8959_01,Europa,True,TRAPPIST-1e,32.0,False,0.0,0.0,0.0,0.0,0.0,0.0,1,8959,1,1,C,298.0,P,6,0.0
8380,8380,8961_01,Earth,True,TRAPPIST-1e,1.0,False,0.0,0.0,0.0,0.0,0.0,0.0,1,8961,5,0,G,1455.0,P,11,0.0
8381,8381,8961_02,Earth,True,TRAPPIST-1e,7.0,False,0.0,0.0,0.0,0.0,0.0,0.0,1,8961,5,0,G,1455.0,P,11,0.0
8382,8382,8961_03,Earth,True,TRAPPIST-1e,4.0,False,0.0,0.0,0.0,0.0,0.0,0.0,1,8961,5,0,G,1455.0,P,12,0.0
8383,8383,8961_04,Earth,True,TRAPPIST-1e,21.0,False,0.0,6.0,0.0,593.0,0.0,599.0,0,8961,5,0,F,1839.0,P,11,599.0
8384,8384,8961_05,Earth,True,TRAPPIST-1e,12.0,False,0.0,0.0,0.0,0.0,0.0,0.0,1,8961,5,0,G,1455.0,P,11,0.0
8385,8385,8964_01,Mars,True,TRAPPIST-1e,28.0,False,1708.0,110.37037037037037,65.0,1.0,0.0,1774.0,0,8964,3,0,F,1734.0,S,7,1884.3703703703704
8386,8386,8964_02,Mars,True,TRAPPIST-1e,0.0,False,0.0,0.0,0.0,0.0,0.0,0.0,1,8964,3,0,F,1734.0,S,7,0.0
8387,8387,8964_03,Mars,True,TRAPPIST-1e,18.0,False,0.0,0.0,0.0,0.0,0.0,0.0,1,8964,3,0,F,1734.0,S,7,0.0
8388,8388,8966_01,Mars,True,TRAPPIST-1e,52.0,False,1231.0,2.0,8.0,0.0,0.0,1241.0,0,8966,1,1,F,1735.0,S,5,1241.0
8389,8389,8967_01,Earth,True,TRAPPIST-1e,18.0,False,13.0,822.0,27.0,0.0,46.0,908.0,0,8967,1,1,G,1445.0,S,8,908.0
8390,8390,8968_01,Europa,True,TRAPPIST-1e,51.0,False,0.0,0.0,0.0,0.0,0.0,0.0,1,8968,1,1,E,588.0,S,1,0.0
8391,8391,8969_01,Europa,True,55 Cancri e,21.0,False,0.0,846.0,4407.0,0.0,2491.0,7744.0,0,8969,1,1,C,299.0,P,2,7744.0
8392,8392,8970_01,Europa,True,55 Cancri e,28.0,False,112.57446808510639,3751.0,0.0,5025.0,11741.0,20517.0,0,8970,1,1,C,300.0,P,3,20629.574468085106
8393,8393,8972_01,Mars,True,TRAPPIST-1e,34.0,False,0.0,0.0,0.0,0.0,0.0,0.0,1,8972,1,1,F,1736.0,S,3,0.0
8394,8394,8973_01,Earth,True,TRAPPIST-1e,13.0,False,0.0,0.0,0.0,0.0,0.0,0.0,1,8973,1,1,G,1446.0,S,8,0.0
8395,8395,8975_01,Earth,True,TRAPPIST-1e,35.0,False,503.0,236.0,2.0,0.0,68.0,809.0,0,8975,2,0,G,1456.0,P,7,809.0
8396,8396,8975_02,Earth,True,TRAPPIST-1e,27.0,False,1.0,112.76086956521739,0.0,20.0,948.0,969.0,0,8975,2,0,F,1840.0,P,7,1081.7608695652175
8397,8397,8976_01,Earth,True,TRAPPIST-1e,35.0,False,1.0,0.0,0.0,0.0,803.0,804.0,0,8976,1,1,F,1737.0,S,1,804.0
8398,8398,8977_01,Mars,True,55 Cancri e,51.0,False,324.0,0.0,563.0,119.0,0.0,1006.0,0,8977,1,1,D,272.0,S,7,1006.0
8399,8399,8978_01,Mars,True,TRAPPIST-1e,53.0,False,24.0,0.0,1105.0,0.0,0.0,1129.0,0,8978,1,1,F,1841.0,P,3,1129.0
8400,8400,8981_01,Earth,True,TRAPPIST-1e,29.0,False,311.0,7.0,665.0,0.0,0.0,983.0,0,8981,1,1,E,589.0,S,5,983.0
8401,8401,8982_01,Earth,True,TRAPPIST-1e,41.0,False,0.0,924.0,54.89473684210526,0.0,0.0,924.0,0,8982,1,1,F,1739.0,S,6,978.8947368421052
8402,8402,8983_01,Earth,True,TRAPPIST-1e,47.0,False,42.0,509.0,0.0,0.0,1057.0,1608.0,0,8983,1,1,E,576.0,P,6,1608.0
8403,8403,8985_01,Earth,True,55 Cancri e,22.0,False,0.0,0.0,626.0,0.0,14.0,640.0,0,8985,1,1,F,1842.0,P,11,640.0
8404,8404,8986_01,Earth,True,TRAPPIST-1e,19.0,False,0.0,810.0,21.0,788.0,110.76271186440678,1619.0,0,8986,2,0,E,590.0,S,5,1729.7627118644068
8405,8405,8986_02,Earth,True,PSO J318.5-22,22.0,False,0.0,17.0,0.0,620.0,0.0,637.0,0,8986,2,0,F,1740.0,S,5,637.0
8406,8406,8987_01,Europa,True,55 Cancri e,25.0,False,0.0,0.0,0.0,0.0,0.0,0.0,1,8987,1,1,D,282.0,P,2,0.0
8407,8407,8988_01,Earth,True,TRAPPIST-1e,7.0,False,0.0,0.0,0.0,0.0,0.0,0.0,1,8988,8,0,G,1448.0,S,18,0.0
8408,8408,8988_02,Earth,True,55 Cancri e,17.0,False,0.0,0.0,0.0,0.0,0.0,0.0,1,8988,8,0,G,1448.0,S,18,0.0
8409,8409,8988_03,Earth,True,55 Cancri e,0.0,False,0.0,0.0,0.0,0.0,0.0,0.0,1,8988,8,0,G,1448.0,S,18,0.0
8410,8410,8988_04,Earth,True,TRAPPIST-1e,5.0,False,0.0,0.0,0.0,0.0,0.0,0.0,1,8988,8,0,G,1448.0,S,7,0.0
8411,8411,8988_05,Earth,True,TRAPPIST-1e,30.0,False,0.0,1028.0,0.0,80.0,0.0,1108.0,0,8988,8,0,F,1741.0,S,18,1108.0
8412,8412,8988_06,Earth,True,TRAPPIST-1e,17.0,False,0.0,0.0,0.0,0.0,0.0,0.0,1,8988,8,0,G,1448.0,S,18,0.0
8413,8413,8988_07,Earth,True,TRAPPIST-1e,53.0,False,0.0,1487.0,0.0,67.0,0.0,1554.0,0,8988,8,0,F,1741.0,S,7,1554.0
8414,8414,8988_08,Earth,True,TRAPPIST-1e,9.0,False,0.0,0.0,0.0,0.0,0.0,0.0,1,8988,8,0,G,1448.0,S,18,0.0
8415,8415,8989_01,Europa,True,TRAPPIST-1e,17.0,False,0.0,366.0,23492.0,356.0,3.0,24217.0,0,8989,4,0,B,291.0,P,12,24217.0
8416,8416,8989_02,Europa,True,55 Cancri e,16.0,False,0.0,0.0,0.0,0.0,0.0,0.0,1,8989,4,0,B,291.0,P,12,0.0
8417,8417,8989_03,Europa,True,TRAPPIST-1e,29.0,False,0.0,0.0,0.0,0.0,0.0,0.0,1,8989,4,0,B,291.0,P,12,0.0
8418,8418,8989_04,Europa,True,55 Cancri e,29.0,False,80.0,3707.0,0.0,1465.0,1320.0,6572.0,0,8989,4,0,B,291.0,P,12,6572.0
8419,8419,8992_01,Mars,True,TRAPPIST-1e,46.0,False,479.0,4.0,699.0,0.0,0.0,1182.0,0,8992,1,1,D,283.0,P,4,1182.0
8420,8420,8993_01,Earth,True,PSO J318.5-22,27.0,False,32.0,8.0,5.0,588.0,18.0,651.0,0,8993,1,1,F,1844.0,P,8,651.0
8421,8421,8996_01,Europa,True,TRAPPIST-1e,39.0,False,2101.0,41.0,0.0,525.0,19.0,2686.0,0,8996,1,1,D,285.0,P,6,2686.0
8422,8422,8997_01,Earth,True,55 Cancri e,15.0,False,0.0,0.0,0.0,0.0,0.0,0.0,1,8997,2,0,F,1742.0,S,15,0.0
8423,8423,8997_02,Earth,True,TRAPPIST-1e,30.0,False,604.0,0.0,50.0,147.0,2.0,803.0,0,8997,2,0,F,1742.0,S,15,803.0
8424,8424,8998_01,Earth,True,TRAPPIST-1e,41.0,False,0.0,0.0,0.0,0.0,0.0,0.0,1,8998,2,0,G,1449.0,S,9,0.0
8425,8425,8998_02,Earth,True,TRAPPIST-1e,47.0,False,147.15384615384616,1.0,0.0,967.0,5.0,973.0,0,8998,2,0,E,591.0,S,9,1120.1538461538462
8426,8426,8999_01,Mars,True,55 Cancri e,32.0,False,2555.0,0.0,456.0,2.0,0.0,3013.0,0,8999,1,1,D,274.0,S,7,3013.0
8427,8427,9001_01,Earth,True,55 Cancri e,15.0,False,0.0,20.0,816.0,39.0,1.0,876.0,0,9001,1,1,F,1743.0,S,5,876.0
8428,8428,9003_01,Earth,True,TRAPPIST-1e,23.0,False,2.0,167.0,0.0,0.0,555.0,724.0,0,9003,1,1,F,1744.0,S,9,724.0
8429,8429,9004_01,Europa,True,55 Cancri e,20.0,False,0.0,0.0,0.0,0.0,0.0,0.0,1,9004,1,1,B,292.0,P,7,0.0
8430,8430,9006_01,Europa,True,TRAPPIST-1e,33.0,False,0.0,0.0,0.0,0.0,0.0,0.0,1,9006,1,1,B,343.0,S,2,0.0
8431,8431,9007_01,Earth,True,TRAPPIST-1e,18.0,False,0.0,0.0,0.0,0.0,0.0,0.0,1,9007,1,1,G,1458.0,P,8,0.0
8432,8432,9008_01,Earth,True,TRAPPIST-1e,31.0,False,0.0,173.0,409.0,102.0,43.0,727.0,0,9008,2,0,F,1745.0,S,10,727.0
8433,8433,9008_02,Earth,True,TRAPPIST-1e,25.0,False,0.0,0.0,0.0,0.0,0.0,0.0,1,9008,2,0,F,1745.0,S,10,0.0
8434,8434,9009_01,Earth,True,PSO J318.5-22,19.0,False,0.0,0.0,0.0,0.0,0.0,0.0,1,9009,1,1,G,1459.0,P,8,0.0
8435,8435,9010_01,Mars,True,55 Cancri e,32.0,False,0.0,0.0,0.0,0.0,0.0,0.0,1,9010,1,1,F,1846.0,P,4,0.0
8436,8436,9011_01,Earth,True,TRAPPIST-1e,45.0,False,2.0,338.0,307.0,64.0,0.0,711.0,0,9011,1,1,F,1746.0,S,9,711.0
8437,8437,9012_01,Earth,True,TRAPPIST-1e,43.0,False,224.0,0.0,623.0,0.0,62.0,909.0,0,9012,1,1,G,1460.0,P,0,909.0
8438,8438,9013_01,Earth,True,TRAPPIST-1e,21.0,False,128.0,108.0,8.0,3.0,522.0,769.0,0,9013,3,0,G,1461.0,P,8,769.0
8439,8439,9013_02,Earth,True,TRAPPIST-1e,48.0,False,38.0,0.0,23.0,722.0,1.0,784.0,0,9013,3,0,G,1461.0,P,8,784.0
8440,8440,9013_03,Earth,True,55 Cancri e,0.0,False,0.0,0.0,0.0,0.0,0.0,0.0,1,9013,3,0,G,1461.0,P,8,0.0
8441,8441,9014_01,Europa,True,TRAPPIST-1e,29.0,False,0.0,0.0,0.0,0.0,0.0,0.0,1,9014,1,1,B,293.0,P,5,0.0
8442,8442,9015_01,Europa,True,55 Cancri e,41.0,False,3.0,1320.0,0.0,0.0,12392.0,13715.0,0,9015,1,1,B,344.0,S,4,13715.0
8443,8443,9018_01,Earth,True,TRAPPIST-1e,23.0,False,0.0,554.0,0.0,299.0,0.0,853.0,0,9018,1,1,G,1462.0,P,7,853.0
8444,8444,9019_01,Earth,True,55 Cancri e,48.0,False,304.0,0.0,164.0,320.0,0.0,788.0,0,9019,1,1,E,592.0,S,14,788.0
8445,8445,9020_01,Earth,True,PSO J318.5-22,18.0,False,0.0,0.0,0.0,391.0,283.0,674.0,0,9020,1,1,F,1747.0,S,6,674.0
8446,8446,9021_01,Mars,True,TRAPPIST-1e,30.0,False,522.0,0.0,402.8,0.0,27.0,549.0,0,9021,2,0,E,577.0,P,3,951.8
8447,8447,9021_02,Mars,True,TRAPPIST-1e,26.0,True,1297.0,0.0,62.0,0.0,364.0,1723.0,0,9021,2,0,D,286.0,P,3,1723.0
8448,8448,9023_01,Earth,True,TRAPPIST-1e,18.0,False,0.0,1.0,0.0,618.0,21.0,640.0,0,9023,1,1,E,593.0,S,0,640.0
8449,8449,9024_01,Mars,True,55 Cancri e,27.0,False,63.0,0.0,1970.0,0.0,0.0,2033.0,0,9024,1,1,F,1749.0,S,8,2033.0
8450,8450,9026_01,Earth,True,TRAPPIST-1e,58.0,False,0.0,0.0,0.0,0.0,0.0,0.0,1,9026,1,1,G,1463.0,P,7,0.0
8451,8451,9028_01,Earth,True,TRAPPIST-1e,22.0,False,1.0,676.0,13.0,217.0,1.0,908.0,0,9028,1,1,G,1464.0,P,7,908.0
8452,8452,9029_01,Mars,True,TRAPPIST-1e,17.0,False,3146.0,0.0,87.0,135.0,0.0,3368.0,0,9029,1,1,D,287.0,P,9,3368.0
8453,8453,9030_01,Earth,True,TRAPPIST-1e,28.0,False,1954.0,43.0,0.0,0.0,7.0,2004.0,0,9030,2,0,F,1847.0,P,6,2004.0
8454,8454,9030_02,Earth,True,TRAPPIST-1e,27.0,False,0.0,0.0,0.0,298.0,511.0,809.0,0,9030,2,0,G,1465.0,P,6,809.0
8455,8455,9031_01,Earth,True,TRAPPIST-1e,51.0,False,0.0,0.0,689.0,0.0,32.0,721.0,0,9031,1,1,G,1455.0,S,5,721.0
8456,8456,9032_01,Mars,True,TRAPPIST-1e,37.0,False,0.0,0.0,0.0,0.0,0.0,0.0,1,9032,1,1,E,578.0,P,4,0.0
8457,8457,9034_01,Europa,True,TRAPPIST-1e,14.0,False,0.0,0.0,0.0,0.0,0.0,0.0,1,9034,5,0,D,288.0,P,8,0.0
8458,8458,9034_02,Europa,True,TRAPPIST-1e,43.0,False,0.0,0.0,0.0,0.0,0.0,0.0,1,9034,5,0,D,288.0,P,8,0.0
8459,8459,9034_03,Europa,True,55 Cancri e,27.0,False,0.0,984.0,0.0,13995.0,312.0,15291.0,0,9034,5,0,D,288.0,P,5,15291.0
8460,8460,9034_04,Europa,True,TRAPPIST-1e,60.0,False,0.0,1164.5,947.0,668.0,1.0,1616.0,0,9034,5,0,D,288.0,P,8,2780.5
8461,8461,9034_05,Europa,True,TRAPPIST-1e,33.0,False,0.0,1876.0,0.0,1432.0,14.0,3322.0,0,9034,5,0,D,288.0,P,8,3322.0
8462,8462,9035_01,Earth,True,TRAPPIST-1e,39.0,False,266.0,4.0,1.0,0.0,452.0,723.0,0,9035,1,1,G,1466.0,P,5,723.0
8463,8463,9036_01,Earth,True,PSO J318.5-22,21.0,False,0.0,0.0,0.0,0.0,0.0,0.0,1,9036,1,1,G,1467.0,P,13,0.0
8464,8464,9037_01,Mars,True,55 Cancri e,21.0,False,1410.0,3.0,49.0,0.0,0.0,1462.0,0,9037,1,1,F,1751.0,S,6,1462.0
8465,8465,9038_01,Europa,True,55 Cancri e,28.0,False,0.0,0.0,0.0,0.0,0.0,0.0,1,9038,1,1,A,106.0,S,8,0.0
8466,8466,9041_01,Earth,True,PSO J318.5-22,30.0,False,0.0,0.0,0.0,0.0,0.0,0.0,1,9041,1,1,G,1470.0,P,8,0.0
8467,8467,9042_01,Europa,True,55 Cancri e,42.0,False,0.0,5436.0,0.0,471.0,109.0,6016.0,0,9042,1,1,B,294.0,P,3,6016.0
8468,8468,9043_01,Mars,True,TRAPPIST-1e,25.0,False,0.0,0.0,0.0,0.0,0.0,0.0,1,9043,1,1,F,1848.0,P,9,0.0
8469,8469,9046_01,Europa,True,55 Cancri e,25.0,False,0.0,0.0,0.0,0.0,0.0,0.0,1,9046,2,0,C,335.0,S,4,0.0
8470,8470,9046_02,Europa,True,TRAPPIST-1e,25.0,False,6899.0,265.0,0.0,2234.0,2090.0,11488.0,0,9046,2,0,C,335.0,S,4,11488.0
8471,8471,9048_01,Earth,True,TRAPPIST-1e,54.0,False,0.0,0.0,0.0,0.0,0.0,0.0,1,9048,1,1,G,1471.0,P,8,0.0
8472,8472,9049_01,Europa,True,TRAPPIST-1e,41.0,False,0.0,0.0,0.0,0.0,0.0,0.0,1,9049,1,1,C,336.0,S,2,0.0
8473,8473,9052_01,Earth,True,TRAPPIST-1e,36.0,False,0.0,17.0,204.0,559.0,3.0,783.0,0,9052,2,0,G,1457.0,S,9,783.0
8474,8474,9052_02,Earth,True,55 Cancri e,33.0,False,1006.0,0.0,1357.0,45.0,6.0,2414.0,0,9052,2,0,F,1752.0,S,9,2414.0
8475,8475,9057_01,Europa,True,55 Cancri e,36.0,True,132.0,3479.0,0.0,3786.0,0.0,7397.0,0,9057,2,0,B,325.0,P,2,7397.0
8476,8476,9057_02,Europa,True,TRAPPIST-1e,55.0,False,0.0,0.0,0.0,0.0,0.0,0.0,1,9057,2,0,B,296.0,P,2,0.0
8477,8477,9059_01,Earth,True,TRAPPIST-1e,16.0,False,866.0,0.0,0.0,184.0,0.0,1050.0,0,9059,1,1,F,1753.0,S,6,1050.0
8478,8478,9060_01,Earth,True,TRAPPIST-1e,28.0,False,0.0,8.0,338.0,135.0,390.0,871.0,0,9060,1,1,F,1853.0,P,3,871.0
8479,8479,9061_01,Mars,True,TRAPPIST-1e,26.0,False,887.0,6.0,15.0,148.0,0.0,1056.0,0,9061,1,1,D,276.0,S,9,1056.0
8480,8480,9064_01,Earth,True,TRAPPIST-1e,42.0,False,815.0,19.0,2.0,11.0,17.0,864.0,0,9064,1,1,F,1754.0,S,7,864.0
8481,8481,9066_01,Earth,True,PSO J318.5-22,30.0,False,1269.0,9.0,0.0,0.0,0.0,1278.0,0,9066,1,1,F,1756.0,S,7,1278.0
8482,8482,9068_01,Europa,True,TRAPPIST-1e,31.0,False,1062.0,1605.0,0.0,2718.0,1674.0,7059.0,0,9068,1,1,C,337.0,S,6,7059.0
8483,8483,9069_01,Europa,True,TRAPPIST-1e,22.0,False,0.0,0.0,0.0,0.0,0.0,0.0,1,9069,5,0,B,297.0,P,8,0.0
8484,8484,9069_02,Europa,True,55 Cancri e,26.0,False,0.0,0.0,0.0,0.0,0.0,0.0,1,9069,5,0,B,297.0,P,8,0.0
8485,8485,9069_03,Europa,True,55 Cancri e,25.0,False,0.0,0.0,0.0,0.0,0.0,0.0,1,9069,5,0,B,325.0,P,8,0.0
8486,8486,9069_04,Europa,True,TRAPPIST-1e,44.0,False,0.0,4313.0,0.0,568.0,7.0,4888.0,0,9069,5,0,B,297.0,P,8,4888.0
8487,8487,9069_05,Europa,True,55 Cancri e,29.0,False,0.0,12563.0,0.0,3.0,5057.0,17623.0,0,9069,5,0,B,297.0,P,2,17623.0
8488,8488,9071_01,Earth,True,55 Cancri e,22.0,False,0.0,0.0,1072.0,46.0,3.0,1121.0,0,9071,1,1,F,1855.0,P,11,1121.0
8489,8489,9072_01,Mars,True,TRAPPIST-1e,23.0,False,0.0,0.0,0.0,0.0,0.0,0.0,1,9072,3,0,F,1758.0,S,8,0.0
8490,8490,9072_02,Mars,True,TRAPPIST-1e,30.0,False,160.0,0.0,719.0,162.0,0.0,1041.0,0,9072,3,0,F,1758.0,S,8,1041.0
8491,8491,9072_03,Mars,True,TRAPPIST-1e,23.0,False,455.0,10.0,591.0,232.0,0.0,1288.0,0,9072,3,0,F,1758.0,S,8,1288.0
8492,8492,9073_01,Europa,True,TRAPPIST-1e,13.0,False,24.0,838.0,1069.0,1376.0,181.0,3488.0,0,9073,2,0,A,107.0,S,7,3488.0
8493,8493,9073_02,Europa,True,55 Cancri e,53.0,False,0.0,0.0,0.0,0.0,0.0,0.0,1,9073,2,0,B,347.0,S,7,0.0
8494,8494,9074_01,Earth,True,TRAPPIST-1e,0.0,False,0.0,0.0,0.0,0.0,0.0,0.0,1,9074,6,0,G,1460.0,S,8,0.0
8495,8495,9074_02,Earth,True,PSO J318.5-22,27.0,False,0.0,468.0,0.0,59.0,309.0,836.0,0,9074,6,0,G,1460.0,S,8,836.0
8496,8496,9074_03,Earth,True,TRAPPIST-1e,27.0,False,0.0,0.0,0.0,0.0,0.0,0.0,1,9074,6,0,G,1460.0,S,8,0.0
8497,8497,9074_04,Earth,True,55 Cancri e,10.0,False,0.0,0.0,0.0,0.0,0.0,0.0,1,9074,6,0,G,1460.0,S,8,0.0
8498,8498,9074_05,Earth,True,TRAPPIST-1e,2.0,False,0.0,0.0,0.0,0.0,0.0,0.0,1,9074,6,0,G,1460.0,S,8,0.0
8499,8499,9074_06,Earth,True,55 Cancri e,5.0,False,0.0,0.0,0.0,0.0,0.0,0.0,1,9074,6,0,G,1460.0,S,8,0.0
8500,8500,9075_01,Earth,True,TRAPPIST-1e,24.0,False,0.0,10.0,758.0,0.0,20.0,788.0,0,9075,1,1,E,580.0,P,12,788.0
8501,8501,9076_01,Earth,False,TRAPPIST-1e,32.0,False,0.0,0.0,0.0,0.0,0.0,0.0,1,9076,1,1,G,1461.0,S,3,0.0
8502,8502,9077_01,Earth,True,55 Cancri e,22.0,False,23.0,100.0,1353.0,0.0,0.0,1476.0,0,9077,2,0,F,1856.0,P,9,1476.0
8503,8503,9077_02,Earth,True,PSO J318.5-22,22.0,False,0.0,0.0,0.0,0.0,0.0,0.0,1,9077,2,0,G,1475.0,P,9,0.0
8504,8504,9078_01,Earth,True,PSO J318.5-22,44.0,False,0.0,2.0,0.0,0.0,1556.0,1558.0,0,9078,1,1,E,594.0,S,6,1558.0
8505,8505,9079_01,Earth,True,TRAPPIST-1e,55.0,False,1.0,0.0,58.0,0.0,802.0,861.0,0,9079,1,1,E,595.0,S,10,861.0
8506,8506,9080_01,Earth,True,TRAPPIST-1e,22.0,False,34.0,0.0,0.0,711.0,0.0,745.0,0,9080,1,1,F,1857.0,P,6,745.0
8507,8507,9081_01,Earth,True,TRAPPIST-1e,8.0,False,0.0,0.0,0.0,0.0,0.0,0.0,1,9081,8,0,G,1476.0,P,15,0.0
8508,8508,9081_02,Earth,True,55 Cancri e,15.0,False,0.0,0.0,0.0,208.0,754.0,962.0,0,9081,8,0,F,1858.0,P,15,962.0
8509,8509,9081_03,Earth,True,TRAPPIST-1e,1.0,False,0.0,0.0,0.0,0.0,0.0,0.0,1,9081,8,0,G,1471.0,P,15,0.0
8510,8510,9081_04,Earth,True,TRAPPIST-1e,9.0,False,0.0,0.0,0.0,0.0,0.0,0.0,1,9081,8,0,G,1476.0,P,15,0.0
8511,8511,9081_05,Earth,True,TRAPPIST-1e,48.0,False,0.0,586.0,784.0,4.0,21.0,1395.0,0,9081,8,0,F,1858.0,P,15,1395.0
8512,8512,9081_06,Earth,True,PSO J318.5-22,16.0,False,0.0,0.0,761.0,0.0,0.0,761.0,0,9081,8,0,F,1858.0,P,15,761.0
8513,8513,9081_07,Earth,True,TRAPPIST-1e,27.0,False,0.0,0.0,0.0,0.0,0.0,0.0,1,9081,8,0,G,1476.0,P,15,0.0
8514,8514,9081_08,Earth,True,PSO J318.5-22,3.0,False,0.0,0.0,0.0,0.0,0.0,0.0,1,9081,8,0,G,1476.0,P,15,0.0
8515,8515,9084_01,Mars,True,TRAPPIST-1e,25.0,False,1258.0,0.0,22.0,19.0,0.0,1299.0,0,9084,1,1,E,582.0,P,4,1299.0
8516,8516,9085_01,Europa,True,55 Cancri e,70.0,False,0.0,2113.0,0.0,1972.0,51.0,4136.0,0,9085,3,0,A,95.0,P,6,4136.0
8517,8517,9085_02,Europa,True,55 Cancri e,30.0,False,11.0,495.0,0.0,2049.0,2064.0,4619.0,0,9085,3,0,A,95.0,P,6,4619.0
8518,8518,9085_03,Europa,True,TRAPPIST-1e,57.0,False,0.0,0.0,0.0,0.0,0.0,0.0,1,9085,3,0,A,95.0,P,6,0.0
8519,8519,9089_01,Earth,True,TRAPPIST-1e,42.0,False,866.0,0.0,16.0,0.0,0.0,882.0,0,9089,1,1,G,1463.0,S,7,882.0
8520,8520,9094_01,Earth,True,PSO J318.5-22,14.0,False,0.0,0.0,0.0,0.0,0.0,0.0,1,9094,2,0,G,1465.0,S,6,0.0
8521,8521,9094_02,Earth,True,TRAPPIST-1e,43.0,False,0.0,704.0,0.0,2.0,0.0,706.0,0,9094,2,0,G,1465.0,S,6,706.0
8522,8522,9097_01,Mars,True,TRAPPIST-1e,34.0,False,0.0,0.0,0.0,0.0,0.0,0.0,1,9097,1,1,F,1863.0,P,12,0.0
8523,8523,9098_01,Earth,True,TRAPPIST-1e,21.0,False,8.0,796.0,0.0,0.0,0.0,804.0,0,9098,1,1,F,1864.0,P,8,804.0
8524,8524,9099_01,Earth,True,TRAPPIST-1e,32.0,False,0.0,475.0,51.0,440.0,642.0,1608.0,0,9099,1,1,E,597.0,S,5,1608.0
8525,8525,9101_01,Earth,True,TRAPPIST-1e,21.0,False,166.8599221789883,0.0,496.0,430.0,0.0,926.0,0,9101,1,1,F,1865.0,P,8,1092.8599221789882
8526,8526,9103_01,Earth,True,TRAPPIST-1e,25.0,False,3402.0,2449.0,28.0,259.0,197.0,6335.0,0,9103,1,1,G,1479.0,P,7,6335.0
8527,8527,9104_01,Europa,True,55 Cancri e,25.0,False,0.0,0.0,0.0,0.0,0.0,0.0,1,9104,1,1,C,302.0,P,9,0.0
8528,8528,9106_01,Earth,True,TRAPPIST-1e,38.0,False,1736.0,0.0,123.0,5.0,115.0,1979.0,0,9106,1,1,F,1761.0,S,14,1979.0
8529,8529,9107_01,Earth,True,TRAPPIST-1e,36.0,False,0.0,0.0,0.0,0.0,0.0,0.0,1,9107,1,1,G,1467.0,S,7,0.0
8530,8530,9108_01,Earth,True,TRAPPIST-1e,44.0,False,0.0,0.0,0.0,0.0,0.0,0.0,1,9108,2,0,G,1468.0,S,5,0.0
8531,8531,9108_02,Earth,True,TRAPPIST-1e,37.0,False,15.0,7.0,0.0,786.0,0.0,808.0,0,9108,2,0,G,1468.0,S,5,808.0
8532,8532,9110_01,Earth,True,TRAPPIST-1e,47.0,False,0.0,0.0,16.0,3.0,854.0,873.0,0,9110,1,1,F,1866.0,P,7,873.0
8533,8533,9111_01,Mars,True,TRAPPIST-1e,38.0,False,1478.0,0.0,631.0,0.0,0.0,2109.0,0,9111,1,1,E,598.0,S,2,2109.0
8534,8534,9112_01,Mars,True,TRAPPIST-1e,28.0,False,580.719298245614,0.0,0.0,0.0,0.0,0.0,0,9112,1,1,D,290.0,P,4,580.719298245614
8535,8535,9114_01,Europa,True,55 Cancri e,38.0,False,0.0,0.0,0.0,0.0,0.0,0.0,1,9114,1,1,B,348.0,S,3,0.0
8536,8536,9115_01,Earth,True,PSO J318.5-22,53.0,False,1215.0,0.0,0.0,0.0,0.0,1215.0,0,9115,1,1,F,1867.0,P,11,1215.0
8537,8537,9116_01,Earth,True,TRAPPIST-1e,26.0,False,0.0,188.9923076923077,0.0,1.0,48.0,49.0,0,9116,1,1,F,1868.0,P,9,237.9923076923077
8538,8538,9118_01,Earth,True,55 Cancri e,13.0,False,0.0,1501.0,23.0,5.0,163.0,1692.0,0,9118,2,0,E,585.0,P,7,1692.0
8539,8539,9118_02,Earth,True,TRAPPIST-1e,64.0,False,37.0,1585.0,234.0,0.0,18.0,1874.0,0,9118,2,0,G,1482.0,P,7,1874.0
8540,8540,9119_01,Earth,True,TRAPPIST-1e,16.0,False,0.0,0.0,0.0,0.0,0.0,0.0,1,9119,1,1,G,1483.0,P,8,0.0
8541,8541,9120_01,Earth,True,TRAPPIST-1e,13.0,False,101.0,12.0,184.0,780.0,0.0,1077.0,0,9120,1,1,F,1763.0,S,9,1077.0
8542,8542,9122_01,Earth,True,55 Cancri e,55.0,False,0.0,0.0,0.0,0.0,0.0,0.0,1,9122,1,1,G,1469.0,S,9,0.0
8543,8543,9124_01,Mars,True,TRAPPIST-1e,26.0,False,733.0,0.0,1296.0,80.0,0.0,2109.0,0,9124,1,1,E,599.0,S,3,2109.0
8544,8544,9125_01,Mars,True,TRAPPIST-1e,23.0,False,0.0,0.0,0.0,0.0,0.0,0.0,1,9125,2,0,E,586.0,P,4,0.0
8545,8545,9125_02,Mars,True,TRAPPIST-1e,55.0,False,0.0,0.0,0.0,0.0,0.0,0.0,1,9125,2,0,E,586.0,P,4,0.0
8546,8546,9126_01,Mars,True,TRAPPIST-1e,50.0,False,0.0,0.0,0.0,0.0,0.0,0.0,1,9126,1,1,E,600.0,S,3,0.0
8547,8547,9127_01,Earth,True,PSO J318.5-22,26.0,False,0.0,749.0,20.0,0.0,0.0,769.0,0,9127,1,1,G,1470.0,S,13,769.0
8548,8548,9128_01,Earth,True,TRAPPIST-1e,36.0,False,794.0,371.0,0.0,228.0,1.0,1394.0,0,9128,2,0,F,1870.0,P,18,1394.0
8549,8549,9128_02,Earth,True,PSO J318.5-22,33.0,False,0.0,0.0,0.0,0.0,0.0,0.0,1,9128,2,0,G,1484.0,P,18,0.0
8550,8550,9129_01,Earth,True,TRAPPIST-1e,21.0,False,0.0,1.0,0.0,808.0,0.0,809.0,0,9129,1,1,G,1485.0,P,2,809.0
8551,8551,9130_01,Mars,True,TRAPPIST-1e,41.0,False,0.0,0.0,0.0,0.0,0.0,0.0,1,9130,1,1,F,1765.0,S,2,0.0
8552,8552,9131_01,Europa,True,55 Cancri e,33.0,False,0.0,1961.0,0.0,226.0,1077.0,3264.0,0,9131,2,0,C,303.0,P,2,3264.0
8553,8553,9131_02,Europa,True,TRAPPIST-1e,23.0,False,0.0,0.0,0.0,0.0,0.0,0.0,1,9131,2,0,C,303.0,P,2,0.0
8554,8554,9132_01,Mars,True,TRAPPIST-1e,31.0,False,2575.0,1.0,2.0,70.4,0.0,2578.0,0,9132,2,0,D,291.0,P,6,2648.4
8555,8555,9132_02,Mars,True,TRAPPIST-1e,28.0,False,1789.0,16.0,3.0,10.0,1.0,1819.0,0,9132,2,0,F,1871.0,P,6,1819.0
8556,8556,9134_01,Earth,True,TRAPPIST-1e,13.0,False,590.0,0.0,32.0,363.0,0.0,985.0,0,9134,1,1,E,601.0,S,5,985.0
8557,8557,9136_01,Earth,True,TRAPPIST-1e,26.0,False,6.0,0.0,0.0,800.0,3.0,809.0,0,9136,1,1,G,1471.0,S,9,809.0
8558,8558,9137_01,Mars,True,TRAPPIST-1e,35.0,False,3.0,1376.0,11.0,0.0,360.0,1750.0,0,9137,1,1,F,1872.0,P,4,1750.0
8559,8559,9139_01,Mars,True,TRAPPIST-1e,25.0,False,410.0,32.0,14.0,1239.0,10.0,1705.0,0,9139,1,1,F,1766.0,S,2,1705.0
8560,8560,9140_01,Earth,True,PSO J318.5-22,19.0,False,0.0,0.0,0.0,0.0,0.0,0.0,1,9140,1,1,G,1488.0,P,4,0.0
8561,8561,9141_01,Europa,True,TRAPPIST-1e,56.0,False,0.0,0.0,0.0,0.0,0.0,0.0,1,9141,1,1,B,349.0,S,6,0.0
8562,8562,9142_01,Earth,True,TRAPPIST-1e,18.0,False,83.0,165.0,1.0,0.0,2002.0,2251.0,0,9142,1,1,F,1873.0,P,5,2251.0
8563,8563,9144_01,Earth,True,TRAPPIST-1e,22.0,False,1.0,702.0,0.0,0.0,0.0,703.0,0,9144,1,1,F,1768.0,S,4,703.0
8564,8564,9145_01,Earth,True,TRAPPIST-1e,34.0,False,0.0,0.0,0.0,0.0,0.0,0.0,1,9145,1,1,G,1489.0,P,7,0.0
8565,8565,9148_01,Earth,True,TRAPPIST-1e,11.0,False,0.0,0.0,0.0,0.0,0.0,0.0,1,9148,1,1,G,1473.0,S,5,0.0
8566,8566,9149_01,Europa,True,55 Cancri e,37.0,False,0.0,0.0,0.0,0.0,0.0,0.0,1,9149,2,0,B,350.0,S,3,0.0
8567,8567,9149_02,Europa,True,55 Cancri e,22.0,False,0.0,36.0,1.0,3761.0,4521.0,8319.0,0,9149,2,0,B,350.0,S,3,8319.0
8568,8568,9150_01,Earth,True,TRAPPIST-1e,45.0,False,1.0,0.0,638.0,9.0,161.0,809.0,0,9150,1,1,G,1474.0,S,9,809.0
8569,8569,9151_01,Mars,True,TRAPPIST-1e,19.0,False,0.0,0.0,0.0,0.0,0.0,0.0,1,9151,1,1,F,1769.0,S,7,0.0
8570,8570,9152_01,Earth,True,TRAPPIST-1e,39.0,False,0.0,0.0,0.0,0.0,0.0,0.0,1,9152,1,1,G,1491.0,P,14,0.0
8571,8571,9156_01,Europa,True,TRAPPIST-1e,28.0,False,0.0,0.0,0.0,0.0,0.0,0.0,1,9156,1,1,B,351.0,S,4,0.0
8572,8572,9157_01,Earth,True,TRAPPIST-1e,36.0,False,0.0,281.0,0.0,0.0,632.0,913.0,0,9157,7,0,G,1476.0,S,12,913.0
8573,8573,9157_02,Earth,True,PSO J318.5-22,1.0,False,0.0,0.0,0.0,0.0,0.0,0.0,1,9157,7,0,G,1476.0,S,5,0.0
8574,8574,9157_03,Earth,True,PSO J318.5-22,10.0,False,0.0,0.0,0.0,0.0,0.0,0.0,1,9157,7,0,G,1476.0,S,12,0.0
8575,8575,9157_04,Earth,True,55 Cancri e,12.0,False,0.0,0.0,0.0,0.0,0.0,0.0,1,9157,7,0,G,1476.0,S,12,0.0
8576,8576,9157_05,Earth,True,TRAPPIST-1e,31.0,False,0.0,522.0,0.0,54.0,332.0,908.0,0,9157,7,0,G,1476.0,S,12,908.0
8577,8577,9157_06,Earth,True,TRAPPIST-1e,12.0,False,0.0,0.0,0.0,0.0,0.0,0.0,1,9157,7,0,G,1476.0,S,12,0.0
8578,8578,9157_07,Earth,True,TRAPPIST-1e,3.0,False,0.0,0.0,0.0,0.0,0.0,0.0,1,9157,7,0,G,1476.0,S,12,0.0
8579,8579,9158_01,Europa,True,55 Cancri e,30.0,True,0.0,0.0,0.0,0.0,0.0,0.0,1,9158,1,1,B,298.0,P,3,0.0
8580,8580,9159_01,Earth,True,TRAPPIST-1e,41.0,False,169.0,0.0,516.0,0.0,52.0,737.0,0,9159,1,1,F,1875.0,P,10,737.0
8581,8581,9160_01,Earth,True,TRAPPIST-1e,19.0,False,640.0,0.0,0.0,38.0,12.0,690.0,0,9160,1,1,F,1770.0,S,7,690.0
8582,8582,9161_01,Earth,True,55 Cancri e,38.0,False,0.0,0.0,0.0,0.0,0.0,0.0,1,9161,2,0,G,1493.0,P,10,0.0
8583,8583,9161_02,Earth,True,TRAPPIST-1e,36.0,False,0.0,0.0,0.0,0.0,0.0,0.0,1,9161,2,0,G,1493.0,P,10,0.0
8584,8584,9163_01,Earth,True,TRAPPIST-1e,0.0,False,0.0,0.0,0.0,0.0,0.0,0.0,1,9163,1,1,G,1477.0,S,7,0.0
8585,8585,9164_01,Mars,True,TRAPPIST-1e,20.0,False,574.0,1.0,792.0,11.0,0.0,1378.0,0,9164,1,1,E,602.0,S,6,1378.0
8586,8586,9165_01,Earth,True,TRAPPIST-1e,23.0,False,9.0,2.0,1.0,0.0,727.0,739.0,0,9165,1,1,F,1771.0,S,13,739.0
8587,8587,9167_01,Earth,True,TRAPPIST-1e,35.0,False,0.0,0.0,0.0,684.0,0.0,684.0,0,9167,1,1,F,1772.0,S,5,684.0
8588,8588,9168_01,Europa,True,55 Cancri e,36.0,False,23.0,14773.0,0.0,1159.0,7819.0,23774.0,0,9168,2,0,C,338.0,S,8,23774.0
8589,8589,9168_02,Europa,True,TRAPPIST-1e,41.0,False,0.0,0.0,0.0,0.0,0.0,0.0,1,9168,2,0,C,338.0,S,8,0.0
8590,8590,9169_01,Mars,True,TRAPPIST-1e,38.0,False,48.0,2318.0,5.0,11.0,0.0,2382.0,0,9169,1,1,D,295.0,P,5,2382.0
8591,8591,9170_01,Earth,True,TRAPPIST-1e,33.0,False,1060.0,403.0,1.0,0.0,145.0,1609.0,0,9170,1,1,E,587.0,P,6,1609.0
8592,8592,9172_01,Earth,True,TRAPPIST-1e,54.0,False,724.0,25.0,71.0,0.0,1054.0,1874.0,0,9172,1,1,G,1478.0,S,11,1874.0
8593,8593,9173_01,Earth,True,PSO J318.5-22,33.0,False,0.0,688.0,2.0,0.0,426.0,1116.0,0,9173,1,1,F,1876.0,P,14,1116.0
8594,8594,9174_01,Earth,True,PSO J318.5-22,54.0,False,65.0,670.0,0.0,177.0,0.0,912.0,0,9174,1,1,G,1479.0,S,10,912.0
8595,8595,9175_01,Europa,True,55 Cancri e,32.0,False,0.0,10073.0,0.0,168.0,337.0,10578.0,0,9175,1,1,B,299.0,P,4,10578.0
8596,8596,9176_01,Earth,True,TRAPPIST-1e,24.0,False,0.0,537.0,0.0,5.0,197.0,739.0,0,9176,1,1,F,1773.0,S,4,739.0
8597,8597,9178_01,Earth,True,TRAPPIST-1e,53.0,False,49.0,584.0,0.0,0.0,70.0,703.0,0,9178,1,1,F,1877.0,P,6,703.0
8598,8598,9179_01,Earth,True,TRAPPIST-1e,26.0,False,0.0,0.0,0.0,0.0,0.0,0.0,1,9179,4,0,G,1494.0,P,12,0.0
8599,8599,9179_02,Earth,True,TRAPPIST-1e,31.0,False,459.0,194.0,0.0,5.0,125.0,783.0,0,9179,4,0,G,1494.0,P,12,783.0
8600,8600,9179_03,Earth,True,PSO J318.5-22,18.0,False,0.0,0.0,0.0,0.0,0.0,0.0,1,9179,4,0,G,1494.0,P,12,0.0
8601,8601,9179_04,Earth,True,TRAPPIST-1e,39.0,False,0.0,0.0,0.0,0.0,0.0,0.0,1,9179,4,0,G,1494.0,P,12,0.0
8602,8602,9180_01,Mars,True,TRAPPIST-1e,37.0,False,148.0,0.0,684.0,1446.0,88.0,2366.0,0,9180,1,1,F,1774.0,S,6,2366.0
8603,8603,9181_01,Earth,True,TRAPPIST-1e,35.0,False,270.0,4.0,453.0,7.0,0.0,734.0,0,9181,1,1,F,1775.0,S,6,734.0
8604,8604,9183_01,Europa,True,55 Cancri e,34.0,False,0.0,5.0,11.0,62.0,5804.0,5882.0,0,9183,1,1,C,307.0,P,0,5882.0
8605,8605,9184_01,Earth,True,TRAPPIST-1e,28.0,False,0.0,7.0,6.0,0.0,482.0,495.0,0,9184,1,1,G,1480.0,S,10,495.0
8606,8606,9185_01,Earth,True,TRAPPIST-1e,43.0,False,698.0,94.0,0.0,0.0,0.0,792.0,0,9185,1,1,E,588.0,P,8,792.0
8607,8607,9186_01,Mars,True,TRAPPIST-1e,2.0,False,0.0,0.0,0.0,0.0,0.0,0.0,1,9186,1,1,F,1878.0,P,10,0.0
8608,8608,9188_01,Earth,True,TRAPPIST-1e,24.0,False,0.0,0.0,807.0,0.0,2.0,809.0,0,9188,1,1,G,1481.0,S,6,809.0
8609,8609,9189_01,Earth,True,PSO J318.5-22,18.0,False,87.0,41.0,483.0,0.0,0.0,611.0,0,9189,1,1,F,1777.0,S,6,611.0
8610,8610,9190_01,Earth,True,TRAPPIST-1e,21.0,False,802.0,0.0,1.0,1.0,0.0,804.0,0,9190,1,1,F,1778.0,S,9,804.0
8611,8611,9192_01,Earth,True,PSO J318.5-22,24.0,False,170.35664335664336,599.0,175.65845070422534,0.0,0.0,599.0,0,9192,1,1,F,1880.0,P,9,945.0150940608687
8612,8612,9193_01,Earth,False,PSO J318.5-22,35.0,False,0.0,0.0,0.0,0.0,0.0,0.0,1,9193,1,1,G,1483.0,S,2,0.0
8613,8613,9194_01,Europa,True,55 Cancri e,53.0,False,0.0,4017.0,0.0,13.0,3147.0,7177.0,0,9194,2,0,E,603.0,S,3,7177.0
8614,8614,9194_02,Europa,True,TRAPPIST-1e,32.0,True,1003.0,909.0,0.0,0.0,15.0,1927.0,0,9194,2,0,E,603.0,S,3,1927.0
8615,8615,9195_01,Mars,True,TRAPPIST-1e,44.0,False,0.0,0.0,0.0,0.0,0.0,0.0,1,9195,2,0,F,1779.0,S,7,0.0
8616,8616,9195_02,Mars,True,TRAPPIST-1e,33.0,False,0.0,0.0,0.0,0.0,0.0,0.0,1,9195,2,0,F,1779.0,S,7,0.0
8617,8617,9196_01,Europa,True,TRAPPIST-1e,40.0,False,0.0,1674.0,0.0,269.0,4.0,1947.0,0,9196,3,0,C,339.0,S,10,1947.0
8618,8618,9196_02,Europa,True,TRAPPIST-1e,31.0,False,1.0,104.0,1338.0,698.0,126.0,2267.0,0,9196,3,0,C,339.0,S,10,2267.0
8619,8619,9196_03,Europa,True,TRAPPIST-1e,23.0,False,381.0,794.0,52.0,654.0,1317.0,3198.0,0,9196,3,0,C,339.0,S,10,3198.0
8620,8620,9197_01,Europa,False,55 Cancri e,44.0,False,0.0,0.0,0.0,0.0,0.0,0.0,1,9197,4,0,C,308.0,P,13,0.0
8621,8621,9197_02,Europa,True,TRAPPIST-1e,41.0,True,0.0,7964.0,0.0,3238.0,5839.0,17041.0,0,9197,4,0,C,308.0,P,13,17041.0
8622,8622,9197_03,Europa,True,TRAPPIST-1e,31.0,False,0.0,4634.0,8.0,616.0,0.0,5258.0,0,9197,4,0,C,308.0,P,13,5258.0
8623,8623,9197_04,Europa,True,55 Cancri e,30.0,False,1569.0,1463.2790697674418,0.0,717.5454545454545,2252.0,3821.0,0,9197,4,0,C,308.0,P,13,6001.824524312897
8624,8624,9199_01,Europa,True,55 Cancri e,33.0,False,0.0,0.0,0.0,0.0,0.0,0.0,1,9199,1,1,E,590.0,P,10,0.0
8625,8625,9201_01,Earth,True,PSO J318.5-22,30.0,False,0.0,816.0,0.0,0.0,0.0,816.0,0,9201,1,1,G,1484.0,S,9,816.0
8626,8626,9202_01,Europa,True,TRAPPIST-1e,26.0,False,8586.0,77.0,114.0,29.0,4.0,8810.0,0,9202,1,1,C,309.0,P,3,8810.0
8627,8627,9203_01,Mars,True,55 Cancri e,22.0,False,0.0,0.0,0.0,0.0,0.0,0.0,1,9203,1,1,F,1780.0,S,3,0.0
8628,8628,9205_01,Europa,True,55 Cancri e,37.0,False,0.0,0.0,0.0,0.0,0.0,0.0,1,9205,3,0,B,300.0,P,8,0.0
8629,8629,9205_02,Europa,True,TRAPPIST-1e,15.0,False,0.0,0.0,0.0,0.0,0.0,0.0,1,9205,3,0,B,300.0,P,8,0.0
8630,8630,9205_03,Europa,True,TRAPPIST-1e,52.0,False,0.0,0.0,0.0,0.0,0.0,0.0,1,9205,3,0,B,300.0,P,8,0.0
8631,8631,9208_01,Earth,True,TRAPPIST-1e,35.0,False,0.0,0.0,0.0,0.0,0.0,0.0,1,9208,2,0,G,1485.0,S,11,0.0
8632,8632,9208_02,Earth,True,TRAPPIST-1e,40.0,False,757.0,40.0,4.0,2.0,0.0,803.0,0,9208,2,0,F,1782.0,S,11,803.0
8633,8633,9211_01,Earth,True,TRAPPIST-1e,60.0,False,0.0,8.0,213.72727272727272,360.0,74.0,442.0,0,9211,1,1,G,1486.0,S,4,655.7272727272727
8634,8634,9213_01,Earth,True,TRAPPIST-1e,24.0,False,0.0,90.0,0.0,795.0,0.0,885.0,0,9213,1,1,F,1884.0,P,7,885.0
8635,8635,9217_01,Earth,True,55 Cancri e,31.0,False,15.0,679.0,89.0,6.0,0.0,789.0,0,9217,1,1,E,604.0,S,13,789.0
8636,8636,9218_01,Europa,True,55 Cancri e,43.0,False,0.0,0.0,0.0,0.0,0.0,0.0,1,9218,1,1,B,353.0,S,0,0.0
8637,8637,9219_01,Earth,True,55 Cancri e,9.0,False,0.0,0.0,0.0,0.0,0.0,0.0,1,9219,2,0,G,1487.0,S,4,0.0
8638,8638,9219_02,Earth,True,TRAPPIST-1e,51.0,False,6.0,0.0,0.0,0.0,1164.0,1170.0,0,9219,2,0,F,1783.0,S,4,1170.0
8639,8639,9220_01,Earth,True,TRAPPIST-1e,25.0,False,2.0,45.0,45.0,0.0,815.0,907.0,0,9220,3,0,G,1496.0,P,3,907.0
8640,8640,9220_02,Earth,True,TRAPPIST-1e,20.0,False,0.0,0.0,0.0,0.0,0.0,0.0,1,9220,3,0,G,1496.0,P,3,0.0
8641,8641,9220_03,Earth,True,PSO J318.5-22,22.0,False,623.0,0.0,147.0,0.0,53.0,676.0,0,9220,3,0,F,1886.0,P,4,823.0
8642,8642,9221_01,Earth,True,TRAPPIST-1e,21.0,False,0.0,0.0,0.0,0.0,0.0,0.0,1,9221,1,1,G,1497.0,P,7,0.0
8643,8643,9222_01,Mars,True,TRAPPIST-1e,50.0,False,0.0,0.0,0.0,0.0,0.0,0.0,1,9222,1,1,F,1784.0,S,10,0.0
8644,8644,9224_01,Mars,True,TRAPPIST-1e,24.0,False,745.0,639.0,977.0,4.0,0.0,2365.0,0,9224,1,1,F,1786.0,S,10,2365.0
8645,8645,9225_01,Earth,True,TRAPPIST-1e,45.0,False,1.0,197.0,0.0,660.0,15.0,873.0,0,9225,1,1,F,1787.0,S,9,873.0
8646,8646,9226_01,Earth,True,TRAPPIST-1e,22.0,False,676.0,0.0,13.0,0.0,12.0,701.0,0,9226,1,1,F,1788.0,S,4,701.0
8647,8647,9227_01,Earth,True,TRAPPIST-1e,7.0,False,0.0,0.0,0.0,0.0,0.0,0.0,1,9227,5,0,G,1498.0,P,18,0.0
8648,8648,9227_02,Earth,True,PSO J318.5-22,11.0,False,0.0,0.0,0.0,0.0,0.0,0.0,1,9227,5,0,G,1498.0,P,18,0.0
8649,8649,9227_03,Earth,True,PSO J318.5-22,1.0,False,0.0,0.0,0.0,0.0,0.0,0.0,1,9227,5,0,G,1498.0,P,18,0.0
8650,8650,9227_04,Earth,True,TRAPPIST-1e,0.0,False,0.0,0.0,0.0,0.0,0.0,0.0,1,9227,5,0,G,1498.0,P,18,0.0
8651,8651,9227_05,Earth,False,TRAPPIST-1e,8.0,False,0.0,0.0,0.0,0.0,0.0,0.0,1,9227,5,0,G,1498.0,P,18,0.0
8652,8652,9230_01,Europa,True,TRAPPIST-1e,36.0,True,0.0,5600.0,715.0,2868.0,971.0,10154.0,0,9230,1,1,C,342.0,S,0,10154.0
8653,8653,9231_01,Mars,True,55 Cancri e,2.0,False,0.0,0.0,0.0,0.0,0.0,0.0,1,9231,3,0,F,1888.0,P,7,0.0
8654,8654,9231_02,Mars,True,TRAPPIST-1e,0.0,False,0.0,0.0,0.0,0.0,0.0,0.0,1,9231,3,0,F,1888.0,P,7,0.0
8655,8655,9231_03,Mars,True,TRAPPIST-1e,22.0,False,0.0,0.0,0.0,0.0,0.0,0.0,1,9231,3,0,E,592.0,P,7,0.0
8656,8656,9233_01,Earth,True,TRAPPIST-1e,41.0,False,3.0,0.0,668.0,0.0,0.0,671.0,0,9233,1,1,G,1496.0,Z,3,671.0
8657,8657,9234_01,Earth,True,TRAPPIST-1e,49.0,False,6.0,1.0,638.0,1107.0,23.0,1775.0,0,9234,1,1,G,1500.0,P,7,1775.0
8658,8658,9235_01,Earth,True,TRAPPIST-1e,30.0,False,8.0,752.0,0.0,0.0,687.0,1447.0,0,9235,1,1,F,1789.0,S,10,1447.0
8659,8659,9237_01,Earth,True,TRAPPIST-1e,37.0,False,0.0,0.0,0.0,0.0,0.0,0.0,1,9237,1,1,G,1488.0,S,7,0.0
8660,8660,9239_01,Mars,True,TRAPPIST-1e,14.0,False,2.0,0.0,918.0,128.0,0.0,1048.0,0,9239,1,1,E,593.0,P,14,1048.0
8661,8661,9241_01,Mars,True,TRAPPIST-1e,30.0,False,699.0,0.0,600.0,0.0,0.0,1299.0,0,9241,1,1,E,595.0,P,11,1299.0
8662,8662,9242_01,Earth,True,TRAPPIST-1e,62.0,False,102.0,696.0,0.0,0.0,0.0,798.0,0,9242,1,1,F,1891.0,P,6,798.0
8663,8663,9244_01,Earth,True,PSO J318.5-22,13.0,False,0.0,0.0,0.0,0.0,0.0,0.0,1,9244,1,1,G,1489.0,S,6,0.0
8664,8664,9246_01,Earth,False,TRAPPIST-1e,32.0,False,0.0,0.0,0.0,0.0,0.0,0.0,1,9246,1,1,G,1490.0,S,0,0.0
8665,8665,9247_01,Earth,True,TRAPPIST-1e,33.0,False,0.0,0.0,0.0,0.0,0.0,0.0,1,9247,1,1,G,1491.0,S,8,0.0
8666,8666,9248_01,Mars,True,55 Cancri e,38.0,False,28.0,1208.0,973.0,207.0,0.0,2416.0,0,9248,1,1,F,1792.0,S,5,2416.0
8667,8667,9250_01,Europa,True,TRAPPIST-1e,29.0,False,0.0,2972.0,110.90243902439025,28.0,188.0,3188.0,0,9250,1,1,E,597.0,P,2,3298.9024390243903
8668,8668,9251_01,Mars,True,TRAPPIST-1e,25.0,False,0.0,0.0,0.0,0.0,0.0,0.0,1,9251,1,1,F,1793.0,S,8,0.0
8669,8669,9252_01,Europa,True,55 Cancri e,26.0,False,0.0,8160.0,205.0,0.0,438.0,8803.0,0,9252,2,0,B,301.0,P,5,8803.0
8670,8670,9252_02,Europa,True,55 Cancri e,19.0,False,0.0,0.0,0.0,0.0,0.0,0.0,1,9252,2,0,B,301.0,P,5,0.0
8671,8671,9253_01,Earth,True,PSO J318.5-22,16.0,False,0.0,0.0,0.0,0.0,0.0,0.0,1,9253,1,1,G,1493.0,S,6,0.0
8672,8672,9254_01,Earth,True,PSO J318.5-22,61.0,False,0.0,0.0,0.0,0.0,0.0,0.0,1,9254,1,1,G,1502.0,P,10,0.0
8673,8673,9256_01,Earth,True,TRAPPIST-1e,28.0,False,0.0,0.0,0.0,0.0,0.0,0.0,1,9256,1,1,G,1494.0,S,9,0.0
8674,8674,9257_01,Mars,True,TRAPPIST-1e,13.0,False,39.0,0.0,1085.0,24.0,0.0,1148.0,0,9257,1,1,F,1892.0,P,9,1148.0
8675,8675,9259_01,Earth,True,TRAPPIST-1e,44.0,False,1030.0,1015.0,0.0,11.0,232.33333333333334,2056.0,0,9259,1,1,F,1893.0,P,11,2288.3333333333335
8676,8676,9261_01,Earth,True,PSO J318.5-22,22.0,False,0.0,0.0,0.0,0.0,0.0,0.0,1,9261,1,1,G,1504.0,P,5,0.0
8677,8677,9264_01,Europa,True,55 Cancri e,30.0,False,0.0,0.0,0.0,0.0,0.0,0.0,1,9264,1,1,E,606.0,S,1,0.0
8678,8678,9267_01,Europa,True,TRAPPIST-1e,21.0,False,0.0,0.0,0.0,0.0,0.0,0.0,1,9267,2,0,E,607.0,S,5,0.0
8679,8679,9267_02,Europa,True,TRAPPIST-1e,20.0,False,0.0,0.0,0.0,0.0,0.0,0.0,1,9267,2,0,E,607.0,S,5,0.0
8680,8680,9268_01,Earth,True,TRAPPIST-1e,31.0,False,0.0,0.0,0.0,0.0,0.0,0.0,1,9268,1,1,G,1505.0,P,9,0.0
8681,8681,9270_01,Earth,True,55 Cancri e,33.0,False,0.0,0.0,0.0,0.0,0.0,0.0,1,9270,1,1,G,1497.0,S,13,0.0
8682,8682,9272_01,Earth,True,TRAPPIST-1e,26.0,False,240.0,242.0,510.0,0.0,0.0,992.0,0,9272,2,0,G,1507.0,P,10,992.0
8683,8683,9272_02,Earth,True,TRAPPIST-1e,21.0,False,86.0,3.0,149.0,208.0,329.0,775.0,0,9272,2,0,F,1894.0,P,10,775.0
8684,8684,9274_01,Earth,True,TRAPPIST-1e,23.0,False,0.0,0.0,0.0,0.0,0.0,0.0,1,9274,1,1,G,1508.0,P,3,0.0
8685,8685,9275_01,Europa,True,TRAPPIST-1e,0.0,False,0.0,0.0,0.0,0.0,0.0,0.0,1,9275,3,0,A,97.0,P,6,0.0
8686,8686,9275_02,Europa,True,TRAPPIST-1e,32.0,False,1.0,1146.0,0.0,50.0,34.0,1231.0,0,9275,3,0,A,97.0,P,6,1231.0
8687,8687,9275_03,Europa,True,TRAPPIST-1e,30.0,False,0.0,3208.0,0.0,2.0,330.0,3540.0,0,9275,3,0,A,97.0,P,6,3540.0
8688,8688,9276_01,Europa,True,55 Cancri e,41.0,True,0.0,6819.0,0.0,1643.0,74.0,8536.0,0,9276,1,1,A,98.0,P,3,8536.0
8689,8689,9278_01,Earth,True,PSO J318.5-22,18.0,False,0.0,0.0,0.0,0.0,0.0,0.0,1,9278,1,1,G,1499.0,S,5,0.0
8690,8690,9279_01,Earth,True,TRAPPIST-1e,26.0,False,0.0,0.0,1872.0,1.0,0.0,1873.0,0,9279,1,1,G,1500.0,S,8,1873.0
8691,8691,9280_01,Europa,True,55 Cancri e,32.0,False,0.0,1049.0,0.0,353.0,3235.0,4637.0,0,9280,2,0,E,608.0,S,7,4637.0
8692,8692,9280_02,Europa,True,TRAPPIST-1e,44.0,False,126.0,4688.0,0.0,0.0,12.0,4826.0,0,9280,2,0,E,608.0,S,7,4826.0
